   1               		.file	"DeviceStandardReq.c"
   2               	__SP_H__ = 0x3e
   3               	__SP_L__ = 0x3d
   4               	__SREG__ = 0x3f
   5               	__tmp_reg__ = 0
   6               	__zero_reg__ = 1
   7               		.text
   8               	.Ltext0:
   9               		.cfi_sections	.debug_frame
  10               		.section	.text.USB_Device_ProcessControlRequest,"ax",@progbits
  11               	.global	USB_Device_ProcessControlRequest
  13               	USB_Device_ProcessControlRequest:
  14               	.LFB81:
  15               		.file 1 "../lufa-LUFA-111009/LUFA/Drivers/USB/Core/DeviceStandardReq.c"
   1:../lufa-LUFA-111009/LUFA/Drivers/USB/Core/DeviceStandardReq.c **** /*
   2:../lufa-LUFA-111009/LUFA/Drivers/USB/Core/DeviceStandardReq.c ****              LUFA Library
   3:../lufa-LUFA-111009/LUFA/Drivers/USB/Core/DeviceStandardReq.c ****      Copyright (C) Dean Camera, 2011.
   4:../lufa-LUFA-111009/LUFA/Drivers/USB/Core/DeviceStandardReq.c **** 
   5:../lufa-LUFA-111009/LUFA/Drivers/USB/Core/DeviceStandardReq.c ****   dean [at] fourwalledcubicle [dot] com
   6:../lufa-LUFA-111009/LUFA/Drivers/USB/Core/DeviceStandardReq.c ****            www.lufa-lib.org
   7:../lufa-LUFA-111009/LUFA/Drivers/USB/Core/DeviceStandardReq.c **** */
   8:../lufa-LUFA-111009/LUFA/Drivers/USB/Core/DeviceStandardReq.c **** 
   9:../lufa-LUFA-111009/LUFA/Drivers/USB/Core/DeviceStandardReq.c **** /*
  10:../lufa-LUFA-111009/LUFA/Drivers/USB/Core/DeviceStandardReq.c ****   Copyright 2011  Dean Camera (dean [at] fourwalledcubicle [dot] com)
  11:../lufa-LUFA-111009/LUFA/Drivers/USB/Core/DeviceStandardReq.c **** 
  12:../lufa-LUFA-111009/LUFA/Drivers/USB/Core/DeviceStandardReq.c ****   Permission to use, copy, modify, distribute, and sell this
  13:../lufa-LUFA-111009/LUFA/Drivers/USB/Core/DeviceStandardReq.c ****   software and its documentation for any purpose is hereby granted
  14:../lufa-LUFA-111009/LUFA/Drivers/USB/Core/DeviceStandardReq.c ****   without fee, provided that the above copyright notice appear in
  15:../lufa-LUFA-111009/LUFA/Drivers/USB/Core/DeviceStandardReq.c ****   all copies and that both that the copyright notice and this
  16:../lufa-LUFA-111009/LUFA/Drivers/USB/Core/DeviceStandardReq.c ****   permission notice and warranty disclaimer appear in supporting
  17:../lufa-LUFA-111009/LUFA/Drivers/USB/Core/DeviceStandardReq.c ****   documentation, and that the name of the author not be used in
  18:../lufa-LUFA-111009/LUFA/Drivers/USB/Core/DeviceStandardReq.c ****   advertising or publicity pertaining to distribution of the
  19:../lufa-LUFA-111009/LUFA/Drivers/USB/Core/DeviceStandardReq.c ****   software without specific, written prior permission.
  20:../lufa-LUFA-111009/LUFA/Drivers/USB/Core/DeviceStandardReq.c **** 
  21:../lufa-LUFA-111009/LUFA/Drivers/USB/Core/DeviceStandardReq.c ****   The author disclaim all warranties with regard to this
  22:../lufa-LUFA-111009/LUFA/Drivers/USB/Core/DeviceStandardReq.c ****   software, including all implied warranties of merchantability
  23:../lufa-LUFA-111009/LUFA/Drivers/USB/Core/DeviceStandardReq.c ****   and fitness.  In no event shall the author be liable for any
  24:../lufa-LUFA-111009/LUFA/Drivers/USB/Core/DeviceStandardReq.c ****   special, indirect or consequential damages or any damages
  25:../lufa-LUFA-111009/LUFA/Drivers/USB/Core/DeviceStandardReq.c ****   whatsoever resulting from loss of use, data or profits, whether
  26:../lufa-LUFA-111009/LUFA/Drivers/USB/Core/DeviceStandardReq.c ****   in an action of contract, negligence or other tortious action,
  27:../lufa-LUFA-111009/LUFA/Drivers/USB/Core/DeviceStandardReq.c ****   arising out of or in connection with the use or performance of
  28:../lufa-LUFA-111009/LUFA/Drivers/USB/Core/DeviceStandardReq.c ****   this software.
  29:../lufa-LUFA-111009/LUFA/Drivers/USB/Core/DeviceStandardReq.c **** */
  30:../lufa-LUFA-111009/LUFA/Drivers/USB/Core/DeviceStandardReq.c **** 
  31:../lufa-LUFA-111009/LUFA/Drivers/USB/Core/DeviceStandardReq.c **** #define  __INCLUDE_FROM_USB_DRIVER
  32:../lufa-LUFA-111009/LUFA/Drivers/USB/Core/DeviceStandardReq.c **** #include "USBMode.h"
  33:../lufa-LUFA-111009/LUFA/Drivers/USB/Core/DeviceStandardReq.c **** 
  34:../lufa-LUFA-111009/LUFA/Drivers/USB/Core/DeviceStandardReq.c **** #if defined(USB_CAN_BE_DEVICE)
  35:../lufa-LUFA-111009/LUFA/Drivers/USB/Core/DeviceStandardReq.c **** 
  36:../lufa-LUFA-111009/LUFA/Drivers/USB/Core/DeviceStandardReq.c **** #define  __INCLUDE_FROM_DEVICESTDREQ_C
  37:../lufa-LUFA-111009/LUFA/Drivers/USB/Core/DeviceStandardReq.c **** #include "DeviceStandardReq.h"
  38:../lufa-LUFA-111009/LUFA/Drivers/USB/Core/DeviceStandardReq.c **** 
  39:../lufa-LUFA-111009/LUFA/Drivers/USB/Core/DeviceStandardReq.c **** uint8_t USB_Device_ConfigurationNumber;
  40:../lufa-LUFA-111009/LUFA/Drivers/USB/Core/DeviceStandardReq.c **** 
  41:../lufa-LUFA-111009/LUFA/Drivers/USB/Core/DeviceStandardReq.c **** #if !defined(NO_DEVICE_SELF_POWER)
  42:../lufa-LUFA-111009/LUFA/Drivers/USB/Core/DeviceStandardReq.c **** bool    USB_Device_CurrentlySelfPowered;
  43:../lufa-LUFA-111009/LUFA/Drivers/USB/Core/DeviceStandardReq.c **** #endif
  44:../lufa-LUFA-111009/LUFA/Drivers/USB/Core/DeviceStandardReq.c **** 
  45:../lufa-LUFA-111009/LUFA/Drivers/USB/Core/DeviceStandardReq.c **** #if !defined(NO_DEVICE_REMOTE_WAKEUP)
  46:../lufa-LUFA-111009/LUFA/Drivers/USB/Core/DeviceStandardReq.c **** bool    USB_Device_RemoteWakeupEnabled;
  47:../lufa-LUFA-111009/LUFA/Drivers/USB/Core/DeviceStandardReq.c **** #endif
  48:../lufa-LUFA-111009/LUFA/Drivers/USB/Core/DeviceStandardReq.c **** 
  49:../lufa-LUFA-111009/LUFA/Drivers/USB/Core/DeviceStandardReq.c **** void USB_Device_ProcessControlRequest(void)
  50:../lufa-LUFA-111009/LUFA/Drivers/USB/Core/DeviceStandardReq.c **** {
  16               		.loc 1 50 0
  17               		.cfi_startproc
  18 0000 0F93      		push r16
  19               	.LCFI0:
  20               		.cfi_def_cfa_offset 3
  21               		.cfi_offset 16, -2
  22 0002 1F93      		push r17
  23               	.LCFI1:
  24               		.cfi_def_cfa_offset 4
  25               		.cfi_offset 17, -3
  26 0004 CF93      		push r28
  27               	.LCFI2:
  28               		.cfi_def_cfa_offset 5
  29               		.cfi_offset 28, -4
  30 0006 DF93      		push r29
  31               	.LCFI3:
  32               		.cfi_def_cfa_offset 6
  33               		.cfi_offset 29, -5
  34 0008 00D0      		rcall .
  35               	.LCFI4:
  36               		.cfi_def_cfa_offset 8
  37 000a CDB7      		in r28,__SP_L__
  38 000c DEB7      		in r29,__SP_H__
  39               	.LCFI5:
  40               		.cfi_def_cfa_register 28
  41               	/* prologue: function */
  42               	/* frame size = 2 */
  43               	/* stack size = 6 */
  44               	.L__stack_usage = 6
  45               	.LVL0:
  46 000e E0E0      		ldi r30,lo8(USB_ControlRequest)
  47 0010 F0E0      		ldi r31,hi8(USB_ControlRequest)
  48 0012 80E0      		ldi r24,lo8(USB_ControlRequest+8)
  49 0014 90E0      		ldi r25,hi8(USB_ControlRequest+8)
  50               	.LVL1:
  51               	.L2:
  52               	.LBB148:
  53               	.LBB149:
  54               	.LBB150:
  55               		.file 2 "../lufa-LUFA-111009/LUFA/Drivers/USB/Core/AVR8/../AVR8/Endpoint_AVR8.h"
   1:../lufa-LUFA-111009/LUFA/Drivers/USB/Core/AVR8/../AVR8/Endpoint_AVR8.h **** /*
   2:../lufa-LUFA-111009/LUFA/Drivers/USB/Core/AVR8/../AVR8/Endpoint_AVR8.h ****              LUFA Library
   3:../lufa-LUFA-111009/LUFA/Drivers/USB/Core/AVR8/../AVR8/Endpoint_AVR8.h ****      Copyright (C) Dean Camera, 2011.
   4:../lufa-LUFA-111009/LUFA/Drivers/USB/Core/AVR8/../AVR8/Endpoint_AVR8.h **** 
   5:../lufa-LUFA-111009/LUFA/Drivers/USB/Core/AVR8/../AVR8/Endpoint_AVR8.h ****   dean [at] fourwalledcubicle [dot] com
   6:../lufa-LUFA-111009/LUFA/Drivers/USB/Core/AVR8/../AVR8/Endpoint_AVR8.h ****            www.lufa-lib.org
   7:../lufa-LUFA-111009/LUFA/Drivers/USB/Core/AVR8/../AVR8/Endpoint_AVR8.h **** */
   8:../lufa-LUFA-111009/LUFA/Drivers/USB/Core/AVR8/../AVR8/Endpoint_AVR8.h **** 
   9:../lufa-LUFA-111009/LUFA/Drivers/USB/Core/AVR8/../AVR8/Endpoint_AVR8.h **** /*
  10:../lufa-LUFA-111009/LUFA/Drivers/USB/Core/AVR8/../AVR8/Endpoint_AVR8.h ****   Copyright 2011  Dean Camera (dean [at] fourwalledcubicle [dot] com)
  11:../lufa-LUFA-111009/LUFA/Drivers/USB/Core/AVR8/../AVR8/Endpoint_AVR8.h **** 
  12:../lufa-LUFA-111009/LUFA/Drivers/USB/Core/AVR8/../AVR8/Endpoint_AVR8.h ****   Permission to use, copy, modify, distribute, and sell this
  13:../lufa-LUFA-111009/LUFA/Drivers/USB/Core/AVR8/../AVR8/Endpoint_AVR8.h ****   software and its documentation for any purpose is hereby granted
  14:../lufa-LUFA-111009/LUFA/Drivers/USB/Core/AVR8/../AVR8/Endpoint_AVR8.h ****   without fee, provided that the above copyright notice appear in
  15:../lufa-LUFA-111009/LUFA/Drivers/USB/Core/AVR8/../AVR8/Endpoint_AVR8.h ****   all copies and that both that the copyright notice and this
  16:../lufa-LUFA-111009/LUFA/Drivers/USB/Core/AVR8/../AVR8/Endpoint_AVR8.h ****   permission notice and warranty disclaimer appear in supporting
  17:../lufa-LUFA-111009/LUFA/Drivers/USB/Core/AVR8/../AVR8/Endpoint_AVR8.h ****   documentation, and that the name of the author not be used in
  18:../lufa-LUFA-111009/LUFA/Drivers/USB/Core/AVR8/../AVR8/Endpoint_AVR8.h ****   advertising or publicity pertaining to distribution of the
  19:../lufa-LUFA-111009/LUFA/Drivers/USB/Core/AVR8/../AVR8/Endpoint_AVR8.h ****   software without specific, written prior permission.
  20:../lufa-LUFA-111009/LUFA/Drivers/USB/Core/AVR8/../AVR8/Endpoint_AVR8.h **** 
  21:../lufa-LUFA-111009/LUFA/Drivers/USB/Core/AVR8/../AVR8/Endpoint_AVR8.h ****   The author disclaim all warranties with regard to this
  22:../lufa-LUFA-111009/LUFA/Drivers/USB/Core/AVR8/../AVR8/Endpoint_AVR8.h ****   software, including all implied warranties of merchantability
  23:../lufa-LUFA-111009/LUFA/Drivers/USB/Core/AVR8/../AVR8/Endpoint_AVR8.h ****   and fitness.  In no event shall the author be liable for any
  24:../lufa-LUFA-111009/LUFA/Drivers/USB/Core/AVR8/../AVR8/Endpoint_AVR8.h ****   special, indirect or consequential damages or any damages
  25:../lufa-LUFA-111009/LUFA/Drivers/USB/Core/AVR8/../AVR8/Endpoint_AVR8.h ****   whatsoever resulting from loss of use, data or profits, whether
  26:../lufa-LUFA-111009/LUFA/Drivers/USB/Core/AVR8/../AVR8/Endpoint_AVR8.h ****   in an action of contract, negligence or other tortious action,
  27:../lufa-LUFA-111009/LUFA/Drivers/USB/Core/AVR8/../AVR8/Endpoint_AVR8.h ****   arising out of or in connection with the use or performance of
  28:../lufa-LUFA-111009/LUFA/Drivers/USB/Core/AVR8/../AVR8/Endpoint_AVR8.h ****   this software.
  29:../lufa-LUFA-111009/LUFA/Drivers/USB/Core/AVR8/../AVR8/Endpoint_AVR8.h **** */
  30:../lufa-LUFA-111009/LUFA/Drivers/USB/Core/AVR8/../AVR8/Endpoint_AVR8.h **** 
  31:../lufa-LUFA-111009/LUFA/Drivers/USB/Core/AVR8/../AVR8/Endpoint_AVR8.h **** /** \file
  32:../lufa-LUFA-111009/LUFA/Drivers/USB/Core/AVR8/../AVR8/Endpoint_AVR8.h ****  *  \brief USB Endpoint definitions for the AVR8 microcontrollers.
  33:../lufa-LUFA-111009/LUFA/Drivers/USB/Core/AVR8/../AVR8/Endpoint_AVR8.h ****  *  \copydetails Group_EndpointManagement_AVR8
  34:../lufa-LUFA-111009/LUFA/Drivers/USB/Core/AVR8/../AVR8/Endpoint_AVR8.h ****  *
  35:../lufa-LUFA-111009/LUFA/Drivers/USB/Core/AVR8/../AVR8/Endpoint_AVR8.h ****  *  \note This file should not be included directly. It is automatically included as needed by the 
  36:../lufa-LUFA-111009/LUFA/Drivers/USB/Core/AVR8/../AVR8/Endpoint_AVR8.h ****  *        dispatch header located in LUFA/Drivers/USB/USB.h.
  37:../lufa-LUFA-111009/LUFA/Drivers/USB/Core/AVR8/../AVR8/Endpoint_AVR8.h ****  */
  38:../lufa-LUFA-111009/LUFA/Drivers/USB/Core/AVR8/../AVR8/Endpoint_AVR8.h **** 
  39:../lufa-LUFA-111009/LUFA/Drivers/USB/Core/AVR8/../AVR8/Endpoint_AVR8.h **** /** \ingroup Group_EndpointRW
  40:../lufa-LUFA-111009/LUFA/Drivers/USB/Core/AVR8/../AVR8/Endpoint_AVR8.h ****  *  \defgroup Group_EndpointRW_AVR8 Endpoint Data Reading and Writing (AVR8)
  41:../lufa-LUFA-111009/LUFA/Drivers/USB/Core/AVR8/../AVR8/Endpoint_AVR8.h ****  *  \brief Endpoint data read/write definitions for the Atmel AVR8 architecture.
  42:../lufa-LUFA-111009/LUFA/Drivers/USB/Core/AVR8/../AVR8/Endpoint_AVR8.h ****  *
  43:../lufa-LUFA-111009/LUFA/Drivers/USB/Core/AVR8/../AVR8/Endpoint_AVR8.h ****  *  Functions, macros, variables, enums and types related to data reading and writing from and to e
  44:../lufa-LUFA-111009/LUFA/Drivers/USB/Core/AVR8/../AVR8/Endpoint_AVR8.h ****  */
  45:../lufa-LUFA-111009/LUFA/Drivers/USB/Core/AVR8/../AVR8/Endpoint_AVR8.h **** 
  46:../lufa-LUFA-111009/LUFA/Drivers/USB/Core/AVR8/../AVR8/Endpoint_AVR8.h **** /** \ingroup Group_EndpointPrimitiveRW
  47:../lufa-LUFA-111009/LUFA/Drivers/USB/Core/AVR8/../AVR8/Endpoint_AVR8.h ****  *  \defgroup Group_EndpointPrimitiveRW_AVR8 Read/Write of Primitive Data Types (AVR8)
  48:../lufa-LUFA-111009/LUFA/Drivers/USB/Core/AVR8/../AVR8/Endpoint_AVR8.h ****  *  \brief Endpoint primitive read/write definitions for the Atmel AVR8 architecture.
  49:../lufa-LUFA-111009/LUFA/Drivers/USB/Core/AVR8/../AVR8/Endpoint_AVR8.h ****  *
  50:../lufa-LUFA-111009/LUFA/Drivers/USB/Core/AVR8/../AVR8/Endpoint_AVR8.h ****  *  Functions, macros, variables, enums and types related to data reading and writing of primitive 
  51:../lufa-LUFA-111009/LUFA/Drivers/USB/Core/AVR8/../AVR8/Endpoint_AVR8.h ****  *  from and to endpoints.
  52:../lufa-LUFA-111009/LUFA/Drivers/USB/Core/AVR8/../AVR8/Endpoint_AVR8.h ****  */
  53:../lufa-LUFA-111009/LUFA/Drivers/USB/Core/AVR8/../AVR8/Endpoint_AVR8.h **** 
  54:../lufa-LUFA-111009/LUFA/Drivers/USB/Core/AVR8/../AVR8/Endpoint_AVR8.h **** /** \ingroup Group_EndpointPacketManagement
  55:../lufa-LUFA-111009/LUFA/Drivers/USB/Core/AVR8/../AVR8/Endpoint_AVR8.h ****  *  \defgroup Group_EndpointPacketManagement_AVR8 Endpoint Packet Management (AVR8)
  56:../lufa-LUFA-111009/LUFA/Drivers/USB/Core/AVR8/../AVR8/Endpoint_AVR8.h ****  *  \brief Endpoint packet management definitions for the Atmel AVR8 architecture.
  57:../lufa-LUFA-111009/LUFA/Drivers/USB/Core/AVR8/../AVR8/Endpoint_AVR8.h ****  *
  58:../lufa-LUFA-111009/LUFA/Drivers/USB/Core/AVR8/../AVR8/Endpoint_AVR8.h ****  *  Functions, macros, variables, enums and types related to packet management of endpoints.
  59:../lufa-LUFA-111009/LUFA/Drivers/USB/Core/AVR8/../AVR8/Endpoint_AVR8.h ****  */
  60:../lufa-LUFA-111009/LUFA/Drivers/USB/Core/AVR8/../AVR8/Endpoint_AVR8.h **** 
  61:../lufa-LUFA-111009/LUFA/Drivers/USB/Core/AVR8/../AVR8/Endpoint_AVR8.h **** /** \ingroup Group_EndpointManagement
  62:../lufa-LUFA-111009/LUFA/Drivers/USB/Core/AVR8/../AVR8/Endpoint_AVR8.h ****  *  \defgroup Group_EndpointManagement_AVR8 Endpoint Management (AVR8)
  63:../lufa-LUFA-111009/LUFA/Drivers/USB/Core/AVR8/../AVR8/Endpoint_AVR8.h ****  *  \brief Endpoint management definitions for the Atmel AVR8 architecture.
  64:../lufa-LUFA-111009/LUFA/Drivers/USB/Core/AVR8/../AVR8/Endpoint_AVR8.h ****  *
  65:../lufa-LUFA-111009/LUFA/Drivers/USB/Core/AVR8/../AVR8/Endpoint_AVR8.h ****  *  Functions, macros and enums related to endpoint management when in USB Device mode. This
  66:../lufa-LUFA-111009/LUFA/Drivers/USB/Core/AVR8/../AVR8/Endpoint_AVR8.h ****  *  module contains the endpoint management macros, as well as endpoint interrupt and data
  67:../lufa-LUFA-111009/LUFA/Drivers/USB/Core/AVR8/../AVR8/Endpoint_AVR8.h ****  *  send/receive functions for various data types.
  68:../lufa-LUFA-111009/LUFA/Drivers/USB/Core/AVR8/../AVR8/Endpoint_AVR8.h ****  *
  69:../lufa-LUFA-111009/LUFA/Drivers/USB/Core/AVR8/../AVR8/Endpoint_AVR8.h ****  *  @{
  70:../lufa-LUFA-111009/LUFA/Drivers/USB/Core/AVR8/../AVR8/Endpoint_AVR8.h ****  */
  71:../lufa-LUFA-111009/LUFA/Drivers/USB/Core/AVR8/../AVR8/Endpoint_AVR8.h **** 
  72:../lufa-LUFA-111009/LUFA/Drivers/USB/Core/AVR8/../AVR8/Endpoint_AVR8.h **** #ifndef __ENDPOINT_AVR8_H__
  73:../lufa-LUFA-111009/LUFA/Drivers/USB/Core/AVR8/../AVR8/Endpoint_AVR8.h **** #define __ENDPOINT_AVR8_H__
  74:../lufa-LUFA-111009/LUFA/Drivers/USB/Core/AVR8/../AVR8/Endpoint_AVR8.h **** 
  75:../lufa-LUFA-111009/LUFA/Drivers/USB/Core/AVR8/../AVR8/Endpoint_AVR8.h **** 	/* Includes: */
  76:../lufa-LUFA-111009/LUFA/Drivers/USB/Core/AVR8/../AVR8/Endpoint_AVR8.h **** 		#include "../../../../Common/Common.h"
  77:../lufa-LUFA-111009/LUFA/Drivers/USB/Core/AVR8/../AVR8/Endpoint_AVR8.h **** 		#include "../USBTask.h"
  78:../lufa-LUFA-111009/LUFA/Drivers/USB/Core/AVR8/../AVR8/Endpoint_AVR8.h **** 		#include "../USBInterrupt.h"
  79:../lufa-LUFA-111009/LUFA/Drivers/USB/Core/AVR8/../AVR8/Endpoint_AVR8.h **** 
  80:../lufa-LUFA-111009/LUFA/Drivers/USB/Core/AVR8/../AVR8/Endpoint_AVR8.h **** 	/* Enable C linkage for C++ Compilers: */
  81:../lufa-LUFA-111009/LUFA/Drivers/USB/Core/AVR8/../AVR8/Endpoint_AVR8.h **** 		#if defined(__cplusplus)
  82:../lufa-LUFA-111009/LUFA/Drivers/USB/Core/AVR8/../AVR8/Endpoint_AVR8.h **** 			extern "C" {
  83:../lufa-LUFA-111009/LUFA/Drivers/USB/Core/AVR8/../AVR8/Endpoint_AVR8.h **** 		#endif
  84:../lufa-LUFA-111009/LUFA/Drivers/USB/Core/AVR8/../AVR8/Endpoint_AVR8.h **** 
  85:../lufa-LUFA-111009/LUFA/Drivers/USB/Core/AVR8/../AVR8/Endpoint_AVR8.h **** 	/* Preprocessor Checks: */
  86:../lufa-LUFA-111009/LUFA/Drivers/USB/Core/AVR8/../AVR8/Endpoint_AVR8.h **** 		#if !defined(__INCLUDE_FROM_USB_DRIVER)
  87:../lufa-LUFA-111009/LUFA/Drivers/USB/Core/AVR8/../AVR8/Endpoint_AVR8.h **** 			#error Do not include this file directly. Include LUFA/Drivers/USB/USB.h instead.
  88:../lufa-LUFA-111009/LUFA/Drivers/USB/Core/AVR8/../AVR8/Endpoint_AVR8.h **** 		#endif
  89:../lufa-LUFA-111009/LUFA/Drivers/USB/Core/AVR8/../AVR8/Endpoint_AVR8.h **** 
  90:../lufa-LUFA-111009/LUFA/Drivers/USB/Core/AVR8/../AVR8/Endpoint_AVR8.h **** 	/* Private Interface - For use in library only: */
  91:../lufa-LUFA-111009/LUFA/Drivers/USB/Core/AVR8/../AVR8/Endpoint_AVR8.h **** 	#if !defined(__DOXYGEN__)
  92:../lufa-LUFA-111009/LUFA/Drivers/USB/Core/AVR8/../AVR8/Endpoint_AVR8.h **** 		/* Macros: */
  93:../lufa-LUFA-111009/LUFA/Drivers/USB/Core/AVR8/../AVR8/Endpoint_AVR8.h **** 			#define _ENDPOINT_GET_MAXSIZE(EPIndex)         _ENDPOINT_GET_MAXSIZE2(ENDPOINT_DETAILS_EP ## EPI
  94:../lufa-LUFA-111009/LUFA/Drivers/USB/Core/AVR8/../AVR8/Endpoint_AVR8.h **** 			#define _ENDPOINT_GET_MAXSIZE2(EPDetails)      _ENDPOINT_GET_MAXSIZE3(EPDetails)
  95:../lufa-LUFA-111009/LUFA/Drivers/USB/Core/AVR8/../AVR8/Endpoint_AVR8.h **** 			#define _ENDPOINT_GET_MAXSIZE3(MaxSize, Banks) (MaxSize)
  96:../lufa-LUFA-111009/LUFA/Drivers/USB/Core/AVR8/../AVR8/Endpoint_AVR8.h **** 
  97:../lufa-LUFA-111009/LUFA/Drivers/USB/Core/AVR8/../AVR8/Endpoint_AVR8.h **** 			#define _ENDPOINT_GET_BANKS(EPIndex)           _ENDPOINT_GET_BANKS2(ENDPOINT_DETAILS_EP ## EPInd
  98:../lufa-LUFA-111009/LUFA/Drivers/USB/Core/AVR8/../AVR8/Endpoint_AVR8.h **** 			#define _ENDPOINT_GET_BANKS2(EPDetails)        _ENDPOINT_GET_BANKS3(EPDetails)
  99:../lufa-LUFA-111009/LUFA/Drivers/USB/Core/AVR8/../AVR8/Endpoint_AVR8.h **** 			#define _ENDPOINT_GET_BANKS3(MaxSize, Banks)   (Banks)
 100:../lufa-LUFA-111009/LUFA/Drivers/USB/Core/AVR8/../AVR8/Endpoint_AVR8.h **** 
 101:../lufa-LUFA-111009/LUFA/Drivers/USB/Core/AVR8/../AVR8/Endpoint_AVR8.h **** 			#if defined(USB_SERIES_4_AVR) || defined(USB_SERIES_6_AVR) || defined(USB_SERIES_7_AVR)
 102:../lufa-LUFA-111009/LUFA/Drivers/USB/Core/AVR8/../AVR8/Endpoint_AVR8.h **** 				#define ENDPOINT_DETAILS_MAXEP             7
 103:../lufa-LUFA-111009/LUFA/Drivers/USB/Core/AVR8/../AVR8/Endpoint_AVR8.h **** 
 104:../lufa-LUFA-111009/LUFA/Drivers/USB/Core/AVR8/../AVR8/Endpoint_AVR8.h **** 				#define ENDPOINT_DETAILS_EP0               64,  1
 105:../lufa-LUFA-111009/LUFA/Drivers/USB/Core/AVR8/../AVR8/Endpoint_AVR8.h **** 				#define ENDPOINT_DETAILS_EP1               256, 2
 106:../lufa-LUFA-111009/LUFA/Drivers/USB/Core/AVR8/../AVR8/Endpoint_AVR8.h **** 				#define ENDPOINT_DETAILS_EP2               64,  2
 107:../lufa-LUFA-111009/LUFA/Drivers/USB/Core/AVR8/../AVR8/Endpoint_AVR8.h **** 				#define ENDPOINT_DETAILS_EP3               64,  2
 108:../lufa-LUFA-111009/LUFA/Drivers/USB/Core/AVR8/../AVR8/Endpoint_AVR8.h **** 				#define ENDPOINT_DETAILS_EP4               64,  2
 109:../lufa-LUFA-111009/LUFA/Drivers/USB/Core/AVR8/../AVR8/Endpoint_AVR8.h **** 				#define ENDPOINT_DETAILS_EP5               64,  2
 110:../lufa-LUFA-111009/LUFA/Drivers/USB/Core/AVR8/../AVR8/Endpoint_AVR8.h **** 				#define ENDPOINT_DETAILS_EP6               64,  2
 111:../lufa-LUFA-111009/LUFA/Drivers/USB/Core/AVR8/../AVR8/Endpoint_AVR8.h **** 			#else
 112:../lufa-LUFA-111009/LUFA/Drivers/USB/Core/AVR8/../AVR8/Endpoint_AVR8.h **** 				#define ENDPOINT_DETAILS_MAXEP             5
 113:../lufa-LUFA-111009/LUFA/Drivers/USB/Core/AVR8/../AVR8/Endpoint_AVR8.h **** 
 114:../lufa-LUFA-111009/LUFA/Drivers/USB/Core/AVR8/../AVR8/Endpoint_AVR8.h **** 				#define ENDPOINT_DETAILS_EP0               64,  1
 115:../lufa-LUFA-111009/LUFA/Drivers/USB/Core/AVR8/../AVR8/Endpoint_AVR8.h **** 				#define ENDPOINT_DETAILS_EP1               64,  1
 116:../lufa-LUFA-111009/LUFA/Drivers/USB/Core/AVR8/../AVR8/Endpoint_AVR8.h **** 				#define ENDPOINT_DETAILS_EP2               64,  1
 117:../lufa-LUFA-111009/LUFA/Drivers/USB/Core/AVR8/../AVR8/Endpoint_AVR8.h **** 				#define ENDPOINT_DETAILS_EP3               64,  2
 118:../lufa-LUFA-111009/LUFA/Drivers/USB/Core/AVR8/../AVR8/Endpoint_AVR8.h **** 				#define ENDPOINT_DETAILS_EP4               64,  2
 119:../lufa-LUFA-111009/LUFA/Drivers/USB/Core/AVR8/../AVR8/Endpoint_AVR8.h **** 			#endif
 120:../lufa-LUFA-111009/LUFA/Drivers/USB/Core/AVR8/../AVR8/Endpoint_AVR8.h **** 
 121:../lufa-LUFA-111009/LUFA/Drivers/USB/Core/AVR8/../AVR8/Endpoint_AVR8.h **** 		/* Inline Functions: */
 122:../lufa-LUFA-111009/LUFA/Drivers/USB/Core/AVR8/../AVR8/Endpoint_AVR8.h **** 			static inline uint8_t Endpoint_BytesToEPSizeMask(const uint16_t Bytes) ATTR_WARN_UNUSED_RESULT A
 123:../lufa-LUFA-111009/LUFA/Drivers/USB/Core/AVR8/../AVR8/Endpoint_AVR8.h **** 			                                                                       ATTR_ALWAYS_INLINE;
 124:../lufa-LUFA-111009/LUFA/Drivers/USB/Core/AVR8/../AVR8/Endpoint_AVR8.h **** 			static inline uint8_t Endpoint_BytesToEPSizeMask(const uint16_t Bytes)
 125:../lufa-LUFA-111009/LUFA/Drivers/USB/Core/AVR8/../AVR8/Endpoint_AVR8.h **** 			{
 126:../lufa-LUFA-111009/LUFA/Drivers/USB/Core/AVR8/../AVR8/Endpoint_AVR8.h **** 				uint8_t  MaskVal    = 0;
 127:../lufa-LUFA-111009/LUFA/Drivers/USB/Core/AVR8/../AVR8/Endpoint_AVR8.h **** 				uint16_t CheckBytes = 8;
 128:../lufa-LUFA-111009/LUFA/Drivers/USB/Core/AVR8/../AVR8/Endpoint_AVR8.h **** 
 129:../lufa-LUFA-111009/LUFA/Drivers/USB/Core/AVR8/../AVR8/Endpoint_AVR8.h **** 				while (CheckBytes < Bytes)
 130:../lufa-LUFA-111009/LUFA/Drivers/USB/Core/AVR8/../AVR8/Endpoint_AVR8.h **** 				{
 131:../lufa-LUFA-111009/LUFA/Drivers/USB/Core/AVR8/../AVR8/Endpoint_AVR8.h **** 					MaskVal++;
 132:../lufa-LUFA-111009/LUFA/Drivers/USB/Core/AVR8/../AVR8/Endpoint_AVR8.h **** 					CheckBytes <<= 1;
 133:../lufa-LUFA-111009/LUFA/Drivers/USB/Core/AVR8/../AVR8/Endpoint_AVR8.h **** 				}
 134:../lufa-LUFA-111009/LUFA/Drivers/USB/Core/AVR8/../AVR8/Endpoint_AVR8.h **** 
 135:../lufa-LUFA-111009/LUFA/Drivers/USB/Core/AVR8/../AVR8/Endpoint_AVR8.h **** 				return (MaskVal << EPSIZE0);
 136:../lufa-LUFA-111009/LUFA/Drivers/USB/Core/AVR8/../AVR8/Endpoint_AVR8.h **** 			}
 137:../lufa-LUFA-111009/LUFA/Drivers/USB/Core/AVR8/../AVR8/Endpoint_AVR8.h **** 
 138:../lufa-LUFA-111009/LUFA/Drivers/USB/Core/AVR8/../AVR8/Endpoint_AVR8.h **** 		/* Function Prototypes: */
 139:../lufa-LUFA-111009/LUFA/Drivers/USB/Core/AVR8/../AVR8/Endpoint_AVR8.h **** 			void Endpoint_ClearEndpoints(void);
 140:../lufa-LUFA-111009/LUFA/Drivers/USB/Core/AVR8/../AVR8/Endpoint_AVR8.h **** 			bool Endpoint_ConfigureEndpoint_Prv(const uint8_t Number,
 141:../lufa-LUFA-111009/LUFA/Drivers/USB/Core/AVR8/../AVR8/Endpoint_AVR8.h **** 			                                    const uint8_t UECFG0XData,
 142:../lufa-LUFA-111009/LUFA/Drivers/USB/Core/AVR8/../AVR8/Endpoint_AVR8.h **** 			                                    const uint8_t UECFG1XData);
 143:../lufa-LUFA-111009/LUFA/Drivers/USB/Core/AVR8/../AVR8/Endpoint_AVR8.h **** 
 144:../lufa-LUFA-111009/LUFA/Drivers/USB/Core/AVR8/../AVR8/Endpoint_AVR8.h **** 	#endif
 145:../lufa-LUFA-111009/LUFA/Drivers/USB/Core/AVR8/../AVR8/Endpoint_AVR8.h **** 
 146:../lufa-LUFA-111009/LUFA/Drivers/USB/Core/AVR8/../AVR8/Endpoint_AVR8.h **** 	/* Public Interface - May be used in end-application: */
 147:../lufa-LUFA-111009/LUFA/Drivers/USB/Core/AVR8/../AVR8/Endpoint_AVR8.h **** 		/* Macros: */			
 148:../lufa-LUFA-111009/LUFA/Drivers/USB/Core/AVR8/../AVR8/Endpoint_AVR8.h **** 			/** \name Endpoint Bank Mode Masks */
 149:../lufa-LUFA-111009/LUFA/Drivers/USB/Core/AVR8/../AVR8/Endpoint_AVR8.h **** 			//@{
 150:../lufa-LUFA-111009/LUFA/Drivers/USB/Core/AVR8/../AVR8/Endpoint_AVR8.h **** 			/** Mask for the bank mode selection for the \ref Endpoint_ConfigureEndpoint() macro. This indic
 151:../lufa-LUFA-111009/LUFA/Drivers/USB/Core/AVR8/../AVR8/Endpoint_AVR8.h **** 			 *  that the endpoint should have one single bank, which requires less USB FIFO memory but resul
 152:../lufa-LUFA-111009/LUFA/Drivers/USB/Core/AVR8/../AVR8/Endpoint_AVR8.h **** 			 *  in slower transfers as only one USB device (the AVR or the host) can access the endpoint's
 153:../lufa-LUFA-111009/LUFA/Drivers/USB/Core/AVR8/../AVR8/Endpoint_AVR8.h **** 			 *  bank at the one time.
 154:../lufa-LUFA-111009/LUFA/Drivers/USB/Core/AVR8/../AVR8/Endpoint_AVR8.h **** 			 */
 155:../lufa-LUFA-111009/LUFA/Drivers/USB/Core/AVR8/../AVR8/Endpoint_AVR8.h **** 			#define ENDPOINT_BANK_SINGLE                    (0 << EPBK0)
 156:../lufa-LUFA-111009/LUFA/Drivers/USB/Core/AVR8/../AVR8/Endpoint_AVR8.h **** 
 157:../lufa-LUFA-111009/LUFA/Drivers/USB/Core/AVR8/../AVR8/Endpoint_AVR8.h **** 			/** Mask for the bank mode selection for the \ref Endpoint_ConfigureEndpoint() macro. This indic
 158:../lufa-LUFA-111009/LUFA/Drivers/USB/Core/AVR8/../AVR8/Endpoint_AVR8.h **** 			 *  that the endpoint should have two banks, which requires more USB FIFO memory but results
 159:../lufa-LUFA-111009/LUFA/Drivers/USB/Core/AVR8/../AVR8/Endpoint_AVR8.h **** 			 *  in faster transfers as one USB device (the AVR or the host) can access one bank while the ot
 160:../lufa-LUFA-111009/LUFA/Drivers/USB/Core/AVR8/../AVR8/Endpoint_AVR8.h **** 			 *  accesses the second bank.
 161:../lufa-LUFA-111009/LUFA/Drivers/USB/Core/AVR8/../AVR8/Endpoint_AVR8.h **** 			 */
 162:../lufa-LUFA-111009/LUFA/Drivers/USB/Core/AVR8/../AVR8/Endpoint_AVR8.h **** 			#define ENDPOINT_BANK_DOUBLE                    (1 << EPBK0)
 163:../lufa-LUFA-111009/LUFA/Drivers/USB/Core/AVR8/../AVR8/Endpoint_AVR8.h **** 			//@}
 164:../lufa-LUFA-111009/LUFA/Drivers/USB/Core/AVR8/../AVR8/Endpoint_AVR8.h **** 
 165:../lufa-LUFA-111009/LUFA/Drivers/USB/Core/AVR8/../AVR8/Endpoint_AVR8.h **** 			#if (!defined(FIXED_CONTROL_ENDPOINT_SIZE) || defined(__DOXYGEN__))
 166:../lufa-LUFA-111009/LUFA/Drivers/USB/Core/AVR8/../AVR8/Endpoint_AVR8.h **** 				/** Default size of the default control endpoint's bank, until altered by the control endpoint 
 167:../lufa-LUFA-111009/LUFA/Drivers/USB/Core/AVR8/../AVR8/Endpoint_AVR8.h **** 				 *  value in the device descriptor. Not available if the \c FIXED_CONTROL_ENDPOINT_SIZE token i
 168:../lufa-LUFA-111009/LUFA/Drivers/USB/Core/AVR8/../AVR8/Endpoint_AVR8.h **** 				 */
 169:../lufa-LUFA-111009/LUFA/Drivers/USB/Core/AVR8/../AVR8/Endpoint_AVR8.h **** 				#define ENDPOINT_CONTROLEP_DEFAULT_SIZE     8
 170:../lufa-LUFA-111009/LUFA/Drivers/USB/Core/AVR8/../AVR8/Endpoint_AVR8.h **** 			#endif
 171:../lufa-LUFA-111009/LUFA/Drivers/USB/Core/AVR8/../AVR8/Endpoint_AVR8.h **** 
 172:../lufa-LUFA-111009/LUFA/Drivers/USB/Core/AVR8/../AVR8/Endpoint_AVR8.h **** 			/** Retrieves the maximum bank size in bytes of a given endpoint.
 173:../lufa-LUFA-111009/LUFA/Drivers/USB/Core/AVR8/../AVR8/Endpoint_AVR8.h **** 			 *
 174:../lufa-LUFA-111009/LUFA/Drivers/USB/Core/AVR8/../AVR8/Endpoint_AVR8.h **** 			 *  \note This macro will only work correctly on endpoint indexes that are compile-time constant
 175:../lufa-LUFA-111009/LUFA/Drivers/USB/Core/AVR8/../AVR8/Endpoint_AVR8.h **** 			 *        defined by the preprocessor.
 176:../lufa-LUFA-111009/LUFA/Drivers/USB/Core/AVR8/../AVR8/Endpoint_AVR8.h **** 			 *
 177:../lufa-LUFA-111009/LUFA/Drivers/USB/Core/AVR8/../AVR8/Endpoint_AVR8.h **** 			 *  \param[in] EPIndex  Endpoint number, a value between 0 and (\ref ENDPOINT_TOTAL_ENDPOINTS - 
 178:../lufa-LUFA-111009/LUFA/Drivers/USB/Core/AVR8/../AVR8/Endpoint_AVR8.h **** 			 */
 179:../lufa-LUFA-111009/LUFA/Drivers/USB/Core/AVR8/../AVR8/Endpoint_AVR8.h **** 			#define ENDPOINT_MAX_SIZE(EPIndex)              _ENDPOINT_GET_MAXSIZE(EPIndex)
 180:../lufa-LUFA-111009/LUFA/Drivers/USB/Core/AVR8/../AVR8/Endpoint_AVR8.h **** 
 181:../lufa-LUFA-111009/LUFA/Drivers/USB/Core/AVR8/../AVR8/Endpoint_AVR8.h **** 			/** Retrieves the total number of banks supported by the given endpoint.
 182:../lufa-LUFA-111009/LUFA/Drivers/USB/Core/AVR8/../AVR8/Endpoint_AVR8.h **** 			 *
 183:../lufa-LUFA-111009/LUFA/Drivers/USB/Core/AVR8/../AVR8/Endpoint_AVR8.h **** 			 *  \note This macro will only work correctly on endpoint indexes that are compile-time constant
 184:../lufa-LUFA-111009/LUFA/Drivers/USB/Core/AVR8/../AVR8/Endpoint_AVR8.h **** 			 *        defined by the preprocessor.
 185:../lufa-LUFA-111009/LUFA/Drivers/USB/Core/AVR8/../AVR8/Endpoint_AVR8.h **** 			 *
 186:../lufa-LUFA-111009/LUFA/Drivers/USB/Core/AVR8/../AVR8/Endpoint_AVR8.h **** 			 *  \param[in] EPIndex  Endpoint number, a value between 0 and (\ref ENDPOINT_TOTAL_ENDPOINTS - 
 187:../lufa-LUFA-111009/LUFA/Drivers/USB/Core/AVR8/../AVR8/Endpoint_AVR8.h **** 			 */
 188:../lufa-LUFA-111009/LUFA/Drivers/USB/Core/AVR8/../AVR8/Endpoint_AVR8.h **** 			#define ENDPOINT_BANKS_SUPPORTED(EPIndex)       _ENDPOINT_GET_BANKS(EPIndex)
 189:../lufa-LUFA-111009/LUFA/Drivers/USB/Core/AVR8/../AVR8/Endpoint_AVR8.h **** 
 190:../lufa-LUFA-111009/LUFA/Drivers/USB/Core/AVR8/../AVR8/Endpoint_AVR8.h **** 			#if !defined(CONTROL_ONLY_DEVICE) || defined(__DOXYGEN__)
 191:../lufa-LUFA-111009/LUFA/Drivers/USB/Core/AVR8/../AVR8/Endpoint_AVR8.h **** 				/** Total number of endpoints (including the default control endpoint at address 0) which may
 192:../lufa-LUFA-111009/LUFA/Drivers/USB/Core/AVR8/../AVR8/Endpoint_AVR8.h **** 				 *  be used in the device. Different USB AVR models support different amounts of endpoints,
 193:../lufa-LUFA-111009/LUFA/Drivers/USB/Core/AVR8/../AVR8/Endpoint_AVR8.h **** 				 *  this value reflects the maximum number of endpoints for the currently selected AVR model.
 194:../lufa-LUFA-111009/LUFA/Drivers/USB/Core/AVR8/../AVR8/Endpoint_AVR8.h **** 				 */
 195:../lufa-LUFA-111009/LUFA/Drivers/USB/Core/AVR8/../AVR8/Endpoint_AVR8.h **** 				#define ENDPOINT_TOTAL_ENDPOINTS            ENDPOINT_DETAILS_MAXEP
 196:../lufa-LUFA-111009/LUFA/Drivers/USB/Core/AVR8/../AVR8/Endpoint_AVR8.h **** 			#else
 197:../lufa-LUFA-111009/LUFA/Drivers/USB/Core/AVR8/../AVR8/Endpoint_AVR8.h **** 				#define ENDPOINT_TOTAL_ENDPOINTS            1
 198:../lufa-LUFA-111009/LUFA/Drivers/USB/Core/AVR8/../AVR8/Endpoint_AVR8.h **** 			#endif
 199:../lufa-LUFA-111009/LUFA/Drivers/USB/Core/AVR8/../AVR8/Endpoint_AVR8.h **** 
 200:../lufa-LUFA-111009/LUFA/Drivers/USB/Core/AVR8/../AVR8/Endpoint_AVR8.h **** 		/* Enums: */
 201:../lufa-LUFA-111009/LUFA/Drivers/USB/Core/AVR8/../AVR8/Endpoint_AVR8.h **** 			/** Enum for the possible error return codes of the \ref Endpoint_WaitUntilReady() function.
 202:../lufa-LUFA-111009/LUFA/Drivers/USB/Core/AVR8/../AVR8/Endpoint_AVR8.h **** 			 *
 203:../lufa-LUFA-111009/LUFA/Drivers/USB/Core/AVR8/../AVR8/Endpoint_AVR8.h **** 			 *  \ingroup Group_EndpointRW_AVR8
 204:../lufa-LUFA-111009/LUFA/Drivers/USB/Core/AVR8/../AVR8/Endpoint_AVR8.h **** 			 */
 205:../lufa-LUFA-111009/LUFA/Drivers/USB/Core/AVR8/../AVR8/Endpoint_AVR8.h **** 			enum Endpoint_WaitUntilReady_ErrorCodes_t
 206:../lufa-LUFA-111009/LUFA/Drivers/USB/Core/AVR8/../AVR8/Endpoint_AVR8.h **** 			{
 207:../lufa-LUFA-111009/LUFA/Drivers/USB/Core/AVR8/../AVR8/Endpoint_AVR8.h **** 				ENDPOINT_READYWAIT_NoError                 = 0, /**< Endpoint is ready for next packet, no erro
 208:../lufa-LUFA-111009/LUFA/Drivers/USB/Core/AVR8/../AVR8/Endpoint_AVR8.h **** 				ENDPOINT_READYWAIT_EndpointStalled         = 1, /**< The endpoint was stalled during the stream
 209:../lufa-LUFA-111009/LUFA/Drivers/USB/Core/AVR8/../AVR8/Endpoint_AVR8.h **** 				                                                 *   transfer by the host or device.
 210:../lufa-LUFA-111009/LUFA/Drivers/USB/Core/AVR8/../AVR8/Endpoint_AVR8.h **** 				                                                 */
 211:../lufa-LUFA-111009/LUFA/Drivers/USB/Core/AVR8/../AVR8/Endpoint_AVR8.h **** 				ENDPOINT_READYWAIT_DeviceDisconnected      = 2,	/**< Device was disconnected from the host whil
 212:../lufa-LUFA-111009/LUFA/Drivers/USB/Core/AVR8/../AVR8/Endpoint_AVR8.h **** 				                                                 *   waiting for the endpoint to become ready.
 213:../lufa-LUFA-111009/LUFA/Drivers/USB/Core/AVR8/../AVR8/Endpoint_AVR8.h **** 				                                                 */
 214:../lufa-LUFA-111009/LUFA/Drivers/USB/Core/AVR8/../AVR8/Endpoint_AVR8.h **** 				ENDPOINT_READYWAIT_BusSuspended            = 3, /**< The USB bus has been suspended by the host
 215:../lufa-LUFA-111009/LUFA/Drivers/USB/Core/AVR8/../AVR8/Endpoint_AVR8.h **** 				                                                 *   no USB endpoint traffic can occur until th
 216:../lufa-LUFA-111009/LUFA/Drivers/USB/Core/AVR8/../AVR8/Endpoint_AVR8.h **** 				                                                 *   has resumed.
 217:../lufa-LUFA-111009/LUFA/Drivers/USB/Core/AVR8/../AVR8/Endpoint_AVR8.h **** 				                                                 */
 218:../lufa-LUFA-111009/LUFA/Drivers/USB/Core/AVR8/../AVR8/Endpoint_AVR8.h **** 				ENDPOINT_READYWAIT_Timeout                 = 4, /**< The host failed to accept or send the next
 219:../lufa-LUFA-111009/LUFA/Drivers/USB/Core/AVR8/../AVR8/Endpoint_AVR8.h **** 				                                                 *   within the software timeout period set by 
 220:../lufa-LUFA-111009/LUFA/Drivers/USB/Core/AVR8/../AVR8/Endpoint_AVR8.h **** 				                                                 *   \ref USB_STREAM_TIMEOUT_MS macro.
 221:../lufa-LUFA-111009/LUFA/Drivers/USB/Core/AVR8/../AVR8/Endpoint_AVR8.h **** 				                                                 */
 222:../lufa-LUFA-111009/LUFA/Drivers/USB/Core/AVR8/../AVR8/Endpoint_AVR8.h **** 			};
 223:../lufa-LUFA-111009/LUFA/Drivers/USB/Core/AVR8/../AVR8/Endpoint_AVR8.h **** 
 224:../lufa-LUFA-111009/LUFA/Drivers/USB/Core/AVR8/../AVR8/Endpoint_AVR8.h **** 		/* Inline Functions: */
 225:../lufa-LUFA-111009/LUFA/Drivers/USB/Core/AVR8/../AVR8/Endpoint_AVR8.h **** 			/** Configures the specified endpoint number with the given endpoint type, direction, bank size
 226:../lufa-LUFA-111009/LUFA/Drivers/USB/Core/AVR8/../AVR8/Endpoint_AVR8.h **** 			 *  and banking mode. Once configured, the endpoint may be read from or written to, depending
 227:../lufa-LUFA-111009/LUFA/Drivers/USB/Core/AVR8/../AVR8/Endpoint_AVR8.h **** 			 *  on its direction.
 228:../lufa-LUFA-111009/LUFA/Drivers/USB/Core/AVR8/../AVR8/Endpoint_AVR8.h **** 			 *
 229:../lufa-LUFA-111009/LUFA/Drivers/USB/Core/AVR8/../AVR8/Endpoint_AVR8.h **** 			 *  \param[in] Number     Endpoint number to configure. This must be more than 0 and less than
 230:../lufa-LUFA-111009/LUFA/Drivers/USB/Core/AVR8/../AVR8/Endpoint_AVR8.h **** 			 *                        \ref ENDPOINT_TOTAL_ENDPOINTS.
 231:../lufa-LUFA-111009/LUFA/Drivers/USB/Core/AVR8/../AVR8/Endpoint_AVR8.h **** 			 *
 232:../lufa-LUFA-111009/LUFA/Drivers/USB/Core/AVR8/../AVR8/Endpoint_AVR8.h **** 			 *  \param[in] Type       Type of endpoint to configure, a \c EP_TYPE_* mask. Not all endpoint t
 233:../lufa-LUFA-111009/LUFA/Drivers/USB/Core/AVR8/../AVR8/Endpoint_AVR8.h **** 			 *                        are available on Low Speed USB devices - refer to the USB 2.0 specific
 234:../lufa-LUFA-111009/LUFA/Drivers/USB/Core/AVR8/../AVR8/Endpoint_AVR8.h **** 			 *
 235:../lufa-LUFA-111009/LUFA/Drivers/USB/Core/AVR8/../AVR8/Endpoint_AVR8.h **** 			 *  \param[in] Direction  Endpoint data direction, either \ref ENDPOINT_DIR_OUT or \ref ENDPOINT
 236:../lufa-LUFA-111009/LUFA/Drivers/USB/Core/AVR8/../AVR8/Endpoint_AVR8.h **** 			 *                        All endpoints (except Control type) are unidirectional - data may only
 237:../lufa-LUFA-111009/LUFA/Drivers/USB/Core/AVR8/../AVR8/Endpoint_AVR8.h **** 			 *                        from or written to the endpoint bank based on its direction, not both.
 238:../lufa-LUFA-111009/LUFA/Drivers/USB/Core/AVR8/../AVR8/Endpoint_AVR8.h **** 			 *
 239:../lufa-LUFA-111009/LUFA/Drivers/USB/Core/AVR8/../AVR8/Endpoint_AVR8.h **** 			 *  \param[in] Size       Size of the endpoint's bank, where packets are stored before they are 
 240:../lufa-LUFA-111009/LUFA/Drivers/USB/Core/AVR8/../AVR8/Endpoint_AVR8.h **** 			 *                        to the USB host, or after they have been received from the USB host (d
 241:../lufa-LUFA-111009/LUFA/Drivers/USB/Core/AVR8/../AVR8/Endpoint_AVR8.h **** 			 *                        the endpoint's data direction). The bank size must indicate the maximu
 242:../lufa-LUFA-111009/LUFA/Drivers/USB/Core/AVR8/../AVR8/Endpoint_AVR8.h **** 			 *                        that the endpoint can handle.
 243:../lufa-LUFA-111009/LUFA/Drivers/USB/Core/AVR8/../AVR8/Endpoint_AVR8.h **** 			 *
 244:../lufa-LUFA-111009/LUFA/Drivers/USB/Core/AVR8/../AVR8/Endpoint_AVR8.h **** 			 *  \param[in] Banks      Number of banks to use for the endpoint being configured, an \c ENDPOI
 245:../lufa-LUFA-111009/LUFA/Drivers/USB/Core/AVR8/../AVR8/Endpoint_AVR8.h **** 			 *                        More banks uses more USB DPRAM, but offers better performance. Isochro
 246:../lufa-LUFA-111009/LUFA/Drivers/USB/Core/AVR8/../AVR8/Endpoint_AVR8.h **** 			 *                        endpoints <b>must</b> have at least two banks.
 247:../lufa-LUFA-111009/LUFA/Drivers/USB/Core/AVR8/../AVR8/Endpoint_AVR8.h **** 			 *
 248:../lufa-LUFA-111009/LUFA/Drivers/USB/Core/AVR8/../AVR8/Endpoint_AVR8.h **** 			 *  \note When the \c ORDERED_EP_CONFIG compile time option is used, Endpoints <b>must</b> be co
 249:../lufa-LUFA-111009/LUFA/Drivers/USB/Core/AVR8/../AVR8/Endpoint_AVR8.h **** 			 *        ascending order, or bank corruption will occur.
 250:../lufa-LUFA-111009/LUFA/Drivers/USB/Core/AVR8/../AVR8/Endpoint_AVR8.h **** 			 *        \n\n
 251:../lufa-LUFA-111009/LUFA/Drivers/USB/Core/AVR8/../AVR8/Endpoint_AVR8.h **** 			 *
 252:../lufa-LUFA-111009/LUFA/Drivers/USB/Core/AVR8/../AVR8/Endpoint_AVR8.h **** 			 *  \note Different endpoints may have different maximum packet sizes based on the endpoint's in
 253:../lufa-LUFA-111009/LUFA/Drivers/USB/Core/AVR8/../AVR8/Endpoint_AVR8.h **** 			 *        the chosen microcontroller model's datasheet to determine the maximum bank size for ea
 254:../lufa-LUFA-111009/LUFA/Drivers/USB/Core/AVR8/../AVR8/Endpoint_AVR8.h **** 			 *        \n\n
 255:../lufa-LUFA-111009/LUFA/Drivers/USB/Core/AVR8/../AVR8/Endpoint_AVR8.h **** 			 *
 256:../lufa-LUFA-111009/LUFA/Drivers/USB/Core/AVR8/../AVR8/Endpoint_AVR8.h **** 			 *  \note The default control endpoint should not be manually configured by the user application
 257:../lufa-LUFA-111009/LUFA/Drivers/USB/Core/AVR8/../AVR8/Endpoint_AVR8.h **** 			 *        it is automatically configured by the library internally.
 258:../lufa-LUFA-111009/LUFA/Drivers/USB/Core/AVR8/../AVR8/Endpoint_AVR8.h **** 			 *        \n\n
 259:../lufa-LUFA-111009/LUFA/Drivers/USB/Core/AVR8/../AVR8/Endpoint_AVR8.h **** 			 *
 260:../lufa-LUFA-111009/LUFA/Drivers/USB/Core/AVR8/../AVR8/Endpoint_AVR8.h **** 			 *  \note This routine will automatically select the specified endpoint upon success. Upon failu
 261:../lufa-LUFA-111009/LUFA/Drivers/USB/Core/AVR8/../AVR8/Endpoint_AVR8.h **** 			 *        which failed to reconfigure correctly will be selected.
 262:../lufa-LUFA-111009/LUFA/Drivers/USB/Core/AVR8/../AVR8/Endpoint_AVR8.h **** 			 *
 263:../lufa-LUFA-111009/LUFA/Drivers/USB/Core/AVR8/../AVR8/Endpoint_AVR8.h **** 			 *  \return Boolean \c true if the configuration succeeded, \c false otherwise.
 264:../lufa-LUFA-111009/LUFA/Drivers/USB/Core/AVR8/../AVR8/Endpoint_AVR8.h **** 			 */
 265:../lufa-LUFA-111009/LUFA/Drivers/USB/Core/AVR8/../AVR8/Endpoint_AVR8.h **** 			static inline bool Endpoint_ConfigureEndpoint(const uint8_t Number,
 266:../lufa-LUFA-111009/LUFA/Drivers/USB/Core/AVR8/../AVR8/Endpoint_AVR8.h **** 			                                              const uint8_t Type,
 267:../lufa-LUFA-111009/LUFA/Drivers/USB/Core/AVR8/../AVR8/Endpoint_AVR8.h **** 			                                              const uint8_t Direction,
 268:../lufa-LUFA-111009/LUFA/Drivers/USB/Core/AVR8/../AVR8/Endpoint_AVR8.h **** 			                                              const uint16_t Size,
 269:../lufa-LUFA-111009/LUFA/Drivers/USB/Core/AVR8/../AVR8/Endpoint_AVR8.h **** 			                                              const uint8_t Banks) ATTR_ALWAYS_INLINE;
 270:../lufa-LUFA-111009/LUFA/Drivers/USB/Core/AVR8/../AVR8/Endpoint_AVR8.h **** 			static inline bool Endpoint_ConfigureEndpoint(const uint8_t Number,
 271:../lufa-LUFA-111009/LUFA/Drivers/USB/Core/AVR8/../AVR8/Endpoint_AVR8.h **** 			                                              const uint8_t Type,
 272:../lufa-LUFA-111009/LUFA/Drivers/USB/Core/AVR8/../AVR8/Endpoint_AVR8.h **** 			                                              const uint8_t Direction,
 273:../lufa-LUFA-111009/LUFA/Drivers/USB/Core/AVR8/../AVR8/Endpoint_AVR8.h **** 			                                              const uint16_t Size,
 274:../lufa-LUFA-111009/LUFA/Drivers/USB/Core/AVR8/../AVR8/Endpoint_AVR8.h **** 			                                              const uint8_t Banks)
 275:../lufa-LUFA-111009/LUFA/Drivers/USB/Core/AVR8/../AVR8/Endpoint_AVR8.h **** 			{
 276:../lufa-LUFA-111009/LUFA/Drivers/USB/Core/AVR8/../AVR8/Endpoint_AVR8.h **** 				return Endpoint_ConfigureEndpoint_Prv(Number, ((Type << EPTYPE0) | (Direction ? (1 << EPDIR) : 
 277:../lufa-LUFA-111009/LUFA/Drivers/USB/Core/AVR8/../AVR8/Endpoint_AVR8.h **** 				                                      ((1 << ALLOC) | Banks | Endpoint_BytesToEPSizeMask(Size))
 278:../lufa-LUFA-111009/LUFA/Drivers/USB/Core/AVR8/../AVR8/Endpoint_AVR8.h **** 			}
 279:../lufa-LUFA-111009/LUFA/Drivers/USB/Core/AVR8/../AVR8/Endpoint_AVR8.h **** 
 280:../lufa-LUFA-111009/LUFA/Drivers/USB/Core/AVR8/../AVR8/Endpoint_AVR8.h **** 			/** Indicates the number of bytes currently stored in the current endpoint's selected bank.
 281:../lufa-LUFA-111009/LUFA/Drivers/USB/Core/AVR8/../AVR8/Endpoint_AVR8.h **** 			 *
 282:../lufa-LUFA-111009/LUFA/Drivers/USB/Core/AVR8/../AVR8/Endpoint_AVR8.h **** 			 *  \note The return width of this function may differ, depending on the maximum endpoint bank s
 283:../lufa-LUFA-111009/LUFA/Drivers/USB/Core/AVR8/../AVR8/Endpoint_AVR8.h **** 			 *        of the selected AVR model.
 284:../lufa-LUFA-111009/LUFA/Drivers/USB/Core/AVR8/../AVR8/Endpoint_AVR8.h **** 			 *
 285:../lufa-LUFA-111009/LUFA/Drivers/USB/Core/AVR8/../AVR8/Endpoint_AVR8.h **** 			 *  \ingroup Group_EndpointRW_AVR8
 286:../lufa-LUFA-111009/LUFA/Drivers/USB/Core/AVR8/../AVR8/Endpoint_AVR8.h **** 			 *
 287:../lufa-LUFA-111009/LUFA/Drivers/USB/Core/AVR8/../AVR8/Endpoint_AVR8.h **** 			 *  \return Total number of bytes in the currently selected Endpoint's FIFO buffer.
 288:../lufa-LUFA-111009/LUFA/Drivers/USB/Core/AVR8/../AVR8/Endpoint_AVR8.h **** 			 */
 289:../lufa-LUFA-111009/LUFA/Drivers/USB/Core/AVR8/../AVR8/Endpoint_AVR8.h **** 			static inline uint16_t Endpoint_BytesInEndpoint(void) ATTR_WARN_UNUSED_RESULT ATTR_ALWAYS_INLINE
 290:../lufa-LUFA-111009/LUFA/Drivers/USB/Core/AVR8/../AVR8/Endpoint_AVR8.h **** 			static inline uint16_t Endpoint_BytesInEndpoint(void)
 291:../lufa-LUFA-111009/LUFA/Drivers/USB/Core/AVR8/../AVR8/Endpoint_AVR8.h **** 			{
 292:../lufa-LUFA-111009/LUFA/Drivers/USB/Core/AVR8/../AVR8/Endpoint_AVR8.h **** 				#if defined(USB_SERIES_6_AVR) || defined(USB_SERIES_7_AVR)
 293:../lufa-LUFA-111009/LUFA/Drivers/USB/Core/AVR8/../AVR8/Endpoint_AVR8.h **** 					return UEBCX;
 294:../lufa-LUFA-111009/LUFA/Drivers/USB/Core/AVR8/../AVR8/Endpoint_AVR8.h **** 				#elif defined(USB_SERIES_4_AVR)
 295:../lufa-LUFA-111009/LUFA/Drivers/USB/Core/AVR8/../AVR8/Endpoint_AVR8.h **** 					return (((uint16_t)UEBCHX << 8) | UEBCLX);
 296:../lufa-LUFA-111009/LUFA/Drivers/USB/Core/AVR8/../AVR8/Endpoint_AVR8.h **** 				#elif defined(USB_SERIES_2_AVR)
 297:../lufa-LUFA-111009/LUFA/Drivers/USB/Core/AVR8/../AVR8/Endpoint_AVR8.h **** 					return UEBCLX;
 298:../lufa-LUFA-111009/LUFA/Drivers/USB/Core/AVR8/../AVR8/Endpoint_AVR8.h **** 				#endif
 299:../lufa-LUFA-111009/LUFA/Drivers/USB/Core/AVR8/../AVR8/Endpoint_AVR8.h **** 			}
 300:../lufa-LUFA-111009/LUFA/Drivers/USB/Core/AVR8/../AVR8/Endpoint_AVR8.h **** 
 301:../lufa-LUFA-111009/LUFA/Drivers/USB/Core/AVR8/../AVR8/Endpoint_AVR8.h **** 			/** Get the endpoint address of the currently selected endpoint. This is typically used to save
 302:../lufa-LUFA-111009/LUFA/Drivers/USB/Core/AVR8/../AVR8/Endpoint_AVR8.h **** 			 *  the currently selected endpoint number so that it can be restored after another endpoint has
 303:../lufa-LUFA-111009/LUFA/Drivers/USB/Core/AVR8/../AVR8/Endpoint_AVR8.h **** 			 *  been manipulated.
 304:../lufa-LUFA-111009/LUFA/Drivers/USB/Core/AVR8/../AVR8/Endpoint_AVR8.h **** 			 *
 305:../lufa-LUFA-111009/LUFA/Drivers/USB/Core/AVR8/../AVR8/Endpoint_AVR8.h **** 			 *  \return Index of the currently selected endpoint.
 306:../lufa-LUFA-111009/LUFA/Drivers/USB/Core/AVR8/../AVR8/Endpoint_AVR8.h **** 			 */
 307:../lufa-LUFA-111009/LUFA/Drivers/USB/Core/AVR8/../AVR8/Endpoint_AVR8.h **** 			static inline uint8_t Endpoint_GetCurrentEndpoint(void) ATTR_WARN_UNUSED_RESULT ATTR_ALWAYS_INLI
 308:../lufa-LUFA-111009/LUFA/Drivers/USB/Core/AVR8/../AVR8/Endpoint_AVR8.h **** 			static inline uint8_t Endpoint_GetCurrentEndpoint(void)
 309:../lufa-LUFA-111009/LUFA/Drivers/USB/Core/AVR8/../AVR8/Endpoint_AVR8.h **** 			{
 310:../lufa-LUFA-111009/LUFA/Drivers/USB/Core/AVR8/../AVR8/Endpoint_AVR8.h **** 				#if !defined(CONTROL_ONLY_DEVICE)
 311:../lufa-LUFA-111009/LUFA/Drivers/USB/Core/AVR8/../AVR8/Endpoint_AVR8.h **** 					return (UENUM & ENDPOINT_EPNUM_MASK);
 312:../lufa-LUFA-111009/LUFA/Drivers/USB/Core/AVR8/../AVR8/Endpoint_AVR8.h **** 				#else
 313:../lufa-LUFA-111009/LUFA/Drivers/USB/Core/AVR8/../AVR8/Endpoint_AVR8.h **** 					return ENDPOINT_CONTROLEP;
 314:../lufa-LUFA-111009/LUFA/Drivers/USB/Core/AVR8/../AVR8/Endpoint_AVR8.h **** 				#endif
 315:../lufa-LUFA-111009/LUFA/Drivers/USB/Core/AVR8/../AVR8/Endpoint_AVR8.h **** 			}
 316:../lufa-LUFA-111009/LUFA/Drivers/USB/Core/AVR8/../AVR8/Endpoint_AVR8.h **** 
 317:../lufa-LUFA-111009/LUFA/Drivers/USB/Core/AVR8/../AVR8/Endpoint_AVR8.h **** 			/** Selects the given endpoint number. If the address from the device descriptors is used, the
 318:../lufa-LUFA-111009/LUFA/Drivers/USB/Core/AVR8/../AVR8/Endpoint_AVR8.h **** 			 *  value should be masked with the \ref ENDPOINT_EPNUM_MASK constant to extract only the endpoi
 319:../lufa-LUFA-111009/LUFA/Drivers/USB/Core/AVR8/../AVR8/Endpoint_AVR8.h **** 			 *  number (and discarding the endpoint direction bit).
 320:../lufa-LUFA-111009/LUFA/Drivers/USB/Core/AVR8/../AVR8/Endpoint_AVR8.h **** 			 *
 321:../lufa-LUFA-111009/LUFA/Drivers/USB/Core/AVR8/../AVR8/Endpoint_AVR8.h **** 			 *  Any endpoint operations which do not require the endpoint number to be indicated will operat
 322:../lufa-LUFA-111009/LUFA/Drivers/USB/Core/AVR8/../AVR8/Endpoint_AVR8.h **** 			 *  the currently selected endpoint.
 323:../lufa-LUFA-111009/LUFA/Drivers/USB/Core/AVR8/../AVR8/Endpoint_AVR8.h **** 			 *
 324:../lufa-LUFA-111009/LUFA/Drivers/USB/Core/AVR8/../AVR8/Endpoint_AVR8.h **** 			 *  \param[in] EndpointNumber Endpoint number to select.
 325:../lufa-LUFA-111009/LUFA/Drivers/USB/Core/AVR8/../AVR8/Endpoint_AVR8.h **** 			 */
 326:../lufa-LUFA-111009/LUFA/Drivers/USB/Core/AVR8/../AVR8/Endpoint_AVR8.h **** 			static inline void Endpoint_SelectEndpoint(const uint8_t EndpointNumber) ATTR_ALWAYS_INLINE;
 327:../lufa-LUFA-111009/LUFA/Drivers/USB/Core/AVR8/../AVR8/Endpoint_AVR8.h **** 			static inline void Endpoint_SelectEndpoint(const uint8_t EndpointNumber)
 328:../lufa-LUFA-111009/LUFA/Drivers/USB/Core/AVR8/../AVR8/Endpoint_AVR8.h **** 			{
 329:../lufa-LUFA-111009/LUFA/Drivers/USB/Core/AVR8/../AVR8/Endpoint_AVR8.h **** 				#if !defined(CONTROL_ONLY_DEVICE)
 330:../lufa-LUFA-111009/LUFA/Drivers/USB/Core/AVR8/../AVR8/Endpoint_AVR8.h **** 					UENUM = EndpointNumber;
 331:../lufa-LUFA-111009/LUFA/Drivers/USB/Core/AVR8/../AVR8/Endpoint_AVR8.h **** 				#endif
 332:../lufa-LUFA-111009/LUFA/Drivers/USB/Core/AVR8/../AVR8/Endpoint_AVR8.h **** 			}
 333:../lufa-LUFA-111009/LUFA/Drivers/USB/Core/AVR8/../AVR8/Endpoint_AVR8.h **** 
 334:../lufa-LUFA-111009/LUFA/Drivers/USB/Core/AVR8/../AVR8/Endpoint_AVR8.h **** 			/** Resets the endpoint bank FIFO. This clears all the endpoint banks and resets the USB control
 335:../lufa-LUFA-111009/LUFA/Drivers/USB/Core/AVR8/../AVR8/Endpoint_AVR8.h **** 			 *  data In and Out pointers to the bank's contents.
 336:../lufa-LUFA-111009/LUFA/Drivers/USB/Core/AVR8/../AVR8/Endpoint_AVR8.h **** 			 *
 337:../lufa-LUFA-111009/LUFA/Drivers/USB/Core/AVR8/../AVR8/Endpoint_AVR8.h **** 			 *  \param[in] EndpointNumber Endpoint number whose FIFO buffers are to be reset.
 338:../lufa-LUFA-111009/LUFA/Drivers/USB/Core/AVR8/../AVR8/Endpoint_AVR8.h **** 			 */
 339:../lufa-LUFA-111009/LUFA/Drivers/USB/Core/AVR8/../AVR8/Endpoint_AVR8.h **** 			static inline void Endpoint_ResetEndpoint(const uint8_t EndpointNumber) ATTR_ALWAYS_INLINE;
 340:../lufa-LUFA-111009/LUFA/Drivers/USB/Core/AVR8/../AVR8/Endpoint_AVR8.h **** 			static inline void Endpoint_ResetEndpoint(const uint8_t EndpointNumber)
 341:../lufa-LUFA-111009/LUFA/Drivers/USB/Core/AVR8/../AVR8/Endpoint_AVR8.h **** 			{
 342:../lufa-LUFA-111009/LUFA/Drivers/USB/Core/AVR8/../AVR8/Endpoint_AVR8.h **** 				UERST = (1 << EndpointNumber);
 343:../lufa-LUFA-111009/LUFA/Drivers/USB/Core/AVR8/../AVR8/Endpoint_AVR8.h **** 				UERST = 0;
 344:../lufa-LUFA-111009/LUFA/Drivers/USB/Core/AVR8/../AVR8/Endpoint_AVR8.h **** 			}
 345:../lufa-LUFA-111009/LUFA/Drivers/USB/Core/AVR8/../AVR8/Endpoint_AVR8.h **** 
 346:../lufa-LUFA-111009/LUFA/Drivers/USB/Core/AVR8/../AVR8/Endpoint_AVR8.h **** 			/** Enables the currently selected endpoint so that data can be sent and received through it to
 347:../lufa-LUFA-111009/LUFA/Drivers/USB/Core/AVR8/../AVR8/Endpoint_AVR8.h **** 			 *  and from a host.
 348:../lufa-LUFA-111009/LUFA/Drivers/USB/Core/AVR8/../AVR8/Endpoint_AVR8.h **** 			 *
 349:../lufa-LUFA-111009/LUFA/Drivers/USB/Core/AVR8/../AVR8/Endpoint_AVR8.h **** 			 *  \note Endpoints must first be configured properly via \ref Endpoint_ConfigureEndpoint().
 350:../lufa-LUFA-111009/LUFA/Drivers/USB/Core/AVR8/../AVR8/Endpoint_AVR8.h **** 			 */
 351:../lufa-LUFA-111009/LUFA/Drivers/USB/Core/AVR8/../AVR8/Endpoint_AVR8.h **** 			static inline void Endpoint_EnableEndpoint(void) ATTR_ALWAYS_INLINE;
 352:../lufa-LUFA-111009/LUFA/Drivers/USB/Core/AVR8/../AVR8/Endpoint_AVR8.h **** 			static inline void Endpoint_EnableEndpoint(void)
 353:../lufa-LUFA-111009/LUFA/Drivers/USB/Core/AVR8/../AVR8/Endpoint_AVR8.h **** 			{
 354:../lufa-LUFA-111009/LUFA/Drivers/USB/Core/AVR8/../AVR8/Endpoint_AVR8.h **** 				UECONX |= (1 << EPEN);
 355:../lufa-LUFA-111009/LUFA/Drivers/USB/Core/AVR8/../AVR8/Endpoint_AVR8.h **** 			}
 356:../lufa-LUFA-111009/LUFA/Drivers/USB/Core/AVR8/../AVR8/Endpoint_AVR8.h **** 
 357:../lufa-LUFA-111009/LUFA/Drivers/USB/Core/AVR8/../AVR8/Endpoint_AVR8.h **** 			/** Disables the currently selected endpoint so that data cannot be sent and received through it
 358:../lufa-LUFA-111009/LUFA/Drivers/USB/Core/AVR8/../AVR8/Endpoint_AVR8.h **** 			 *  to and from a host.
 359:../lufa-LUFA-111009/LUFA/Drivers/USB/Core/AVR8/../AVR8/Endpoint_AVR8.h **** 			 */
 360:../lufa-LUFA-111009/LUFA/Drivers/USB/Core/AVR8/../AVR8/Endpoint_AVR8.h **** 			static inline void Endpoint_DisableEndpoint(void) ATTR_ALWAYS_INLINE;
 361:../lufa-LUFA-111009/LUFA/Drivers/USB/Core/AVR8/../AVR8/Endpoint_AVR8.h **** 			static inline void Endpoint_DisableEndpoint(void)
 362:../lufa-LUFA-111009/LUFA/Drivers/USB/Core/AVR8/../AVR8/Endpoint_AVR8.h **** 			{
 363:../lufa-LUFA-111009/LUFA/Drivers/USB/Core/AVR8/../AVR8/Endpoint_AVR8.h **** 				UECONX &= ~(1 << EPEN);
 364:../lufa-LUFA-111009/LUFA/Drivers/USB/Core/AVR8/../AVR8/Endpoint_AVR8.h **** 			}
 365:../lufa-LUFA-111009/LUFA/Drivers/USB/Core/AVR8/../AVR8/Endpoint_AVR8.h **** 
 366:../lufa-LUFA-111009/LUFA/Drivers/USB/Core/AVR8/../AVR8/Endpoint_AVR8.h **** 			/** Determines if the currently selected endpoint is enabled, but not necessarily configured.
 367:../lufa-LUFA-111009/LUFA/Drivers/USB/Core/AVR8/../AVR8/Endpoint_AVR8.h **** 			 *
 368:../lufa-LUFA-111009/LUFA/Drivers/USB/Core/AVR8/../AVR8/Endpoint_AVR8.h **** 			 * \return Boolean \c true if the currently selected endpoint is enabled, \c false otherwise.
 369:../lufa-LUFA-111009/LUFA/Drivers/USB/Core/AVR8/../AVR8/Endpoint_AVR8.h **** 			 */
 370:../lufa-LUFA-111009/LUFA/Drivers/USB/Core/AVR8/../AVR8/Endpoint_AVR8.h **** 			static inline bool Endpoint_IsEnabled(void) ATTR_WARN_UNUSED_RESULT ATTR_ALWAYS_INLINE;
 371:../lufa-LUFA-111009/LUFA/Drivers/USB/Core/AVR8/../AVR8/Endpoint_AVR8.h **** 			static inline bool Endpoint_IsEnabled(void)
 372:../lufa-LUFA-111009/LUFA/Drivers/USB/Core/AVR8/../AVR8/Endpoint_AVR8.h **** 			{
 373:../lufa-LUFA-111009/LUFA/Drivers/USB/Core/AVR8/../AVR8/Endpoint_AVR8.h **** 				return ((UECONX & (1 << EPEN)) ? true : false);
 374:../lufa-LUFA-111009/LUFA/Drivers/USB/Core/AVR8/../AVR8/Endpoint_AVR8.h **** 			}
 375:../lufa-LUFA-111009/LUFA/Drivers/USB/Core/AVR8/../AVR8/Endpoint_AVR8.h **** 
 376:../lufa-LUFA-111009/LUFA/Drivers/USB/Core/AVR8/../AVR8/Endpoint_AVR8.h **** 			/** Retrieves the number of busy banks in the currently selected endpoint, which have been queue
 377:../lufa-LUFA-111009/LUFA/Drivers/USB/Core/AVR8/../AVR8/Endpoint_AVR8.h **** 			 *  transmission via the \ref Endpoint_ClearIN() command, or are awaiting acknowledgement via th
 378:../lufa-LUFA-111009/LUFA/Drivers/USB/Core/AVR8/../AVR8/Endpoint_AVR8.h **** 			 *  \ref Endpoint_ClearOUT() command.
 379:../lufa-LUFA-111009/LUFA/Drivers/USB/Core/AVR8/../AVR8/Endpoint_AVR8.h **** 			 *
 380:../lufa-LUFA-111009/LUFA/Drivers/USB/Core/AVR8/../AVR8/Endpoint_AVR8.h **** 			 *  \ingroup Group_EndpointPacketManagement_AVR8
 381:../lufa-LUFA-111009/LUFA/Drivers/USB/Core/AVR8/../AVR8/Endpoint_AVR8.h **** 			 *
 382:../lufa-LUFA-111009/LUFA/Drivers/USB/Core/AVR8/../AVR8/Endpoint_AVR8.h **** 			 *  \return Total number of busy banks in the selected endpoint.
 383:../lufa-LUFA-111009/LUFA/Drivers/USB/Core/AVR8/../AVR8/Endpoint_AVR8.h **** 			 */
 384:../lufa-LUFA-111009/LUFA/Drivers/USB/Core/AVR8/../AVR8/Endpoint_AVR8.h **** 			static inline uint8_t Endpoint_GetBusyBanks(void) ATTR_ALWAYS_INLINE ATTR_WARN_UNUSED_RESULT;
 385:../lufa-LUFA-111009/LUFA/Drivers/USB/Core/AVR8/../AVR8/Endpoint_AVR8.h **** 			static inline uint8_t Endpoint_GetBusyBanks(void)
 386:../lufa-LUFA-111009/LUFA/Drivers/USB/Core/AVR8/../AVR8/Endpoint_AVR8.h **** 			{
 387:../lufa-LUFA-111009/LUFA/Drivers/USB/Core/AVR8/../AVR8/Endpoint_AVR8.h **** 				return (UESTA0X & (0x03 << NBUSYBK0));
 388:../lufa-LUFA-111009/LUFA/Drivers/USB/Core/AVR8/../AVR8/Endpoint_AVR8.h **** 			}
 389:../lufa-LUFA-111009/LUFA/Drivers/USB/Core/AVR8/../AVR8/Endpoint_AVR8.h **** 
 390:../lufa-LUFA-111009/LUFA/Drivers/USB/Core/AVR8/../AVR8/Endpoint_AVR8.h **** 			/** Aborts all pending IN transactions on the currently selected endpoint, once the bank
 391:../lufa-LUFA-111009/LUFA/Drivers/USB/Core/AVR8/../AVR8/Endpoint_AVR8.h **** 			 *  has been queued for transmission to the host via \ref Endpoint_ClearIN(). This function
 392:../lufa-LUFA-111009/LUFA/Drivers/USB/Core/AVR8/../AVR8/Endpoint_AVR8.h **** 			 *  will terminate all queued transactions, resetting the endpoint banks ready for a new
 393:../lufa-LUFA-111009/LUFA/Drivers/USB/Core/AVR8/../AVR8/Endpoint_AVR8.h **** 			 *  packet.
 394:../lufa-LUFA-111009/LUFA/Drivers/USB/Core/AVR8/../AVR8/Endpoint_AVR8.h **** 			 *
 395:../lufa-LUFA-111009/LUFA/Drivers/USB/Core/AVR8/../AVR8/Endpoint_AVR8.h **** 			 *  \ingroup Group_EndpointPacketManagement_AVR8
 396:../lufa-LUFA-111009/LUFA/Drivers/USB/Core/AVR8/../AVR8/Endpoint_AVR8.h **** 			 */
 397:../lufa-LUFA-111009/LUFA/Drivers/USB/Core/AVR8/../AVR8/Endpoint_AVR8.h **** 			static inline void Endpoint_AbortPendingIN(void)
 398:../lufa-LUFA-111009/LUFA/Drivers/USB/Core/AVR8/../AVR8/Endpoint_AVR8.h **** 			{
 399:../lufa-LUFA-111009/LUFA/Drivers/USB/Core/AVR8/../AVR8/Endpoint_AVR8.h **** 				while (Endpoint_GetBusyBanks() != 0)
 400:../lufa-LUFA-111009/LUFA/Drivers/USB/Core/AVR8/../AVR8/Endpoint_AVR8.h **** 				{
 401:../lufa-LUFA-111009/LUFA/Drivers/USB/Core/AVR8/../AVR8/Endpoint_AVR8.h **** 					UEINTX |= (1 << RXOUTI);
 402:../lufa-LUFA-111009/LUFA/Drivers/USB/Core/AVR8/../AVR8/Endpoint_AVR8.h **** 					while (UEINTX & (1 << RXOUTI));
 403:../lufa-LUFA-111009/LUFA/Drivers/USB/Core/AVR8/../AVR8/Endpoint_AVR8.h **** 				}
 404:../lufa-LUFA-111009/LUFA/Drivers/USB/Core/AVR8/../AVR8/Endpoint_AVR8.h **** 			}
 405:../lufa-LUFA-111009/LUFA/Drivers/USB/Core/AVR8/../AVR8/Endpoint_AVR8.h **** 
 406:../lufa-LUFA-111009/LUFA/Drivers/USB/Core/AVR8/../AVR8/Endpoint_AVR8.h **** 			/** Determines if the currently selected endpoint may be read from (if data is waiting in the en
 407:../lufa-LUFA-111009/LUFA/Drivers/USB/Core/AVR8/../AVR8/Endpoint_AVR8.h **** 			 *  bank and the endpoint is an OUT direction, or if the bank is not yet full if the endpoint is
 408:../lufa-LUFA-111009/LUFA/Drivers/USB/Core/AVR8/../AVR8/Endpoint_AVR8.h **** 			 *  direction). This function will return false if an error has occurred in the endpoint, if the
 409:../lufa-LUFA-111009/LUFA/Drivers/USB/Core/AVR8/../AVR8/Endpoint_AVR8.h **** 			 *  is an OUT direction and no packet (or an empty packet) has been received, or if the endpoint
 410:../lufa-LUFA-111009/LUFA/Drivers/USB/Core/AVR8/../AVR8/Endpoint_AVR8.h **** 			 *  direction and the endpoint bank is full.
 411:../lufa-LUFA-111009/LUFA/Drivers/USB/Core/AVR8/../AVR8/Endpoint_AVR8.h **** 			 *
 412:../lufa-LUFA-111009/LUFA/Drivers/USB/Core/AVR8/../AVR8/Endpoint_AVR8.h **** 			 *  \ingroup Group_EndpointPacketManagement_AVR8
 413:../lufa-LUFA-111009/LUFA/Drivers/USB/Core/AVR8/../AVR8/Endpoint_AVR8.h **** 			 *
 414:../lufa-LUFA-111009/LUFA/Drivers/USB/Core/AVR8/../AVR8/Endpoint_AVR8.h **** 			 *  \return Boolean \c true if the currently selected endpoint may be read from or written to, d
 415:../lufa-LUFA-111009/LUFA/Drivers/USB/Core/AVR8/../AVR8/Endpoint_AVR8.h **** 			 *          on its direction.
 416:../lufa-LUFA-111009/LUFA/Drivers/USB/Core/AVR8/../AVR8/Endpoint_AVR8.h **** 			 */
 417:../lufa-LUFA-111009/LUFA/Drivers/USB/Core/AVR8/../AVR8/Endpoint_AVR8.h **** 			static inline bool Endpoint_IsReadWriteAllowed(void) ATTR_WARN_UNUSED_RESULT ATTR_ALWAYS_INLINE;
 418:../lufa-LUFA-111009/LUFA/Drivers/USB/Core/AVR8/../AVR8/Endpoint_AVR8.h **** 			static inline bool Endpoint_IsReadWriteAllowed(void)
 419:../lufa-LUFA-111009/LUFA/Drivers/USB/Core/AVR8/../AVR8/Endpoint_AVR8.h **** 			{
 420:../lufa-LUFA-111009/LUFA/Drivers/USB/Core/AVR8/../AVR8/Endpoint_AVR8.h **** 				return ((UEINTX & (1 << RWAL)) ? true : false);
 421:../lufa-LUFA-111009/LUFA/Drivers/USB/Core/AVR8/../AVR8/Endpoint_AVR8.h **** 			}
 422:../lufa-LUFA-111009/LUFA/Drivers/USB/Core/AVR8/../AVR8/Endpoint_AVR8.h **** 
 423:../lufa-LUFA-111009/LUFA/Drivers/USB/Core/AVR8/../AVR8/Endpoint_AVR8.h **** 			/** Determines if the currently selected endpoint is configured.
 424:../lufa-LUFA-111009/LUFA/Drivers/USB/Core/AVR8/../AVR8/Endpoint_AVR8.h **** 			 *
 425:../lufa-LUFA-111009/LUFA/Drivers/USB/Core/AVR8/../AVR8/Endpoint_AVR8.h **** 			 *  \return Boolean \c true if the currently selected endpoint has been configured, \c false oth
 426:../lufa-LUFA-111009/LUFA/Drivers/USB/Core/AVR8/../AVR8/Endpoint_AVR8.h **** 			 */
 427:../lufa-LUFA-111009/LUFA/Drivers/USB/Core/AVR8/../AVR8/Endpoint_AVR8.h **** 			static inline bool Endpoint_IsConfigured(void) ATTR_WARN_UNUSED_RESULT ATTR_ALWAYS_INLINE;
 428:../lufa-LUFA-111009/LUFA/Drivers/USB/Core/AVR8/../AVR8/Endpoint_AVR8.h **** 			static inline bool Endpoint_IsConfigured(void)
 429:../lufa-LUFA-111009/LUFA/Drivers/USB/Core/AVR8/../AVR8/Endpoint_AVR8.h **** 			{
 430:../lufa-LUFA-111009/LUFA/Drivers/USB/Core/AVR8/../AVR8/Endpoint_AVR8.h **** 				return ((UESTA0X & (1 << CFGOK)) ? true : false);
 431:../lufa-LUFA-111009/LUFA/Drivers/USB/Core/AVR8/../AVR8/Endpoint_AVR8.h **** 			}
 432:../lufa-LUFA-111009/LUFA/Drivers/USB/Core/AVR8/../AVR8/Endpoint_AVR8.h **** 
 433:../lufa-LUFA-111009/LUFA/Drivers/USB/Core/AVR8/../AVR8/Endpoint_AVR8.h **** 			/** Returns a mask indicating which INTERRUPT type endpoints have interrupted - i.e. their
 434:../lufa-LUFA-111009/LUFA/Drivers/USB/Core/AVR8/../AVR8/Endpoint_AVR8.h **** 			 *  interrupt duration has elapsed. Which endpoints have interrupted can be determined by
 435:../lufa-LUFA-111009/LUFA/Drivers/USB/Core/AVR8/../AVR8/Endpoint_AVR8.h **** 			 *  masking the return value against <tt>(1 << <i>{Endpoint Number}</i>)</tt>.
 436:../lufa-LUFA-111009/LUFA/Drivers/USB/Core/AVR8/../AVR8/Endpoint_AVR8.h **** 			 *
 437:../lufa-LUFA-111009/LUFA/Drivers/USB/Core/AVR8/../AVR8/Endpoint_AVR8.h **** 			 *  \return Mask whose bits indicate which endpoints have interrupted.
 438:../lufa-LUFA-111009/LUFA/Drivers/USB/Core/AVR8/../AVR8/Endpoint_AVR8.h **** 			 */
 439:../lufa-LUFA-111009/LUFA/Drivers/USB/Core/AVR8/../AVR8/Endpoint_AVR8.h **** 			static inline uint8_t Endpoint_GetEndpointInterrupts(void) ATTR_WARN_UNUSED_RESULT ATTR_ALWAYS_I
 440:../lufa-LUFA-111009/LUFA/Drivers/USB/Core/AVR8/../AVR8/Endpoint_AVR8.h **** 			static inline uint8_t Endpoint_GetEndpointInterrupts(void)
 441:../lufa-LUFA-111009/LUFA/Drivers/USB/Core/AVR8/../AVR8/Endpoint_AVR8.h **** 			{
 442:../lufa-LUFA-111009/LUFA/Drivers/USB/Core/AVR8/../AVR8/Endpoint_AVR8.h **** 				return UEINT;
 443:../lufa-LUFA-111009/LUFA/Drivers/USB/Core/AVR8/../AVR8/Endpoint_AVR8.h **** 			}
 444:../lufa-LUFA-111009/LUFA/Drivers/USB/Core/AVR8/../AVR8/Endpoint_AVR8.h **** 
 445:../lufa-LUFA-111009/LUFA/Drivers/USB/Core/AVR8/../AVR8/Endpoint_AVR8.h **** 			/** Determines if the specified endpoint number has interrupted (valid only for INTERRUPT type
 446:../lufa-LUFA-111009/LUFA/Drivers/USB/Core/AVR8/../AVR8/Endpoint_AVR8.h **** 			 *  endpoints).
 447:../lufa-LUFA-111009/LUFA/Drivers/USB/Core/AVR8/../AVR8/Endpoint_AVR8.h **** 			 *
 448:../lufa-LUFA-111009/LUFA/Drivers/USB/Core/AVR8/../AVR8/Endpoint_AVR8.h **** 			 *  \param[in] EndpointNumber  Index of the endpoint whose interrupt flag should be tested.
 449:../lufa-LUFA-111009/LUFA/Drivers/USB/Core/AVR8/../AVR8/Endpoint_AVR8.h **** 			 *
 450:../lufa-LUFA-111009/LUFA/Drivers/USB/Core/AVR8/../AVR8/Endpoint_AVR8.h **** 			 *  \return Boolean \c true if the specified endpoint has interrupted, \c false otherwise.
 451:../lufa-LUFA-111009/LUFA/Drivers/USB/Core/AVR8/../AVR8/Endpoint_AVR8.h **** 			 */
 452:../lufa-LUFA-111009/LUFA/Drivers/USB/Core/AVR8/../AVR8/Endpoint_AVR8.h **** 			static inline bool Endpoint_HasEndpointInterrupted(const uint8_t EndpointNumber) ATTR_WARN_UNUSE
 453:../lufa-LUFA-111009/LUFA/Drivers/USB/Core/AVR8/../AVR8/Endpoint_AVR8.h **** 			static inline bool Endpoint_HasEndpointInterrupted(const uint8_t EndpointNumber)
 454:../lufa-LUFA-111009/LUFA/Drivers/USB/Core/AVR8/../AVR8/Endpoint_AVR8.h **** 			{
 455:../lufa-LUFA-111009/LUFA/Drivers/USB/Core/AVR8/../AVR8/Endpoint_AVR8.h **** 				return ((Endpoint_GetEndpointInterrupts() & (1 << EndpointNumber)) ? true : false);
 456:../lufa-LUFA-111009/LUFA/Drivers/USB/Core/AVR8/../AVR8/Endpoint_AVR8.h **** 			}
 457:../lufa-LUFA-111009/LUFA/Drivers/USB/Core/AVR8/../AVR8/Endpoint_AVR8.h **** 
 458:../lufa-LUFA-111009/LUFA/Drivers/USB/Core/AVR8/../AVR8/Endpoint_AVR8.h **** 			/** Determines if the selected IN endpoint is ready for a new packet to be sent to the host.
 459:../lufa-LUFA-111009/LUFA/Drivers/USB/Core/AVR8/../AVR8/Endpoint_AVR8.h **** 			 *
 460:../lufa-LUFA-111009/LUFA/Drivers/USB/Core/AVR8/../AVR8/Endpoint_AVR8.h **** 			 *  \ingroup Group_EndpointPacketManagement_AVR8
 461:../lufa-LUFA-111009/LUFA/Drivers/USB/Core/AVR8/../AVR8/Endpoint_AVR8.h **** 			 *
 462:../lufa-LUFA-111009/LUFA/Drivers/USB/Core/AVR8/../AVR8/Endpoint_AVR8.h **** 			 *  \return Boolean \c true if the current endpoint is ready for an IN packet, \c false otherwis
 463:../lufa-LUFA-111009/LUFA/Drivers/USB/Core/AVR8/../AVR8/Endpoint_AVR8.h **** 			 */
 464:../lufa-LUFA-111009/LUFA/Drivers/USB/Core/AVR8/../AVR8/Endpoint_AVR8.h **** 			static inline bool Endpoint_IsINReady(void) ATTR_WARN_UNUSED_RESULT ATTR_ALWAYS_INLINE;
 465:../lufa-LUFA-111009/LUFA/Drivers/USB/Core/AVR8/../AVR8/Endpoint_AVR8.h **** 			static inline bool Endpoint_IsINReady(void)
 466:../lufa-LUFA-111009/LUFA/Drivers/USB/Core/AVR8/../AVR8/Endpoint_AVR8.h **** 			{
 467:../lufa-LUFA-111009/LUFA/Drivers/USB/Core/AVR8/../AVR8/Endpoint_AVR8.h **** 				return ((UEINTX & (1 << TXINI)) ? true : false);
 468:../lufa-LUFA-111009/LUFA/Drivers/USB/Core/AVR8/../AVR8/Endpoint_AVR8.h **** 			}
 469:../lufa-LUFA-111009/LUFA/Drivers/USB/Core/AVR8/../AVR8/Endpoint_AVR8.h **** 
 470:../lufa-LUFA-111009/LUFA/Drivers/USB/Core/AVR8/../AVR8/Endpoint_AVR8.h **** 			/** Determines if the selected OUT endpoint has received new packet from the host.
 471:../lufa-LUFA-111009/LUFA/Drivers/USB/Core/AVR8/../AVR8/Endpoint_AVR8.h **** 			 *
 472:../lufa-LUFA-111009/LUFA/Drivers/USB/Core/AVR8/../AVR8/Endpoint_AVR8.h **** 			 *  \ingroup Group_EndpointPacketManagement_AVR8
 473:../lufa-LUFA-111009/LUFA/Drivers/USB/Core/AVR8/../AVR8/Endpoint_AVR8.h **** 			 *
 474:../lufa-LUFA-111009/LUFA/Drivers/USB/Core/AVR8/../AVR8/Endpoint_AVR8.h **** 			 *  \return Boolean \c true if current endpoint is has received an OUT packet, \c false otherwis
 475:../lufa-LUFA-111009/LUFA/Drivers/USB/Core/AVR8/../AVR8/Endpoint_AVR8.h **** 			 */
 476:../lufa-LUFA-111009/LUFA/Drivers/USB/Core/AVR8/../AVR8/Endpoint_AVR8.h **** 			static inline bool Endpoint_IsOUTReceived(void) ATTR_WARN_UNUSED_RESULT ATTR_ALWAYS_INLINE;
 477:../lufa-LUFA-111009/LUFA/Drivers/USB/Core/AVR8/../AVR8/Endpoint_AVR8.h **** 			static inline bool Endpoint_IsOUTReceived(void)
 478:../lufa-LUFA-111009/LUFA/Drivers/USB/Core/AVR8/../AVR8/Endpoint_AVR8.h **** 			{
 479:../lufa-LUFA-111009/LUFA/Drivers/USB/Core/AVR8/../AVR8/Endpoint_AVR8.h **** 				return ((UEINTX & (1 << RXOUTI)) ? true : false);
 480:../lufa-LUFA-111009/LUFA/Drivers/USB/Core/AVR8/../AVR8/Endpoint_AVR8.h **** 			}
 481:../lufa-LUFA-111009/LUFA/Drivers/USB/Core/AVR8/../AVR8/Endpoint_AVR8.h **** 
 482:../lufa-LUFA-111009/LUFA/Drivers/USB/Core/AVR8/../AVR8/Endpoint_AVR8.h **** 			/** Determines if the current CONTROL type endpoint has received a SETUP packet.
 483:../lufa-LUFA-111009/LUFA/Drivers/USB/Core/AVR8/../AVR8/Endpoint_AVR8.h **** 			 *
 484:../lufa-LUFA-111009/LUFA/Drivers/USB/Core/AVR8/../AVR8/Endpoint_AVR8.h **** 			 *  \ingroup Group_EndpointPacketManagement_AVR8
 485:../lufa-LUFA-111009/LUFA/Drivers/USB/Core/AVR8/../AVR8/Endpoint_AVR8.h **** 			 *
 486:../lufa-LUFA-111009/LUFA/Drivers/USB/Core/AVR8/../AVR8/Endpoint_AVR8.h **** 			 *  \return Boolean \c true if the selected endpoint has received a SETUP packet, \c false other
 487:../lufa-LUFA-111009/LUFA/Drivers/USB/Core/AVR8/../AVR8/Endpoint_AVR8.h **** 			 */
 488:../lufa-LUFA-111009/LUFA/Drivers/USB/Core/AVR8/../AVR8/Endpoint_AVR8.h **** 			static inline bool Endpoint_IsSETUPReceived(void) ATTR_WARN_UNUSED_RESULT ATTR_ALWAYS_INLINE;
 489:../lufa-LUFA-111009/LUFA/Drivers/USB/Core/AVR8/../AVR8/Endpoint_AVR8.h **** 			static inline bool Endpoint_IsSETUPReceived(void)
 490:../lufa-LUFA-111009/LUFA/Drivers/USB/Core/AVR8/../AVR8/Endpoint_AVR8.h **** 			{
 491:../lufa-LUFA-111009/LUFA/Drivers/USB/Core/AVR8/../AVR8/Endpoint_AVR8.h **** 				return ((UEINTX & (1 << RXSTPI)) ? true : false);
 492:../lufa-LUFA-111009/LUFA/Drivers/USB/Core/AVR8/../AVR8/Endpoint_AVR8.h **** 			}
 493:../lufa-LUFA-111009/LUFA/Drivers/USB/Core/AVR8/../AVR8/Endpoint_AVR8.h **** 
 494:../lufa-LUFA-111009/LUFA/Drivers/USB/Core/AVR8/../AVR8/Endpoint_AVR8.h **** 			/** Clears a received SETUP packet on the currently selected CONTROL type endpoint, freeing up t
 495:../lufa-LUFA-111009/LUFA/Drivers/USB/Core/AVR8/../AVR8/Endpoint_AVR8.h **** 			 *  endpoint for the next packet.
 496:../lufa-LUFA-111009/LUFA/Drivers/USB/Core/AVR8/../AVR8/Endpoint_AVR8.h **** 			 *
 497:../lufa-LUFA-111009/LUFA/Drivers/USB/Core/AVR8/../AVR8/Endpoint_AVR8.h **** 			 *  \ingroup Group_EndpointPacketManagement_AVR8
 498:../lufa-LUFA-111009/LUFA/Drivers/USB/Core/AVR8/../AVR8/Endpoint_AVR8.h **** 			 *
 499:../lufa-LUFA-111009/LUFA/Drivers/USB/Core/AVR8/../AVR8/Endpoint_AVR8.h **** 			 *  \note This is not applicable for non CONTROL type endpoints.
 500:../lufa-LUFA-111009/LUFA/Drivers/USB/Core/AVR8/../AVR8/Endpoint_AVR8.h **** 			 */
 501:../lufa-LUFA-111009/LUFA/Drivers/USB/Core/AVR8/../AVR8/Endpoint_AVR8.h **** 			static inline void Endpoint_ClearSETUP(void) ATTR_ALWAYS_INLINE;
 502:../lufa-LUFA-111009/LUFA/Drivers/USB/Core/AVR8/../AVR8/Endpoint_AVR8.h **** 			static inline void Endpoint_ClearSETUP(void)
 503:../lufa-LUFA-111009/LUFA/Drivers/USB/Core/AVR8/../AVR8/Endpoint_AVR8.h **** 			{
 504:../lufa-LUFA-111009/LUFA/Drivers/USB/Core/AVR8/../AVR8/Endpoint_AVR8.h **** 				UEINTX &= ~(1 << RXSTPI);
 505:../lufa-LUFA-111009/LUFA/Drivers/USB/Core/AVR8/../AVR8/Endpoint_AVR8.h **** 			}
 506:../lufa-LUFA-111009/LUFA/Drivers/USB/Core/AVR8/../AVR8/Endpoint_AVR8.h **** 
 507:../lufa-LUFA-111009/LUFA/Drivers/USB/Core/AVR8/../AVR8/Endpoint_AVR8.h **** 			/** Sends an IN packet to the host on the currently selected endpoint, freeing up the endpoint f
 508:../lufa-LUFA-111009/LUFA/Drivers/USB/Core/AVR8/../AVR8/Endpoint_AVR8.h **** 			 *  next packet and switching to the alternative endpoint bank if double banked.
 509:../lufa-LUFA-111009/LUFA/Drivers/USB/Core/AVR8/../AVR8/Endpoint_AVR8.h **** 			 *
 510:../lufa-LUFA-111009/LUFA/Drivers/USB/Core/AVR8/../AVR8/Endpoint_AVR8.h **** 			 *  \ingroup Group_EndpointPacketManagement_AVR8
 511:../lufa-LUFA-111009/LUFA/Drivers/USB/Core/AVR8/../AVR8/Endpoint_AVR8.h **** 			 */
 512:../lufa-LUFA-111009/LUFA/Drivers/USB/Core/AVR8/../AVR8/Endpoint_AVR8.h **** 			static inline void Endpoint_ClearIN(void) ATTR_ALWAYS_INLINE;
 513:../lufa-LUFA-111009/LUFA/Drivers/USB/Core/AVR8/../AVR8/Endpoint_AVR8.h **** 			static inline void Endpoint_ClearIN(void)
 514:../lufa-LUFA-111009/LUFA/Drivers/USB/Core/AVR8/../AVR8/Endpoint_AVR8.h **** 			{
 515:../lufa-LUFA-111009/LUFA/Drivers/USB/Core/AVR8/../AVR8/Endpoint_AVR8.h **** 				#if !defined(CONTROL_ONLY_DEVICE)
 516:../lufa-LUFA-111009/LUFA/Drivers/USB/Core/AVR8/../AVR8/Endpoint_AVR8.h **** 					UEINTX &= ~((1 << TXINI) | (1 << FIFOCON));
 517:../lufa-LUFA-111009/LUFA/Drivers/USB/Core/AVR8/../AVR8/Endpoint_AVR8.h **** 				#else
 518:../lufa-LUFA-111009/LUFA/Drivers/USB/Core/AVR8/../AVR8/Endpoint_AVR8.h **** 					UEINTX &= ~(1 << TXINI);
 519:../lufa-LUFA-111009/LUFA/Drivers/USB/Core/AVR8/../AVR8/Endpoint_AVR8.h **** 				#endif
 520:../lufa-LUFA-111009/LUFA/Drivers/USB/Core/AVR8/../AVR8/Endpoint_AVR8.h **** 			}
 521:../lufa-LUFA-111009/LUFA/Drivers/USB/Core/AVR8/../AVR8/Endpoint_AVR8.h **** 
 522:../lufa-LUFA-111009/LUFA/Drivers/USB/Core/AVR8/../AVR8/Endpoint_AVR8.h **** 			/** Acknowledges an OUT packet to the host on the currently selected endpoint, freeing up the en
 523:../lufa-LUFA-111009/LUFA/Drivers/USB/Core/AVR8/../AVR8/Endpoint_AVR8.h **** 			 *  for the next packet and switching to the alternative endpoint bank if double banked.
 524:../lufa-LUFA-111009/LUFA/Drivers/USB/Core/AVR8/../AVR8/Endpoint_AVR8.h **** 			 *
 525:../lufa-LUFA-111009/LUFA/Drivers/USB/Core/AVR8/../AVR8/Endpoint_AVR8.h **** 			 *  \ingroup Group_EndpointPacketManagement_AVR8
 526:../lufa-LUFA-111009/LUFA/Drivers/USB/Core/AVR8/../AVR8/Endpoint_AVR8.h **** 			 */
 527:../lufa-LUFA-111009/LUFA/Drivers/USB/Core/AVR8/../AVR8/Endpoint_AVR8.h **** 			static inline void Endpoint_ClearOUT(void) ATTR_ALWAYS_INLINE;
 528:../lufa-LUFA-111009/LUFA/Drivers/USB/Core/AVR8/../AVR8/Endpoint_AVR8.h **** 			static inline void Endpoint_ClearOUT(void)
 529:../lufa-LUFA-111009/LUFA/Drivers/USB/Core/AVR8/../AVR8/Endpoint_AVR8.h **** 			{
 530:../lufa-LUFA-111009/LUFA/Drivers/USB/Core/AVR8/../AVR8/Endpoint_AVR8.h **** 				#if !defined(CONTROL_ONLY_DEVICE)
 531:../lufa-LUFA-111009/LUFA/Drivers/USB/Core/AVR8/../AVR8/Endpoint_AVR8.h **** 					UEINTX &= ~((1 << RXOUTI) | (1 << FIFOCON));
 532:../lufa-LUFA-111009/LUFA/Drivers/USB/Core/AVR8/../AVR8/Endpoint_AVR8.h **** 				#else
 533:../lufa-LUFA-111009/LUFA/Drivers/USB/Core/AVR8/../AVR8/Endpoint_AVR8.h **** 					UEINTX &= ~(1 << RXOUTI);
 534:../lufa-LUFA-111009/LUFA/Drivers/USB/Core/AVR8/../AVR8/Endpoint_AVR8.h **** 				#endif
 535:../lufa-LUFA-111009/LUFA/Drivers/USB/Core/AVR8/../AVR8/Endpoint_AVR8.h **** 			}
 536:../lufa-LUFA-111009/LUFA/Drivers/USB/Core/AVR8/../AVR8/Endpoint_AVR8.h **** 
 537:../lufa-LUFA-111009/LUFA/Drivers/USB/Core/AVR8/../AVR8/Endpoint_AVR8.h **** 			/** Stalls the current endpoint, indicating to the host that a logical problem occurred with the
 538:../lufa-LUFA-111009/LUFA/Drivers/USB/Core/AVR8/../AVR8/Endpoint_AVR8.h **** 			 *  indicated endpoint and that the current transfer sequence should be aborted. This provides a
 539:../lufa-LUFA-111009/LUFA/Drivers/USB/Core/AVR8/../AVR8/Endpoint_AVR8.h **** 			 *  way for devices to indicate invalid commands to the host so that the current transfer can be
 540:../lufa-LUFA-111009/LUFA/Drivers/USB/Core/AVR8/../AVR8/Endpoint_AVR8.h **** 			 *  aborted and the host can begin its own recovery sequence.
 541:../lufa-LUFA-111009/LUFA/Drivers/USB/Core/AVR8/../AVR8/Endpoint_AVR8.h **** 			 *
 542:../lufa-LUFA-111009/LUFA/Drivers/USB/Core/AVR8/../AVR8/Endpoint_AVR8.h **** 			 *  The currently selected endpoint remains stalled until either the \ref Endpoint_ClearStall() 
 543:../lufa-LUFA-111009/LUFA/Drivers/USB/Core/AVR8/../AVR8/Endpoint_AVR8.h **** 			 *  is called, or the host issues a CLEAR FEATURE request to the device for the currently select
 544:../lufa-LUFA-111009/LUFA/Drivers/USB/Core/AVR8/../AVR8/Endpoint_AVR8.h **** 			 *  endpoint.
 545:../lufa-LUFA-111009/LUFA/Drivers/USB/Core/AVR8/../AVR8/Endpoint_AVR8.h **** 			 *
 546:../lufa-LUFA-111009/LUFA/Drivers/USB/Core/AVR8/../AVR8/Endpoint_AVR8.h **** 			 *  \ingroup Group_EndpointPacketManagement_AVR8
 547:../lufa-LUFA-111009/LUFA/Drivers/USB/Core/AVR8/../AVR8/Endpoint_AVR8.h **** 			 */
 548:../lufa-LUFA-111009/LUFA/Drivers/USB/Core/AVR8/../AVR8/Endpoint_AVR8.h **** 			static inline void Endpoint_StallTransaction(void) ATTR_ALWAYS_INLINE;
 549:../lufa-LUFA-111009/LUFA/Drivers/USB/Core/AVR8/../AVR8/Endpoint_AVR8.h **** 			static inline void Endpoint_StallTransaction(void)
 550:../lufa-LUFA-111009/LUFA/Drivers/USB/Core/AVR8/../AVR8/Endpoint_AVR8.h **** 			{
 551:../lufa-LUFA-111009/LUFA/Drivers/USB/Core/AVR8/../AVR8/Endpoint_AVR8.h **** 				UECONX |= (1 << STALLRQ);
 552:../lufa-LUFA-111009/LUFA/Drivers/USB/Core/AVR8/../AVR8/Endpoint_AVR8.h **** 			}
 553:../lufa-LUFA-111009/LUFA/Drivers/USB/Core/AVR8/../AVR8/Endpoint_AVR8.h **** 
 554:../lufa-LUFA-111009/LUFA/Drivers/USB/Core/AVR8/../AVR8/Endpoint_AVR8.h **** 			/** Clears the STALL condition on the currently selected endpoint.
 555:../lufa-LUFA-111009/LUFA/Drivers/USB/Core/AVR8/../AVR8/Endpoint_AVR8.h **** 			 *
 556:../lufa-LUFA-111009/LUFA/Drivers/USB/Core/AVR8/../AVR8/Endpoint_AVR8.h **** 			 *  \ingroup Group_EndpointPacketManagement_AVR8
 557:../lufa-LUFA-111009/LUFA/Drivers/USB/Core/AVR8/../AVR8/Endpoint_AVR8.h **** 			 */
 558:../lufa-LUFA-111009/LUFA/Drivers/USB/Core/AVR8/../AVR8/Endpoint_AVR8.h **** 			static inline void Endpoint_ClearStall(void) ATTR_ALWAYS_INLINE;
 559:../lufa-LUFA-111009/LUFA/Drivers/USB/Core/AVR8/../AVR8/Endpoint_AVR8.h **** 			static inline void Endpoint_ClearStall(void)
 560:../lufa-LUFA-111009/LUFA/Drivers/USB/Core/AVR8/../AVR8/Endpoint_AVR8.h **** 			{
 561:../lufa-LUFA-111009/LUFA/Drivers/USB/Core/AVR8/../AVR8/Endpoint_AVR8.h **** 				UECONX |= (1 << STALLRQC);
 562:../lufa-LUFA-111009/LUFA/Drivers/USB/Core/AVR8/../AVR8/Endpoint_AVR8.h **** 			}
 563:../lufa-LUFA-111009/LUFA/Drivers/USB/Core/AVR8/../AVR8/Endpoint_AVR8.h **** 
 564:../lufa-LUFA-111009/LUFA/Drivers/USB/Core/AVR8/../AVR8/Endpoint_AVR8.h **** 			/** Determines if the currently selected endpoint is stalled, false otherwise.
 565:../lufa-LUFA-111009/LUFA/Drivers/USB/Core/AVR8/../AVR8/Endpoint_AVR8.h **** 			 *
 566:../lufa-LUFA-111009/LUFA/Drivers/USB/Core/AVR8/../AVR8/Endpoint_AVR8.h **** 			 *  \ingroup Group_EndpointPacketManagement_AVR8
 567:../lufa-LUFA-111009/LUFA/Drivers/USB/Core/AVR8/../AVR8/Endpoint_AVR8.h **** 			 *
 568:../lufa-LUFA-111009/LUFA/Drivers/USB/Core/AVR8/../AVR8/Endpoint_AVR8.h **** 			 *  \return Boolean \c true if the currently selected endpoint is stalled, \c false otherwise.
 569:../lufa-LUFA-111009/LUFA/Drivers/USB/Core/AVR8/../AVR8/Endpoint_AVR8.h **** 			 */
 570:../lufa-LUFA-111009/LUFA/Drivers/USB/Core/AVR8/../AVR8/Endpoint_AVR8.h **** 			static inline bool Endpoint_IsStalled(void) ATTR_WARN_UNUSED_RESULT ATTR_ALWAYS_INLINE;
 571:../lufa-LUFA-111009/LUFA/Drivers/USB/Core/AVR8/../AVR8/Endpoint_AVR8.h **** 			static inline bool Endpoint_IsStalled(void)
 572:../lufa-LUFA-111009/LUFA/Drivers/USB/Core/AVR8/../AVR8/Endpoint_AVR8.h **** 			{
 573:../lufa-LUFA-111009/LUFA/Drivers/USB/Core/AVR8/../AVR8/Endpoint_AVR8.h **** 				return ((UECONX & (1 << STALLRQ)) ? true : false);
 574:../lufa-LUFA-111009/LUFA/Drivers/USB/Core/AVR8/../AVR8/Endpoint_AVR8.h **** 			}
 575:../lufa-LUFA-111009/LUFA/Drivers/USB/Core/AVR8/../AVR8/Endpoint_AVR8.h **** 
 576:../lufa-LUFA-111009/LUFA/Drivers/USB/Core/AVR8/../AVR8/Endpoint_AVR8.h **** 			/** Resets the data toggle of the currently selected endpoint. */
 577:../lufa-LUFA-111009/LUFA/Drivers/USB/Core/AVR8/../AVR8/Endpoint_AVR8.h **** 			static inline void Endpoint_ResetDataToggle(void) ATTR_ALWAYS_INLINE;
 578:../lufa-LUFA-111009/LUFA/Drivers/USB/Core/AVR8/../AVR8/Endpoint_AVR8.h **** 			static inline void Endpoint_ResetDataToggle(void)
 579:../lufa-LUFA-111009/LUFA/Drivers/USB/Core/AVR8/../AVR8/Endpoint_AVR8.h **** 			{
 580:../lufa-LUFA-111009/LUFA/Drivers/USB/Core/AVR8/../AVR8/Endpoint_AVR8.h **** 				UECONX |= (1 << RSTDT);
 581:../lufa-LUFA-111009/LUFA/Drivers/USB/Core/AVR8/../AVR8/Endpoint_AVR8.h **** 			}
 582:../lufa-LUFA-111009/LUFA/Drivers/USB/Core/AVR8/../AVR8/Endpoint_AVR8.h **** 
 583:../lufa-LUFA-111009/LUFA/Drivers/USB/Core/AVR8/../AVR8/Endpoint_AVR8.h **** 			/** Determines the currently selected endpoint's direction.
 584:../lufa-LUFA-111009/LUFA/Drivers/USB/Core/AVR8/../AVR8/Endpoint_AVR8.h **** 			 *
 585:../lufa-LUFA-111009/LUFA/Drivers/USB/Core/AVR8/../AVR8/Endpoint_AVR8.h **** 			 *  \return The currently selected endpoint's direction, as a \c ENDPOINT_DIR_* mask.
 586:../lufa-LUFA-111009/LUFA/Drivers/USB/Core/AVR8/../AVR8/Endpoint_AVR8.h **** 			 */
 587:../lufa-LUFA-111009/LUFA/Drivers/USB/Core/AVR8/../AVR8/Endpoint_AVR8.h **** 			static inline uint8_t Endpoint_GetEndpointDirection(void) ATTR_WARN_UNUSED_RESULT ATTR_ALWAYS_IN
 588:../lufa-LUFA-111009/LUFA/Drivers/USB/Core/AVR8/../AVR8/Endpoint_AVR8.h **** 			static inline uint8_t Endpoint_GetEndpointDirection(void)
 589:../lufa-LUFA-111009/LUFA/Drivers/USB/Core/AVR8/../AVR8/Endpoint_AVR8.h **** 			{
 590:../lufa-LUFA-111009/LUFA/Drivers/USB/Core/AVR8/../AVR8/Endpoint_AVR8.h **** 				return (UECFG0X & (1 << EPDIR)) ? ENDPOINT_DIR_IN : ENDPOINT_DIR_OUT;
 591:../lufa-LUFA-111009/LUFA/Drivers/USB/Core/AVR8/../AVR8/Endpoint_AVR8.h **** 			}
 592:../lufa-LUFA-111009/LUFA/Drivers/USB/Core/AVR8/../AVR8/Endpoint_AVR8.h **** 
 593:../lufa-LUFA-111009/LUFA/Drivers/USB/Core/AVR8/../AVR8/Endpoint_AVR8.h **** 			/** Sets the direction of the currently selected endpoint.
 594:../lufa-LUFA-111009/LUFA/Drivers/USB/Core/AVR8/../AVR8/Endpoint_AVR8.h **** 			 *
 595:../lufa-LUFA-111009/LUFA/Drivers/USB/Core/AVR8/../AVR8/Endpoint_AVR8.h **** 			 *  \param[in] DirectionMask  New endpoint direction, as a \c ENDPOINT_DIR_* mask.
 596:../lufa-LUFA-111009/LUFA/Drivers/USB/Core/AVR8/../AVR8/Endpoint_AVR8.h **** 			 */
 597:../lufa-LUFA-111009/LUFA/Drivers/USB/Core/AVR8/../AVR8/Endpoint_AVR8.h **** 			static inline void Endpoint_SetEndpointDirection(const uint8_t DirectionMask) ATTR_ALWAYS_INLINE
 598:../lufa-LUFA-111009/LUFA/Drivers/USB/Core/AVR8/../AVR8/Endpoint_AVR8.h **** 			static inline void Endpoint_SetEndpointDirection(const uint8_t DirectionMask)
 599:../lufa-LUFA-111009/LUFA/Drivers/USB/Core/AVR8/../AVR8/Endpoint_AVR8.h **** 			{
 600:../lufa-LUFA-111009/LUFA/Drivers/USB/Core/AVR8/../AVR8/Endpoint_AVR8.h **** 				UECFG0X = ((UECFG0X & ~(1 << EPDIR)) | (DirectionMask ? (1 << EPDIR) : 0));
 601:../lufa-LUFA-111009/LUFA/Drivers/USB/Core/AVR8/../AVR8/Endpoint_AVR8.h **** 			}
 602:../lufa-LUFA-111009/LUFA/Drivers/USB/Core/AVR8/../AVR8/Endpoint_AVR8.h **** 
 603:../lufa-LUFA-111009/LUFA/Drivers/USB/Core/AVR8/../AVR8/Endpoint_AVR8.h **** 			/** Reads one byte from the currently selected endpoint's bank, for OUT direction endpoints.
 604:../lufa-LUFA-111009/LUFA/Drivers/USB/Core/AVR8/../AVR8/Endpoint_AVR8.h **** 			 *
 605:../lufa-LUFA-111009/LUFA/Drivers/USB/Core/AVR8/../AVR8/Endpoint_AVR8.h **** 			 *  \ingroup Group_EndpointPrimitiveRW_AVR8
 606:../lufa-LUFA-111009/LUFA/Drivers/USB/Core/AVR8/../AVR8/Endpoint_AVR8.h **** 			 *
 607:../lufa-LUFA-111009/LUFA/Drivers/USB/Core/AVR8/../AVR8/Endpoint_AVR8.h **** 			 *  \return Next byte in the currently selected endpoint's FIFO buffer.
 608:../lufa-LUFA-111009/LUFA/Drivers/USB/Core/AVR8/../AVR8/Endpoint_AVR8.h **** 			 */
 609:../lufa-LUFA-111009/LUFA/Drivers/USB/Core/AVR8/../AVR8/Endpoint_AVR8.h **** 			static inline uint8_t Endpoint_Read_8(void) ATTR_WARN_UNUSED_RESULT ATTR_ALWAYS_INLINE;
 610:../lufa-LUFA-111009/LUFA/Drivers/USB/Core/AVR8/../AVR8/Endpoint_AVR8.h **** 			static inline uint8_t Endpoint_Read_8(void)
 611:../lufa-LUFA-111009/LUFA/Drivers/USB/Core/AVR8/../AVR8/Endpoint_AVR8.h **** 			{
 612:../lufa-LUFA-111009/LUFA/Drivers/USB/Core/AVR8/../AVR8/Endpoint_AVR8.h **** 				return UEDATX;
  56               		.loc 2 612 0 discriminator 3
  57 0016 2091 F100 		lds r18,241
  58               	.LBE150:
  59               	.LBE149:
  51:../lufa-LUFA-111009/LUFA/Drivers/USB/Core/DeviceStandardReq.c **** 	#if defined(ARCH_BIG_ENDIAN)
  52:../lufa-LUFA-111009/LUFA/Drivers/USB/Core/DeviceStandardReq.c **** 	USB_ControlRequest.bmRequestType = Endpoint_Read_8();
  53:../lufa-LUFA-111009/LUFA/Drivers/USB/Core/DeviceStandardReq.c **** 	USB_ControlRequest.bRequest      = Endpoint_Read_8();
  54:../lufa-LUFA-111009/LUFA/Drivers/USB/Core/DeviceStandardReq.c **** 	USB_ControlRequest.wValue        = Endpoint_Read_16_LE();
  55:../lufa-LUFA-111009/LUFA/Drivers/USB/Core/DeviceStandardReq.c **** 	USB_ControlRequest.wIndex        = Endpoint_Read_16_LE();
  56:../lufa-LUFA-111009/LUFA/Drivers/USB/Core/DeviceStandardReq.c **** 	USB_ControlRequest.wLength       = Endpoint_Read_16_LE();
  57:../lufa-LUFA-111009/LUFA/Drivers/USB/Core/DeviceStandardReq.c **** 	#else
  58:../lufa-LUFA-111009/LUFA/Drivers/USB/Core/DeviceStandardReq.c **** 	uint8_t* RequestHeader = (uint8_t*)&USB_ControlRequest;
  59:../lufa-LUFA-111009/LUFA/Drivers/USB/Core/DeviceStandardReq.c **** 
  60:../lufa-LUFA-111009/LUFA/Drivers/USB/Core/DeviceStandardReq.c **** 	for (uint8_t RequestHeaderByte = 0; RequestHeaderByte < sizeof(USB_Request_Header_t); RequestHeade
  61:../lufa-LUFA-111009/LUFA/Drivers/USB/Core/DeviceStandardReq.c **** 	  *(RequestHeader++) = Endpoint_Read_8();
  60               		.loc 1 61 0 discriminator 3
  61 001a 2193      		st Z+,r18
  62               	.LVL2:
  60:../lufa-LUFA-111009/LUFA/Drivers/USB/Core/DeviceStandardReq.c **** 	  *(RequestHeader++) = Endpoint_Read_8();
  63               		.loc 1 60 0 discriminator 3
  64 001c 8E17      		cp r24,r30
  65 001e 9F07      		cpc r25,r31
  66 0020 01F4      		brne .L2
  67               	.LBE148:
  62:../lufa-LUFA-111009/LUFA/Drivers/USB/Core/DeviceStandardReq.c **** 	#endif
  63:../lufa-LUFA-111009/LUFA/Drivers/USB/Core/DeviceStandardReq.c **** 
  64:../lufa-LUFA-111009/LUFA/Drivers/USB/Core/DeviceStandardReq.c **** 	EVENT_USB_Device_ControlRequest();
  68               		.loc 1 64 0
  69 0022 0E94 0000 		call EVENT_USB_Device_ControlRequest
  70               	.LVL3:
  71               	.LBB151:
  72               	.LBB152:
 491:../lufa-LUFA-111009/LUFA/Drivers/USB/Core/AVR8/../AVR8/Endpoint_AVR8.h **** 			}
  73               		.loc 2 491 0
  74 0026 8091 E800 		lds r24,232
  75               	.LBE152:
  76               	.LBE151:
  65:../lufa-LUFA-111009/LUFA/Drivers/USB/Core/DeviceStandardReq.c **** 
  66:../lufa-LUFA-111009/LUFA/Drivers/USB/Core/DeviceStandardReq.c **** 	if (Endpoint_IsSETUPReceived())
  77               		.loc 1 66 0
  78 002a 83FF      		sbrs r24,3
  79 002c 00C0      		rjmp .L3
  80               	.LBB153:
  67:../lufa-LUFA-111009/LUFA/Drivers/USB/Core/DeviceStandardReq.c **** 	{
  68:../lufa-LUFA-111009/LUFA/Drivers/USB/Core/DeviceStandardReq.c **** 		uint8_t bmRequestType = USB_ControlRequest.bmRequestType;
  81               		.loc 1 68 0
  82 002e 8091 0000 		lds r24,USB_ControlRequest
  83               	.LVL4:
  69:../lufa-LUFA-111009/LUFA/Drivers/USB/Core/DeviceStandardReq.c **** 
  70:../lufa-LUFA-111009/LUFA/Drivers/USB/Core/DeviceStandardReq.c **** 		switch (USB_ControlRequest.bRequest)
  84               		.loc 1 70 0
  85 0032 9091 0000 		lds r25,USB_ControlRequest+1
  86 0036 492F      		mov r20,r25
  87 0038 50E0      		ldi r21,0
  88 003a 4A30      		cpi r20,10
  89 003c 5105      		cpc r21,__zero_reg__
  90 003e 00F0      		brlo .+2
  91 0040 00C0      		rjmp .L3
  92 0042 FA01      		movw r30,r20
  93 0044 E050      		subi r30,lo8(-(gs(.L5)))
  94 0046 F040      		sbci r31,hi8(-(gs(.L5)))
  95 0048 0C94 0000 		jmp __tablejump2__
  96               		.section	.progmem.gcc_sw_table.USB_Device_ProcessControlRequest,"a",@progbits
  97               		.p2align	1
  98               	.L5:
  99 0000 0000      		.word gs(.L4)
 100 0002 0000      		.word gs(.L6)
 101 0004 0000      		.word gs(.L3)
 102 0006 0000      		.word gs(.L6)
 103 0008 0000      		.word gs(.L3)
 104 000a 0000      		.word gs(.L7)
 105 000c 0000      		.word gs(.L8)
 106 000e 0000      		.word gs(.L3)
 107 0010 0000      		.word gs(.L9)
 108 0012 0000      		.word gs(.L10)
 109               		.section	.text.USB_Device_ProcessControlRequest
 110               	.L4:
  71:../lufa-LUFA-111009/LUFA/Drivers/USB/Core/DeviceStandardReq.c **** 		{
  72:../lufa-LUFA-111009/LUFA/Drivers/USB/Core/DeviceStandardReq.c **** 			case REQ_GetStatus:
  73:../lufa-LUFA-111009/LUFA/Drivers/USB/Core/DeviceStandardReq.c **** 				if ((bmRequestType == (REQDIR_DEVICETOHOST | REQTYPE_STANDARD | REQREC_DEVICE)) ||
 111               		.loc 1 73 0
 112 004c 8238      		cpi r24,lo8(-126)
 113 004e 01F0      		breq .+2
 114 0050 00C0      		rjmp .L3
 115               	.LVL5:
 116               	.LBB154:
 117               	.LBB155:
  74:../lufa-LUFA-111009/LUFA/Drivers/USB/Core/DeviceStandardReq.c **** 					(bmRequestType == (REQDIR_DEVICETOHOST | REQTYPE_STANDARD | REQREC_ENDPOINT)))
  75:../lufa-LUFA-111009/LUFA/Drivers/USB/Core/DeviceStandardReq.c **** 				{
  76:../lufa-LUFA-111009/LUFA/Drivers/USB/Core/DeviceStandardReq.c **** 					USB_Device_GetStatus();
  77:../lufa-LUFA-111009/LUFA/Drivers/USB/Core/DeviceStandardReq.c **** 				}
  78:../lufa-LUFA-111009/LUFA/Drivers/USB/Core/DeviceStandardReq.c **** 
  79:../lufa-LUFA-111009/LUFA/Drivers/USB/Core/DeviceStandardReq.c **** 				break;
  80:../lufa-LUFA-111009/LUFA/Drivers/USB/Core/DeviceStandardReq.c **** 			case REQ_ClearFeature:
  81:../lufa-LUFA-111009/LUFA/Drivers/USB/Core/DeviceStandardReq.c **** 			case REQ_SetFeature:
  82:../lufa-LUFA-111009/LUFA/Drivers/USB/Core/DeviceStandardReq.c **** 				if ((bmRequestType == (REQDIR_HOSTTODEVICE | REQTYPE_STANDARD | REQREC_DEVICE)) ||
  83:../lufa-LUFA-111009/LUFA/Drivers/USB/Core/DeviceStandardReq.c **** 					(bmRequestType == (REQDIR_HOSTTODEVICE | REQTYPE_STANDARD | REQREC_ENDPOINT)))
  84:../lufa-LUFA-111009/LUFA/Drivers/USB/Core/DeviceStandardReq.c **** 				{
  85:../lufa-LUFA-111009/LUFA/Drivers/USB/Core/DeviceStandardReq.c **** 					USB_Device_ClearSetFeature();
  86:../lufa-LUFA-111009/LUFA/Drivers/USB/Core/DeviceStandardReq.c **** 				}
  87:../lufa-LUFA-111009/LUFA/Drivers/USB/Core/DeviceStandardReq.c **** 
  88:../lufa-LUFA-111009/LUFA/Drivers/USB/Core/DeviceStandardReq.c **** 				break;
  89:../lufa-LUFA-111009/LUFA/Drivers/USB/Core/DeviceStandardReq.c **** 			case REQ_SetAddress:
  90:../lufa-LUFA-111009/LUFA/Drivers/USB/Core/DeviceStandardReq.c **** 				if (bmRequestType == (REQDIR_HOSTTODEVICE | REQTYPE_STANDARD | REQREC_DEVICE))
  91:../lufa-LUFA-111009/LUFA/Drivers/USB/Core/DeviceStandardReq.c **** 				  USB_Device_SetAddress();
  92:../lufa-LUFA-111009/LUFA/Drivers/USB/Core/DeviceStandardReq.c **** 
  93:../lufa-LUFA-111009/LUFA/Drivers/USB/Core/DeviceStandardReq.c **** 				break;
  94:../lufa-LUFA-111009/LUFA/Drivers/USB/Core/DeviceStandardReq.c **** 			case REQ_GetDescriptor:
  95:../lufa-LUFA-111009/LUFA/Drivers/USB/Core/DeviceStandardReq.c **** 				if ((bmRequestType == (REQDIR_DEVICETOHOST | REQTYPE_STANDARD | REQREC_DEVICE)) ||
  96:../lufa-LUFA-111009/LUFA/Drivers/USB/Core/DeviceStandardReq.c **** 					(bmRequestType == (REQDIR_DEVICETOHOST | REQTYPE_STANDARD | REQREC_INTERFACE)))
  97:../lufa-LUFA-111009/LUFA/Drivers/USB/Core/DeviceStandardReq.c **** 				{
  98:../lufa-LUFA-111009/LUFA/Drivers/USB/Core/DeviceStandardReq.c **** 					USB_Device_GetDescriptor();
  99:../lufa-LUFA-111009/LUFA/Drivers/USB/Core/DeviceStandardReq.c **** 				}
 100:../lufa-LUFA-111009/LUFA/Drivers/USB/Core/DeviceStandardReq.c **** 
 101:../lufa-LUFA-111009/LUFA/Drivers/USB/Core/DeviceStandardReq.c **** 				break;
 102:../lufa-LUFA-111009/LUFA/Drivers/USB/Core/DeviceStandardReq.c **** 			case REQ_GetConfiguration:
 103:../lufa-LUFA-111009/LUFA/Drivers/USB/Core/DeviceStandardReq.c **** 				if (bmRequestType == (REQDIR_DEVICETOHOST | REQTYPE_STANDARD | REQREC_DEVICE))
 104:../lufa-LUFA-111009/LUFA/Drivers/USB/Core/DeviceStandardReq.c **** 				  USB_Device_GetConfiguration();
 105:../lufa-LUFA-111009/LUFA/Drivers/USB/Core/DeviceStandardReq.c **** 
 106:../lufa-LUFA-111009/LUFA/Drivers/USB/Core/DeviceStandardReq.c **** 				break;
 107:../lufa-LUFA-111009/LUFA/Drivers/USB/Core/DeviceStandardReq.c **** 			case REQ_SetConfiguration:
 108:../lufa-LUFA-111009/LUFA/Drivers/USB/Core/DeviceStandardReq.c **** 				if (bmRequestType == (REQDIR_HOSTTODEVICE | REQTYPE_STANDARD | REQREC_DEVICE))
 109:../lufa-LUFA-111009/LUFA/Drivers/USB/Core/DeviceStandardReq.c **** 				  USB_Device_SetConfiguration();
 110:../lufa-LUFA-111009/LUFA/Drivers/USB/Core/DeviceStandardReq.c **** 
 111:../lufa-LUFA-111009/LUFA/Drivers/USB/Core/DeviceStandardReq.c **** 				break;
 112:../lufa-LUFA-111009/LUFA/Drivers/USB/Core/DeviceStandardReq.c **** 		}
 113:../lufa-LUFA-111009/LUFA/Drivers/USB/Core/DeviceStandardReq.c **** 	}
 114:../lufa-LUFA-111009/LUFA/Drivers/USB/Core/DeviceStandardReq.c **** 
 115:../lufa-LUFA-111009/LUFA/Drivers/USB/Core/DeviceStandardReq.c **** 	if (Endpoint_IsSETUPReceived())
 116:../lufa-LUFA-111009/LUFA/Drivers/USB/Core/DeviceStandardReq.c **** 	{
 117:../lufa-LUFA-111009/LUFA/Drivers/USB/Core/DeviceStandardReq.c **** 		Endpoint_StallTransaction();
 118:../lufa-LUFA-111009/LUFA/Drivers/USB/Core/DeviceStandardReq.c **** 		Endpoint_ClearSETUP();
 119:../lufa-LUFA-111009/LUFA/Drivers/USB/Core/DeviceStandardReq.c **** 	}
 120:../lufa-LUFA-111009/LUFA/Drivers/USB/Core/DeviceStandardReq.c **** }
 121:../lufa-LUFA-111009/LUFA/Drivers/USB/Core/DeviceStandardReq.c **** 
 122:../lufa-LUFA-111009/LUFA/Drivers/USB/Core/DeviceStandardReq.c **** static void USB_Device_SetAddress(void)
 123:../lufa-LUFA-111009/LUFA/Drivers/USB/Core/DeviceStandardReq.c **** {
 124:../lufa-LUFA-111009/LUFA/Drivers/USB/Core/DeviceStandardReq.c **** 	uint8_t    DeviceAddress    = (USB_ControlRequest.wValue & 0x7F);
 125:../lufa-LUFA-111009/LUFA/Drivers/USB/Core/DeviceStandardReq.c **** 	uint_reg_t CurrentGlobalInt = GetGlobalInterruptMask();
 126:../lufa-LUFA-111009/LUFA/Drivers/USB/Core/DeviceStandardReq.c **** 	GlobalInterruptDisable();
 127:../lufa-LUFA-111009/LUFA/Drivers/USB/Core/DeviceStandardReq.c **** 				
 128:../lufa-LUFA-111009/LUFA/Drivers/USB/Core/DeviceStandardReq.c **** 	Endpoint_ClearSETUP();
 129:../lufa-LUFA-111009/LUFA/Drivers/USB/Core/DeviceStandardReq.c **** 
 130:../lufa-LUFA-111009/LUFA/Drivers/USB/Core/DeviceStandardReq.c **** 	Endpoint_ClearStatusStage();
 131:../lufa-LUFA-111009/LUFA/Drivers/USB/Core/DeviceStandardReq.c **** 
 132:../lufa-LUFA-111009/LUFA/Drivers/USB/Core/DeviceStandardReq.c **** 	while (!(Endpoint_IsINReady()));
 133:../lufa-LUFA-111009/LUFA/Drivers/USB/Core/DeviceStandardReq.c **** 
 134:../lufa-LUFA-111009/LUFA/Drivers/USB/Core/DeviceStandardReq.c **** 	USB_Device_SetDeviceAddress(DeviceAddress);
 135:../lufa-LUFA-111009/LUFA/Drivers/USB/Core/DeviceStandardReq.c **** 	USB_DeviceState = (DeviceAddress) ? DEVICE_STATE_Addressed : DEVICE_STATE_Default;
 136:../lufa-LUFA-111009/LUFA/Drivers/USB/Core/DeviceStandardReq.c **** 	
 137:../lufa-LUFA-111009/LUFA/Drivers/USB/Core/DeviceStandardReq.c **** 	SetGlobalInterruptMask(CurrentGlobalInt);
 138:../lufa-LUFA-111009/LUFA/Drivers/USB/Core/DeviceStandardReq.c **** }
 139:../lufa-LUFA-111009/LUFA/Drivers/USB/Core/DeviceStandardReq.c **** 
 140:../lufa-LUFA-111009/LUFA/Drivers/USB/Core/DeviceStandardReq.c **** static void USB_Device_SetConfiguration(void)
 141:../lufa-LUFA-111009/LUFA/Drivers/USB/Core/DeviceStandardReq.c **** {
 142:../lufa-LUFA-111009/LUFA/Drivers/USB/Core/DeviceStandardReq.c **** 	#if defined(FIXED_NUM_CONFIGURATIONS)
 143:../lufa-LUFA-111009/LUFA/Drivers/USB/Core/DeviceStandardReq.c **** 	if ((uint8_t)USB_ControlRequest.wValue > FIXED_NUM_CONFIGURATIONS)
 144:../lufa-LUFA-111009/LUFA/Drivers/USB/Core/DeviceStandardReq.c **** 	  return;
 145:../lufa-LUFA-111009/LUFA/Drivers/USB/Core/DeviceStandardReq.c **** 	#else
 146:../lufa-LUFA-111009/LUFA/Drivers/USB/Core/DeviceStandardReq.c **** 	USB_Descriptor_Device_t* DevDescriptorPtr;
 147:../lufa-LUFA-111009/LUFA/Drivers/USB/Core/DeviceStandardReq.c **** 
 148:../lufa-LUFA-111009/LUFA/Drivers/USB/Core/DeviceStandardReq.c **** 	#if defined(ARCH_HAS_MULTI_ADDRESS_SPACE)
 149:../lufa-LUFA-111009/LUFA/Drivers/USB/Core/DeviceStandardReq.c **** 		#if defined(USE_FLASH_DESCRIPTORS)
 150:../lufa-LUFA-111009/LUFA/Drivers/USB/Core/DeviceStandardReq.c **** 			#define MemoryAddressSpace  MEMSPACE_FLASH
 151:../lufa-LUFA-111009/LUFA/Drivers/USB/Core/DeviceStandardReq.c **** 		#elif defined(USE_EEPROM_DESCRIPTORS)
 152:../lufa-LUFA-111009/LUFA/Drivers/USB/Core/DeviceStandardReq.c **** 			#define MemoryAddressSpace  MEMSPACE_EEPROM
 153:../lufa-LUFA-111009/LUFA/Drivers/USB/Core/DeviceStandardReq.c **** 		#elif defined(USE_SRAM_DESCRIPTORS)
 154:../lufa-LUFA-111009/LUFA/Drivers/USB/Core/DeviceStandardReq.c **** 			#define MemoryAddressSpace  MEMSPACE_SRAM
 155:../lufa-LUFA-111009/LUFA/Drivers/USB/Core/DeviceStandardReq.c **** 		#else
 156:../lufa-LUFA-111009/LUFA/Drivers/USB/Core/DeviceStandardReq.c **** 			uint8_t MemoryAddressSpace;
 157:../lufa-LUFA-111009/LUFA/Drivers/USB/Core/DeviceStandardReq.c **** 		#endif
 158:../lufa-LUFA-111009/LUFA/Drivers/USB/Core/DeviceStandardReq.c **** 	#endif
 159:../lufa-LUFA-111009/LUFA/Drivers/USB/Core/DeviceStandardReq.c **** 	
 160:../lufa-LUFA-111009/LUFA/Drivers/USB/Core/DeviceStandardReq.c **** 	if (CALLBACK_USB_GetDescriptor((DTYPE_Device << 8), 0, (void*)&DevDescriptorPtr
 161:../lufa-LUFA-111009/LUFA/Drivers/USB/Core/DeviceStandardReq.c **** 	#if defined(ARCH_HAS_MULTI_ADDRESS_SPACE) && \
 162:../lufa-LUFA-111009/LUFA/Drivers/USB/Core/DeviceStandardReq.c **** 	    !(defined(USE_FLASH_DESCRIPTORS) || defined(USE_EEPROM_DESCRIPTORS) || defined(USE_RAM_DESCRIP
 163:../lufa-LUFA-111009/LUFA/Drivers/USB/Core/DeviceStandardReq.c **** 	                               , &MemoryAddressSpace
 164:../lufa-LUFA-111009/LUFA/Drivers/USB/Core/DeviceStandardReq.c **** 	#endif
 165:../lufa-LUFA-111009/LUFA/Drivers/USB/Core/DeviceStandardReq.c **** 	                               ) == NO_DESCRIPTOR)
 166:../lufa-LUFA-111009/LUFA/Drivers/USB/Core/DeviceStandardReq.c **** 	{
 167:../lufa-LUFA-111009/LUFA/Drivers/USB/Core/DeviceStandardReq.c **** 		return;
 168:../lufa-LUFA-111009/LUFA/Drivers/USB/Core/DeviceStandardReq.c **** 	}
 169:../lufa-LUFA-111009/LUFA/Drivers/USB/Core/DeviceStandardReq.c **** 
 170:../lufa-LUFA-111009/LUFA/Drivers/USB/Core/DeviceStandardReq.c **** 	#if defined(ARCH_HAS_MULTI_ADDRESS_SPACE)
 171:../lufa-LUFA-111009/LUFA/Drivers/USB/Core/DeviceStandardReq.c **** 	if (MemoryAddressSpace == MEMSPACE_FLASH)
 172:../lufa-LUFA-111009/LUFA/Drivers/USB/Core/DeviceStandardReq.c **** 	{
 173:../lufa-LUFA-111009/LUFA/Drivers/USB/Core/DeviceStandardReq.c **** 		if (((uint8_t)USB_ControlRequest.wValue > pgm_read_byte(&DevDescriptorPtr->NumberOfConfigurations
 174:../lufa-LUFA-111009/LUFA/Drivers/USB/Core/DeviceStandardReq.c **** 		  return;
 175:../lufa-LUFA-111009/LUFA/Drivers/USB/Core/DeviceStandardReq.c **** 	}
 176:../lufa-LUFA-111009/LUFA/Drivers/USB/Core/DeviceStandardReq.c **** 	else if (MemoryAddressSpace == MEMSPACE_EEPROM)
 177:../lufa-LUFA-111009/LUFA/Drivers/USB/Core/DeviceStandardReq.c **** 	{
 178:../lufa-LUFA-111009/LUFA/Drivers/USB/Core/DeviceStandardReq.c **** 		if (((uint8_t)USB_ControlRequest.wValue > eeprom_read_byte(&DevDescriptorPtr->NumberOfConfigurati
 179:../lufa-LUFA-111009/LUFA/Drivers/USB/Core/DeviceStandardReq.c **** 		  return;
 180:../lufa-LUFA-111009/LUFA/Drivers/USB/Core/DeviceStandardReq.c **** 	}
 181:../lufa-LUFA-111009/LUFA/Drivers/USB/Core/DeviceStandardReq.c **** 	else
 182:../lufa-LUFA-111009/LUFA/Drivers/USB/Core/DeviceStandardReq.c **** 	{
 183:../lufa-LUFA-111009/LUFA/Drivers/USB/Core/DeviceStandardReq.c **** 		if ((uint8_t)USB_ControlRequest.wValue > DevDescriptorPtr->NumberOfConfigurations)
 184:../lufa-LUFA-111009/LUFA/Drivers/USB/Core/DeviceStandardReq.c **** 		  return;
 185:../lufa-LUFA-111009/LUFA/Drivers/USB/Core/DeviceStandardReq.c **** 	}
 186:../lufa-LUFA-111009/LUFA/Drivers/USB/Core/DeviceStandardReq.c **** 	#else
 187:../lufa-LUFA-111009/LUFA/Drivers/USB/Core/DeviceStandardReq.c **** 	if ((uint8_t)USB_ControlRequest.wValue > DevDescriptorPtr->NumberOfConfigurations)
 188:../lufa-LUFA-111009/LUFA/Drivers/USB/Core/DeviceStandardReq.c **** 	  return;	
 189:../lufa-LUFA-111009/LUFA/Drivers/USB/Core/DeviceStandardReq.c **** 	#endif
 190:../lufa-LUFA-111009/LUFA/Drivers/USB/Core/DeviceStandardReq.c **** 	#endif
 191:../lufa-LUFA-111009/LUFA/Drivers/USB/Core/DeviceStandardReq.c **** 
 192:../lufa-LUFA-111009/LUFA/Drivers/USB/Core/DeviceStandardReq.c **** 	Endpoint_ClearSETUP();
 193:../lufa-LUFA-111009/LUFA/Drivers/USB/Core/DeviceStandardReq.c **** 
 194:../lufa-LUFA-111009/LUFA/Drivers/USB/Core/DeviceStandardReq.c **** 	USB_Device_ConfigurationNumber = (uint8_t)USB_ControlRequest.wValue;
 195:../lufa-LUFA-111009/LUFA/Drivers/USB/Core/DeviceStandardReq.c **** 
 196:../lufa-LUFA-111009/LUFA/Drivers/USB/Core/DeviceStandardReq.c **** 	Endpoint_ClearStatusStage();
 197:../lufa-LUFA-111009/LUFA/Drivers/USB/Core/DeviceStandardReq.c **** 
 198:../lufa-LUFA-111009/LUFA/Drivers/USB/Core/DeviceStandardReq.c **** 	if (USB_Device_ConfigurationNumber)
 199:../lufa-LUFA-111009/LUFA/Drivers/USB/Core/DeviceStandardReq.c **** 	  USB_DeviceState = DEVICE_STATE_Configured;
 200:../lufa-LUFA-111009/LUFA/Drivers/USB/Core/DeviceStandardReq.c **** 	else
 201:../lufa-LUFA-111009/LUFA/Drivers/USB/Core/DeviceStandardReq.c **** 	  USB_DeviceState = (USB_Device_IsAddressSet()) ? DEVICE_STATE_Configured : DEVICE_STATE_Powered;
 202:../lufa-LUFA-111009/LUFA/Drivers/USB/Core/DeviceStandardReq.c **** 
 203:../lufa-LUFA-111009/LUFA/Drivers/USB/Core/DeviceStandardReq.c **** 	EVENT_USB_Device_ConfigurationChanged();
 204:../lufa-LUFA-111009/LUFA/Drivers/USB/Core/DeviceStandardReq.c **** }
 205:../lufa-LUFA-111009/LUFA/Drivers/USB/Core/DeviceStandardReq.c **** 
 206:../lufa-LUFA-111009/LUFA/Drivers/USB/Core/DeviceStandardReq.c **** static void USB_Device_GetConfiguration(void)
 207:../lufa-LUFA-111009/LUFA/Drivers/USB/Core/DeviceStandardReq.c **** {
 208:../lufa-LUFA-111009/LUFA/Drivers/USB/Core/DeviceStandardReq.c **** 	Endpoint_ClearSETUP();
 209:../lufa-LUFA-111009/LUFA/Drivers/USB/Core/DeviceStandardReq.c **** 
 210:../lufa-LUFA-111009/LUFA/Drivers/USB/Core/DeviceStandardReq.c **** 	Endpoint_Write_8(USB_Device_ConfigurationNumber);
 211:../lufa-LUFA-111009/LUFA/Drivers/USB/Core/DeviceStandardReq.c **** 	Endpoint_ClearIN();
 212:../lufa-LUFA-111009/LUFA/Drivers/USB/Core/DeviceStandardReq.c **** 
 213:../lufa-LUFA-111009/LUFA/Drivers/USB/Core/DeviceStandardReq.c **** 	Endpoint_ClearStatusStage();
 214:../lufa-LUFA-111009/LUFA/Drivers/USB/Core/DeviceStandardReq.c **** }
 215:../lufa-LUFA-111009/LUFA/Drivers/USB/Core/DeviceStandardReq.c **** 
 216:../lufa-LUFA-111009/LUFA/Drivers/USB/Core/DeviceStandardReq.c **** #if !defined(NO_INTERNAL_SERIAL) && (USE_INTERNAL_SERIAL != NO_DESCRIPTOR)
 217:../lufa-LUFA-111009/LUFA/Drivers/USB/Core/DeviceStandardReq.c **** static void USB_Device_GetInternalSerialDescriptor(void)
 218:../lufa-LUFA-111009/LUFA/Drivers/USB/Core/DeviceStandardReq.c **** {
 219:../lufa-LUFA-111009/LUFA/Drivers/USB/Core/DeviceStandardReq.c **** 	struct
 220:../lufa-LUFA-111009/LUFA/Drivers/USB/Core/DeviceStandardReq.c **** 	{
 221:../lufa-LUFA-111009/LUFA/Drivers/USB/Core/DeviceStandardReq.c **** 		USB_Descriptor_Header_t Header;
 222:../lufa-LUFA-111009/LUFA/Drivers/USB/Core/DeviceStandardReq.c **** 		uint16_t                UnicodeString[INTERNAL_SERIAL_LENGTH_BITS / 4];
 223:../lufa-LUFA-111009/LUFA/Drivers/USB/Core/DeviceStandardReq.c **** 	} SignatureDescriptor;
 224:../lufa-LUFA-111009/LUFA/Drivers/USB/Core/DeviceStandardReq.c **** 
 225:../lufa-LUFA-111009/LUFA/Drivers/USB/Core/DeviceStandardReq.c **** 	SignatureDescriptor.Header.Type = DTYPE_String;
 226:../lufa-LUFA-111009/LUFA/Drivers/USB/Core/DeviceStandardReq.c **** 	SignatureDescriptor.Header.Size = USB_STRING_LEN(INTERNAL_SERIAL_LENGTH_BITS / 4);
 227:../lufa-LUFA-111009/LUFA/Drivers/USB/Core/DeviceStandardReq.c **** 	
 228:../lufa-LUFA-111009/LUFA/Drivers/USB/Core/DeviceStandardReq.c **** 	USB_Device_GetSerialString(SignatureDescriptor.UnicodeString);
 229:../lufa-LUFA-111009/LUFA/Drivers/USB/Core/DeviceStandardReq.c **** 
 230:../lufa-LUFA-111009/LUFA/Drivers/USB/Core/DeviceStandardReq.c **** 	Endpoint_ClearSETUP();
 231:../lufa-LUFA-111009/LUFA/Drivers/USB/Core/DeviceStandardReq.c **** 
 232:../lufa-LUFA-111009/LUFA/Drivers/USB/Core/DeviceStandardReq.c **** 	Endpoint_Write_Control_Stream_LE(&SignatureDescriptor, sizeof(SignatureDescriptor));
 233:../lufa-LUFA-111009/LUFA/Drivers/USB/Core/DeviceStandardReq.c **** 	Endpoint_ClearOUT();
 234:../lufa-LUFA-111009/LUFA/Drivers/USB/Core/DeviceStandardReq.c **** }
 235:../lufa-LUFA-111009/LUFA/Drivers/USB/Core/DeviceStandardReq.c **** #endif
 236:../lufa-LUFA-111009/LUFA/Drivers/USB/Core/DeviceStandardReq.c **** 
 237:../lufa-LUFA-111009/LUFA/Drivers/USB/Core/DeviceStandardReq.c **** static void USB_Device_GetDescriptor(void)
 238:../lufa-LUFA-111009/LUFA/Drivers/USB/Core/DeviceStandardReq.c **** {
 239:../lufa-LUFA-111009/LUFA/Drivers/USB/Core/DeviceStandardReq.c **** 	const void* DescriptorPointer;
 240:../lufa-LUFA-111009/LUFA/Drivers/USB/Core/DeviceStandardReq.c **** 	uint16_t    DescriptorSize;
 241:../lufa-LUFA-111009/LUFA/Drivers/USB/Core/DeviceStandardReq.c **** 
 242:../lufa-LUFA-111009/LUFA/Drivers/USB/Core/DeviceStandardReq.c **** 	#if defined(ARCH_HAS_MULTI_ADDRESS_SPACE) && \
 243:../lufa-LUFA-111009/LUFA/Drivers/USB/Core/DeviceStandardReq.c **** 	    !(defined(USE_FLASH_DESCRIPTORS) || defined(USE_EEPROM_DESCRIPTORS) || defined(USE_RAM_DESCRIP
 244:../lufa-LUFA-111009/LUFA/Drivers/USB/Core/DeviceStandardReq.c **** 	uint8_t DescriptorAddressSpace;
 245:../lufa-LUFA-111009/LUFA/Drivers/USB/Core/DeviceStandardReq.c **** 	#endif
 246:../lufa-LUFA-111009/LUFA/Drivers/USB/Core/DeviceStandardReq.c **** 
 247:../lufa-LUFA-111009/LUFA/Drivers/USB/Core/DeviceStandardReq.c **** 	#if !defined(NO_INTERNAL_SERIAL) && (USE_INTERNAL_SERIAL != NO_DESCRIPTOR)
 248:../lufa-LUFA-111009/LUFA/Drivers/USB/Core/DeviceStandardReq.c **** 	if (USB_ControlRequest.wValue == ((DTYPE_String << 8) | USE_INTERNAL_SERIAL))
 249:../lufa-LUFA-111009/LUFA/Drivers/USB/Core/DeviceStandardReq.c **** 	{
 250:../lufa-LUFA-111009/LUFA/Drivers/USB/Core/DeviceStandardReq.c **** 		USB_Device_GetInternalSerialDescriptor();
 251:../lufa-LUFA-111009/LUFA/Drivers/USB/Core/DeviceStandardReq.c **** 		return;
 252:../lufa-LUFA-111009/LUFA/Drivers/USB/Core/DeviceStandardReq.c **** 	}
 253:../lufa-LUFA-111009/LUFA/Drivers/USB/Core/DeviceStandardReq.c **** 	#endif
 254:../lufa-LUFA-111009/LUFA/Drivers/USB/Core/DeviceStandardReq.c **** 
 255:../lufa-LUFA-111009/LUFA/Drivers/USB/Core/DeviceStandardReq.c **** 	if ((DescriptorSize = CALLBACK_USB_GetDescriptor(USB_ControlRequest.wValue, USB_ControlRequest.wIn
 256:../lufa-LUFA-111009/LUFA/Drivers/USB/Core/DeviceStandardReq.c **** 	                                                 &DescriptorPointer
 257:../lufa-LUFA-111009/LUFA/Drivers/USB/Core/DeviceStandardReq.c **** 	#if defined(ARCH_HAS_MULTI_ADDRESS_SPACE) && \
 258:../lufa-LUFA-111009/LUFA/Drivers/USB/Core/DeviceStandardReq.c **** 	    !(defined(USE_FLASH_DESCRIPTORS) || defined(USE_EEPROM_DESCRIPTORS) || defined(USE_RAM_DESCRIP
 259:../lufa-LUFA-111009/LUFA/Drivers/USB/Core/DeviceStandardReq.c **** 	                                                 , &DescriptorAddressSpace
 260:../lufa-LUFA-111009/LUFA/Drivers/USB/Core/DeviceStandardReq.c **** 	#endif
 261:../lufa-LUFA-111009/LUFA/Drivers/USB/Core/DeviceStandardReq.c **** 													 )) == NO_DESCRIPTOR)
 262:../lufa-LUFA-111009/LUFA/Drivers/USB/Core/DeviceStandardReq.c **** 	{
 263:../lufa-LUFA-111009/LUFA/Drivers/USB/Core/DeviceStandardReq.c **** 		return;
 264:../lufa-LUFA-111009/LUFA/Drivers/USB/Core/DeviceStandardReq.c **** 	}
 265:../lufa-LUFA-111009/LUFA/Drivers/USB/Core/DeviceStandardReq.c **** 
 266:../lufa-LUFA-111009/LUFA/Drivers/USB/Core/DeviceStandardReq.c **** 	Endpoint_ClearSETUP();
 267:../lufa-LUFA-111009/LUFA/Drivers/USB/Core/DeviceStandardReq.c **** 
 268:../lufa-LUFA-111009/LUFA/Drivers/USB/Core/DeviceStandardReq.c **** 	#if defined(USE_RAM_DESCRIPTORS) || !defined(ARCH_HAS_MULTI_ADDRESS_SPACE)
 269:../lufa-LUFA-111009/LUFA/Drivers/USB/Core/DeviceStandardReq.c **** 	Endpoint_Write_Control_Stream_LE(DescriptorPointer, DescriptorSize);
 270:../lufa-LUFA-111009/LUFA/Drivers/USB/Core/DeviceStandardReq.c **** 	#elif defined(USE_EEPROM_DESCRIPTORS)
 271:../lufa-LUFA-111009/LUFA/Drivers/USB/Core/DeviceStandardReq.c **** 	Endpoint_Write_Control_EStream_LE(DescriptorPointer, DescriptorSize);
 272:../lufa-LUFA-111009/LUFA/Drivers/USB/Core/DeviceStandardReq.c **** 	#elif defined(USE_FLASH_DESCRIPTORS)
 273:../lufa-LUFA-111009/LUFA/Drivers/USB/Core/DeviceStandardReq.c **** 	Endpoint_Write_Control_PStream_LE(DescriptorPointer, DescriptorSize);
 274:../lufa-LUFA-111009/LUFA/Drivers/USB/Core/DeviceStandardReq.c **** 	#else
 275:../lufa-LUFA-111009/LUFA/Drivers/USB/Core/DeviceStandardReq.c **** 	if (DescriptorAddressSpace == MEMSPACE_FLASH)
 276:../lufa-LUFA-111009/LUFA/Drivers/USB/Core/DeviceStandardReq.c **** 	  Endpoint_Write_Control_PStream_LE(DescriptorPointer, DescriptorSize);
 277:../lufa-LUFA-111009/LUFA/Drivers/USB/Core/DeviceStandardReq.c **** 	else if (DescriptorAddressSpace == MEMSPACE_EEPROM)
 278:../lufa-LUFA-111009/LUFA/Drivers/USB/Core/DeviceStandardReq.c **** 	  Endpoint_Write_Control_EStream_LE(DescriptorPointer, DescriptorSize);
 279:../lufa-LUFA-111009/LUFA/Drivers/USB/Core/DeviceStandardReq.c **** 	else
 280:../lufa-LUFA-111009/LUFA/Drivers/USB/Core/DeviceStandardReq.c **** 	  Endpoint_Write_Control_Stream_LE(DescriptorPointer, DescriptorSize);
 281:../lufa-LUFA-111009/LUFA/Drivers/USB/Core/DeviceStandardReq.c **** 	#endif
 282:../lufa-LUFA-111009/LUFA/Drivers/USB/Core/DeviceStandardReq.c **** 
 283:../lufa-LUFA-111009/LUFA/Drivers/USB/Core/DeviceStandardReq.c **** 	Endpoint_ClearOUT();
 284:../lufa-LUFA-111009/LUFA/Drivers/USB/Core/DeviceStandardReq.c **** }
 285:../lufa-LUFA-111009/LUFA/Drivers/USB/Core/DeviceStandardReq.c **** 
 286:../lufa-LUFA-111009/LUFA/Drivers/USB/Core/DeviceStandardReq.c **** static void USB_Device_GetStatus(void)
 287:../lufa-LUFA-111009/LUFA/Drivers/USB/Core/DeviceStandardReq.c **** {
 288:../lufa-LUFA-111009/LUFA/Drivers/USB/Core/DeviceStandardReq.c **** 	uint8_t CurrentStatus = 0;
 289:../lufa-LUFA-111009/LUFA/Drivers/USB/Core/DeviceStandardReq.c **** 
 290:../lufa-LUFA-111009/LUFA/Drivers/USB/Core/DeviceStandardReq.c **** 	switch (USB_ControlRequest.bmRequestType)
 291:../lufa-LUFA-111009/LUFA/Drivers/USB/Core/DeviceStandardReq.c **** 	{
 292:../lufa-LUFA-111009/LUFA/Drivers/USB/Core/DeviceStandardReq.c **** 		#if !defined(NO_DEVICE_SELF_POWER) || !defined(NO_DEVICE_REMOTE_WAKEUP)
 293:../lufa-LUFA-111009/LUFA/Drivers/USB/Core/DeviceStandardReq.c **** 		case (REQDIR_DEVICETOHOST | REQTYPE_STANDARD | REQREC_DEVICE):
 294:../lufa-LUFA-111009/LUFA/Drivers/USB/Core/DeviceStandardReq.c **** 			#if !defined(NO_DEVICE_SELF_POWER)
 295:../lufa-LUFA-111009/LUFA/Drivers/USB/Core/DeviceStandardReq.c **** 			if (USB_Device_CurrentlySelfPowered)
 296:../lufa-LUFA-111009/LUFA/Drivers/USB/Core/DeviceStandardReq.c **** 			  CurrentStatus |= FEATURE_SELFPOWERED_ENABLED;
 297:../lufa-LUFA-111009/LUFA/Drivers/USB/Core/DeviceStandardReq.c **** 			#endif
 298:../lufa-LUFA-111009/LUFA/Drivers/USB/Core/DeviceStandardReq.c **** 
 299:../lufa-LUFA-111009/LUFA/Drivers/USB/Core/DeviceStandardReq.c **** 			#if !defined(NO_DEVICE_REMOTE_WAKEUP)
 300:../lufa-LUFA-111009/LUFA/Drivers/USB/Core/DeviceStandardReq.c **** 			if (USB_Device_RemoteWakeupEnabled)
 301:../lufa-LUFA-111009/LUFA/Drivers/USB/Core/DeviceStandardReq.c **** 			  CurrentStatus |= FEATURE_REMOTE_WAKEUP_ENABLED;
 302:../lufa-LUFA-111009/LUFA/Drivers/USB/Core/DeviceStandardReq.c **** 			#endif
 303:../lufa-LUFA-111009/LUFA/Drivers/USB/Core/DeviceStandardReq.c **** 			break;
 304:../lufa-LUFA-111009/LUFA/Drivers/USB/Core/DeviceStandardReq.c **** 		#endif
 305:../lufa-LUFA-111009/LUFA/Drivers/USB/Core/DeviceStandardReq.c **** 		#if !defined(CONTROL_ONLY_DEVICE)
 306:../lufa-LUFA-111009/LUFA/Drivers/USB/Core/DeviceStandardReq.c **** 		case (REQDIR_DEVICETOHOST | REQTYPE_STANDARD | REQREC_ENDPOINT):
 307:../lufa-LUFA-111009/LUFA/Drivers/USB/Core/DeviceStandardReq.c **** 			Endpoint_SelectEndpoint((uint8_t)USB_ControlRequest.wIndex & ENDPOINT_EPNUM_MASK);
 118               		.loc 1 307 0
 119 0052 8091 0000 		lds r24,USB_ControlRequest+4
 120               	.LVL6:
 121 0056 8770      		andi r24,lo8(7)
 122               	.LVL7:
 123               	.LBB156:
 124               	.LBB157:
 330:../lufa-LUFA-111009/LUFA/Drivers/USB/Core/AVR8/../AVR8/Endpoint_AVR8.h **** 				#endif
 125               		.loc 2 330 0
 126 0058 8093 E900 		sts 233,r24
 127               	.LVL8:
 128               	.LBE157:
 129               	.LBE156:
 130               	.LBB158:
 131               	.LBB159:
 573:../lufa-LUFA-111009/LUFA/Drivers/USB/Core/AVR8/../AVR8/Endpoint_AVR8.h **** 			}
 132               		.loc 2 573 0
 133 005c 8091 EB00 		lds r24,235
 134               	.LVL9:
 135               	.LBE159:
 136               	.LBE158:
 137               	.LBB160:
 138               	.LBB161:
 330:../lufa-LUFA-111009/LUFA/Drivers/USB/Core/AVR8/../AVR8/Endpoint_AVR8.h **** 				#endif
 139               		.loc 2 330 0
 140 0060 1092 E900 		sts 233,__zero_reg__
 141               	.LVL10:
 142               	.LBE161:
 143               	.LBE160:
 144               	.LBB162:
 145               	.LBB163:
 504:../lufa-LUFA-111009/LUFA/Drivers/USB/Core/AVR8/../AVR8/Endpoint_AVR8.h **** 			}
 146               		.loc 2 504 0
 147 0064 9091 E800 		lds r25,232
 148 0068 977F      		andi r25,lo8(-9)
 149 006a 9093 E800 		sts 232,r25
 150               	.LVL11:
 151               	.LBE163:
 152               	.LBE162:
 153               	.LBB164:
 154               	.LBB165:
 613:../lufa-LUFA-111009/LUFA/Drivers/USB/Core/AVR8/../AVR8/Endpoint_AVR8.h **** 			}
 614:../lufa-LUFA-111009/LUFA/Drivers/USB/Core/AVR8/../AVR8/Endpoint_AVR8.h **** 
 615:../lufa-LUFA-111009/LUFA/Drivers/USB/Core/AVR8/../AVR8/Endpoint_AVR8.h **** 			/** Writes one byte to the currently selected endpoint's bank, for IN direction endpoints.
 616:../lufa-LUFA-111009/LUFA/Drivers/USB/Core/AVR8/../AVR8/Endpoint_AVR8.h **** 			 *
 617:../lufa-LUFA-111009/LUFA/Drivers/USB/Core/AVR8/../AVR8/Endpoint_AVR8.h **** 			 *  \ingroup Group_EndpointPrimitiveRW_AVR8
 618:../lufa-LUFA-111009/LUFA/Drivers/USB/Core/AVR8/../AVR8/Endpoint_AVR8.h **** 			 *
 619:../lufa-LUFA-111009/LUFA/Drivers/USB/Core/AVR8/../AVR8/Endpoint_AVR8.h **** 			 *  \param[in] Data  Data to write into the the currently selected endpoint's FIFO buffer.
 620:../lufa-LUFA-111009/LUFA/Drivers/USB/Core/AVR8/../AVR8/Endpoint_AVR8.h **** 			 */
 621:../lufa-LUFA-111009/LUFA/Drivers/USB/Core/AVR8/../AVR8/Endpoint_AVR8.h **** 			static inline void Endpoint_Write_8(const uint8_t Data) ATTR_ALWAYS_INLINE;
 622:../lufa-LUFA-111009/LUFA/Drivers/USB/Core/AVR8/../AVR8/Endpoint_AVR8.h **** 			static inline void Endpoint_Write_8(const uint8_t Data)
 623:../lufa-LUFA-111009/LUFA/Drivers/USB/Core/AVR8/../AVR8/Endpoint_AVR8.h **** 			{
 624:../lufa-LUFA-111009/LUFA/Drivers/USB/Core/AVR8/../AVR8/Endpoint_AVR8.h **** 				UEDATX = Data;
 625:../lufa-LUFA-111009/LUFA/Drivers/USB/Core/AVR8/../AVR8/Endpoint_AVR8.h **** 			}
 626:../lufa-LUFA-111009/LUFA/Drivers/USB/Core/AVR8/../AVR8/Endpoint_AVR8.h **** 
 627:../lufa-LUFA-111009/LUFA/Drivers/USB/Core/AVR8/../AVR8/Endpoint_AVR8.h **** 			/** Discards one byte from the currently selected endpoint's bank, for OUT direction endpoints.
 628:../lufa-LUFA-111009/LUFA/Drivers/USB/Core/AVR8/../AVR8/Endpoint_AVR8.h **** 			 *
 629:../lufa-LUFA-111009/LUFA/Drivers/USB/Core/AVR8/../AVR8/Endpoint_AVR8.h **** 			 *  \ingroup Group_EndpointPrimitiveRW_AVR8
 630:../lufa-LUFA-111009/LUFA/Drivers/USB/Core/AVR8/../AVR8/Endpoint_AVR8.h **** 			 */
 631:../lufa-LUFA-111009/LUFA/Drivers/USB/Core/AVR8/../AVR8/Endpoint_AVR8.h **** 			static inline void Endpoint_Discard_8(void) ATTR_ALWAYS_INLINE;
 632:../lufa-LUFA-111009/LUFA/Drivers/USB/Core/AVR8/../AVR8/Endpoint_AVR8.h **** 			static inline void Endpoint_Discard_8(void)
 633:../lufa-LUFA-111009/LUFA/Drivers/USB/Core/AVR8/../AVR8/Endpoint_AVR8.h **** 			{
 634:../lufa-LUFA-111009/LUFA/Drivers/USB/Core/AVR8/../AVR8/Endpoint_AVR8.h **** 				uint8_t Dummy;
 635:../lufa-LUFA-111009/LUFA/Drivers/USB/Core/AVR8/../AVR8/Endpoint_AVR8.h **** 
 636:../lufa-LUFA-111009/LUFA/Drivers/USB/Core/AVR8/../AVR8/Endpoint_AVR8.h **** 				Dummy = UEDATX;
 637:../lufa-LUFA-111009/LUFA/Drivers/USB/Core/AVR8/../AVR8/Endpoint_AVR8.h **** 
 638:../lufa-LUFA-111009/LUFA/Drivers/USB/Core/AVR8/../AVR8/Endpoint_AVR8.h **** 				(void)Dummy;
 639:../lufa-LUFA-111009/LUFA/Drivers/USB/Core/AVR8/../AVR8/Endpoint_AVR8.h **** 			}
 640:../lufa-LUFA-111009/LUFA/Drivers/USB/Core/AVR8/../AVR8/Endpoint_AVR8.h **** 
 641:../lufa-LUFA-111009/LUFA/Drivers/USB/Core/AVR8/../AVR8/Endpoint_AVR8.h **** 			/** Reads two bytes from the currently selected endpoint's bank in little endian format, for OUT
 642:../lufa-LUFA-111009/LUFA/Drivers/USB/Core/AVR8/../AVR8/Endpoint_AVR8.h **** 			 *  direction endpoints.
 643:../lufa-LUFA-111009/LUFA/Drivers/USB/Core/AVR8/../AVR8/Endpoint_AVR8.h **** 			 *
 644:../lufa-LUFA-111009/LUFA/Drivers/USB/Core/AVR8/../AVR8/Endpoint_AVR8.h **** 			 *  \ingroup Group_EndpointPrimitiveRW_AVR8
 645:../lufa-LUFA-111009/LUFA/Drivers/USB/Core/AVR8/../AVR8/Endpoint_AVR8.h **** 			 *
 646:../lufa-LUFA-111009/LUFA/Drivers/USB/Core/AVR8/../AVR8/Endpoint_AVR8.h **** 			 *  \return Next two bytes in the currently selected endpoint's FIFO buffer.
 647:../lufa-LUFA-111009/LUFA/Drivers/USB/Core/AVR8/../AVR8/Endpoint_AVR8.h **** 			 */
 648:../lufa-LUFA-111009/LUFA/Drivers/USB/Core/AVR8/../AVR8/Endpoint_AVR8.h **** 			static inline uint16_t Endpoint_Read_16_LE(void) ATTR_WARN_UNUSED_RESULT ATTR_ALWAYS_INLINE;
 649:../lufa-LUFA-111009/LUFA/Drivers/USB/Core/AVR8/../AVR8/Endpoint_AVR8.h **** 			static inline uint16_t Endpoint_Read_16_LE(void)
 650:../lufa-LUFA-111009/LUFA/Drivers/USB/Core/AVR8/../AVR8/Endpoint_AVR8.h **** 			{
 651:../lufa-LUFA-111009/LUFA/Drivers/USB/Core/AVR8/../AVR8/Endpoint_AVR8.h **** 				union
 652:../lufa-LUFA-111009/LUFA/Drivers/USB/Core/AVR8/../AVR8/Endpoint_AVR8.h **** 				{
 653:../lufa-LUFA-111009/LUFA/Drivers/USB/Core/AVR8/../AVR8/Endpoint_AVR8.h **** 					uint16_t Value;
 654:../lufa-LUFA-111009/LUFA/Drivers/USB/Core/AVR8/../AVR8/Endpoint_AVR8.h **** 					uint8_t  Bytes[2];
 655:../lufa-LUFA-111009/LUFA/Drivers/USB/Core/AVR8/../AVR8/Endpoint_AVR8.h **** 				} Data;
 656:../lufa-LUFA-111009/LUFA/Drivers/USB/Core/AVR8/../AVR8/Endpoint_AVR8.h **** 
 657:../lufa-LUFA-111009/LUFA/Drivers/USB/Core/AVR8/../AVR8/Endpoint_AVR8.h **** 				Data.Bytes[0] = UEDATX;
 658:../lufa-LUFA-111009/LUFA/Drivers/USB/Core/AVR8/../AVR8/Endpoint_AVR8.h **** 				Data.Bytes[1] = UEDATX;
 659:../lufa-LUFA-111009/LUFA/Drivers/USB/Core/AVR8/../AVR8/Endpoint_AVR8.h **** 
 660:../lufa-LUFA-111009/LUFA/Drivers/USB/Core/AVR8/../AVR8/Endpoint_AVR8.h **** 				return Data.Value;
 661:../lufa-LUFA-111009/LUFA/Drivers/USB/Core/AVR8/../AVR8/Endpoint_AVR8.h **** 			}
 662:../lufa-LUFA-111009/LUFA/Drivers/USB/Core/AVR8/../AVR8/Endpoint_AVR8.h **** 
 663:../lufa-LUFA-111009/LUFA/Drivers/USB/Core/AVR8/../AVR8/Endpoint_AVR8.h **** 			/** Reads two bytes from the currently selected endpoint's bank in big endian format, for OUT
 664:../lufa-LUFA-111009/LUFA/Drivers/USB/Core/AVR8/../AVR8/Endpoint_AVR8.h **** 			 *  direction endpoints.
 665:../lufa-LUFA-111009/LUFA/Drivers/USB/Core/AVR8/../AVR8/Endpoint_AVR8.h **** 			 *
 666:../lufa-LUFA-111009/LUFA/Drivers/USB/Core/AVR8/../AVR8/Endpoint_AVR8.h **** 			 *  \ingroup Group_EndpointPrimitiveRW_AVR8
 667:../lufa-LUFA-111009/LUFA/Drivers/USB/Core/AVR8/../AVR8/Endpoint_AVR8.h **** 			 *
 668:../lufa-LUFA-111009/LUFA/Drivers/USB/Core/AVR8/../AVR8/Endpoint_AVR8.h **** 			 *  \return Next two bytes in the currently selected endpoint's FIFO buffer.
 669:../lufa-LUFA-111009/LUFA/Drivers/USB/Core/AVR8/../AVR8/Endpoint_AVR8.h **** 			 */
 670:../lufa-LUFA-111009/LUFA/Drivers/USB/Core/AVR8/../AVR8/Endpoint_AVR8.h **** 			static inline uint16_t Endpoint_Read_16_BE(void) ATTR_WARN_UNUSED_RESULT ATTR_ALWAYS_INLINE;
 671:../lufa-LUFA-111009/LUFA/Drivers/USB/Core/AVR8/../AVR8/Endpoint_AVR8.h **** 			static inline uint16_t Endpoint_Read_16_BE(void)
 672:../lufa-LUFA-111009/LUFA/Drivers/USB/Core/AVR8/../AVR8/Endpoint_AVR8.h **** 			{
 673:../lufa-LUFA-111009/LUFA/Drivers/USB/Core/AVR8/../AVR8/Endpoint_AVR8.h **** 				union
 674:../lufa-LUFA-111009/LUFA/Drivers/USB/Core/AVR8/../AVR8/Endpoint_AVR8.h **** 				{
 675:../lufa-LUFA-111009/LUFA/Drivers/USB/Core/AVR8/../AVR8/Endpoint_AVR8.h **** 					uint16_t Value;
 676:../lufa-LUFA-111009/LUFA/Drivers/USB/Core/AVR8/../AVR8/Endpoint_AVR8.h **** 					uint8_t  Bytes[2];
 677:../lufa-LUFA-111009/LUFA/Drivers/USB/Core/AVR8/../AVR8/Endpoint_AVR8.h **** 				} Data;
 678:../lufa-LUFA-111009/LUFA/Drivers/USB/Core/AVR8/../AVR8/Endpoint_AVR8.h **** 
 679:../lufa-LUFA-111009/LUFA/Drivers/USB/Core/AVR8/../AVR8/Endpoint_AVR8.h **** 				Data.Bytes[1] = UEDATX;
 680:../lufa-LUFA-111009/LUFA/Drivers/USB/Core/AVR8/../AVR8/Endpoint_AVR8.h **** 				Data.Bytes[0] = UEDATX;
 681:../lufa-LUFA-111009/LUFA/Drivers/USB/Core/AVR8/../AVR8/Endpoint_AVR8.h **** 
 682:../lufa-LUFA-111009/LUFA/Drivers/USB/Core/AVR8/../AVR8/Endpoint_AVR8.h **** 				return Data.Value;
 683:../lufa-LUFA-111009/LUFA/Drivers/USB/Core/AVR8/../AVR8/Endpoint_AVR8.h **** 			}
 684:../lufa-LUFA-111009/LUFA/Drivers/USB/Core/AVR8/../AVR8/Endpoint_AVR8.h **** 
 685:../lufa-LUFA-111009/LUFA/Drivers/USB/Core/AVR8/../AVR8/Endpoint_AVR8.h **** 			/** Writes two bytes to the currently selected endpoint's bank in little endian format, for IN
 686:../lufa-LUFA-111009/LUFA/Drivers/USB/Core/AVR8/../AVR8/Endpoint_AVR8.h **** 			 *  direction endpoints.
 687:../lufa-LUFA-111009/LUFA/Drivers/USB/Core/AVR8/../AVR8/Endpoint_AVR8.h **** 			 *
 688:../lufa-LUFA-111009/LUFA/Drivers/USB/Core/AVR8/../AVR8/Endpoint_AVR8.h **** 			 *  \ingroup Group_EndpointPrimitiveRW_AVR8
 689:../lufa-LUFA-111009/LUFA/Drivers/USB/Core/AVR8/../AVR8/Endpoint_AVR8.h **** 			 *
 690:../lufa-LUFA-111009/LUFA/Drivers/USB/Core/AVR8/../AVR8/Endpoint_AVR8.h **** 			 *  \param[in] Data  Data to write to the currently selected endpoint's FIFO buffer.
 691:../lufa-LUFA-111009/LUFA/Drivers/USB/Core/AVR8/../AVR8/Endpoint_AVR8.h **** 			 */
 692:../lufa-LUFA-111009/LUFA/Drivers/USB/Core/AVR8/../AVR8/Endpoint_AVR8.h **** 			static inline void Endpoint_Write_16_LE(const uint16_t Data) ATTR_ALWAYS_INLINE;
 693:../lufa-LUFA-111009/LUFA/Drivers/USB/Core/AVR8/../AVR8/Endpoint_AVR8.h **** 			static inline void Endpoint_Write_16_LE(const uint16_t Data)
 694:../lufa-LUFA-111009/LUFA/Drivers/USB/Core/AVR8/../AVR8/Endpoint_AVR8.h **** 			{
 695:../lufa-LUFA-111009/LUFA/Drivers/USB/Core/AVR8/../AVR8/Endpoint_AVR8.h **** 				UEDATX = (Data & 0xFF);
 155               		.loc 2 695 0
 156 006e 85FB      		bst r24,5
 157 0070 8827      		clr r24
 158 0072 80F9      		bld r24,0
 159               	.LVL12:
 160 0074 8093 F100 		sts 241,r24
 696:../lufa-LUFA-111009/LUFA/Drivers/USB/Core/AVR8/../AVR8/Endpoint_AVR8.h **** 				UEDATX = (Data >> 8);
 161               		.loc 2 696 0
 162 0078 1092 F100 		sts 241,__zero_reg__
 163 007c 00C0      		rjmp .L45
 164               	.LVL13:
 165               	.L6:
 166               	.LBE165:
 167               	.LBE164:
 168               	.LBE155:
 169               	.LBE154:
  82:../lufa-LUFA-111009/LUFA/Drivers/USB/Core/DeviceStandardReq.c **** 					(bmRequestType == (REQDIR_HOSTTODEVICE | REQTYPE_STANDARD | REQREC_ENDPOINT)))
 170               		.loc 1 82 0
 171 007e 282F      		mov r18,r24
 172 0080 2D7F      		andi r18,lo8(-3)
 173 0082 01F0      		breq .+2
 174 0084 00C0      		rjmp .L3
 175               	.LBB166:
 176               	.LBB167:
 308:../lufa-LUFA-111009/LUFA/Drivers/USB/Core/DeviceStandardReq.c **** 
 309:../lufa-LUFA-111009/LUFA/Drivers/USB/Core/DeviceStandardReq.c **** 			CurrentStatus = Endpoint_IsStalled();
 310:../lufa-LUFA-111009/LUFA/Drivers/USB/Core/DeviceStandardReq.c **** 
 311:../lufa-LUFA-111009/LUFA/Drivers/USB/Core/DeviceStandardReq.c **** 			Endpoint_SelectEndpoint(ENDPOINT_CONTROLEP);
 312:../lufa-LUFA-111009/LUFA/Drivers/USB/Core/DeviceStandardReq.c **** 
 313:../lufa-LUFA-111009/LUFA/Drivers/USB/Core/DeviceStandardReq.c **** 			break;
 314:../lufa-LUFA-111009/LUFA/Drivers/USB/Core/DeviceStandardReq.c **** 		#endif
 315:../lufa-LUFA-111009/LUFA/Drivers/USB/Core/DeviceStandardReq.c **** 		default:
 316:../lufa-LUFA-111009/LUFA/Drivers/USB/Core/DeviceStandardReq.c **** 			return;
 317:../lufa-LUFA-111009/LUFA/Drivers/USB/Core/DeviceStandardReq.c **** 	}
 318:../lufa-LUFA-111009/LUFA/Drivers/USB/Core/DeviceStandardReq.c **** 
 319:../lufa-LUFA-111009/LUFA/Drivers/USB/Core/DeviceStandardReq.c **** 	Endpoint_ClearSETUP();
 320:../lufa-LUFA-111009/LUFA/Drivers/USB/Core/DeviceStandardReq.c **** 
 321:../lufa-LUFA-111009/LUFA/Drivers/USB/Core/DeviceStandardReq.c **** 	Endpoint_Write_16_LE(CurrentStatus);
 322:../lufa-LUFA-111009/LUFA/Drivers/USB/Core/DeviceStandardReq.c **** 	Endpoint_ClearIN();
 323:../lufa-LUFA-111009/LUFA/Drivers/USB/Core/DeviceStandardReq.c **** 
 324:../lufa-LUFA-111009/LUFA/Drivers/USB/Core/DeviceStandardReq.c **** 	Endpoint_ClearStatusStage();
 325:../lufa-LUFA-111009/LUFA/Drivers/USB/Core/DeviceStandardReq.c **** }
 326:../lufa-LUFA-111009/LUFA/Drivers/USB/Core/DeviceStandardReq.c **** 
 327:../lufa-LUFA-111009/LUFA/Drivers/USB/Core/DeviceStandardReq.c **** static void USB_Device_ClearSetFeature(void)
 328:../lufa-LUFA-111009/LUFA/Drivers/USB/Core/DeviceStandardReq.c **** {
 329:../lufa-LUFA-111009/LUFA/Drivers/USB/Core/DeviceStandardReq.c **** 	switch (USB_ControlRequest.bmRequestType & CONTROL_REQTYPE_RECIPIENT)
 177               		.loc 1 329 0
 178 0086 8230      		cpi r24,lo8(2)
 179 0088 01F0      		breq .+2
 180 008a 00C0      		rjmp .L3
 330:../lufa-LUFA-111009/LUFA/Drivers/USB/Core/DeviceStandardReq.c **** 	{
 331:../lufa-LUFA-111009/LUFA/Drivers/USB/Core/DeviceStandardReq.c **** 		#if !defined(NO_DEVICE_REMOTE_WAKEUP)
 332:../lufa-LUFA-111009/LUFA/Drivers/USB/Core/DeviceStandardReq.c **** 		case REQREC_DEVICE:
 333:../lufa-LUFA-111009/LUFA/Drivers/USB/Core/DeviceStandardReq.c **** 			if ((uint8_t)USB_ControlRequest.wValue == FEATURE_SEL_DeviceRemoteWakeup)
 334:../lufa-LUFA-111009/LUFA/Drivers/USB/Core/DeviceStandardReq.c **** 			  USB_Device_RemoteWakeupEnabled = (USB_ControlRequest.bRequest == REQ_SetFeature);
 335:../lufa-LUFA-111009/LUFA/Drivers/USB/Core/DeviceStandardReq.c **** 			else
 336:../lufa-LUFA-111009/LUFA/Drivers/USB/Core/DeviceStandardReq.c **** 			  return;
 337:../lufa-LUFA-111009/LUFA/Drivers/USB/Core/DeviceStandardReq.c **** 
 338:../lufa-LUFA-111009/LUFA/Drivers/USB/Core/DeviceStandardReq.c **** 			break;
 339:../lufa-LUFA-111009/LUFA/Drivers/USB/Core/DeviceStandardReq.c **** 		#endif
 340:../lufa-LUFA-111009/LUFA/Drivers/USB/Core/DeviceStandardReq.c **** 		#if !defined(CONTROL_ONLY_DEVICE)
 341:../lufa-LUFA-111009/LUFA/Drivers/USB/Core/DeviceStandardReq.c **** 		case REQREC_ENDPOINT:
 342:../lufa-LUFA-111009/LUFA/Drivers/USB/Core/DeviceStandardReq.c **** 			if ((uint8_t)USB_ControlRequest.wValue == FEATURE_SEL_EndpointHalt)
 181               		.loc 1 342 0
 182 008c 8091 0000 		lds r24,USB_ControlRequest+2
 183               	.LVL14:
 184 0090 8111      		cpse r24,__zero_reg__
 185 0092 00C0      		rjmp .L13
 186               	.LBB168:
 343:../lufa-LUFA-111009/LUFA/Drivers/USB/Core/DeviceStandardReq.c **** 			{
 344:../lufa-LUFA-111009/LUFA/Drivers/USB/Core/DeviceStandardReq.c **** 				uint8_t EndpointIndex = ((uint8_t)USB_ControlRequest.wIndex & ENDPOINT_EPNUM_MASK);
 187               		.loc 1 344 0
 188 0094 8091 0000 		lds r24,USB_ControlRequest+4
 189 0098 8770      		andi r24,lo8(7)
 190               	.LVL15:
 345:../lufa-LUFA-111009/LUFA/Drivers/USB/Core/DeviceStandardReq.c **** 
 346:../lufa-LUFA-111009/LUFA/Drivers/USB/Core/DeviceStandardReq.c **** 				if (EndpointIndex == ENDPOINT_CONTROLEP)
 191               		.loc 1 346 0
 192 009a 01F4      		brne .+2
 193 009c 00C0      		rjmp .L3
 194               	.LVL16:
 195               	.LBB169:
 196               	.LBB170:
 330:../lufa-LUFA-111009/LUFA/Drivers/USB/Core/AVR8/../AVR8/Endpoint_AVR8.h **** 				#endif
 197               		.loc 2 330 0
 198 009e 8093 E900 		sts 233,r24
 199               	.LVL17:
 200               	.LBE170:
 201               	.LBE169:
 202               	.LBB171:
 203               	.LBB172:
 373:../lufa-LUFA-111009/LUFA/Drivers/USB/Core/AVR8/../AVR8/Endpoint_AVR8.h **** 			}
 204               		.loc 2 373 0
 205 00a2 2091 EB00 		lds r18,235
 206               	.LBE172:
 207               	.LBE171:
 347:../lufa-LUFA-111009/LUFA/Drivers/USB/Core/DeviceStandardReq.c **** 				  return;
 348:../lufa-LUFA-111009/LUFA/Drivers/USB/Core/DeviceStandardReq.c **** 
 349:../lufa-LUFA-111009/LUFA/Drivers/USB/Core/DeviceStandardReq.c **** 				Endpoint_SelectEndpoint(EndpointIndex);
 350:../lufa-LUFA-111009/LUFA/Drivers/USB/Core/DeviceStandardReq.c **** 
 351:../lufa-LUFA-111009/LUFA/Drivers/USB/Core/DeviceStandardReq.c **** 				if (Endpoint_IsEnabled())
 208               		.loc 1 351 0
 209 00a6 20FF      		sbrs r18,0
 210 00a8 00C0      		rjmp .L13
 352:../lufa-LUFA-111009/LUFA/Drivers/USB/Core/DeviceStandardReq.c **** 				{
 353:../lufa-LUFA-111009/LUFA/Drivers/USB/Core/DeviceStandardReq.c **** 					if (USB_ControlRequest.bRequest == REQ_SetFeature)
 211               		.loc 1 353 0
 212 00aa 9330      		cpi r25,lo8(3)
 213 00ac 01F4      		brne .L15
 214               	.LBB173:
 215               	.LBB174:
 551:../lufa-LUFA-111009/LUFA/Drivers/USB/Core/AVR8/../AVR8/Endpoint_AVR8.h **** 			}
 216               		.loc 2 551 0
 217 00ae 8091 EB00 		lds r24,235
 218               	.LVL18:
 219 00b2 8062      		ori r24,lo8(32)
 220 00b4 00C0      		rjmp .L43
 221               	.LVL19:
 222               	.L15:
 223               	.LBE174:
 224               	.LBE173:
 225               	.LBB175:
 226               	.LBB176:
 561:../lufa-LUFA-111009/LUFA/Drivers/USB/Core/AVR8/../AVR8/Endpoint_AVR8.h **** 			}
 227               		.loc 2 561 0
 228 00b6 9091 EB00 		lds r25,235
 229 00ba 9061      		ori r25,lo8(16)
 230 00bc 9093 EB00 		sts 235,r25
 231               	.LVL20:
 232               	.LBE176:
 233               	.LBE175:
 234               	.LBB177:
 235               	.LBB178:
 342:../lufa-LUFA-111009/LUFA/Drivers/USB/Core/AVR8/../AVR8/Endpoint_AVR8.h **** 				UERST = 0;
 236               		.loc 2 342 0
 237 00c0 21E0      		ldi r18,lo8(1)
 238 00c2 30E0      		ldi r19,0
 239 00c4 A901      		movw r20,r18
 240 00c6 00C0      		rjmp 2f
 241               		1:
 242 00c8 440F      		lsl r20
 243 00ca 551F      		rol r21
 244               		2:
 245 00cc 8A95      		dec r24
 246 00ce 02F4      		brpl 1b
 247 00d0 4093 EA00 		sts 234,r20
 343:../lufa-LUFA-111009/LUFA/Drivers/USB/Core/AVR8/../AVR8/Endpoint_AVR8.h **** 			}
 248               		.loc 2 343 0
 249 00d4 1092 EA00 		sts 234,__zero_reg__
 250               	.LVL21:
 251               	.LBE178:
 252               	.LBE177:
 253               	.LBB179:
 254               	.LBB180:
 580:../lufa-LUFA-111009/LUFA/Drivers/USB/Core/AVR8/../AVR8/Endpoint_AVR8.h **** 			}
 255               		.loc 2 580 0
 256 00d8 8091 EB00 		lds r24,235
 257               	.LVL22:
 258 00dc 8860      		ori r24,lo8(8)
 259               	.L43:
 260 00de 8093 EB00 		sts 235,r24
 261               	.LVL23:
 262               	.L13:
 263               	.LBE180:
 264               	.LBE179:
 265               	.LBE168:
 266               	.LBB181:
 267               	.LBB182:
 330:../lufa-LUFA-111009/LUFA/Drivers/USB/Core/AVR8/../AVR8/Endpoint_AVR8.h **** 				#endif
 268               		.loc 2 330 0
 269 00e2 1092 E900 		sts 233,__zero_reg__
 270               	.LVL24:
 271               	.LBE182:
 272               	.LBE181:
 273               	.LBB183:
 274               	.LBB184:
 504:../lufa-LUFA-111009/LUFA/Drivers/USB/Core/AVR8/../AVR8/Endpoint_AVR8.h **** 			}
 275               		.loc 2 504 0
 276 00e6 8091 E800 		lds r24,232
 277 00ea 877F      		andi r24,lo8(-9)
 278 00ec 00C0      		rjmp .L44
 279               	.LVL25:
 280               	.L7:
 281               	.LBE184:
 282               	.LBE183:
 283               	.LBE167:
 284               	.LBE166:
  90:../lufa-LUFA-111009/LUFA/Drivers/USB/Core/DeviceStandardReq.c **** 				  USB_Device_SetAddress();
 285               		.loc 1 90 0
 286 00ee 8111      		cpse r24,__zero_reg__
 287 00f0 00C0      		rjmp .L3
 288               	.LBB185:
 289               	.LBB186:
 124:../lufa-LUFA-111009/LUFA/Drivers/USB/Core/DeviceStandardReq.c **** 	uint_reg_t CurrentGlobalInt = GetGlobalInterruptMask();
 290               		.loc 1 124 0
 291 00f2 1091 0000 		lds r17,USB_ControlRequest+2
 292 00f6 1F77      		andi r17,lo8(127)
 293               	.LVL26:
 294               	.LBB187:
 295               	.LBB188:
 296               		.file 3 "../lufa-LUFA-111009/LUFA/Drivers/USB/Core/../../../Common/Common.h"
   1:../lufa-LUFA-111009/LUFA/Drivers/USB/Core/../../../Common/Common.h **** /*
   2:../lufa-LUFA-111009/LUFA/Drivers/USB/Core/../../../Common/Common.h ****              LUFA Library
   3:../lufa-LUFA-111009/LUFA/Drivers/USB/Core/../../../Common/Common.h ****      Copyright (C) Dean Camera, 2011.
   4:../lufa-LUFA-111009/LUFA/Drivers/USB/Core/../../../Common/Common.h **** 
   5:../lufa-LUFA-111009/LUFA/Drivers/USB/Core/../../../Common/Common.h ****   dean [at] fourwalledcubicle [dot] com
   6:../lufa-LUFA-111009/LUFA/Drivers/USB/Core/../../../Common/Common.h ****            www.lufa-lib.org
   7:../lufa-LUFA-111009/LUFA/Drivers/USB/Core/../../../Common/Common.h **** */
   8:../lufa-LUFA-111009/LUFA/Drivers/USB/Core/../../../Common/Common.h **** 
   9:../lufa-LUFA-111009/LUFA/Drivers/USB/Core/../../../Common/Common.h **** /*
  10:../lufa-LUFA-111009/LUFA/Drivers/USB/Core/../../../Common/Common.h ****   Copyright 2011  Dean Camera (dean [at] fourwalledcubicle [dot] com)
  11:../lufa-LUFA-111009/LUFA/Drivers/USB/Core/../../../Common/Common.h **** 
  12:../lufa-LUFA-111009/LUFA/Drivers/USB/Core/../../../Common/Common.h ****   Permission to use, copy, modify, distribute, and sell this
  13:../lufa-LUFA-111009/LUFA/Drivers/USB/Core/../../../Common/Common.h ****   software and its documentation for any purpose is hereby granted
  14:../lufa-LUFA-111009/LUFA/Drivers/USB/Core/../../../Common/Common.h ****   without fee, provided that the above copyright notice appear in
  15:../lufa-LUFA-111009/LUFA/Drivers/USB/Core/../../../Common/Common.h ****   all copies and that both that the copyright notice and this
  16:../lufa-LUFA-111009/LUFA/Drivers/USB/Core/../../../Common/Common.h ****   permission notice and warranty disclaimer appear in supporting
  17:../lufa-LUFA-111009/LUFA/Drivers/USB/Core/../../../Common/Common.h ****   documentation, and that the name of the author not be used in
  18:../lufa-LUFA-111009/LUFA/Drivers/USB/Core/../../../Common/Common.h ****   advertising or publicity pertaining to distribution of the
  19:../lufa-LUFA-111009/LUFA/Drivers/USB/Core/../../../Common/Common.h ****   software without specific, written prior permission.
  20:../lufa-LUFA-111009/LUFA/Drivers/USB/Core/../../../Common/Common.h **** 
  21:../lufa-LUFA-111009/LUFA/Drivers/USB/Core/../../../Common/Common.h ****   The author disclaim all warranties with regard to this
  22:../lufa-LUFA-111009/LUFA/Drivers/USB/Core/../../../Common/Common.h ****   software, including all implied warranties of merchantability
  23:../lufa-LUFA-111009/LUFA/Drivers/USB/Core/../../../Common/Common.h ****   and fitness.  In no event shall the author be liable for any
  24:../lufa-LUFA-111009/LUFA/Drivers/USB/Core/../../../Common/Common.h ****   special, indirect or consequential damages or any damages
  25:../lufa-LUFA-111009/LUFA/Drivers/USB/Core/../../../Common/Common.h ****   whatsoever resulting from loss of use, data or profits, whether
  26:../lufa-LUFA-111009/LUFA/Drivers/USB/Core/../../../Common/Common.h ****   in an action of contract, negligence or other tortious action,
  27:../lufa-LUFA-111009/LUFA/Drivers/USB/Core/../../../Common/Common.h ****   arising out of or in connection with the use or performance of
  28:../lufa-LUFA-111009/LUFA/Drivers/USB/Core/../../../Common/Common.h ****   this software.
  29:../lufa-LUFA-111009/LUFA/Drivers/USB/Core/../../../Common/Common.h **** */
  30:../lufa-LUFA-111009/LUFA/Drivers/USB/Core/../../../Common/Common.h **** 
  31:../lufa-LUFA-111009/LUFA/Drivers/USB/Core/../../../Common/Common.h **** /** \file
  32:../lufa-LUFA-111009/LUFA/Drivers/USB/Core/../../../Common/Common.h ****  *  \brief Common library convenience headers, macros and functions.
  33:../lufa-LUFA-111009/LUFA/Drivers/USB/Core/../../../Common/Common.h ****  *
  34:../lufa-LUFA-111009/LUFA/Drivers/USB/Core/../../../Common/Common.h ****  *  \copydetails Group_Common
  35:../lufa-LUFA-111009/LUFA/Drivers/USB/Core/../../../Common/Common.h ****  */
  36:../lufa-LUFA-111009/LUFA/Drivers/USB/Core/../../../Common/Common.h **** 
  37:../lufa-LUFA-111009/LUFA/Drivers/USB/Core/../../../Common/Common.h **** /** \defgroup Group_Common Common Utility Headers - LUFA/Drivers/Common/Common.h
  38:../lufa-LUFA-111009/LUFA/Drivers/USB/Core/../../../Common/Common.h ****  *  \brief Common library convenience headers, macros and functions.
  39:../lufa-LUFA-111009/LUFA/Drivers/USB/Core/../../../Common/Common.h ****  *
  40:../lufa-LUFA-111009/LUFA/Drivers/USB/Core/../../../Common/Common.h ****  *  Common utility headers containing macros, functions, enums and types which are common to all
  41:../lufa-LUFA-111009/LUFA/Drivers/USB/Core/../../../Common/Common.h ****  *  aspects of the library.
  42:../lufa-LUFA-111009/LUFA/Drivers/USB/Core/../../../Common/Common.h ****  *
  43:../lufa-LUFA-111009/LUFA/Drivers/USB/Core/../../../Common/Common.h ****  *  @{
  44:../lufa-LUFA-111009/LUFA/Drivers/USB/Core/../../../Common/Common.h ****  */
  45:../lufa-LUFA-111009/LUFA/Drivers/USB/Core/../../../Common/Common.h ****  
  46:../lufa-LUFA-111009/LUFA/Drivers/USB/Core/../../../Common/Common.h **** /** \defgroup Group_GlobalInt Global Interrupt Macros
  47:../lufa-LUFA-111009/LUFA/Drivers/USB/Core/../../../Common/Common.h ****  *  \brief Convenience macros for the management of interrupts globally within the device.
  48:../lufa-LUFA-111009/LUFA/Drivers/USB/Core/../../../Common/Common.h ****  *
  49:../lufa-LUFA-111009/LUFA/Drivers/USB/Core/../../../Common/Common.h ****  *  Macros and functions to create and control global interrupts within the device.
  50:../lufa-LUFA-111009/LUFA/Drivers/USB/Core/../../../Common/Common.h ****  */
  51:../lufa-LUFA-111009/LUFA/Drivers/USB/Core/../../../Common/Common.h **** 
  52:../lufa-LUFA-111009/LUFA/Drivers/USB/Core/../../../Common/Common.h **** #ifndef __LUFA_COMMON_H__
  53:../lufa-LUFA-111009/LUFA/Drivers/USB/Core/../../../Common/Common.h **** #define __LUFA_COMMON_H__
  54:../lufa-LUFA-111009/LUFA/Drivers/USB/Core/../../../Common/Common.h **** 
  55:../lufa-LUFA-111009/LUFA/Drivers/USB/Core/../../../Common/Common.h **** 	/* Macros: */
  56:../lufa-LUFA-111009/LUFA/Drivers/USB/Core/../../../Common/Common.h **** 		#define __INCLUDE_FROM_COMMON_H
  57:../lufa-LUFA-111009/LUFA/Drivers/USB/Core/../../../Common/Common.h **** 		
  58:../lufa-LUFA-111009/LUFA/Drivers/USB/Core/../../../Common/Common.h **** 	/* Includes: */
  59:../lufa-LUFA-111009/LUFA/Drivers/USB/Core/../../../Common/Common.h **** 		#include <stdint.h>
  60:../lufa-LUFA-111009/LUFA/Drivers/USB/Core/../../../Common/Common.h **** 		#include <stdbool.h>
  61:../lufa-LUFA-111009/LUFA/Drivers/USB/Core/../../../Common/Common.h **** 		#include <string.h>
  62:../lufa-LUFA-111009/LUFA/Drivers/USB/Core/../../../Common/Common.h **** 		#include <stddef.h>
  63:../lufa-LUFA-111009/LUFA/Drivers/USB/Core/../../../Common/Common.h **** 		
  64:../lufa-LUFA-111009/LUFA/Drivers/USB/Core/../../../Common/Common.h **** 		#if defined(USE_LUFA_CONFIG_HEADER)
  65:../lufa-LUFA-111009/LUFA/Drivers/USB/Core/../../../Common/Common.h **** 			#include "LUFAConfig.h"
  66:../lufa-LUFA-111009/LUFA/Drivers/USB/Core/../../../Common/Common.h **** 		#endif
  67:../lufa-LUFA-111009/LUFA/Drivers/USB/Core/../../../Common/Common.h **** 
  68:../lufa-LUFA-111009/LUFA/Drivers/USB/Core/../../../Common/Common.h **** 		#include "ArchitectureSpecific.h"
  69:../lufa-LUFA-111009/LUFA/Drivers/USB/Core/../../../Common/Common.h **** 		#include "CompilerSpecific.h"
  70:../lufa-LUFA-111009/LUFA/Drivers/USB/Core/../../../Common/Common.h **** 		#include "Architectures.h"
  71:../lufa-LUFA-111009/LUFA/Drivers/USB/Core/../../../Common/Common.h **** 		#include "Attributes.h"
  72:../lufa-LUFA-111009/LUFA/Drivers/USB/Core/../../../Common/Common.h **** 		#include "BoardTypes.h"
  73:../lufa-LUFA-111009/LUFA/Drivers/USB/Core/../../../Common/Common.h **** 		
  74:../lufa-LUFA-111009/LUFA/Drivers/USB/Core/../../../Common/Common.h **** 	/* Enable C linkage for C++ Compilers: */
  75:../lufa-LUFA-111009/LUFA/Drivers/USB/Core/../../../Common/Common.h **** 		#if defined(__cplusplus)
  76:../lufa-LUFA-111009/LUFA/Drivers/USB/Core/../../../Common/Common.h **** 			extern "C" {
  77:../lufa-LUFA-111009/LUFA/Drivers/USB/Core/../../../Common/Common.h **** 		#endif
  78:../lufa-LUFA-111009/LUFA/Drivers/USB/Core/../../../Common/Common.h **** 
  79:../lufa-LUFA-111009/LUFA/Drivers/USB/Core/../../../Common/Common.h **** 	/* Architecture specific utility includes: */
  80:../lufa-LUFA-111009/LUFA/Drivers/USB/Core/../../../Common/Common.h **** 		#if defined(__DOXYGEN__)
  81:../lufa-LUFA-111009/LUFA/Drivers/USB/Core/../../../Common/Common.h **** 			/** Type define for an unsigned integer the same width as the selected architecture's machine re
  82:../lufa-LUFA-111009/LUFA/Drivers/USB/Core/../../../Common/Common.h **** 			 *  This is distinct from the non-specific standard int data type, whose width is machine depend
  83:../lufa-LUFA-111009/LUFA/Drivers/USB/Core/../../../Common/Common.h **** 			 *  which may not reflect the actual machine register width on some targets (e.g. AVR8).
  84:../lufa-LUFA-111009/LUFA/Drivers/USB/Core/../../../Common/Common.h **** 			 */
  85:../lufa-LUFA-111009/LUFA/Drivers/USB/Core/../../../Common/Common.h **** 			typedef MACHINE_REG_t uint_reg_t;
  86:../lufa-LUFA-111009/LUFA/Drivers/USB/Core/../../../Common/Common.h **** 		#elif (ARCH == ARCH_AVR8)
  87:../lufa-LUFA-111009/LUFA/Drivers/USB/Core/../../../Common/Common.h **** 			#include <avr/io.h>
  88:../lufa-LUFA-111009/LUFA/Drivers/USB/Core/../../../Common/Common.h **** 			#include <avr/interrupt.h>
  89:../lufa-LUFA-111009/LUFA/Drivers/USB/Core/../../../Common/Common.h **** 			#include <avr/pgmspace.h>
  90:../lufa-LUFA-111009/LUFA/Drivers/USB/Core/../../../Common/Common.h **** 			#include <avr/eeprom.h>
  91:../lufa-LUFA-111009/LUFA/Drivers/USB/Core/../../../Common/Common.h **** 			#include <avr/boot.h>
  92:../lufa-LUFA-111009/LUFA/Drivers/USB/Core/../../../Common/Common.h **** 			#include <util/delay.h>
  93:../lufa-LUFA-111009/LUFA/Drivers/USB/Core/../../../Common/Common.h **** 			
  94:../lufa-LUFA-111009/LUFA/Drivers/USB/Core/../../../Common/Common.h **** 			typedef uint8_t uint_reg_t;
  95:../lufa-LUFA-111009/LUFA/Drivers/USB/Core/../../../Common/Common.h **** 			
  96:../lufa-LUFA-111009/LUFA/Drivers/USB/Core/../../../Common/Common.h **** 			#define ARCH_HAS_EEPROM_ADDRESS_SPACE
  97:../lufa-LUFA-111009/LUFA/Drivers/USB/Core/../../../Common/Common.h **** 			#define ARCH_HAS_FLASH_ADDRESS_SPACE
  98:../lufa-LUFA-111009/LUFA/Drivers/USB/Core/../../../Common/Common.h **** 			#define ARCH_HAS_MULTI_ADDRESS_SPACE
  99:../lufa-LUFA-111009/LUFA/Drivers/USB/Core/../../../Common/Common.h **** 			#define ARCH_LITTLE_ENDIAN
 100:../lufa-LUFA-111009/LUFA/Drivers/USB/Core/../../../Common/Common.h **** 
 101:../lufa-LUFA-111009/LUFA/Drivers/USB/Core/../../../Common/Common.h **** 			#include "Endianness.h"
 102:../lufa-LUFA-111009/LUFA/Drivers/USB/Core/../../../Common/Common.h **** 		#elif (ARCH == ARCH_UC3)
 103:../lufa-LUFA-111009/LUFA/Drivers/USB/Core/../../../Common/Common.h **** 			#include <avr32/io.h>
 104:../lufa-LUFA-111009/LUFA/Drivers/USB/Core/../../../Common/Common.h **** 
 105:../lufa-LUFA-111009/LUFA/Drivers/USB/Core/../../../Common/Common.h **** 			// === TODO: Find abstracted way to handle these ===
 106:../lufa-LUFA-111009/LUFA/Drivers/USB/Core/../../../Common/Common.h **** 			#define PROGMEM                  const
 107:../lufa-LUFA-111009/LUFA/Drivers/USB/Core/../../../Common/Common.h **** 			#define pgm_read_byte(x)         *x
 108:../lufa-LUFA-111009/LUFA/Drivers/USB/Core/../../../Common/Common.h **** 			#define memcmp_P(...)            memcmp(__VA_ARGS__)
 109:../lufa-LUFA-111009/LUFA/Drivers/USB/Core/../../../Common/Common.h **** 			#define memcpy_P(...)            memcpy(__VA_ARGS__)
 110:../lufa-LUFA-111009/LUFA/Drivers/USB/Core/../../../Common/Common.h **** 			// =================================================
 111:../lufa-LUFA-111009/LUFA/Drivers/USB/Core/../../../Common/Common.h **** 
 112:../lufa-LUFA-111009/LUFA/Drivers/USB/Core/../../../Common/Common.h **** 			typedef uint32_t uint_reg_t;
 113:../lufa-LUFA-111009/LUFA/Drivers/USB/Core/../../../Common/Common.h **** 			
 114:../lufa-LUFA-111009/LUFA/Drivers/USB/Core/../../../Common/Common.h **** 			#define ARCH_BIG_ENDIAN
 115:../lufa-LUFA-111009/LUFA/Drivers/USB/Core/../../../Common/Common.h **** 
 116:../lufa-LUFA-111009/LUFA/Drivers/USB/Core/../../../Common/Common.h **** 			#include "Endianness.h"
 117:../lufa-LUFA-111009/LUFA/Drivers/USB/Core/../../../Common/Common.h **** 		#elif (ARCH == ARCH_XMEGA)
 118:../lufa-LUFA-111009/LUFA/Drivers/USB/Core/../../../Common/Common.h **** 			#include <avr/io.h>
 119:../lufa-LUFA-111009/LUFA/Drivers/USB/Core/../../../Common/Common.h **** 			#include <avr/interrupt.h>
 120:../lufa-LUFA-111009/LUFA/Drivers/USB/Core/../../../Common/Common.h **** 			#include <avr/pgmspace.h>
 121:../lufa-LUFA-111009/LUFA/Drivers/USB/Core/../../../Common/Common.h **** 			#include <avr/eeprom.h>
 122:../lufa-LUFA-111009/LUFA/Drivers/USB/Core/../../../Common/Common.h **** 			#include <util/delay.h>
 123:../lufa-LUFA-111009/LUFA/Drivers/USB/Core/../../../Common/Common.h **** 			
 124:../lufa-LUFA-111009/LUFA/Drivers/USB/Core/../../../Common/Common.h **** 			typedef uint8_t uint_reg_t;
 125:../lufa-LUFA-111009/LUFA/Drivers/USB/Core/../../../Common/Common.h **** 			
 126:../lufa-LUFA-111009/LUFA/Drivers/USB/Core/../../../Common/Common.h **** 			#define ARCH_HAS_EEPROM_ADDRESS_SPACE
 127:../lufa-LUFA-111009/LUFA/Drivers/USB/Core/../../../Common/Common.h **** 			#define ARCH_HAS_FLASH_ADDRESS_SPACE
 128:../lufa-LUFA-111009/LUFA/Drivers/USB/Core/../../../Common/Common.h **** 			#define ARCH_HAS_MULTI_ADDRESS_SPACE
 129:../lufa-LUFA-111009/LUFA/Drivers/USB/Core/../../../Common/Common.h **** 			#define ARCH_LITTLE_ENDIAN
 130:../lufa-LUFA-111009/LUFA/Drivers/USB/Core/../../../Common/Common.h **** 
 131:../lufa-LUFA-111009/LUFA/Drivers/USB/Core/../../../Common/Common.h **** 			#include "Endianness.h"		
 132:../lufa-LUFA-111009/LUFA/Drivers/USB/Core/../../../Common/Common.h **** 		#else
 133:../lufa-LUFA-111009/LUFA/Drivers/USB/Core/../../../Common/Common.h **** 			#error Unknown device architecture specified.
 134:../lufa-LUFA-111009/LUFA/Drivers/USB/Core/../../../Common/Common.h **** 		#endif
 135:../lufa-LUFA-111009/LUFA/Drivers/USB/Core/../../../Common/Common.h **** 
 136:../lufa-LUFA-111009/LUFA/Drivers/USB/Core/../../../Common/Common.h **** 	/* Public Interface - May be used in end-application: */
 137:../lufa-LUFA-111009/LUFA/Drivers/USB/Core/../../../Common/Common.h **** 		/* Macros: */
 138:../lufa-LUFA-111009/LUFA/Drivers/USB/Core/../../../Common/Common.h **** 			/** Macro for encasing other multi-statement macros. This should be used along with an opening b
 139:../lufa-LUFA-111009/LUFA/Drivers/USB/Core/../../../Common/Common.h **** 			 *  before the start of any multi-statement macro, so that the macros contents as a whole are tr
 140:../lufa-LUFA-111009/LUFA/Drivers/USB/Core/../../../Common/Common.h **** 			 *  as a discrete block and not as a list of separate statements which may cause problems when u
 141:../lufa-LUFA-111009/LUFA/Drivers/USB/Core/../../../Common/Common.h **** 			 *  a block (such as inline \c if statements).
 142:../lufa-LUFA-111009/LUFA/Drivers/USB/Core/../../../Common/Common.h **** 			 */
 143:../lufa-LUFA-111009/LUFA/Drivers/USB/Core/../../../Common/Common.h **** 			#define MACROS                  do
 144:../lufa-LUFA-111009/LUFA/Drivers/USB/Core/../../../Common/Common.h **** 
 145:../lufa-LUFA-111009/LUFA/Drivers/USB/Core/../../../Common/Common.h **** 			/** Macro for encasing other multi-statement macros. This should be used along with a preceding 
 146:../lufa-LUFA-111009/LUFA/Drivers/USB/Core/../../../Common/Common.h **** 			 *  brace at the end of any multi-statement macro, so that the macros contents as a whole are tr
 147:../lufa-LUFA-111009/LUFA/Drivers/USB/Core/../../../Common/Common.h **** 			 *  as a discrete block and not as a list of separate statements which may cause problems when u
 148:../lufa-LUFA-111009/LUFA/Drivers/USB/Core/../../../Common/Common.h **** 			 *  a block (such as inline \c if statements).
 149:../lufa-LUFA-111009/LUFA/Drivers/USB/Core/../../../Common/Common.h **** 			 */
 150:../lufa-LUFA-111009/LUFA/Drivers/USB/Core/../../../Common/Common.h **** 			#define MACROE                  while (0)
 151:../lufa-LUFA-111009/LUFA/Drivers/USB/Core/../../../Common/Common.h **** 
 152:../lufa-LUFA-111009/LUFA/Drivers/USB/Core/../../../Common/Common.h **** 			/** Convenience macro to determine the larger of two values.
 153:../lufa-LUFA-111009/LUFA/Drivers/USB/Core/../../../Common/Common.h **** 			 *
 154:../lufa-LUFA-111009/LUFA/Drivers/USB/Core/../../../Common/Common.h **** 			 *  \note This macro should only be used with operands that do not have side effects from being 
 155:../lufa-LUFA-111009/LUFA/Drivers/USB/Core/../../../Common/Common.h **** 			 *        multiple times.
 156:../lufa-LUFA-111009/LUFA/Drivers/USB/Core/../../../Common/Common.h **** 			 *
 157:../lufa-LUFA-111009/LUFA/Drivers/USB/Core/../../../Common/Common.h **** 			 *  \param[in] x  First value to compare
 158:../lufa-LUFA-111009/LUFA/Drivers/USB/Core/../../../Common/Common.h **** 			 *  \param[in] y  First value to compare
 159:../lufa-LUFA-111009/LUFA/Drivers/USB/Core/../../../Common/Common.h **** 			 *
 160:../lufa-LUFA-111009/LUFA/Drivers/USB/Core/../../../Common/Common.h **** 			 *  \return The larger of the two input parameters
 161:../lufa-LUFA-111009/LUFA/Drivers/USB/Core/../../../Common/Common.h **** 			 */
 162:../lufa-LUFA-111009/LUFA/Drivers/USB/Core/../../../Common/Common.h **** 			#if !defined(MAX) || defined(__DOXYGEN__)
 163:../lufa-LUFA-111009/LUFA/Drivers/USB/Core/../../../Common/Common.h **** 				#define MAX(x, y)               (((x) > (y)) ? (x) : (y))
 164:../lufa-LUFA-111009/LUFA/Drivers/USB/Core/../../../Common/Common.h **** 			#endif
 165:../lufa-LUFA-111009/LUFA/Drivers/USB/Core/../../../Common/Common.h **** 
 166:../lufa-LUFA-111009/LUFA/Drivers/USB/Core/../../../Common/Common.h **** 			/** Convenience macro to determine the smaller of two values.
 167:../lufa-LUFA-111009/LUFA/Drivers/USB/Core/../../../Common/Common.h **** 			 *
 168:../lufa-LUFA-111009/LUFA/Drivers/USB/Core/../../../Common/Common.h **** 			 *  \note This macro should only be used with operands that do not have side effects from being 
 169:../lufa-LUFA-111009/LUFA/Drivers/USB/Core/../../../Common/Common.h **** 			 *        multiple times.
 170:../lufa-LUFA-111009/LUFA/Drivers/USB/Core/../../../Common/Common.h **** 			 *
 171:../lufa-LUFA-111009/LUFA/Drivers/USB/Core/../../../Common/Common.h **** 			 *  \param[in] x  First value to compare
 172:../lufa-LUFA-111009/LUFA/Drivers/USB/Core/../../../Common/Common.h **** 			 *  \param[in] y  First value to compare
 173:../lufa-LUFA-111009/LUFA/Drivers/USB/Core/../../../Common/Common.h **** 			 *
 174:../lufa-LUFA-111009/LUFA/Drivers/USB/Core/../../../Common/Common.h **** 			 *  \return The smaller of the two input parameters
 175:../lufa-LUFA-111009/LUFA/Drivers/USB/Core/../../../Common/Common.h **** 			 */
 176:../lufa-LUFA-111009/LUFA/Drivers/USB/Core/../../../Common/Common.h **** 			#if !defined(MIN) || defined(__DOXYGEN__)
 177:../lufa-LUFA-111009/LUFA/Drivers/USB/Core/../../../Common/Common.h **** 				#define MIN(x, y)               (((x) < (y)) ? (x) : (y))
 178:../lufa-LUFA-111009/LUFA/Drivers/USB/Core/../../../Common/Common.h **** 			#endif
 179:../lufa-LUFA-111009/LUFA/Drivers/USB/Core/../../../Common/Common.h **** 			
 180:../lufa-LUFA-111009/LUFA/Drivers/USB/Core/../../../Common/Common.h **** 			#if !defined(STRINGIFY) || defined(__DOXYGEN__)
 181:../lufa-LUFA-111009/LUFA/Drivers/USB/Core/../../../Common/Common.h **** 				/** Converts the given input into a string, via the C Preprocessor. This macro puts literal quo
 182:../lufa-LUFA-111009/LUFA/Drivers/USB/Core/../../../Common/Common.h **** 				 *  marks around the input, converting the source into a string literal.
 183:../lufa-LUFA-111009/LUFA/Drivers/USB/Core/../../../Common/Common.h **** 				 *
 184:../lufa-LUFA-111009/LUFA/Drivers/USB/Core/../../../Common/Common.h **** 				 *  \param[in] x  Input to convert into a string literal.
 185:../lufa-LUFA-111009/LUFA/Drivers/USB/Core/../../../Common/Common.h **** 				 *
 186:../lufa-LUFA-111009/LUFA/Drivers/USB/Core/../../../Common/Common.h **** 				 *  \return String version of the input.
 187:../lufa-LUFA-111009/LUFA/Drivers/USB/Core/../../../Common/Common.h **** 				 */
 188:../lufa-LUFA-111009/LUFA/Drivers/USB/Core/../../../Common/Common.h **** 				#define STRINGIFY(x)            #x
 189:../lufa-LUFA-111009/LUFA/Drivers/USB/Core/../../../Common/Common.h **** 
 190:../lufa-LUFA-111009/LUFA/Drivers/USB/Core/../../../Common/Common.h **** 				/** Converts the given input into a string after macro expansion, via the C Preprocessor. This 
 191:../lufa-LUFA-111009/LUFA/Drivers/USB/Core/../../../Common/Common.h **** 				 *  literal quotation marks around the expanded input, converting the source into a string lite
 192:../lufa-LUFA-111009/LUFA/Drivers/USB/Core/../../../Common/Common.h **** 				 *
 193:../lufa-LUFA-111009/LUFA/Drivers/USB/Core/../../../Common/Common.h **** 				 *  \param[in] x  Input to expand and convert into a string literal.
 194:../lufa-LUFA-111009/LUFA/Drivers/USB/Core/../../../Common/Common.h **** 				 *
 195:../lufa-LUFA-111009/LUFA/Drivers/USB/Core/../../../Common/Common.h **** 				 *  \return String version of the expanded input.
 196:../lufa-LUFA-111009/LUFA/Drivers/USB/Core/../../../Common/Common.h **** 				 */
 197:../lufa-LUFA-111009/LUFA/Drivers/USB/Core/../../../Common/Common.h **** 				#define STRINGIFY_EXPANDED(x)   STRINGIFY(x)
 198:../lufa-LUFA-111009/LUFA/Drivers/USB/Core/../../../Common/Common.h **** 			#endif
 199:../lufa-LUFA-111009/LUFA/Drivers/USB/Core/../../../Common/Common.h **** 
 200:../lufa-LUFA-111009/LUFA/Drivers/USB/Core/../../../Common/Common.h **** 			#if !defined(ISR) || defined(__DOXYGEN__)
 201:../lufa-LUFA-111009/LUFA/Drivers/USB/Core/../../../Common/Common.h **** 				/** Macro for the definition of interrupt service routines, so that the compiler can insert the
 202:../lufa-LUFA-111009/LUFA/Drivers/USB/Core/../../../Common/Common.h **** 				 *  prologue and epilogue code to properly manage the interrupt routine without affecting the m
 203:../lufa-LUFA-111009/LUFA/Drivers/USB/Core/../../../Common/Common.h **** 				 *  state with unintentional side-effects.
 204:../lufa-LUFA-111009/LUFA/Drivers/USB/Core/../../../Common/Common.h **** 				 *
 205:../lufa-LUFA-111009/LUFA/Drivers/USB/Core/../../../Common/Common.h **** 				 *  Interrupt handlers written using this macro may still need to be registered with the microc
 206:../lufa-LUFA-111009/LUFA/Drivers/USB/Core/../../../Common/Common.h **** 				 *  Interrupt Controller (if present) before they will properly handle incoming interrupt event
 207:../lufa-LUFA-111009/LUFA/Drivers/USB/Core/../../../Common/Common.h **** 				 *
 208:../lufa-LUFA-111009/LUFA/Drivers/USB/Core/../../../Common/Common.h **** 				 *  \note This macro is only supplied on some architectures, where the standard library does no
 209:../lufa-LUFA-111009/LUFA/Drivers/USB/Core/../../../Common/Common.h **** 				 *        definition. If an existing definition exists, the alternative definition here will be
 210:../lufa-LUFA-111009/LUFA/Drivers/USB/Core/../../../Common/Common.h **** 				 *
 211:../lufa-LUFA-111009/LUFA/Drivers/USB/Core/../../../Common/Common.h **** 				 *  \ingroup Group_GlobalInt
 212:../lufa-LUFA-111009/LUFA/Drivers/USB/Core/../../../Common/Common.h **** 				 *
 213:../lufa-LUFA-111009/LUFA/Drivers/USB/Core/../../../Common/Common.h **** 				 *  \param Name  Unique name of the interrupt service routine.
 214:../lufa-LUFA-111009/LUFA/Drivers/USB/Core/../../../Common/Common.h **** 				 */
 215:../lufa-LUFA-111009/LUFA/Drivers/USB/Core/../../../Common/Common.h **** 				#define ISR(Name, ...)                  void Name (void) __attribute__((__interrupt__)) __VA_AR
 216:../lufa-LUFA-111009/LUFA/Drivers/USB/Core/../../../Common/Common.h **** 			#endif
 217:../lufa-LUFA-111009/LUFA/Drivers/USB/Core/../../../Common/Common.h **** 
 218:../lufa-LUFA-111009/LUFA/Drivers/USB/Core/../../../Common/Common.h **** 		/* Inline Functions: */
 219:../lufa-LUFA-111009/LUFA/Drivers/USB/Core/../../../Common/Common.h **** 			/** Function to reverse the individual bits in a byte - i.e. bit 7 is moved to bit 0, bit 6 to b
 220:../lufa-LUFA-111009/LUFA/Drivers/USB/Core/../../../Common/Common.h **** 			 *  etc.
 221:../lufa-LUFA-111009/LUFA/Drivers/USB/Core/../../../Common/Common.h **** 			 *
 222:../lufa-LUFA-111009/LUFA/Drivers/USB/Core/../../../Common/Common.h **** 			 *  \param[in] Byte  Byte of data whose bits are to be reversed.
 223:../lufa-LUFA-111009/LUFA/Drivers/USB/Core/../../../Common/Common.h **** 			 *
 224:../lufa-LUFA-111009/LUFA/Drivers/USB/Core/../../../Common/Common.h **** 			 *  \return Input data with the individual bits reversed (mirrored).
 225:../lufa-LUFA-111009/LUFA/Drivers/USB/Core/../../../Common/Common.h **** 			 */
 226:../lufa-LUFA-111009/LUFA/Drivers/USB/Core/../../../Common/Common.h **** 			static inline uint8_t BitReverse(uint8_t Byte) ATTR_WARN_UNUSED_RESULT ATTR_CONST;
 227:../lufa-LUFA-111009/LUFA/Drivers/USB/Core/../../../Common/Common.h **** 			static inline uint8_t BitReverse(uint8_t Byte)
 228:../lufa-LUFA-111009/LUFA/Drivers/USB/Core/../../../Common/Common.h **** 			{
 229:../lufa-LUFA-111009/LUFA/Drivers/USB/Core/../../../Common/Common.h **** 				Byte = (((Byte & 0xF0) >> 4) | ((Byte & 0x0F) << 4));
 230:../lufa-LUFA-111009/LUFA/Drivers/USB/Core/../../../Common/Common.h **** 				Byte = (((Byte & 0xCC) >> 2) | ((Byte & 0x33) << 2));
 231:../lufa-LUFA-111009/LUFA/Drivers/USB/Core/../../../Common/Common.h **** 				Byte = (((Byte & 0xAA) >> 1) | ((Byte & 0x55) << 1));
 232:../lufa-LUFA-111009/LUFA/Drivers/USB/Core/../../../Common/Common.h **** 
 233:../lufa-LUFA-111009/LUFA/Drivers/USB/Core/../../../Common/Common.h **** 				return Byte;
 234:../lufa-LUFA-111009/LUFA/Drivers/USB/Core/../../../Common/Common.h **** 			}
 235:../lufa-LUFA-111009/LUFA/Drivers/USB/Core/../../../Common/Common.h **** 
 236:../lufa-LUFA-111009/LUFA/Drivers/USB/Core/../../../Common/Common.h **** 			/** Function to perform a blocking delay for a specified number of milliseconds. The actual dela
 237:../lufa-LUFA-111009/LUFA/Drivers/USB/Core/../../../Common/Common.h **** 			 *  at a minimum the specified number of milliseconds, however due to loop overhead and internal
 238:../lufa-LUFA-111009/LUFA/Drivers/USB/Core/../../../Common/Common.h **** 			 *  may be slightly higher.
 239:../lufa-LUFA-111009/LUFA/Drivers/USB/Core/../../../Common/Common.h **** 			 *
 240:../lufa-LUFA-111009/LUFA/Drivers/USB/Core/../../../Common/Common.h **** 			 *  \param[in] Milliseconds  Number of milliseconds to delay
 241:../lufa-LUFA-111009/LUFA/Drivers/USB/Core/../../../Common/Common.h **** 			 */
 242:../lufa-LUFA-111009/LUFA/Drivers/USB/Core/../../../Common/Common.h **** 			static inline void Delay_MS(uint16_t Milliseconds) ATTR_ALWAYS_INLINE;
 243:../lufa-LUFA-111009/LUFA/Drivers/USB/Core/../../../Common/Common.h **** 			static inline void Delay_MS(uint16_t Milliseconds)
 244:../lufa-LUFA-111009/LUFA/Drivers/USB/Core/../../../Common/Common.h **** 			{
 245:../lufa-LUFA-111009/LUFA/Drivers/USB/Core/../../../Common/Common.h **** 				#if (ARCH == ARCH_AVR8)
 246:../lufa-LUFA-111009/LUFA/Drivers/USB/Core/../../../Common/Common.h **** 				if (GCC_IS_COMPILE_CONST(Milliseconds))
 247:../lufa-LUFA-111009/LUFA/Drivers/USB/Core/../../../Common/Common.h **** 				{
 248:../lufa-LUFA-111009/LUFA/Drivers/USB/Core/../../../Common/Common.h **** 					_delay_ms(Milliseconds);
 249:../lufa-LUFA-111009/LUFA/Drivers/USB/Core/../../../Common/Common.h **** 				}
 250:../lufa-LUFA-111009/LUFA/Drivers/USB/Core/../../../Common/Common.h **** 				else
 251:../lufa-LUFA-111009/LUFA/Drivers/USB/Core/../../../Common/Common.h **** 				{
 252:../lufa-LUFA-111009/LUFA/Drivers/USB/Core/../../../Common/Common.h **** 					while (Milliseconds--)
 253:../lufa-LUFA-111009/LUFA/Drivers/USB/Core/../../../Common/Common.h **** 					  _delay_ms(1);
 254:../lufa-LUFA-111009/LUFA/Drivers/USB/Core/../../../Common/Common.h **** 				}
 255:../lufa-LUFA-111009/LUFA/Drivers/USB/Core/../../../Common/Common.h **** 				#elif (ARCH == ARCH_UC3)
 256:../lufa-LUFA-111009/LUFA/Drivers/USB/Core/../../../Common/Common.h **** 				while (Milliseconds--)
 257:../lufa-LUFA-111009/LUFA/Drivers/USB/Core/../../../Common/Common.h **** 				{
 258:../lufa-LUFA-111009/LUFA/Drivers/USB/Core/../../../Common/Common.h **** 					__builtin_mtsr(AVR32_COUNT, 0);
 259:../lufa-LUFA-111009/LUFA/Drivers/USB/Core/../../../Common/Common.h **** 					while (__builtin_mfsr(AVR32_COUNT) < (F_CPU / 1000));				
 260:../lufa-LUFA-111009/LUFA/Drivers/USB/Core/../../../Common/Common.h **** 				}
 261:../lufa-LUFA-111009/LUFA/Drivers/USB/Core/../../../Common/Common.h **** 				#elif (ARCH == ARCH_XMEGA)
 262:../lufa-LUFA-111009/LUFA/Drivers/USB/Core/../../../Common/Common.h **** 				if (GCC_IS_COMPILE_CONST(Milliseconds))
 263:../lufa-LUFA-111009/LUFA/Drivers/USB/Core/../../../Common/Common.h **** 				{
 264:../lufa-LUFA-111009/LUFA/Drivers/USB/Core/../../../Common/Common.h **** 					_delay_ms(Milliseconds);
 265:../lufa-LUFA-111009/LUFA/Drivers/USB/Core/../../../Common/Common.h **** 				}
 266:../lufa-LUFA-111009/LUFA/Drivers/USB/Core/../../../Common/Common.h **** 				else
 267:../lufa-LUFA-111009/LUFA/Drivers/USB/Core/../../../Common/Common.h **** 				{
 268:../lufa-LUFA-111009/LUFA/Drivers/USB/Core/../../../Common/Common.h **** 					while (Milliseconds--)
 269:../lufa-LUFA-111009/LUFA/Drivers/USB/Core/../../../Common/Common.h **** 					  _delay_ms(1);
 270:../lufa-LUFA-111009/LUFA/Drivers/USB/Core/../../../Common/Common.h **** 				}				
 271:../lufa-LUFA-111009/LUFA/Drivers/USB/Core/../../../Common/Common.h **** 				#endif
 272:../lufa-LUFA-111009/LUFA/Drivers/USB/Core/../../../Common/Common.h **** 			}
 273:../lufa-LUFA-111009/LUFA/Drivers/USB/Core/../../../Common/Common.h **** 
 274:../lufa-LUFA-111009/LUFA/Drivers/USB/Core/../../../Common/Common.h **** 			/** Retrieves a mask which contains the current state of the global interrupts for the device. T
 275:../lufa-LUFA-111009/LUFA/Drivers/USB/Core/../../../Common/Common.h **** 			 *  value can be stored before altering the global interrupt enable state, before restoring the
 276:../lufa-LUFA-111009/LUFA/Drivers/USB/Core/../../../Common/Common.h **** 			 *  flag(s) back to their previous values after a critical section using \ref SetGlobalInterrupt
 277:../lufa-LUFA-111009/LUFA/Drivers/USB/Core/../../../Common/Common.h **** 			 *
 278:../lufa-LUFA-111009/LUFA/Drivers/USB/Core/../../../Common/Common.h **** 			 *  \ingroup Group_GlobalInt
 279:../lufa-LUFA-111009/LUFA/Drivers/USB/Core/../../../Common/Common.h **** 			 *
 280:../lufa-LUFA-111009/LUFA/Drivers/USB/Core/../../../Common/Common.h **** 			 *  \return  Mask containing the current Global Interrupt Enable Mask bit(s).
 281:../lufa-LUFA-111009/LUFA/Drivers/USB/Core/../../../Common/Common.h **** 			 */
 282:../lufa-LUFA-111009/LUFA/Drivers/USB/Core/../../../Common/Common.h **** 			static inline uint_reg_t GetGlobalInterruptMask(void) ATTR_ALWAYS_INLINE ATTR_WARN_UNUSED_RESULT
 283:../lufa-LUFA-111009/LUFA/Drivers/USB/Core/../../../Common/Common.h **** 			static inline uint_reg_t GetGlobalInterruptMask(void)
 284:../lufa-LUFA-111009/LUFA/Drivers/USB/Core/../../../Common/Common.h **** 			{
 285:../lufa-LUFA-111009/LUFA/Drivers/USB/Core/../../../Common/Common.h **** 				GCC_MEMORY_BARRIER();
 297               		.loc 3 285 0
 286:../lufa-LUFA-111009/LUFA/Drivers/USB/Core/../../../Common/Common.h **** 
 287:../lufa-LUFA-111009/LUFA/Drivers/USB/Core/../../../Common/Common.h **** 				#if (ARCH == ARCH_AVR8)
 288:../lufa-LUFA-111009/LUFA/Drivers/USB/Core/../../../Common/Common.h **** 				return SREG;
 298               		.loc 3 288 0
 299 00f8 0FB7      		in r16,__SREG__
 300               	.LBE188:
 301               	.LBE187:
 302               	.LBB189:
 303               	.LBB190:
 289:../lufa-LUFA-111009/LUFA/Drivers/USB/Core/../../../Common/Common.h **** 				#elif (ARCH == ARCH_UC3)
 290:../lufa-LUFA-111009/LUFA/Drivers/USB/Core/../../../Common/Common.h **** 				return __builtin_mfsr(AVR32_SR);
 291:../lufa-LUFA-111009/LUFA/Drivers/USB/Core/../../../Common/Common.h **** 				#elif (ARCH == ARCH_XMEGA)
 292:../lufa-LUFA-111009/LUFA/Drivers/USB/Core/../../../Common/Common.h **** 				return SREG;
 293:../lufa-LUFA-111009/LUFA/Drivers/USB/Core/../../../Common/Common.h **** 				#endif
 294:../lufa-LUFA-111009/LUFA/Drivers/USB/Core/../../../Common/Common.h **** 
 295:../lufa-LUFA-111009/LUFA/Drivers/USB/Core/../../../Common/Common.h **** 				GCC_MEMORY_BARRIER();
 296:../lufa-LUFA-111009/LUFA/Drivers/USB/Core/../../../Common/Common.h **** 			}
 297:../lufa-LUFA-111009/LUFA/Drivers/USB/Core/../../../Common/Common.h **** 
 298:../lufa-LUFA-111009/LUFA/Drivers/USB/Core/../../../Common/Common.h **** 			/** Sets the global interrupt enable state of the microcontroller to the mask passed into the fu
 299:../lufa-LUFA-111009/LUFA/Drivers/USB/Core/../../../Common/Common.h **** 			 *  This can be combined with \ref GetGlobalInterruptMask() to save and restore the Global Inter
 300:../lufa-LUFA-111009/LUFA/Drivers/USB/Core/../../../Common/Common.h **** 			 *  Mask bit(s) of the device after a critical section has completed.
 301:../lufa-LUFA-111009/LUFA/Drivers/USB/Core/../../../Common/Common.h **** 			 *
 302:../lufa-LUFA-111009/LUFA/Drivers/USB/Core/../../../Common/Common.h **** 			 *  \ingroup Group_GlobalInt
 303:../lufa-LUFA-111009/LUFA/Drivers/USB/Core/../../../Common/Common.h **** 			 *
 304:../lufa-LUFA-111009/LUFA/Drivers/USB/Core/../../../Common/Common.h **** 			 *  \param[in] GlobalIntState  Global Interrupt Enable Mask value to use
 305:../lufa-LUFA-111009/LUFA/Drivers/USB/Core/../../../Common/Common.h **** 			 */
 306:../lufa-LUFA-111009/LUFA/Drivers/USB/Core/../../../Common/Common.h **** 			static inline void SetGlobalInterruptMask(const uint_reg_t GlobalIntState) ATTR_ALWAYS_INLINE;
 307:../lufa-LUFA-111009/LUFA/Drivers/USB/Core/../../../Common/Common.h **** 			static inline void SetGlobalInterruptMask(const uint_reg_t GlobalIntState)
 308:../lufa-LUFA-111009/LUFA/Drivers/USB/Core/../../../Common/Common.h **** 			{
 309:../lufa-LUFA-111009/LUFA/Drivers/USB/Core/../../../Common/Common.h **** 				GCC_MEMORY_BARRIER();
 310:../lufa-LUFA-111009/LUFA/Drivers/USB/Core/../../../Common/Common.h **** 
 311:../lufa-LUFA-111009/LUFA/Drivers/USB/Core/../../../Common/Common.h **** 				#if (ARCH == ARCH_AVR8)
 312:../lufa-LUFA-111009/LUFA/Drivers/USB/Core/../../../Common/Common.h **** 				SREG = GlobalIntState;
 313:../lufa-LUFA-111009/LUFA/Drivers/USB/Core/../../../Common/Common.h **** 				#elif (ARCH == ARCH_UC3)
 314:../lufa-LUFA-111009/LUFA/Drivers/USB/Core/../../../Common/Common.h **** 				if (GlobalIntState & AVR32_SR_GM)
 315:../lufa-LUFA-111009/LUFA/Drivers/USB/Core/../../../Common/Common.h **** 				  __builtin_ssrf(AVR32_SR_GM_OFFSET);
 316:../lufa-LUFA-111009/LUFA/Drivers/USB/Core/../../../Common/Common.h **** 				else
 317:../lufa-LUFA-111009/LUFA/Drivers/USB/Core/../../../Common/Common.h **** 				  __builtin_csrf(AVR32_SR_GM_OFFSET);
 318:../lufa-LUFA-111009/LUFA/Drivers/USB/Core/../../../Common/Common.h **** 				#elif (ARCH == ARCH_XMEGA)
 319:../lufa-LUFA-111009/LUFA/Drivers/USB/Core/../../../Common/Common.h **** 				SREG = GlobalIntState;				
 320:../lufa-LUFA-111009/LUFA/Drivers/USB/Core/../../../Common/Common.h **** 				#endif
 321:../lufa-LUFA-111009/LUFA/Drivers/USB/Core/../../../Common/Common.h **** 				
 322:../lufa-LUFA-111009/LUFA/Drivers/USB/Core/../../../Common/Common.h **** 				GCC_MEMORY_BARRIER();
 323:../lufa-LUFA-111009/LUFA/Drivers/USB/Core/../../../Common/Common.h **** 			}
 324:../lufa-LUFA-111009/LUFA/Drivers/USB/Core/../../../Common/Common.h **** 		
 325:../lufa-LUFA-111009/LUFA/Drivers/USB/Core/../../../Common/Common.h **** 			/** Enables global interrupt handling for the device, allowing interrupts to be handled.
 326:../lufa-LUFA-111009/LUFA/Drivers/USB/Core/../../../Common/Common.h **** 			 *
 327:../lufa-LUFA-111009/LUFA/Drivers/USB/Core/../../../Common/Common.h **** 			 *  \ingroup Group_GlobalInt
 328:../lufa-LUFA-111009/LUFA/Drivers/USB/Core/../../../Common/Common.h **** 			 */
 329:../lufa-LUFA-111009/LUFA/Drivers/USB/Core/../../../Common/Common.h **** 			static inline void GlobalInterruptEnable(void) ATTR_ALWAYS_INLINE;
 330:../lufa-LUFA-111009/LUFA/Drivers/USB/Core/../../../Common/Common.h **** 			static inline void GlobalInterruptEnable(void)
 331:../lufa-LUFA-111009/LUFA/Drivers/USB/Core/../../../Common/Common.h **** 			{
 332:../lufa-LUFA-111009/LUFA/Drivers/USB/Core/../../../Common/Common.h **** 				GCC_MEMORY_BARRIER();
 333:../lufa-LUFA-111009/LUFA/Drivers/USB/Core/../../../Common/Common.h **** 
 334:../lufa-LUFA-111009/LUFA/Drivers/USB/Core/../../../Common/Common.h **** 				#if (ARCH == ARCH_AVR8)
 335:../lufa-LUFA-111009/LUFA/Drivers/USB/Core/../../../Common/Common.h **** 				sei();
 336:../lufa-LUFA-111009/LUFA/Drivers/USB/Core/../../../Common/Common.h **** 				#elif (ARCH == ARCH_UC3)
 337:../lufa-LUFA-111009/LUFA/Drivers/USB/Core/../../../Common/Common.h **** 				__builtin_csrf(AVR32_SR_GM_OFFSET);
 338:../lufa-LUFA-111009/LUFA/Drivers/USB/Core/../../../Common/Common.h **** 				#elif (ARCH == ARCH_XMEGA)
 339:../lufa-LUFA-111009/LUFA/Drivers/USB/Core/../../../Common/Common.h **** 				sei();
 340:../lufa-LUFA-111009/LUFA/Drivers/USB/Core/../../../Common/Common.h **** 				#endif
 341:../lufa-LUFA-111009/LUFA/Drivers/USB/Core/../../../Common/Common.h **** 
 342:../lufa-LUFA-111009/LUFA/Drivers/USB/Core/../../../Common/Common.h **** 				GCC_MEMORY_BARRIER();
 343:../lufa-LUFA-111009/LUFA/Drivers/USB/Core/../../../Common/Common.h **** 			}		
 344:../lufa-LUFA-111009/LUFA/Drivers/USB/Core/../../../Common/Common.h **** 
 345:../lufa-LUFA-111009/LUFA/Drivers/USB/Core/../../../Common/Common.h **** 			/** Disabled global interrupt handling for the device, preventing interrupts from being handled.
 346:../lufa-LUFA-111009/LUFA/Drivers/USB/Core/../../../Common/Common.h **** 			 *
 347:../lufa-LUFA-111009/LUFA/Drivers/USB/Core/../../../Common/Common.h **** 			 *  \ingroup Group_GlobalInt
 348:../lufa-LUFA-111009/LUFA/Drivers/USB/Core/../../../Common/Common.h **** 			 */
 349:../lufa-LUFA-111009/LUFA/Drivers/USB/Core/../../../Common/Common.h **** 			static inline void GlobalInterruptDisable(void) ATTR_ALWAYS_INLINE;
 350:../lufa-LUFA-111009/LUFA/Drivers/USB/Core/../../../Common/Common.h **** 			static inline void GlobalInterruptDisable(void)
 351:../lufa-LUFA-111009/LUFA/Drivers/USB/Core/../../../Common/Common.h **** 			{
 352:../lufa-LUFA-111009/LUFA/Drivers/USB/Core/../../../Common/Common.h **** 				GCC_MEMORY_BARRIER();
 304               		.loc 3 352 0
 353:../lufa-LUFA-111009/LUFA/Drivers/USB/Core/../../../Common/Common.h **** 
 354:../lufa-LUFA-111009/LUFA/Drivers/USB/Core/../../../Common/Common.h **** 				#if (ARCH == ARCH_AVR8)
 355:../lufa-LUFA-111009/LUFA/Drivers/USB/Core/../../../Common/Common.h **** 				cli();
 305               		.loc 3 355 0
 306               	/* #APP */
 307               	 ;  355 "../lufa-LUFA-111009/LUFA/Drivers/USB/Core/../../../Common/Common.h" 1
 308 00fa F894      		cli
 309               	 ;  0 "" 2
 356:../lufa-LUFA-111009/LUFA/Drivers/USB/Core/../../../Common/Common.h **** 				#elif (ARCH == ARCH_UC3)
 357:../lufa-LUFA-111009/LUFA/Drivers/USB/Core/../../../Common/Common.h **** 				__builtin_ssrf(AVR32_SR_GM_OFFSET);
 358:../lufa-LUFA-111009/LUFA/Drivers/USB/Core/../../../Common/Common.h **** 				#elif (ARCH == ARCH_XMEGA)
 359:../lufa-LUFA-111009/LUFA/Drivers/USB/Core/../../../Common/Common.h **** 				cli();
 360:../lufa-LUFA-111009/LUFA/Drivers/USB/Core/../../../Common/Common.h **** 				#endif
 361:../lufa-LUFA-111009/LUFA/Drivers/USB/Core/../../../Common/Common.h **** 
 362:../lufa-LUFA-111009/LUFA/Drivers/USB/Core/../../../Common/Common.h **** 				GCC_MEMORY_BARRIER();
 310               		.loc 3 362 0
 311               	/* #NOAPP */
 312               	.LBE190:
 313               	.LBE189:
 314               	.LBB191:
 315               	.LBB192:
 504:../lufa-LUFA-111009/LUFA/Drivers/USB/Core/AVR8/../AVR8/Endpoint_AVR8.h **** 			}
 316               		.loc 2 504 0
 317 00fc 8091 E800 		lds r24,232
 318               	.LVL27:
 319 0100 877F      		andi r24,lo8(-9)
 320 0102 8093 E800 		sts 232,r24
 321               	.LVL28:
 322               	.LBE192:
 323               	.LBE191:
 130:../lufa-LUFA-111009/LUFA/Drivers/USB/Core/DeviceStandardReq.c **** 
 324               		.loc 1 130 0
 325 0106 0E94 0000 		call Endpoint_ClearStatusStage
 326               	.LVL29:
 327               	.L16:
 328               	.LBB193:
 329               	.LBB194:
 467:../lufa-LUFA-111009/LUFA/Drivers/USB/Core/AVR8/../AVR8/Endpoint_AVR8.h **** 			}
 330               		.loc 2 467 0
 331 010a 8091 E800 		lds r24,232
 332               	.LBE194:
 333               	.LBE193:
 132:../lufa-LUFA-111009/LUFA/Drivers/USB/Core/DeviceStandardReq.c **** 
 334               		.loc 1 132 0
 335 010e 80FF      		sbrs r24,0
 336 0110 00C0      		rjmp .L16
 337               	.LVL30:
 338               	.LBB195:
 339               	.LBB196:
 340               		.file 4 "../lufa-LUFA-111009/LUFA/Drivers/USB/Core/AVR8/../AVR8/Device_AVR8.h"
   1:../lufa-LUFA-111009/LUFA/Drivers/USB/Core/AVR8/../AVR8/Device_AVR8.h **** /*
   2:../lufa-LUFA-111009/LUFA/Drivers/USB/Core/AVR8/../AVR8/Device_AVR8.h ****              LUFA Library
   3:../lufa-LUFA-111009/LUFA/Drivers/USB/Core/AVR8/../AVR8/Device_AVR8.h ****      Copyright (C) Dean Camera, 2011.
   4:../lufa-LUFA-111009/LUFA/Drivers/USB/Core/AVR8/../AVR8/Device_AVR8.h **** 
   5:../lufa-LUFA-111009/LUFA/Drivers/USB/Core/AVR8/../AVR8/Device_AVR8.h ****   dean [at] fourwalledcubicle [dot] com
   6:../lufa-LUFA-111009/LUFA/Drivers/USB/Core/AVR8/../AVR8/Device_AVR8.h ****            www.lufa-lib.org
   7:../lufa-LUFA-111009/LUFA/Drivers/USB/Core/AVR8/../AVR8/Device_AVR8.h **** */
   8:../lufa-LUFA-111009/LUFA/Drivers/USB/Core/AVR8/../AVR8/Device_AVR8.h **** 
   9:../lufa-LUFA-111009/LUFA/Drivers/USB/Core/AVR8/../AVR8/Device_AVR8.h **** /*
  10:../lufa-LUFA-111009/LUFA/Drivers/USB/Core/AVR8/../AVR8/Device_AVR8.h ****   Copyright 2011  Dean Camera (dean [at] fourwalledcubicle [dot] com)
  11:../lufa-LUFA-111009/LUFA/Drivers/USB/Core/AVR8/../AVR8/Device_AVR8.h **** 
  12:../lufa-LUFA-111009/LUFA/Drivers/USB/Core/AVR8/../AVR8/Device_AVR8.h ****   Permission to use, copy, modify, distribute, and sell this
  13:../lufa-LUFA-111009/LUFA/Drivers/USB/Core/AVR8/../AVR8/Device_AVR8.h ****   software and its documentation for any purpose is hereby granted
  14:../lufa-LUFA-111009/LUFA/Drivers/USB/Core/AVR8/../AVR8/Device_AVR8.h ****   without fee, provided that the above copyright notice appear in
  15:../lufa-LUFA-111009/LUFA/Drivers/USB/Core/AVR8/../AVR8/Device_AVR8.h ****   all copies and that both that the copyright notice and this
  16:../lufa-LUFA-111009/LUFA/Drivers/USB/Core/AVR8/../AVR8/Device_AVR8.h ****   permission notice and warranty disclaimer appear in supporting
  17:../lufa-LUFA-111009/LUFA/Drivers/USB/Core/AVR8/../AVR8/Device_AVR8.h ****   documentation, and that the name of the author not be used in
  18:../lufa-LUFA-111009/LUFA/Drivers/USB/Core/AVR8/../AVR8/Device_AVR8.h ****   advertising or publicity pertaining to distribution of the
  19:../lufa-LUFA-111009/LUFA/Drivers/USB/Core/AVR8/../AVR8/Device_AVR8.h ****   software without specific, written prior permission.
  20:../lufa-LUFA-111009/LUFA/Drivers/USB/Core/AVR8/../AVR8/Device_AVR8.h **** 
  21:../lufa-LUFA-111009/LUFA/Drivers/USB/Core/AVR8/../AVR8/Device_AVR8.h ****   The author disclaim all warranties with regard to this
  22:../lufa-LUFA-111009/LUFA/Drivers/USB/Core/AVR8/../AVR8/Device_AVR8.h ****   software, including all implied warranties of merchantability
  23:../lufa-LUFA-111009/LUFA/Drivers/USB/Core/AVR8/../AVR8/Device_AVR8.h ****   and fitness.  In no event shall the author be liable for any
  24:../lufa-LUFA-111009/LUFA/Drivers/USB/Core/AVR8/../AVR8/Device_AVR8.h ****   special, indirect or consequential damages or any damages
  25:../lufa-LUFA-111009/LUFA/Drivers/USB/Core/AVR8/../AVR8/Device_AVR8.h ****   whatsoever resulting from loss of use, data or profits, whether
  26:../lufa-LUFA-111009/LUFA/Drivers/USB/Core/AVR8/../AVR8/Device_AVR8.h ****   in an action of contract, negligence or other tortious action,
  27:../lufa-LUFA-111009/LUFA/Drivers/USB/Core/AVR8/../AVR8/Device_AVR8.h ****   arising out of or in connection with the use or performance of
  28:../lufa-LUFA-111009/LUFA/Drivers/USB/Core/AVR8/../AVR8/Device_AVR8.h ****   this software.
  29:../lufa-LUFA-111009/LUFA/Drivers/USB/Core/AVR8/../AVR8/Device_AVR8.h **** */
  30:../lufa-LUFA-111009/LUFA/Drivers/USB/Core/AVR8/../AVR8/Device_AVR8.h **** 
  31:../lufa-LUFA-111009/LUFA/Drivers/USB/Core/AVR8/../AVR8/Device_AVR8.h **** /** \file
  32:../lufa-LUFA-111009/LUFA/Drivers/USB/Core/AVR8/../AVR8/Device_AVR8.h ****  *  \brief USB Device definitions for the AVR8 microcontrollers.
  33:../lufa-LUFA-111009/LUFA/Drivers/USB/Core/AVR8/../AVR8/Device_AVR8.h ****  *  \copydetails Group_Device_AVR8
  34:../lufa-LUFA-111009/LUFA/Drivers/USB/Core/AVR8/../AVR8/Device_AVR8.h ****  *
  35:../lufa-LUFA-111009/LUFA/Drivers/USB/Core/AVR8/../AVR8/Device_AVR8.h ****  *  \note This file should not be included directly. It is automatically included as needed by the 
  36:../lufa-LUFA-111009/LUFA/Drivers/USB/Core/AVR8/../AVR8/Device_AVR8.h ****  *        dispatch header located in LUFA/Drivers/USB/USB.h.
  37:../lufa-LUFA-111009/LUFA/Drivers/USB/Core/AVR8/../AVR8/Device_AVR8.h ****  */
  38:../lufa-LUFA-111009/LUFA/Drivers/USB/Core/AVR8/../AVR8/Device_AVR8.h **** 
  39:../lufa-LUFA-111009/LUFA/Drivers/USB/Core/AVR8/../AVR8/Device_AVR8.h **** /** \ingroup Group_Device
  40:../lufa-LUFA-111009/LUFA/Drivers/USB/Core/AVR8/../AVR8/Device_AVR8.h ****  *  \defgroup Group_Device_AVR8 Device Management (AVR8)
  41:../lufa-LUFA-111009/LUFA/Drivers/USB/Core/AVR8/../AVR8/Device_AVR8.h ****  *  \brief USB Device definitions for the AVR8 microcontrollers.
  42:../lufa-LUFA-111009/LUFA/Drivers/USB/Core/AVR8/../AVR8/Device_AVR8.h ****  *
  43:../lufa-LUFA-111009/LUFA/Drivers/USB/Core/AVR8/../AVR8/Device_AVR8.h ****  *  Architecture specific USB Device definitions for the Atmel 8-bit AVR microcontrollers.
  44:../lufa-LUFA-111009/LUFA/Drivers/USB/Core/AVR8/../AVR8/Device_AVR8.h ****  *
  45:../lufa-LUFA-111009/LUFA/Drivers/USB/Core/AVR8/../AVR8/Device_AVR8.h ****  *  @{
  46:../lufa-LUFA-111009/LUFA/Drivers/USB/Core/AVR8/../AVR8/Device_AVR8.h ****  */
  47:../lufa-LUFA-111009/LUFA/Drivers/USB/Core/AVR8/../AVR8/Device_AVR8.h **** 
  48:../lufa-LUFA-111009/LUFA/Drivers/USB/Core/AVR8/../AVR8/Device_AVR8.h **** #ifndef __USBDEVICE_AVR8_H__
  49:../lufa-LUFA-111009/LUFA/Drivers/USB/Core/AVR8/../AVR8/Device_AVR8.h **** #define __USBDEVICE_AVR8_H__
  50:../lufa-LUFA-111009/LUFA/Drivers/USB/Core/AVR8/../AVR8/Device_AVR8.h **** 
  51:../lufa-LUFA-111009/LUFA/Drivers/USB/Core/AVR8/../AVR8/Device_AVR8.h **** 	/* Includes: */
  52:../lufa-LUFA-111009/LUFA/Drivers/USB/Core/AVR8/../AVR8/Device_AVR8.h **** 		#include "../../../../Common/Common.h"
  53:../lufa-LUFA-111009/LUFA/Drivers/USB/Core/AVR8/../AVR8/Device_AVR8.h **** 		#include "../USBController.h"
  54:../lufa-LUFA-111009/LUFA/Drivers/USB/Core/AVR8/../AVR8/Device_AVR8.h **** 		#include "../StdDescriptors.h"
  55:../lufa-LUFA-111009/LUFA/Drivers/USB/Core/AVR8/../AVR8/Device_AVR8.h **** 		#include "../USBInterrupt.h"
  56:../lufa-LUFA-111009/LUFA/Drivers/USB/Core/AVR8/../AVR8/Device_AVR8.h **** 		#include "../Endpoint.h"
  57:../lufa-LUFA-111009/LUFA/Drivers/USB/Core/AVR8/../AVR8/Device_AVR8.h **** 		
  58:../lufa-LUFA-111009/LUFA/Drivers/USB/Core/AVR8/../AVR8/Device_AVR8.h **** 	/* Enable C linkage for C++ Compilers: */
  59:../lufa-LUFA-111009/LUFA/Drivers/USB/Core/AVR8/../AVR8/Device_AVR8.h **** 		#if defined(__cplusplus)
  60:../lufa-LUFA-111009/LUFA/Drivers/USB/Core/AVR8/../AVR8/Device_AVR8.h **** 			extern "C" {
  61:../lufa-LUFA-111009/LUFA/Drivers/USB/Core/AVR8/../AVR8/Device_AVR8.h **** 		#endif
  62:../lufa-LUFA-111009/LUFA/Drivers/USB/Core/AVR8/../AVR8/Device_AVR8.h **** 
  63:../lufa-LUFA-111009/LUFA/Drivers/USB/Core/AVR8/../AVR8/Device_AVR8.h **** 	/* Preprocessor Checks: */
  64:../lufa-LUFA-111009/LUFA/Drivers/USB/Core/AVR8/../AVR8/Device_AVR8.h **** 		#if !defined(__INCLUDE_FROM_USB_DRIVER)
  65:../lufa-LUFA-111009/LUFA/Drivers/USB/Core/AVR8/../AVR8/Device_AVR8.h **** 			#error Do not include this file directly. Include LUFA/Drivers/USB/USB.h instead.
  66:../lufa-LUFA-111009/LUFA/Drivers/USB/Core/AVR8/../AVR8/Device_AVR8.h **** 		#endif
  67:../lufa-LUFA-111009/LUFA/Drivers/USB/Core/AVR8/../AVR8/Device_AVR8.h **** 
  68:../lufa-LUFA-111009/LUFA/Drivers/USB/Core/AVR8/../AVR8/Device_AVR8.h **** 		#if (defined(USE_RAM_DESCRIPTORS) && defined(USE_EEPROM_DESCRIPTORS))
  69:../lufa-LUFA-111009/LUFA/Drivers/USB/Core/AVR8/../AVR8/Device_AVR8.h **** 			#error USE_RAM_DESCRIPTORS and USE_EEPROM_DESCRIPTORS are mutually exclusive.
  70:../lufa-LUFA-111009/LUFA/Drivers/USB/Core/AVR8/../AVR8/Device_AVR8.h **** 		#endif
  71:../lufa-LUFA-111009/LUFA/Drivers/USB/Core/AVR8/../AVR8/Device_AVR8.h **** 
  72:../lufa-LUFA-111009/LUFA/Drivers/USB/Core/AVR8/../AVR8/Device_AVR8.h **** 	/* Public Interface - May be used in end-application: */
  73:../lufa-LUFA-111009/LUFA/Drivers/USB/Core/AVR8/../AVR8/Device_AVR8.h **** 		/* Macros: */
  74:../lufa-LUFA-111009/LUFA/Drivers/USB/Core/AVR8/../AVR8/Device_AVR8.h **** 			/** \name USB Device Mode Option Masks */
  75:../lufa-LUFA-111009/LUFA/Drivers/USB/Core/AVR8/../AVR8/Device_AVR8.h **** 			//@{
  76:../lufa-LUFA-111009/LUFA/Drivers/USB/Core/AVR8/../AVR8/Device_AVR8.h **** 			#if defined(USB_SERIES_4_AVR) || defined(USB_SERIES_6_AVR) || defined(USB_SERIES_7_AVR) || defin
  77:../lufa-LUFA-111009/LUFA/Drivers/USB/Core/AVR8/../AVR8/Device_AVR8.h **** 				/** Mask for the Options parameter of the \ref USB_Init() function. This indicates that the
  78:../lufa-LUFA-111009/LUFA/Drivers/USB/Core/AVR8/../AVR8/Device_AVR8.h **** 				 *  USB interface should be initialized in low speed (1.5Mb/s) mode.
  79:../lufa-LUFA-111009/LUFA/Drivers/USB/Core/AVR8/../AVR8/Device_AVR8.h **** 				 *
  80:../lufa-LUFA-111009/LUFA/Drivers/USB/Core/AVR8/../AVR8/Device_AVR8.h **** 				 *  \note Low Speed mode is not available on all USB AVR models.
  81:../lufa-LUFA-111009/LUFA/Drivers/USB/Core/AVR8/../AVR8/Device_AVR8.h **** 				 *        \n
  82:../lufa-LUFA-111009/LUFA/Drivers/USB/Core/AVR8/../AVR8/Device_AVR8.h **** 				 *
  83:../lufa-LUFA-111009/LUFA/Drivers/USB/Core/AVR8/../AVR8/Device_AVR8.h **** 				 *  \note Restrictions apply on the number, size and type of endpoints which can be used
  84:../lufa-LUFA-111009/LUFA/Drivers/USB/Core/AVR8/../AVR8/Device_AVR8.h **** 				 *        when running in low speed mode - refer to the USB 2.0 specification.
  85:../lufa-LUFA-111009/LUFA/Drivers/USB/Core/AVR8/../AVR8/Device_AVR8.h **** 				 */
  86:../lufa-LUFA-111009/LUFA/Drivers/USB/Core/AVR8/../AVR8/Device_AVR8.h **** 				#define USB_DEVICE_OPT_LOWSPEED            (1 << 0)
  87:../lufa-LUFA-111009/LUFA/Drivers/USB/Core/AVR8/../AVR8/Device_AVR8.h **** 			#endif
  88:../lufa-LUFA-111009/LUFA/Drivers/USB/Core/AVR8/../AVR8/Device_AVR8.h **** 
  89:../lufa-LUFA-111009/LUFA/Drivers/USB/Core/AVR8/../AVR8/Device_AVR8.h **** 			/** Mask for the Options parameter of the \ref USB_Init() function. This indicates that the
  90:../lufa-LUFA-111009/LUFA/Drivers/USB/Core/AVR8/../AVR8/Device_AVR8.h **** 			 *  USB interface should be initialized in full speed (12Mb/s) mode.
  91:../lufa-LUFA-111009/LUFA/Drivers/USB/Core/AVR8/../AVR8/Device_AVR8.h **** 			 */
  92:../lufa-LUFA-111009/LUFA/Drivers/USB/Core/AVR8/../AVR8/Device_AVR8.h **** 			#define USB_DEVICE_OPT_FULLSPEED               (0 << 0)
  93:../lufa-LUFA-111009/LUFA/Drivers/USB/Core/AVR8/../AVR8/Device_AVR8.h **** 			//@}
  94:../lufa-LUFA-111009/LUFA/Drivers/USB/Core/AVR8/../AVR8/Device_AVR8.h **** 			
  95:../lufa-LUFA-111009/LUFA/Drivers/USB/Core/AVR8/../AVR8/Device_AVR8.h **** 			#if (!defined(NO_INTERNAL_SERIAL) && \
  96:../lufa-LUFA-111009/LUFA/Drivers/USB/Core/AVR8/../AVR8/Device_AVR8.h **** 			     (defined(USB_SERIES_7_AVR) || defined(USB_SERIES_6_AVR) || defined(USB_SERIES_4_AVR) || \
  97:../lufa-LUFA-111009/LUFA/Drivers/USB/Core/AVR8/../AVR8/Device_AVR8.h **** 			      (defined(USB_SERIES_2_AVR) && (!defined(__AVR_AT90USB82__) || defined(__AVR_AT90USB162__))
  98:../lufa-LUFA-111009/LUFA/Drivers/USB/Core/AVR8/../AVR8/Device_AVR8.h **** 				  defined(__DOXYGEN__)))
  99:../lufa-LUFA-111009/LUFA/Drivers/USB/Core/AVR8/../AVR8/Device_AVR8.h **** 				/** String descriptor index for the device's unique serial number string descriptor within the 
 100:../lufa-LUFA-111009/LUFA/Drivers/USB/Core/AVR8/../AVR8/Device_AVR8.h **** 				 *  This unique serial number is used by the host to associate resources to the device (such as
 101:../lufa-LUFA-111009/LUFA/Drivers/USB/Core/AVR8/../AVR8/Device_AVR8.h **** 				 *  number allocations) to a device regardless of the port it is plugged in to on the host. Som
 102:../lufa-LUFA-111009/LUFA/Drivers/USB/Core/AVR8/../AVR8/Device_AVR8.h **** 				 *  a unique serial number internally, and setting the device descriptors serial number string 
 103:../lufa-LUFA-111009/LUFA/Drivers/USB/Core/AVR8/../AVR8/Device_AVR8.h **** 				 *  will cause it to use the internal serial number.
 104:../lufa-LUFA-111009/LUFA/Drivers/USB/Core/AVR8/../AVR8/Device_AVR8.h **** 				 *
 105:../lufa-LUFA-111009/LUFA/Drivers/USB/Core/AVR8/../AVR8/Device_AVR8.h **** 				 *  On unsupported devices, this will evaluate to \ref NO_DESCRIPTOR and so will force the host
 106:../lufa-LUFA-111009/LUFA/Drivers/USB/Core/AVR8/../AVR8/Device_AVR8.h **** 				 *  number for the device.
 107:../lufa-LUFA-111009/LUFA/Drivers/USB/Core/AVR8/../AVR8/Device_AVR8.h **** 				 */
 108:../lufa-LUFA-111009/LUFA/Drivers/USB/Core/AVR8/../AVR8/Device_AVR8.h **** 				#define USE_INTERNAL_SERIAL            0xDC
 109:../lufa-LUFA-111009/LUFA/Drivers/USB/Core/AVR8/../AVR8/Device_AVR8.h **** 
 110:../lufa-LUFA-111009/LUFA/Drivers/USB/Core/AVR8/../AVR8/Device_AVR8.h **** 				/** Length of the device's unique internal serial number, in bits, if present on the selected m
 111:../lufa-LUFA-111009/LUFA/Drivers/USB/Core/AVR8/../AVR8/Device_AVR8.h **** 				 *  model.
 112:../lufa-LUFA-111009/LUFA/Drivers/USB/Core/AVR8/../AVR8/Device_AVR8.h **** 				 */
 113:../lufa-LUFA-111009/LUFA/Drivers/USB/Core/AVR8/../AVR8/Device_AVR8.h **** 				#define INTERNAL_SERIAL_LENGTH_BITS    80
 114:../lufa-LUFA-111009/LUFA/Drivers/USB/Core/AVR8/../AVR8/Device_AVR8.h **** 				
 115:../lufa-LUFA-111009/LUFA/Drivers/USB/Core/AVR8/../AVR8/Device_AVR8.h **** 				/** Start address of the internal serial number, in the appropriate address space, if present o
 116:../lufa-LUFA-111009/LUFA/Drivers/USB/Core/AVR8/../AVR8/Device_AVR8.h **** 				 *  model.
 117:../lufa-LUFA-111009/LUFA/Drivers/USB/Core/AVR8/../AVR8/Device_AVR8.h **** 				 */
 118:../lufa-LUFA-111009/LUFA/Drivers/USB/Core/AVR8/../AVR8/Device_AVR8.h **** 				#define INTERNAL_SERIAL_START_ADDRESS  0x0E
 119:../lufa-LUFA-111009/LUFA/Drivers/USB/Core/AVR8/../AVR8/Device_AVR8.h **** 			#else
 120:../lufa-LUFA-111009/LUFA/Drivers/USB/Core/AVR8/../AVR8/Device_AVR8.h **** 				#define USE_INTERNAL_SERIAL            NO_DESCRIPTOR
 121:../lufa-LUFA-111009/LUFA/Drivers/USB/Core/AVR8/../AVR8/Device_AVR8.h **** 
 122:../lufa-LUFA-111009/LUFA/Drivers/USB/Core/AVR8/../AVR8/Device_AVR8.h **** 				#define INTERNAL_SERIAL_LENGTH_BITS    0
 123:../lufa-LUFA-111009/LUFA/Drivers/USB/Core/AVR8/../AVR8/Device_AVR8.h **** 				#define INTERNAL_SERIAL_START_ADDRESS  0
 124:../lufa-LUFA-111009/LUFA/Drivers/USB/Core/AVR8/../AVR8/Device_AVR8.h **** 			#endif			
 125:../lufa-LUFA-111009/LUFA/Drivers/USB/Core/AVR8/../AVR8/Device_AVR8.h **** 			
 126:../lufa-LUFA-111009/LUFA/Drivers/USB/Core/AVR8/../AVR8/Device_AVR8.h **** 		/* Function Prototypes: */
 127:../lufa-LUFA-111009/LUFA/Drivers/USB/Core/AVR8/../AVR8/Device_AVR8.h **** 			/** Sends a Remote Wakeup request to the host. This signals to the host that the device should
 128:../lufa-LUFA-111009/LUFA/Drivers/USB/Core/AVR8/../AVR8/Device_AVR8.h **** 			 *  be taken out of suspended mode, and communications should resume.
 129:../lufa-LUFA-111009/LUFA/Drivers/USB/Core/AVR8/../AVR8/Device_AVR8.h **** 			 *
 130:../lufa-LUFA-111009/LUFA/Drivers/USB/Core/AVR8/../AVR8/Device_AVR8.h **** 			 *  Typically, this is implemented so that HID devices (mice, keyboards, etc.) can wake up the
 131:../lufa-LUFA-111009/LUFA/Drivers/USB/Core/AVR8/../AVR8/Device_AVR8.h **** 			 *  host computer when the host has suspended all USB devices to enter a low power state.
 132:../lufa-LUFA-111009/LUFA/Drivers/USB/Core/AVR8/../AVR8/Device_AVR8.h **** 			 *
 133:../lufa-LUFA-111009/LUFA/Drivers/USB/Core/AVR8/../AVR8/Device_AVR8.h **** 			 *  \note This macro should only be used if the device has indicated to the host that it
 134:../lufa-LUFA-111009/LUFA/Drivers/USB/Core/AVR8/../AVR8/Device_AVR8.h **** 			 *        supports the Remote Wakeup feature in the device descriptors, and should only be
 135:../lufa-LUFA-111009/LUFA/Drivers/USB/Core/AVR8/../AVR8/Device_AVR8.h **** 			 *        issued if the host is currently allowing remote wakeup events from the device (i.e.,
 136:../lufa-LUFA-111009/LUFA/Drivers/USB/Core/AVR8/../AVR8/Device_AVR8.h **** 			 *        the \ref USB_Device_RemoteWakeupEnabled flag is set). When the \c NO_DEVICE_REMOTE_WAK
 137:../lufa-LUFA-111009/LUFA/Drivers/USB/Core/AVR8/../AVR8/Device_AVR8.h **** 			 *        compile time option is used, this macro is unavailable.
 138:../lufa-LUFA-111009/LUFA/Drivers/USB/Core/AVR8/../AVR8/Device_AVR8.h **** 			 *        \n\n
 139:../lufa-LUFA-111009/LUFA/Drivers/USB/Core/AVR8/../AVR8/Device_AVR8.h **** 			 *
 140:../lufa-LUFA-111009/LUFA/Drivers/USB/Core/AVR8/../AVR8/Device_AVR8.h **** 			 *  \note The USB clock must be running for this function to operate. If the stack is initialize
 141:../lufa-LUFA-111009/LUFA/Drivers/USB/Core/AVR8/../AVR8/Device_AVR8.h **** 			 *        the \ref USB_OPT_MANUAL_PLL option enabled, the user must ensure that the PLL is runni
 142:../lufa-LUFA-111009/LUFA/Drivers/USB/Core/AVR8/../AVR8/Device_AVR8.h **** 			 *        before attempting to call this function.
 143:../lufa-LUFA-111009/LUFA/Drivers/USB/Core/AVR8/../AVR8/Device_AVR8.h **** 			 *
 144:../lufa-LUFA-111009/LUFA/Drivers/USB/Core/AVR8/../AVR8/Device_AVR8.h **** 			 *  \see \ref Group_StdDescriptors for more information on the RMWAKEUP feature and device descr
 145:../lufa-LUFA-111009/LUFA/Drivers/USB/Core/AVR8/../AVR8/Device_AVR8.h **** 			 */
 146:../lufa-LUFA-111009/LUFA/Drivers/USB/Core/AVR8/../AVR8/Device_AVR8.h **** 			void USB_Device_SendRemoteWakeup(void);
 147:../lufa-LUFA-111009/LUFA/Drivers/USB/Core/AVR8/../AVR8/Device_AVR8.h **** 
 148:../lufa-LUFA-111009/LUFA/Drivers/USB/Core/AVR8/../AVR8/Device_AVR8.h **** 		/* Inline Functions: */
 149:../lufa-LUFA-111009/LUFA/Drivers/USB/Core/AVR8/../AVR8/Device_AVR8.h **** 			/** Returns the current USB frame number, when in device mode. Every millisecond the USB bus is 
 150:../lufa-LUFA-111009/LUFA/Drivers/USB/Core/AVR8/../AVR8/Device_AVR8.h **** 			 *  the frame number is incremented by one.
 151:../lufa-LUFA-111009/LUFA/Drivers/USB/Core/AVR8/../AVR8/Device_AVR8.h **** 			 *
 152:../lufa-LUFA-111009/LUFA/Drivers/USB/Core/AVR8/../AVR8/Device_AVR8.h **** 			 *  \return Current USB frame number from the USB controller.
 153:../lufa-LUFA-111009/LUFA/Drivers/USB/Core/AVR8/../AVR8/Device_AVR8.h **** 			 */
 154:../lufa-LUFA-111009/LUFA/Drivers/USB/Core/AVR8/../AVR8/Device_AVR8.h **** 			static inline uint16_t USB_Device_GetFrameNumber(void) ATTR_ALWAYS_INLINE ATTR_WARN_UNUSED_RESUL
 155:../lufa-LUFA-111009/LUFA/Drivers/USB/Core/AVR8/../AVR8/Device_AVR8.h **** 			static inline uint16_t USB_Device_GetFrameNumber(void)
 156:../lufa-LUFA-111009/LUFA/Drivers/USB/Core/AVR8/../AVR8/Device_AVR8.h **** 			{
 157:../lufa-LUFA-111009/LUFA/Drivers/USB/Core/AVR8/../AVR8/Device_AVR8.h **** 				return UDFNUM;
 158:../lufa-LUFA-111009/LUFA/Drivers/USB/Core/AVR8/../AVR8/Device_AVR8.h **** 			}
 159:../lufa-LUFA-111009/LUFA/Drivers/USB/Core/AVR8/../AVR8/Device_AVR8.h **** 
 160:../lufa-LUFA-111009/LUFA/Drivers/USB/Core/AVR8/../AVR8/Device_AVR8.h **** 			#if !defined(NO_SOF_EVENTS)
 161:../lufa-LUFA-111009/LUFA/Drivers/USB/Core/AVR8/../AVR8/Device_AVR8.h **** 				/** Enables the device mode Start Of Frame events. When enabled, this causes the
 162:../lufa-LUFA-111009/LUFA/Drivers/USB/Core/AVR8/../AVR8/Device_AVR8.h **** 				 *  \ref EVENT_USB_Device_StartOfFrame() event to fire once per millisecond, synchronized to th
 163:../lufa-LUFA-111009/LUFA/Drivers/USB/Core/AVR8/../AVR8/Device_AVR8.h **** 				 *  at the start of each USB frame when enumerated in device mode.
 164:../lufa-LUFA-111009/LUFA/Drivers/USB/Core/AVR8/../AVR8/Device_AVR8.h **** 				 *
 165:../lufa-LUFA-111009/LUFA/Drivers/USB/Core/AVR8/../AVR8/Device_AVR8.h **** 				 *  \note Not available when the \c NO_SOF_EVENTS compile time token is defined.
 166:../lufa-LUFA-111009/LUFA/Drivers/USB/Core/AVR8/../AVR8/Device_AVR8.h **** 				 */
 167:../lufa-LUFA-111009/LUFA/Drivers/USB/Core/AVR8/../AVR8/Device_AVR8.h **** 				static inline void USB_Device_EnableSOFEvents(void) ATTR_ALWAYS_INLINE;
 168:../lufa-LUFA-111009/LUFA/Drivers/USB/Core/AVR8/../AVR8/Device_AVR8.h **** 				static inline void USB_Device_EnableSOFEvents(void)
 169:../lufa-LUFA-111009/LUFA/Drivers/USB/Core/AVR8/../AVR8/Device_AVR8.h **** 				{
 170:../lufa-LUFA-111009/LUFA/Drivers/USB/Core/AVR8/../AVR8/Device_AVR8.h **** 					USB_INT_Enable(USB_INT_SOFI);
 171:../lufa-LUFA-111009/LUFA/Drivers/USB/Core/AVR8/../AVR8/Device_AVR8.h **** 				}
 172:../lufa-LUFA-111009/LUFA/Drivers/USB/Core/AVR8/../AVR8/Device_AVR8.h **** 
 173:../lufa-LUFA-111009/LUFA/Drivers/USB/Core/AVR8/../AVR8/Device_AVR8.h **** 				/** Disables the device mode Start Of Frame events. When disabled, this stops the firing of the
 174:../lufa-LUFA-111009/LUFA/Drivers/USB/Core/AVR8/../AVR8/Device_AVR8.h **** 				 *  \ref EVENT_USB_Device_StartOfFrame() event when enumerated in device mode.
 175:../lufa-LUFA-111009/LUFA/Drivers/USB/Core/AVR8/../AVR8/Device_AVR8.h **** 				 *
 176:../lufa-LUFA-111009/LUFA/Drivers/USB/Core/AVR8/../AVR8/Device_AVR8.h **** 				 *  \note Not available when the \c NO_SOF_EVENTS compile time token is defined.
 177:../lufa-LUFA-111009/LUFA/Drivers/USB/Core/AVR8/../AVR8/Device_AVR8.h **** 				 */
 178:../lufa-LUFA-111009/LUFA/Drivers/USB/Core/AVR8/../AVR8/Device_AVR8.h **** 				static inline void USB_Device_DisableSOFEvents(void) ATTR_ALWAYS_INLINE;
 179:../lufa-LUFA-111009/LUFA/Drivers/USB/Core/AVR8/../AVR8/Device_AVR8.h **** 				static inline void USB_Device_DisableSOFEvents(void)
 180:../lufa-LUFA-111009/LUFA/Drivers/USB/Core/AVR8/../AVR8/Device_AVR8.h **** 				{
 181:../lufa-LUFA-111009/LUFA/Drivers/USB/Core/AVR8/../AVR8/Device_AVR8.h **** 					USB_INT_Disable(USB_INT_SOFI);
 182:../lufa-LUFA-111009/LUFA/Drivers/USB/Core/AVR8/../AVR8/Device_AVR8.h **** 				}
 183:../lufa-LUFA-111009/LUFA/Drivers/USB/Core/AVR8/../AVR8/Device_AVR8.h **** 			#endif
 184:../lufa-LUFA-111009/LUFA/Drivers/USB/Core/AVR8/../AVR8/Device_AVR8.h **** 
 185:../lufa-LUFA-111009/LUFA/Drivers/USB/Core/AVR8/../AVR8/Device_AVR8.h **** 	/* Private Interface - For use in library only: */
 186:../lufa-LUFA-111009/LUFA/Drivers/USB/Core/AVR8/../AVR8/Device_AVR8.h **** 	#if !defined(__DOXYGEN__)
 187:../lufa-LUFA-111009/LUFA/Drivers/USB/Core/AVR8/../AVR8/Device_AVR8.h **** 		/* Inline Functions: */
 188:../lufa-LUFA-111009/LUFA/Drivers/USB/Core/AVR8/../AVR8/Device_AVR8.h **** 			#if defined(USB_DEVICE_OPT_LOWSPEED)
 189:../lufa-LUFA-111009/LUFA/Drivers/USB/Core/AVR8/../AVR8/Device_AVR8.h **** 			static inline void USB_Device_SetLowSpeed(void) ATTR_ALWAYS_INLINE;
 190:../lufa-LUFA-111009/LUFA/Drivers/USB/Core/AVR8/../AVR8/Device_AVR8.h **** 			static inline void USB_Device_SetLowSpeed(void)
 191:../lufa-LUFA-111009/LUFA/Drivers/USB/Core/AVR8/../AVR8/Device_AVR8.h **** 			{
 192:../lufa-LUFA-111009/LUFA/Drivers/USB/Core/AVR8/../AVR8/Device_AVR8.h **** 				UDCON |=  (1 << LSM);
 193:../lufa-LUFA-111009/LUFA/Drivers/USB/Core/AVR8/../AVR8/Device_AVR8.h **** 			}
 194:../lufa-LUFA-111009/LUFA/Drivers/USB/Core/AVR8/../AVR8/Device_AVR8.h **** 
 195:../lufa-LUFA-111009/LUFA/Drivers/USB/Core/AVR8/../AVR8/Device_AVR8.h **** 			static inline void USB_Device_SetFullSpeed(void) ATTR_ALWAYS_INLINE;
 196:../lufa-LUFA-111009/LUFA/Drivers/USB/Core/AVR8/../AVR8/Device_AVR8.h **** 			static inline void USB_Device_SetFullSpeed(void)
 197:../lufa-LUFA-111009/LUFA/Drivers/USB/Core/AVR8/../AVR8/Device_AVR8.h **** 			{
 198:../lufa-LUFA-111009/LUFA/Drivers/USB/Core/AVR8/../AVR8/Device_AVR8.h **** 				UDCON &= ~(1 << LSM);
 199:../lufa-LUFA-111009/LUFA/Drivers/USB/Core/AVR8/../AVR8/Device_AVR8.h **** 			}
 200:../lufa-LUFA-111009/LUFA/Drivers/USB/Core/AVR8/../AVR8/Device_AVR8.h **** 			#endif
 201:../lufa-LUFA-111009/LUFA/Drivers/USB/Core/AVR8/../AVR8/Device_AVR8.h **** 
 202:../lufa-LUFA-111009/LUFA/Drivers/USB/Core/AVR8/../AVR8/Device_AVR8.h **** 			static inline void USB_Device_SetDeviceAddress(const uint8_t Address) ATTR_ALWAYS_INLINE;
 203:../lufa-LUFA-111009/LUFA/Drivers/USB/Core/AVR8/../AVR8/Device_AVR8.h **** 			static inline void USB_Device_SetDeviceAddress(const uint8_t Address)
 204:../lufa-LUFA-111009/LUFA/Drivers/USB/Core/AVR8/../AVR8/Device_AVR8.h **** 			{
 205:../lufa-LUFA-111009/LUFA/Drivers/USB/Core/AVR8/../AVR8/Device_AVR8.h **** 				uint8_t Temp = (UDADDR & (1 << ADDEN)) | (Address & 0x7F);
 341               		.loc 4 205 0
 342 0112 8091 E300 		lds r24,227
 343 0116 8078      		andi r24,lo8(-128)
 344 0118 812B      		or r24,r17
 345               	.LVL31:
 206:../lufa-LUFA-111009/LUFA/Drivers/USB/Core/AVR8/../AVR8/Device_AVR8.h **** 
 207:../lufa-LUFA-111009/LUFA/Drivers/USB/Core/AVR8/../AVR8/Device_AVR8.h **** 				UDADDR = Temp;
 346               		.loc 4 207 0
 347 011a 8093 E300 		sts 227,r24
 208:../lufa-LUFA-111009/LUFA/Drivers/USB/Core/AVR8/../AVR8/Device_AVR8.h **** 				UDADDR = Temp | (1 << ADDEN);
 348               		.loc 4 208 0
 349 011e 8068      		ori r24,lo8(-128)
 350               	.LVL32:
 351 0120 8093 E300 		sts 227,r24
 352               	.LVL33:
 353               	.LBE196:
 354               	.LBE195:
 135:../lufa-LUFA-111009/LUFA/Drivers/USB/Core/DeviceStandardReq.c **** 	
 355               		.loc 1 135 0
 356 0124 1111      		cpse r17,__zero_reg__
 357 0126 00C0      		rjmp .L23
 358 0128 82E0      		ldi r24,lo8(2)
 359 012a 00C0      		rjmp .L17
 360               	.L23:
 361 012c 83E0      		ldi r24,lo8(3)
 362               	.L17:
 363 012e 8EBB      		out 0x1e,r24
 364               	.LVL34:
 365               	.LBB197:
 366               	.LBB198:
 309:../lufa-LUFA-111009/LUFA/Drivers/USB/Core/../../../Common/Common.h **** 
 367               		.loc 3 309 0
 312:../lufa-LUFA-111009/LUFA/Drivers/USB/Core/../../../Common/Common.h **** 				#elif (ARCH == ARCH_UC3)
 368               		.loc 3 312 0
 369 0130 0FBF      		out __SREG__,r16
 322:../lufa-LUFA-111009/LUFA/Drivers/USB/Core/../../../Common/Common.h **** 			}
 370               		.loc 3 322 0
 371               	.LVL35:
 372 0132 00C0      		rjmp .L3
 373               	.LVL36:
 374               	.L8:
 375               	.LBE198:
 376               	.LBE197:
 377               	.LBE186:
 378               	.LBE185:
  95:../lufa-LUFA-111009/LUFA/Drivers/USB/Core/DeviceStandardReq.c **** 					(bmRequestType == (REQDIR_DEVICETOHOST | REQTYPE_STANDARD | REQREC_INTERFACE)))
 379               		.loc 1 95 0
 380 0134 8058      		subi r24,lo8(-(-128))
 381               	.LVL37:
 382 0136 8230      		cpi r24,lo8(2)
 383 0138 00F0      		brlo .+2
 384 013a 00C0      		rjmp .L3
 385               	.LBB199:
 386               	.LBB200:
 255:../lufa-LUFA-111009/LUFA/Drivers/USB/Core/DeviceStandardReq.c **** 	                                                 &DescriptorPointer
 387               		.loc 1 255 0
 388 013c AE01      		movw r20,r28
 389 013e 4F5F      		subi r20,-1
 390 0140 5F4F      		sbci r21,-1
 391 0142 6091 0000 		lds r22,USB_ControlRequest+4
 392 0146 8091 0000 		lds r24,USB_ControlRequest+2
 393 014a 9091 0000 		lds r25,USB_ControlRequest+2+1
 394 014e 0E94 0000 		call CALLBACK_USB_GetDescriptor
 395               	.LVL38:
 396 0152 BC01      		movw r22,r24
 397               	.LVL39:
 398 0154 892B      		or r24,r25
 399 0156 01F4      		brne .+2
 400 0158 00C0      		rjmp .L3
 401               	.LBB201:
 402               	.LBB202:
 504:../lufa-LUFA-111009/LUFA/Drivers/USB/Core/AVR8/../AVR8/Endpoint_AVR8.h **** 			}
 403               		.loc 2 504 0
 404 015a 9091 E800 		lds r25,232
 405 015e 977F      		andi r25,lo8(-9)
 406 0160 9093 E800 		sts 232,r25
 407               	.LBE202:
 408               	.LBE201:
 269:../lufa-LUFA-111009/LUFA/Drivers/USB/Core/DeviceStandardReq.c **** 	#elif defined(USE_EEPROM_DESCRIPTORS)
 409               		.loc 1 269 0
 410 0164 8981      		ldd r24,Y+1
 411 0166 9A81      		ldd r25,Y+2
 412 0168 0E94 0000 		call Endpoint_Write_Control_Stream_LE
 413               	.LVL40:
 414               	.LBB203:
 415               	.LBB204:
 531:../lufa-LUFA-111009/LUFA/Drivers/USB/Core/AVR8/../AVR8/Endpoint_AVR8.h **** 				#else
 416               		.loc 2 531 0
 417 016c 8091 E800 		lds r24,232
 418 0170 8B77      		andi r24,lo8(123)
 419 0172 8093 E800 		sts 232,r24
 420 0176 00C0      		rjmp .L3
 421               	.LVL41:
 422               	.L9:
 423               	.LBE204:
 424               	.LBE203:
 425               	.LBE200:
 426               	.LBE199:
 103:../lufa-LUFA-111009/LUFA/Drivers/USB/Core/DeviceStandardReq.c **** 				  USB_Device_GetConfiguration();
 427               		.loc 1 103 0
 428 0178 8038      		cpi r24,lo8(-128)
 429 017a 01F4      		brne .L3
 430               	.LBB205:
 431               	.LBB206:
 432               	.LBB207:
 433               	.LBB208:
 504:../lufa-LUFA-111009/LUFA/Drivers/USB/Core/AVR8/../AVR8/Endpoint_AVR8.h **** 			}
 434               		.loc 2 504 0
 435 017c 8091 E800 		lds r24,232
 436               	.LVL42:
 437 0180 877F      		andi r24,lo8(-9)
 438 0182 8093 E800 		sts 232,r24
 439               	.LVL43:
 440               	.LBE208:
 441               	.LBE207:
 210:../lufa-LUFA-111009/LUFA/Drivers/USB/Core/DeviceStandardReq.c **** 	Endpoint_ClearIN();
 442               		.loc 1 210 0
 443 0186 8091 0000 		lds r24,USB_Device_ConfigurationNumber
 444               	.LVL44:
 445               	.LBB209:
 446               	.LBB210:
 624:../lufa-LUFA-111009/LUFA/Drivers/USB/Core/AVR8/../AVR8/Endpoint_AVR8.h **** 			}
 447               		.loc 2 624 0
 448 018a 8093 F100 		sts 241,r24
 449               	.LVL45:
 450               	.L45:
 451               	.LBE210:
 452               	.LBE209:
 453               	.LBB211:
 454               	.LBB212:
 516:../lufa-LUFA-111009/LUFA/Drivers/USB/Core/AVR8/../AVR8/Endpoint_AVR8.h **** 				#else
 455               		.loc 2 516 0
 456 018e 8091 E800 		lds r24,232
 457 0192 8E77      		andi r24,lo8(126)
 458               	.L44:
 459 0194 8093 E800 		sts 232,r24
 460               	.LBE212:
 461               	.LBE211:
 213:../lufa-LUFA-111009/LUFA/Drivers/USB/Core/DeviceStandardReq.c **** }
 462               		.loc 1 213 0
 463 0198 0E94 0000 		call Endpoint_ClearStatusStage
 464               	.LVL46:
 465 019c 00C0      		rjmp .L3
 466               	.LVL47:
 467               	.L10:
 468               	.LBE206:
 469               	.LBE205:
 108:../lufa-LUFA-111009/LUFA/Drivers/USB/Core/DeviceStandardReq.c **** 				  USB_Device_SetConfiguration();
 470               		.loc 1 108 0
 471 019e 8111      		cpse r24,__zero_reg__
 472 01a0 00C0      		rjmp .L3
 473               	.LBB213:
 474               	.LBB214:
 143:../lufa-LUFA-111009/LUFA/Drivers/USB/Core/DeviceStandardReq.c **** 	  return;
 475               		.loc 1 143 0
 476 01a2 8091 0000 		lds r24,USB_ControlRequest+2
 477 01a6 9091 0000 		lds r25,USB_ControlRequest+2+1
 478               	.LVL48:
 479 01aa 9927      		clr r25
 480 01ac 0297      		sbiw r24,2
 481 01ae 04F4      		brge .L3
 482               	.LBB215:
 483               	.LBB216:
 504:../lufa-LUFA-111009/LUFA/Drivers/USB/Core/AVR8/../AVR8/Endpoint_AVR8.h **** 			}
 484               		.loc 2 504 0
 485 01b0 8091 E800 		lds r24,232
 486 01b4 877F      		andi r24,lo8(-9)
 487 01b6 8093 E800 		sts 232,r24
 488               	.LVL49:
 489               	.LBE216:
 490               	.LBE215:
 194:../lufa-LUFA-111009/LUFA/Drivers/USB/Core/DeviceStandardReq.c **** 
 491               		.loc 1 194 0
 492 01ba 8091 0000 		lds r24,USB_ControlRequest+2
 493 01be 8093 0000 		sts USB_Device_ConfigurationNumber,r24
 196:../lufa-LUFA-111009/LUFA/Drivers/USB/Core/DeviceStandardReq.c **** 
 494               		.loc 1 196 0
 495 01c2 0E94 0000 		call Endpoint_ClearStatusStage
 496               	.LVL50:
 198:../lufa-LUFA-111009/LUFA/Drivers/USB/Core/DeviceStandardReq.c **** 	  USB_DeviceState = DEVICE_STATE_Configured;
 497               		.loc 1 198 0
 498 01c6 8091 0000 		lds r24,USB_Device_ConfigurationNumber
 499 01ca 8111      		cpse r24,__zero_reg__
 500 01cc 00C0      		rjmp .L24
 501               	.LBB217:
 502               	.LBB218:
 209:../lufa-LUFA-111009/LUFA/Drivers/USB/Core/AVR8/../AVR8/Device_AVR8.h **** 			}
 210:../lufa-LUFA-111009/LUFA/Drivers/USB/Core/AVR8/../AVR8/Device_AVR8.h **** 
 211:../lufa-LUFA-111009/LUFA/Drivers/USB/Core/AVR8/../AVR8/Device_AVR8.h **** 			static inline bool USB_Device_IsAddressSet(void) ATTR_ALWAYS_INLINE ATTR_WARN_UNUSED_RESULT;
 212:../lufa-LUFA-111009/LUFA/Drivers/USB/Core/AVR8/../AVR8/Device_AVR8.h **** 			static inline bool USB_Device_IsAddressSet(void)
 213:../lufa-LUFA-111009/LUFA/Drivers/USB/Core/AVR8/../AVR8/Device_AVR8.h **** 			{
 214:../lufa-LUFA-111009/LUFA/Drivers/USB/Core/AVR8/../AVR8/Device_AVR8.h **** 				return (UDADDR & (1 << ADDEN));
 503               		.loc 4 214 0
 504 01ce 8091 E300 		lds r24,227
 505               	.LBE218:
 506               	.LBE217:
 201:../lufa-LUFA-111009/LUFA/Drivers/USB/Core/DeviceStandardReq.c **** 
 507               		.loc 1 201 0
 508 01d2 87FD      		sbrc r24,7
 509 01d4 00C0      		rjmp .L24
 510 01d6 81E0      		ldi r24,lo8(1)
 511 01d8 00C0      		rjmp .L21
 512               	.L24:
 513 01da 84E0      		ldi r24,lo8(4)
 514               	.L21:
 515 01dc 8EBB      		out 0x1e,r24
 203:../lufa-LUFA-111009/LUFA/Drivers/USB/Core/DeviceStandardReq.c **** }
 516               		.loc 1 203 0
 517 01de 0E94 0000 		call EVENT_USB_Device_ConfigurationChanged
 518               	.LVL51:
 519               	.L3:
 520               	.LBE214:
 521               	.LBE213:
 522               	.LBE153:
 523               	.LBB219:
 524               	.LBB220:
 491:../lufa-LUFA-111009/LUFA/Drivers/USB/Core/AVR8/../AVR8/Endpoint_AVR8.h **** 			}
 525               		.loc 2 491 0
 526 01e2 8091 E800 		lds r24,232
 527               	.LBE220:
 528               	.LBE219:
 115:../lufa-LUFA-111009/LUFA/Drivers/USB/Core/DeviceStandardReq.c **** 	{
 529               		.loc 1 115 0
 530 01e6 83FF      		sbrs r24,3
 531 01e8 00C0      		rjmp .L1
 532               	.LBB221:
 533               	.LBB222:
 551:../lufa-LUFA-111009/LUFA/Drivers/USB/Core/AVR8/../AVR8/Endpoint_AVR8.h **** 			}
 534               		.loc 2 551 0
 535 01ea 8091 EB00 		lds r24,235
 536 01ee 8062      		ori r24,lo8(32)
 537 01f0 8093 EB00 		sts 235,r24
 538               	.LBE222:
 539               	.LBE221:
 540               	.LBB223:
 541               	.LBB224:
 504:../lufa-LUFA-111009/LUFA/Drivers/USB/Core/AVR8/../AVR8/Endpoint_AVR8.h **** 			}
 542               		.loc 2 504 0
 543 01f4 8091 E800 		lds r24,232
 544 01f8 877F      		andi r24,lo8(-9)
 545 01fa 8093 E800 		sts 232,r24
 546               	.L1:
 547               	/* epilogue start */
 548               	.LBE224:
 549               	.LBE223:
 120:../lufa-LUFA-111009/LUFA/Drivers/USB/Core/DeviceStandardReq.c **** 
 550               		.loc 1 120 0
 551 01fe 0F90      		pop __tmp_reg__
 552 0200 0F90      		pop __tmp_reg__
 553 0202 DF91      		pop r29
 554 0204 CF91      		pop r28
 555 0206 1F91      		pop r17
 556 0208 0F91      		pop r16
 557 020a 0895      		ret
 558               		.cfi_endproc
 559               	.LFE81:
 561               		.comm	USB_Device_ConfigurationNumber,1,1
 562               		.text
 563               	.Letext0:
 564               		.file 5 "/usr/lib/avr/include/stdint.h"
 565               		.file 6 "../lufa-LUFA-111009/LUFA/Drivers/USB/Core/StdRequestType.h"
 566               		.file 7 "../lufa-LUFA-111009/LUFA/Drivers/USB/Core/AVR8/../Device.h"
 567               		.file 8 "../lufa-LUFA-111009/LUFA/Drivers/USB/Core/USBTask.h"
 568               		.file 9 "../lufa-LUFA-111009/LUFA/Drivers/USB/Core/AVR8/../AVR8/EndpointStream_AVR8.h"
 569               		.file 10 "../lufa-LUFA-111009/LUFA/Drivers/USB/Core/Events.h"
DEFINED SYMBOLS
                            *ABS*:0000000000000000 DeviceStandardReq.c
     /tmp/ccImwn6E.s:2      *ABS*:000000000000003e __SP_H__
     /tmp/ccImwn6E.s:3      *ABS*:000000000000003d __SP_L__
     /tmp/ccImwn6E.s:4      *ABS*:000000000000003f __SREG__
     /tmp/ccImwn6E.s:5      *ABS*:0000000000000000 __tmp_reg__
     /tmp/ccImwn6E.s:6      *ABS*:0000000000000001 __zero_reg__
     /tmp/ccImwn6E.s:13     .text.USB_Device_ProcessControlRequest:0000000000000000 USB_Device_ProcessControlRequest
                            *COM*:0000000000000001 USB_Device_ConfigurationNumber

UNDEFINED SYMBOLS
USB_ControlRequest
EVENT_USB_Device_ControlRequest
__tablejump2__
Endpoint_ClearStatusStage
CALLBACK_USB_GetDescriptor
Endpoint_Write_Control_Stream_LE
EVENT_USB_Device_ConfigurationChanged
__do_clear_bss
