
uBAD_bootloader.elf:     file format elf32-avr

Sections:
Idx Name          Size      VMA       LMA       File off  Algn
  0 .data         000000b6  00800100  00007f38  00000fcc  2**0
                  CONTENTS, ALLOC, LOAD, DATA
  1 .text         00000f38  00007000  00007000  00000094  2**1
                  CONTENTS, ALLOC, LOAD, READONLY, CODE
  2 .bss          00000016  008001b6  008001b6  00001082  2**0
                  ALLOC
  3 .comment      00000011  00000000  00000000  00001082  2**0
                  CONTENTS, READONLY
  4 .note.gnu.avr.deviceinfo 00000040  00000000  00000000  00001094  2**2
                  CONTENTS, READONLY
  5 .debug_aranges 00000258  00000000  00000000  000010d4  2**0
                  CONTENTS, READONLY, DEBUGGING
  6 .debug_info   000050ad  00000000  00000000  0000132c  2**0
                  CONTENTS, READONLY, DEBUGGING
  7 .debug_abbrev 00001906  00000000  00000000  000063d9  2**0
                  CONTENTS, READONLY, DEBUGGING
  8 .debug_line   00002f61  00000000  00000000  00007cdf  2**0
                  CONTENTS, READONLY, DEBUGGING
  9 .debug_frame  000007ac  00000000  00000000  0000ac40  2**2
                  CONTENTS, READONLY, DEBUGGING
 10 .debug_str    000020e6  00000000  00000000  0000b3ec  2**0
                  CONTENTS, READONLY, DEBUGGING
 11 .debug_loc    00002ff3  00000000  00000000  0000d4d2  2**0
                  CONTENTS, READONLY, DEBUGGING
 12 .debug_ranges 00000320  00000000  00000000  000104c5  2**0
                  CONTENTS, READONLY, DEBUGGING

Disassembly of section .text:

00007000 <__vectors>:
    7000:	5f c0       	rjmp	.+190    	; 0x70c0 <__ctors_end>
    7002:	00 00       	nop
    7004:	78 c0       	rjmp	.+240    	; 0x70f6 <__bad_interrupt>
    7006:	00 00       	nop
    7008:	76 c0       	rjmp	.+236    	; 0x70f6 <__bad_interrupt>
    700a:	00 00       	nop
    700c:	74 c0       	rjmp	.+232    	; 0x70f6 <__bad_interrupt>
    700e:	00 00       	nop
    7010:	72 c0       	rjmp	.+228    	; 0x70f6 <__bad_interrupt>
    7012:	00 00       	nop
    7014:	70 c0       	rjmp	.+224    	; 0x70f6 <__bad_interrupt>
    7016:	00 00       	nop
    7018:	6e c0       	rjmp	.+220    	; 0x70f6 <__bad_interrupt>
    701a:	00 00       	nop
    701c:	6c c0       	rjmp	.+216    	; 0x70f6 <__bad_interrupt>
    701e:	00 00       	nop
    7020:	6a c0       	rjmp	.+212    	; 0x70f6 <__bad_interrupt>
    7022:	00 00       	nop
    7024:	68 c0       	rjmp	.+208    	; 0x70f6 <__bad_interrupt>
    7026:	00 00       	nop
    7028:	00 c5       	rjmp	.+2560   	; 0x7a2a <__vector_10>
    702a:	00 00       	nop
    702c:	64 c0       	rjmp	.+200    	; 0x70f6 <__bad_interrupt>
    702e:	00 00       	nop
    7030:	62 c0       	rjmp	.+196    	; 0x70f6 <__bad_interrupt>
    7032:	00 00       	nop
    7034:	60 c0       	rjmp	.+192    	; 0x70f6 <__bad_interrupt>
    7036:	00 00       	nop
    7038:	5e c0       	rjmp	.+188    	; 0x70f6 <__bad_interrupt>
    703a:	00 00       	nop
    703c:	5c c0       	rjmp	.+184    	; 0x70f6 <__bad_interrupt>
    703e:	00 00       	nop
    7040:	5a c0       	rjmp	.+180    	; 0x70f6 <__bad_interrupt>
    7042:	00 00       	nop
    7044:	e9 c0       	rjmp	.+466    	; 0x7218 <__vector_17>
    7046:	00 00       	nop
    7048:	56 c0       	rjmp	.+172    	; 0x70f6 <__bad_interrupt>
    704a:	00 00       	nop
    704c:	54 c0       	rjmp	.+168    	; 0x70f6 <__bad_interrupt>
    704e:	00 00       	nop
    7050:	52 c0       	rjmp	.+164    	; 0x70f6 <__bad_interrupt>
    7052:	00 00       	nop
    7054:	50 c0       	rjmp	.+160    	; 0x70f6 <__bad_interrupt>
    7056:	00 00       	nop
    7058:	4e c0       	rjmp	.+156    	; 0x70f6 <__bad_interrupt>
    705a:	00 00       	nop
    705c:	4c c0       	rjmp	.+152    	; 0x70f6 <__bad_interrupt>
    705e:	00 00       	nop
    7060:	4a c0       	rjmp	.+148    	; 0x70f6 <__bad_interrupt>
    7062:	00 00       	nop
    7064:	48 c0       	rjmp	.+144    	; 0x70f6 <__bad_interrupt>
    7066:	00 00       	nop
    7068:	46 c0       	rjmp	.+140    	; 0x70f6 <__bad_interrupt>
    706a:	00 00       	nop
    706c:	44 c0       	rjmp	.+136    	; 0x70f6 <__bad_interrupt>
    706e:	00 00       	nop
    7070:	42 c0       	rjmp	.+132    	; 0x70f6 <__bad_interrupt>
    7072:	00 00       	nop
    7074:	40 c0       	rjmp	.+128    	; 0x70f6 <__bad_interrupt>
    7076:	00 00       	nop
    7078:	3e c0       	rjmp	.+124    	; 0x70f6 <__bad_interrupt>
    707a:	00 00       	nop
    707c:	3c c0       	rjmp	.+120    	; 0x70f6 <__bad_interrupt>
    707e:	00 00       	nop
    7080:	3a c0       	rjmp	.+116    	; 0x70f6 <__bad_interrupt>
    7082:	00 00       	nop
    7084:	38 c0       	rjmp	.+112    	; 0x70f6 <__bad_interrupt>
    7086:	00 00       	nop
    7088:	36 c0       	rjmp	.+108    	; 0x70f6 <__bad_interrupt>
    708a:	00 00       	nop
    708c:	34 c0       	rjmp	.+104    	; 0x70f6 <__bad_interrupt>
    708e:	00 00       	nop
    7090:	32 c0       	rjmp	.+100    	; 0x70f6 <__bad_interrupt>
    7092:	00 00       	nop
    7094:	30 c0       	rjmp	.+96     	; 0x70f6 <__bad_interrupt>
    7096:	00 00       	nop
    7098:	2e c0       	rjmp	.+92     	; 0x70f6 <__bad_interrupt>
    709a:	00 00       	nop
    709c:	2c c0       	rjmp	.+88     	; 0x70f6 <__bad_interrupt>
    709e:	00 00       	nop
    70a0:	2a c0       	rjmp	.+84     	; 0x70f6 <__bad_interrupt>
    70a2:	00 00       	nop
    70a4:	28 c0       	rjmp	.+80     	; 0x70f6 <__bad_interrupt>
    70a6:	00 00       	nop
    70a8:	26 c0       	rjmp	.+76     	; 0x70f6 <__bad_interrupt>
    70aa:	00 00       	nop
    70ac:	80 3e       	cpi	r24, 0xE0	; 224
    70ae:	99 3e       	cpi	r25, 0xE9	; 233
    70b0:	45 3f       	cpi	r20, 0xF5	; 245
    70b2:	99 3e       	cpi	r25, 0xE9	; 233
    70b4:	45 3f       	cpi	r20, 0xF5	; 245
    70b6:	d1 3e       	cpi	r29, 0xE1	; 225
    70b8:	f3 3e       	cpi	r31, 0xE3	; 227
    70ba:	45 3f       	cpi	r20, 0xF5	; 245
    70bc:	13 3f       	cpi	r17, 0xF3	; 243
    70be:	25 3f       	cpi	r18, 0xF5	; 245

000070c0 <__ctors_end>:
    70c0:	11 24       	eor	r1, r1
    70c2:	1f be       	out	0x3f, r1	; 63
    70c4:	cf ef       	ldi	r28, 0xFF	; 255
    70c6:	da e0       	ldi	r29, 0x0A	; 10
    70c8:	de bf       	out	0x3e, r29	; 62
    70ca:	cd bf       	out	0x3d, r28	; 61

000070cc <__do_copy_data>:
    70cc:	11 e0       	ldi	r17, 0x01	; 1
    70ce:	a0 e0       	ldi	r26, 0x00	; 0
    70d0:	b1 e0       	ldi	r27, 0x01	; 1
    70d2:	e8 e3       	ldi	r30, 0x38	; 56
    70d4:	ff e7       	ldi	r31, 0x7F	; 127
    70d6:	02 c0       	rjmp	.+4      	; 0x70dc <__do_copy_data+0x10>
    70d8:	05 90       	lpm	r0, Z+
    70da:	0d 92       	st	X+, r0
    70dc:	a6 3b       	cpi	r26, 0xB6	; 182
    70de:	b1 07       	cpc	r27, r17
    70e0:	d9 f7       	brne	.-10     	; 0x70d8 <__do_copy_data+0xc>

000070e2 <__do_clear_bss>:
    70e2:	21 e0       	ldi	r18, 0x01	; 1
    70e4:	a6 eb       	ldi	r26, 0xB6	; 182
    70e6:	b1 e0       	ldi	r27, 0x01	; 1
    70e8:	01 c0       	rjmp	.+2      	; 0x70ec <.do_clear_bss_start>

000070ea <.do_clear_bss_loop>:
    70ea:	1d 92       	st	X+, r1

000070ec <.do_clear_bss_start>:
    70ec:	ac 3c       	cpi	r26, 0xCC	; 204
    70ee:	b2 07       	cpc	r27, r18
    70f0:	e1 f7       	brne	.-8      	; 0x70ea <.do_clear_bss_loop>
    70f2:	62 d3       	rcall	.+1732   	; 0x77b8 <main>
    70f4:	1f c7       	rjmp	.+3646   	; 0x7f34 <_exit>

000070f6 <__bad_interrupt>:
    70f6:	84 cf       	rjmp	.-248    	; 0x7000 <__vectors>

000070f8 <FetchNextCommandByte>:
void blink()
{
    L_LED_ON();
    xdelay(1000);
    L_LED_OFF();
    xdelay(2000);
    70f8:	84 e0       	ldi	r24, 0x04	; 4
    70fa:	80 93 e9 00 	sts	0x00E9, r24	; 0x8000e9 <__TEXT_REGION_LENGTH__+0x7f80e9>
    70fe:	80 91 e8 00 	lds	r24, 0x00E8	; 0x8000e8 <__TEXT_REGION_LENGTH__+0x7f80e8>
    7102:	85 fd       	sbrc	r24, 5
    7104:	0d c0       	rjmp	.+26     	; 0x7120 <FetchNextCommandByte+0x28>
    7106:	80 91 e8 00 	lds	r24, 0x00E8	; 0x8000e8 <__TEXT_REGION_LENGTH__+0x7f80e8>
    710a:	8b 77       	andi	r24, 0x7B	; 123
    710c:	80 93 e8 00 	sts	0x00E8, r24	; 0x8000e8 <__TEXT_REGION_LENGTH__+0x7f80e8>
    7110:	80 91 e8 00 	lds	r24, 0x00E8	; 0x8000e8 <__TEXT_REGION_LENGTH__+0x7f80e8>
    7114:	82 fd       	sbrc	r24, 2
    7116:	f3 cf       	rjmp	.-26     	; 0x70fe <FetchNextCommandByte+0x6>
    7118:	8e b3       	in	r24, 0x1e	; 30
    711a:	81 11       	cpse	r24, r1
    711c:	f9 cf       	rjmp	.-14     	; 0x7110 <FetchNextCommandByte+0x18>
    711e:	02 c0       	rjmp	.+4      	; 0x7124 <FetchNextCommandByte+0x2c>
    7120:	80 91 f1 00 	lds	r24, 0x00F1	; 0x8000f1 <__TEXT_REGION_LENGTH__+0x7f80f1>
    7124:	08 95       	ret

00007126 <WriteNextResponseByte>:
    7126:	93 e0       	ldi	r25, 0x03	; 3
    7128:	90 93 e9 00 	sts	0x00E9, r25	; 0x8000e9 <__TEXT_REGION_LENGTH__+0x7f80e9>
    712c:	90 91 e8 00 	lds	r25, 0x00E8	; 0x8000e8 <__TEXT_REGION_LENGTH__+0x7f80e8>
    7130:	95 ff       	sbrs	r25, 5
    7132:	0a c0       	rjmp	.+20     	; 0x7148 <WriteNextResponseByte+0x22>
    7134:	80 93 f1 00 	sts	0x00F1, r24	; 0x8000f1 <__TEXT_REGION_LENGTH__+0x7f80f1>
    7138:	8f 9a       	sbi	0x11, 7	; 17
    713a:	84 e6       	ldi	r24, 0x64	; 100
    713c:	90 e0       	ldi	r25, 0x00	; 0
    713e:	90 93 bb 01 	sts	0x01BB, r25	; 0x8001bb <TxLEDPulse+0x1>
    7142:	80 93 ba 01 	sts	0x01BA, r24	; 0x8001ba <TxLEDPulse>
    7146:	08 95       	ret
    7148:	90 91 e8 00 	lds	r25, 0x00E8	; 0x8000e8 <__TEXT_REGION_LENGTH__+0x7f80e8>
    714c:	9e 77       	andi	r25, 0x7E	; 126
    714e:	90 93 e8 00 	sts	0x00E8, r25	; 0x8000e8 <__TEXT_REGION_LENGTH__+0x7f80e8>
    7152:	90 91 e8 00 	lds	r25, 0x00E8	; 0x8000e8 <__TEXT_REGION_LENGTH__+0x7f80e8>
    7156:	90 fd       	sbrc	r25, 0
    7158:	ed cf       	rjmp	.-38     	; 0x7134 <WriteNextResponseByte+0xe>
    715a:	9e b3       	in	r25, 0x1e	; 30
    715c:	91 11       	cpse	r25, r1
    715e:	f9 cf       	rjmp	.-14     	; 0x7152 <WriteNextResponseByte+0x2c>
    7160:	08 95       	ret

00007162 <StartSketch>:
    7162:	f8 94       	cli
    7164:	10 92 6f 00 	sts	0x006F, r1	; 0x80006f <__TEXT_REGION_LENGTH__+0x7f806f>
    7168:	10 92 81 00 	sts	0x0081, r1	; 0x800081 <__TEXT_REGION_LENGTH__+0x7f8081>
    716c:	10 92 85 00 	sts	0x0085, r1	; 0x800085 <__TEXT_REGION_LENGTH__+0x7f8085>
    7170:	10 92 84 00 	sts	0x0084, r1	; 0x800084 <__TEXT_REGION_LENGTH__+0x7f8084>
    7174:	81 e0       	ldi	r24, 0x01	; 1
    7176:	85 bf       	out	0x35, r24	; 53
    7178:	15 be       	out	0x35, r1	; 53
    717a:	47 98       	cbi	0x08, 7	; 8
    717c:	8f 98       	cbi	0x11, 7	; 17
    717e:	8e 98       	cbi	0x11, 6	; 17
    7180:	0c 94 00 00 	jmp	0	; 0x0 <__TEXT_REGION_ORIGIN__>
    7184:	08 95       	ret

00007186 <LEDPulse>:
    7186:	20 91 c0 01 	lds	r18, 0x01C0	; 0x8001c0 <LLEDPulse>
    718a:	30 91 c1 01 	lds	r19, 0x01C1	; 0x8001c1 <LLEDPulse+0x1>
    718e:	2f 5f       	subi	r18, 0xFF	; 255
    7190:	3f 4f       	sbci	r19, 0xFF	; 255
    7192:	30 93 c1 01 	sts	0x01C1, r19	; 0x8001c1 <LLEDPulse+0x1>
    7196:	20 93 c0 01 	sts	0x01C0, r18	; 0x8001c0 <LLEDPulse>
    719a:	83 2f       	mov	r24, r19
    719c:	37 ff       	sbrs	r19, 7
    719e:	02 c0       	rjmp	.+4      	; 0x71a4 <LEDPulse+0x1e>
    71a0:	8e ef       	ldi	r24, 0xFE	; 254
    71a2:	83 1b       	sub	r24, r19
    71a4:	33 27       	eor	r19, r19
    71a6:	88 0f       	add	r24, r24
    71a8:	90 e0       	ldi	r25, 0x00	; 0
    71aa:	82 17       	cp	r24, r18
    71ac:	93 07       	cpc	r25, r19
    71ae:	14 f4       	brge	.+4      	; 0x71b4 <LEDPulse+0x2e>
    71b0:	47 98       	cbi	0x08, 7	; 8
    71b2:	08 95       	ret
    71b4:	47 9a       	sbi	0x08, 7	; 8
    71b6:	08 95       	ret

000071b8 <SetupHardware>:

/** Configures all hardware required for the bootloader. */
void SetupHardware(void)
{
    /* Disable watchdog if enabled by bootloader/fuses */
    MCUSR &= ~(1 << WDRF);
    71b8:	84 b7       	in	r24, 0x34	; 52
    71ba:	87 7f       	andi	r24, 0xF7	; 247
    71bc:	84 bf       	out	0x34, r24	; 52
		);
	}
	else
	{
        uint8_t register temp_reg;
		__asm__ __volatile__ (
    71be:	0f b6       	in	r0, 0x3f	; 63
    71c0:	f8 94       	cli
    71c2:	a8 95       	wdr
    71c4:	80 91 60 00 	lds	r24, 0x0060	; 0x800060 <__TEXT_REGION_LENGTH__+0x7f8060>
    71c8:	88 61       	ori	r24, 0x18	; 24
    71ca:	80 93 60 00 	sts	0x0060, r24	; 0x800060 <__TEXT_REGION_LENGTH__+0x7f8060>
    71ce:	10 92 60 00 	sts	0x0060, r1	; 0x800060 <__TEXT_REGION_LENGTH__+0x7f8060>
    71d2:	0f be       	out	0x3f, r0	; 63
from 1 to 129. Thus, one does not need to use \c clock_div_t type as argument.
*/
void clock_prescale_set(clock_div_t __x)
{
    uint8_t __tmp = _BV(CLKPCE);
    __asm__ __volatile__ (
    71d4:	90 e8       	ldi	r25, 0x80	; 128
    71d6:	80 e0       	ldi	r24, 0x00	; 0
    71d8:	0f b6       	in	r0, 0x3f	; 63
    71da:	f8 94       	cli
    71dc:	90 93 61 00 	sts	0x0061, r25	; 0x800061 <__TEXT_REGION_LENGTH__+0x7f8061>
    71e0:	80 93 61 00 	sts	0x0061, r24	; 0x800061 <__TEXT_REGION_LENGTH__+0x7f8061>
    71e4:	0f be       	out	0x3f, r0	; 63

    /* Disable clock division */
    clock_prescale_set(clock_div_1);

    /* Relocate the interrupt vector table to the bootloader section */
    MCUCR = (1 << IVCE);
    71e6:	81 e0       	ldi	r24, 0x01	; 1
    71e8:	85 bf       	out	0x35, r24	; 53
    MCUCR = (1 << IVSEL);
    71ea:	82 e0       	ldi	r24, 0x02	; 2
    71ec:	85 bf       	out	0x35, r24	; 53

    LED_SETUP();
    71ee:	3f 9a       	sbi	0x07, 7	; 7
    71f0:	86 9a       	sbi	0x10, 6	; 16
    71f2:	87 9a       	sbi	0x10, 7	; 16
    CPU_PRESCALE(0);
    71f4:	e1 e6       	ldi	r30, 0x61	; 97
    71f6:	f0 e0       	ldi	r31, 0x00	; 0
    71f8:	90 83       	st	Z, r25
    71fa:	10 82       	st	Z, r1
    L_LED_OFF();
    71fc:	47 98       	cbi	0x08, 7	; 8
    TX_LED_OFF();
    71fe:	8f 98       	cbi	0x11, 7	; 17
    RX_LED_OFF();
    7200:	8e 98       	cbi	0x11, 6	; 17
     * With 16 MHz clock and 1/64 prescaler, timer 1 is clocked at 250 kHz
     * Our chosen compare match generates an interrupt every 1 ms.
     * This interrupt is disabled selectively when doing memory reading, erasing,
     * or writing since SPM has tight timing requirements.
     */
    OCR1AH = 0;
    7202:	10 92 89 00 	sts	0x0089, r1	; 0x800089 <__TEXT_REGION_LENGTH__+0x7f8089>
    OCR1AL = 250;
    7206:	9a ef       	ldi	r25, 0xFA	; 250
    7208:	90 93 88 00 	sts	0x0088, r25	; 0x800088 <__TEXT_REGION_LENGTH__+0x7f8088>
    TIMSK1 = (1 << OCIE1A);               // enable timer 1 output compare A match interrupt
    720c:	80 93 6f 00 	sts	0x006F, r24	; 0x80006f <__TEXT_REGION_LENGTH__+0x7f806f>
    TCCR1B = ((1 << CS11) | (1 << CS10)); // 1/64 prescaler on timer 1 input
    7210:	83 e0       	ldi	r24, 0x03	; 3
    7212:	80 93 81 00 	sts	0x0081, r24	; 0x800081 <__TEXT_REGION_LENGTH__+0x7f8081>
    7216:	08 95       	ret

00007218 <__vector_17>:
    // USB_Init(); we do that later
}

// uint16_t ctr = 0;
ISR(TIMER1_COMPA_vect, ISR_BLOCK)
{
    7218:	1f 92       	push	r1
    721a:	0f 92       	push	r0
    721c:	0f b6       	in	r0, 0x3f	; 63
    721e:	0f 92       	push	r0
    7220:	11 24       	eor	r1, r1
    7222:	2f 93       	push	r18
    7224:	8f 93       	push	r24
    7226:	9f 93       	push	r25
    7228:	ef 93       	push	r30
    722a:	ff 93       	push	r31
    /* Reset counter */
    TCNT1H = 0;
    722c:	10 92 85 00 	sts	0x0085, r1	; 0x800085 <__TEXT_REGION_LENGTH__+0x7f8085>
    TCNT1L = 0;
    7230:	10 92 84 00 	sts	0x0084, r1	; 0x800084 <__TEXT_REGION_LENGTH__+0x7f8084>

    /* Check whether the TX or RX LED one-shot period has elapsed.  if so, turn off the LED */
    if (TxLEDPulse && !(--TxLEDPulse)) TX_LED_OFF();
    7234:	80 91 ba 01 	lds	r24, 0x01BA	; 0x8001ba <TxLEDPulse>
    7238:	90 91 bb 01 	lds	r25, 0x01BB	; 0x8001bb <TxLEDPulse+0x1>
    723c:	00 97       	sbiw	r24, 0x00	; 0
    723e:	41 f0       	breq	.+16     	; 0x7250 <__vector_17+0x38>
    7240:	01 97       	sbiw	r24, 0x01	; 1
    7242:	90 93 bb 01 	sts	0x01BB, r25	; 0x8001bb <TxLEDPulse+0x1>
    7246:	80 93 ba 01 	sts	0x01BA, r24	; 0x8001ba <TxLEDPulse>
    724a:	89 2b       	or	r24, r25
    724c:	09 f4       	brne	.+2      	; 0x7250 <__vector_17+0x38>
    724e:	8f 98       	cbi	0x11, 7	; 17
    if (RxLEDPulse && !(--RxLEDPulse)) RX_LED_OFF();
    7250:	80 91 b8 01 	lds	r24, 0x01B8	; 0x8001b8 <RxLEDPulse>
    7254:	90 91 b9 01 	lds	r25, 0x01B9	; 0x8001b9 <RxLEDPulse+0x1>
    7258:	00 97       	sbiw	r24, 0x00	; 0
    725a:	41 f0       	breq	.+16     	; 0x726c <__vector_17+0x54>
    725c:	01 97       	sbiw	r24, 0x01	; 1
    725e:	90 93 b9 01 	sts	0x01B9, r25	; 0x8001b9 <RxLEDPulse+0x1>
    7262:	80 93 b8 01 	sts	0x01B8, r24	; 0x8001b8 <RxLEDPulse>
    7266:	89 2b       	or	r24, r25
    7268:	09 f4       	brne	.+2      	; 0x726c <__vector_17+0x54>
    726a:	8e 98       	cbi	0x11, 6	; 17

    if (pgm_read_word(0) != 0xFFFF) Timeout++;
    726c:	e0 e0       	ldi	r30, 0x00	; 0
    726e:	f0 e0       	ldi	r31, 0x00	; 0
    7270:	85 91       	lpm	r24, Z+
    7272:	94 91       	lpm	r25, Z
    7274:	01 96       	adiw	r24, 0x01	; 1
    7276:	49 f0       	breq	.+18     	; 0x728a <__vector_17+0x72>
    7278:	80 91 b6 01 	lds	r24, 0x01B6	; 0x8001b6 <__data_end>
    727c:	90 91 b7 01 	lds	r25, 0x01B7	; 0x8001b7 <__data_end+0x1>
    7280:	01 96       	adiw	r24, 0x01	; 1
    7282:	90 93 b7 01 	sts	0x01B7, r25	; 0x8001b7 <__data_end+0x1>
    7286:	80 93 b6 01 	sts	0x01B6, r24	; 0x8001b6 <__data_end>
}
    728a:	ff 91       	pop	r31
    728c:	ef 91       	pop	r30
    728e:	9f 91       	pop	r25
    7290:	8f 91       	pop	r24
    7292:	2f 91       	pop	r18
    7294:	0f 90       	pop	r0
    7296:	0f be       	out	0x3f, r0	; 63
    7298:	0f 90       	pop	r0
    729a:	1f 90       	pop	r1
    729c:	18 95       	reti

0000729e <EVENT_USB_Device_ConfigurationChanged>:
			                                              const uint8_t Type,
			                                              const uint8_t Direction,
			                                              const uint16_t Size,
			                                              const uint8_t Banks)
			{
				return Endpoint_ConfigureEndpoint_Prv(Number, ((Type << EPTYPE0) | (Direction ? (1 << EPDIR) : 0)),
    729e:	42 e0       	ldi	r20, 0x02	; 2
    72a0:	61 ec       	ldi	r22, 0xC1	; 193
    72a2:	82 e0       	ldi	r24, 0x02	; 2
    72a4:	3f d3       	rcall	.+1662   	; 0x7924 <Endpoint_ConfigureEndpoint_Prv>
    72a6:	42 e1       	ldi	r20, 0x12	; 18
    72a8:	61 e8       	ldi	r22, 0x81	; 129
    72aa:	83 e0       	ldi	r24, 0x03	; 3
    72ac:	3b d3       	rcall	.+1654   	; 0x7924 <Endpoint_ConfigureEndpoint_Prv>
    72ae:	42 e1       	ldi	r20, 0x12	; 18
    72b0:	60 e8       	ldi	r22, 0x80	; 128
    72b2:	84 e0       	ldi	r24, 0x04	; 4
    72b4:	37 c3       	rjmp	.+1646   	; 0x7924 <Endpoint_ConfigureEndpoint_Prv>

000072b6 <EVENT_USB_Device_ControlRequest>:
 *  internally.
 */
void EVENT_USB_Device_ControlRequest(void)
{
    /* Ignore any requests that aren't directed to the CDC interface */
    if ((USB_ControlRequest.bmRequestType & (CONTROL_REQTYPE_TYPE | CONTROL_REQTYPE_RECIPIENT)) != (REQTYPE_CLASS | REQREC_INTERFACE)) {
    72b6:	80 91 c4 01 	lds	r24, 0x01C4	; 0x8001c4 <USB_ControlRequest>
    72ba:	98 2f       	mov	r25, r24
    72bc:	9f 77       	andi	r25, 0x7F	; 127
    72be:	91 32       	cpi	r25, 0x21	; 33
    72c0:	39 f5       	brne	.+78     	; 0x7310 <EVENT_USB_Device_ControlRequest+0x5a>
        return;
    }

    /* Process CDC specific control requests */
    switch (USB_ControlRequest.bRequest) {
    72c2:	90 91 c5 01 	lds	r25, 0x01C5	; 0x8001c5 <USB_ControlRequest+0x1>
    72c6:	90 32       	cpi	r25, 0x20	; 32
    72c8:	91 f0       	breq	.+36     	; 0x72ee <EVENT_USB_Device_ControlRequest+0x38>
    72ca:	91 32       	cpi	r25, 0x21	; 33
    72cc:	09 f5       	brne	.+66     	; 0x7310 <EVENT_USB_Device_ControlRequest+0x5a>
    case CDC_REQ_GetLineEncoding:
        if (USB_ControlRequest.bmRequestType == (REQDIR_DEVICETOHOST | REQTYPE_CLASS | REQREC_INTERFACE)) {
    72ce:	81 3a       	cpi	r24, 0xA1	; 161
    72d0:	f9 f4       	brne	.+62     	; 0x7310 <EVENT_USB_Device_ControlRequest+0x5a>
			 *  \note This is not applicable for non CONTROL type endpoints.
			 */
			static inline void Endpoint_ClearSETUP(void) ATTR_ALWAYS_INLINE;
			static inline void Endpoint_ClearSETUP(void)
			{
				UEINTX &= ~(1 << RXSTPI);
    72d2:	80 91 e8 00 	lds	r24, 0x00E8	; 0x8000e8 <__TEXT_REGION_LENGTH__+0x7f80e8>
    72d6:	87 7f       	andi	r24, 0xF7	; 247
    72d8:	80 93 e8 00 	sts	0x00E8, r24	; 0x8000e8 <__TEXT_REGION_LENGTH__+0x7f80e8>
            Endpoint_ClearSETUP();

            /* Write the line coding data to the control endpoint */
            Endpoint_Write_Control_Stream_LE(&LineEncoding, sizeof(CDC_LineEncoding_t));
    72dc:	67 e0       	ldi	r22, 0x07	; 7
    72de:	70 e0       	ldi	r23, 0x00	; 0
    72e0:	83 e0       	ldi	r24, 0x03	; 3
    72e2:	91 e0       	ldi	r25, 0x01	; 1
    72e4:	53 d4       	rcall	.+2214   	; 0x7b8c <Endpoint_Write_Control_Stream_LE>
			 */
			static inline void Endpoint_ClearOUT(void) ATTR_ALWAYS_INLINE;
			static inline void Endpoint_ClearOUT(void)
			{
				#if !defined(CONTROL_ONLY_DEVICE)
					UEINTX &= ~((1 << RXOUTI) | (1 << FIFOCON));
    72e6:	80 91 e8 00 	lds	r24, 0x00E8	; 0x8000e8 <__TEXT_REGION_LENGTH__+0x7f80e8>
    72ea:	8b 77       	andi	r24, 0x7B	; 123
    72ec:	0f c0       	rjmp	.+30     	; 0x730c <EVENT_USB_Device_ControlRequest+0x56>

            break;
    */

    case CDC_REQ_SetLineEncoding:
        if (USB_ControlRequest.bmRequestType == (REQDIR_HOSTTODEVICE | REQTYPE_CLASS | REQREC_INTERFACE)) {
    72ee:	81 32       	cpi	r24, 0x21	; 33
    72f0:	79 f4       	brne	.+30     	; 0x7310 <EVENT_USB_Device_ControlRequest+0x5a>
			 *  \note This is not applicable for non CONTROL type endpoints.
			 */
			static inline void Endpoint_ClearSETUP(void) ATTR_ALWAYS_INLINE;
			static inline void Endpoint_ClearSETUP(void)
			{
				UEINTX &= ~(1 << RXSTPI);
    72f2:	80 91 e8 00 	lds	r24, 0x00E8	; 0x8000e8 <__TEXT_REGION_LENGTH__+0x7f80e8>
    72f6:	87 7f       	andi	r24, 0xF7	; 247
    72f8:	80 93 e8 00 	sts	0x00E8, r24	; 0x8000e8 <__TEXT_REGION_LENGTH__+0x7f80e8>
            Endpoint_ClearSETUP();

            /* Read the line coding data in from the host into the global struct */
            Endpoint_Read_Control_Stream_LE(&LineEncoding, sizeof(CDC_LineEncoding_t));
    72fc:	67 e0       	ldi	r22, 0x07	; 7
    72fe:	70 e0       	ldi	r23, 0x00	; 0
    7300:	83 e0       	ldi	r24, 0x03	; 3
    7302:	91 e0       	ldi	r25, 0x01	; 1
    7304:	9b d4       	rcall	.+2358   	; 0x7c3c <Endpoint_Read_Control_Stream_LE>
			 */
			static inline void Endpoint_ClearIN(void) ATTR_ALWAYS_INLINE;
			static inline void Endpoint_ClearIN(void)
			{
				#if !defined(CONTROL_ONLY_DEVICE)
					UEINTX &= ~((1 << TXINI) | (1 << FIFOCON));
    7306:	80 91 e8 00 	lds	r24, 0x00E8	; 0x8000e8 <__TEXT_REGION_LENGTH__+0x7f80e8>
    730a:	8e 77       	andi	r24, 0x7E	; 126
    730c:	80 93 e8 00 	sts	0x00E8, r24	; 0x8000e8 <__TEXT_REGION_LENGTH__+0x7f80e8>
    7310:	08 95       	ret

00007312 <CDC_Task>:

/** Task to read in AVR910 commands from the CDC data OUT endpoint, process them, perform the required actions
 *  and send the appropriate response back to the host.
 */
void CDC_Task(void)
{
    7312:	4f 92       	push	r4
    7314:	5f 92       	push	r5
    7316:	6f 92       	push	r6
    7318:	7f 92       	push	r7
    731a:	8f 92       	push	r8
    731c:	9f 92       	push	r9
    731e:	af 92       	push	r10
    7320:	bf 92       	push	r11
    7322:	cf 92       	push	r12
    7324:	df 92       	push	r13
    7326:	ef 92       	push	r14
    7328:	ff 92       	push	r15
    732a:	0f 93       	push	r16
    732c:	1f 93       	push	r17
    732e:	cf 93       	push	r28
    7330:	df 93       	push	r29
			 */
			static inline void Endpoint_SelectEndpoint(const uint8_t EndpointNumber) ATTR_ALWAYS_INLINE;
			static inline void Endpoint_SelectEndpoint(const uint8_t EndpointNumber)
			{
				#if !defined(CONTROL_ONLY_DEVICE)
					UENUM = EndpointNumber;
    7332:	84 e0       	ldi	r24, 0x04	; 4
    7334:	80 93 e9 00 	sts	0x00E9, r24	; 0x8000e9 <__TEXT_REGION_LENGTH__+0x7f80e9>
			 *  \return Boolean \c true if current endpoint is has received an OUT packet, \c false otherwise.
			 */
			static inline bool Endpoint_IsOUTReceived(void) ATTR_WARN_UNUSED_RESULT ATTR_ALWAYS_INLINE;
			static inline bool Endpoint_IsOUTReceived(void)
			{
				return ((UEINTX & (1 << RXOUTI)) ? true : false);
    7338:	80 91 e8 00 	lds	r24, 0x00E8	; 0x8000e8 <__TEXT_REGION_LENGTH__+0x7f80e8>
    /* Select the OUT endpoint */
    Endpoint_SelectEndpoint(CDC_RX_EPNUM);

    /* Check if endpoint has a command in it sent from the host */
    if (!(Endpoint_IsOUTReceived())) return;
    733c:	82 ff       	sbrs	r24, 2
    733e:	2b c2       	rjmp	.+1110   	; 0x7796 <CDC_Task+0x484>

    RX_LED_ON();
    7340:	8e 9a       	sbi	0x11, 6	; 17
    RxLEDPulse = TX_RX_LED_PULSE_PERIOD;
    7342:	84 e6       	ldi	r24, 0x64	; 100
    7344:	90 e0       	ldi	r25, 0x00	; 0
    7346:	90 93 b9 01 	sts	0x01B9, r25	; 0x8001b9 <RxLEDPulse+0x1>
    734a:	80 93 b8 01 	sts	0x01B8, r24	; 0x8001b8 <RxLEDPulse>

    /* Read in the bootloader command (first byte sent from host) */
    uint8_t Command = FetchNextCommandByte();
    734e:	d4 de       	rcall	.-600    	; 0x70f8 <FetchNextCommandByte>
    7350:	c8 2f       	mov	r28, r24

    // E stands for exit bootloader. basically we shouldn't call this
    // until it's verified to be saved. As the exit call
    // makes it exit after half a second we can bump up the TIMEOUT_PERIOD.
    if (Command == 'E') {
    7352:	85 34       	cpi	r24, 0x45	; 69
    7354:	81 f4       	brne	.+32     	; 0x7376 <CDC_Task+0x64>
        /* We nearly run out the bootloader timeout clock,
         * leaving just a few hundred milliseconds so the
         * bootloder has time to respond and service any
         * subsequent requests */
        Timeout = TIMEOUT_PERIOD - 500;
    7356:	8c e8       	ldi	r24, 0x8C	; 140
    7358:	9c e3       	ldi	r25, 0x3C	; 60
    735a:	90 93 b7 01 	sts	0x01B7, r25	; 0x8001b7 <__data_end+0x1>
    735e:	80 93 b6 01 	sts	0x01B6, r24	; 0x8001b6 <__data_end>

        /* Re-enable RWW section - must be done here in case
         * user has disabled verification on upload.  */
        boot_rww_enable_safe();
    7362:	07 b6       	in	r0, 0x37	; 55
    7364:	00 fc       	sbrc	r0, 0
    7366:	fd cf       	rjmp	.-6      	; 0x7362 <CDC_Task+0x50>
    7368:	f9 99       	sbic	0x1f, 1	; 31
    736a:	fe cf       	rjmp	.-4      	; 0x7368 <CDC_Task+0x56>
    736c:	81 e1       	ldi	r24, 0x11	; 17
    736e:	80 93 57 00 	sts	0x0057, r24	; 0x800057 <__TEXT_REGION_LENGTH__+0x7f8057>
    7372:	e8 95       	spm
    7374:	03 c0       	rjmp	.+6      	; 0x737c <CDC_Task+0x6a>

        // Send confirmation byte back to the host
        WriteNextResponseByte('\r');
    }
    else if (Command == 'T') {
    7376:	84 35       	cpi	r24, 0x54	; 84
        FetchNextCommandByte();
    7378:	21 f4       	brne	.+8      	; 0x7382 <CDC_Task+0x70>

        // Send confirmation byte back to the host
        WriteNextResponseByte('\r');
    737a:	be de       	rcall	.-644    	; 0x70f8 <FetchNextCommandByte>
    737c:	8d e0       	ldi	r24, 0x0D	; 13
    737e:	d3 de       	rcall	.-602    	; 0x7126 <WriteNextResponseByte>
    7380:	e1 c1       	rjmp	.+962    	; 0x7744 <CDC_Task+0x432>
    }
    else if ((Command == 'L') || (Command == 'P')) {
    7382:	8c 34       	cpi	r24, 0x4C	; 76
    7384:	d9 f3       	breq	.-10     	; 0x737c <CDC_Task+0x6a>
    7386:	80 35       	cpi	r24, 0x50	; 80
    7388:	c9 f3       	breq	.-14     	; 0x737c <CDC_Task+0x6a>
        // Send confirmation byte back to the host
        WriteNextResponseByte('\r');
    }
    else if (Command == 't') {
    738a:	84 37       	cpi	r24, 0x74	; 116
        // Return ATMEGA128 part code - this is only to allow AVRProg to use the bootloader
        WriteNextResponseByte(0x44);
    738c:	21 f4       	brne	.+8      	; 0x7396 <CDC_Task+0x84>
    738e:	84 e4       	ldi	r24, 0x44	; 68
    7390:	ca de       	rcall	.-620    	; 0x7126 <WriteNextResponseByte>
        WriteNextResponseByte(0x00);
    7392:	80 e0       	ldi	r24, 0x00	; 0
    7394:	f4 cf       	rjmp	.-24     	; 0x737e <CDC_Task+0x6c>
    }
    else if (Command == 'a') {
    7396:	81 36       	cpi	r24, 0x61	; 97
    7398:	11 f4       	brne	.+4      	; 0x739e <CDC_Task+0x8c>
        // Indicate auto-address increment is supported
        WriteNextResponseByte('Y');
    739a:	89 e5       	ldi	r24, 0x59	; 89
    }
    else if (Command == 'A') {
    739c:	f0 cf       	rjmp	.-32     	; 0x737e <CDC_Task+0x6c>
        // Set the current address to that given by the host
        CurrAddress = (FetchNextCommandByte() << 9);
    739e:	81 34       	cpi	r24, 0x41	; 65
    73a0:	91 f4       	brne	.+36     	; 0x73c6 <CDC_Task+0xb4>
    73a2:	aa de       	rcall	.-684    	; 0x70f8 <FetchNextCommandByte>
        CurrAddress |= (FetchNextCommandByte() << 1);
    73a4:	c8 2f       	mov	r28, r24
    73a6:	a8 de       	rcall	.-688    	; 0x70f8 <FetchNextCommandByte>
    73a8:	2c 2f       	mov	r18, r28
    73aa:	30 e0       	ldi	r19, 0x00	; 0
    73ac:	32 2f       	mov	r19, r18
    73ae:	22 27       	eor	r18, r18
    73b0:	33 0f       	add	r19, r19
    73b2:	90 e0       	ldi	r25, 0x00	; 0
    73b4:	88 0f       	add	r24, r24
    73b6:	99 1f       	adc	r25, r25
    73b8:	82 2b       	or	r24, r18
    73ba:	93 2b       	or	r25, r19
    73bc:	09 2e       	mov	r0, r25
    73be:	00 0c       	add	r0, r0
    73c0:	aa 0b       	sbc	r26, r26
    73c2:	bb 0b       	sbc	r27, r27
    73c4:	93 c1       	rjmp	.+806    	; 0x76ec <CDC_Task+0x3da>

        // Send confirmation byte back to the host
        WriteNextResponseByte('\r');
    }
    else if (Command == 'p') {
    73c6:	80 37       	cpi	r24, 0x70	; 112
    73c8:	11 f4       	brne	.+4      	; 0x73ce <CDC_Task+0xbc>
        // Indicate serial programmer back to the host
        WriteNextResponseByte('S');
    73ca:	83 e5       	ldi	r24, 0x53	; 83
    }
    else if (Command == 'S') {
    73cc:	d8 cf       	rjmp	.-80     	; 0x737e <CDC_Task+0x6c>
    73ce:	83 35       	cpi	r24, 0x53	; 83
    73d0:	49 f4       	brne	.+18     	; 0x73e4 <CDC_Task+0xd2>
    73d2:	c0 eb       	ldi	r28, 0xB0	; 176
        // Write the 7-byte software identifier to the endpoint
        for (uint8_t CurrByte = 0; CurrByte < 7; CurrByte++)
            WriteNextResponseByte(SOFTWARE_IDENTIFIER[CurrByte]);
    73d4:	d1 e0       	ldi	r29, 0x01	; 1
    73d6:	89 91       	ld	r24, Y+
    73d8:	a6 de       	rcall	.-692    	; 0x7126 <WriteNextResponseByte>
        // Indicate serial programmer back to the host
        WriteNextResponseByte('S');
    }
    else if (Command == 'S') {
        // Write the 7-byte software identifier to the endpoint
        for (uint8_t CurrByte = 0; CurrByte < 7; CurrByte++)
    73da:	21 e0       	ldi	r18, 0x01	; 1
    73dc:	c7 3b       	cpi	r28, 0xB7	; 183
    73de:	d2 07       	cpc	r29, r18
    73e0:	d1 f7       	brne	.-12     	; 0x73d6 <CDC_Task+0xc4>
            WriteNextResponseByte(SOFTWARE_IDENTIFIER[CurrByte]);
    }
    else if (Command == 'V') {
    73e2:	b0 c1       	rjmp	.+864    	; 0x7744 <CDC_Task+0x432>
    73e4:	86 35       	cpi	r24, 0x56	; 86
        WriteNextResponseByte('0' + BOOTLOADER_VERSION_MAJOR);
    73e6:	21 f4       	brne	.+8      	; 0x73f0 <CDC_Task+0xde>
    73e8:	81 e3       	ldi	r24, 0x31	; 49
        WriteNextResponseByte('0' + BOOTLOADER_VERSION_MINOR);
    73ea:	9d de       	rcall	.-710    	; 0x7126 <WriteNextResponseByte>
    73ec:	80 e3       	ldi	r24, 0x30	; 48
    }
    else if (Command == 's') {
    73ee:	c7 cf       	rjmp	.-114    	; 0x737e <CDC_Task+0x6c>
    73f0:	83 37       	cpi	r24, 0x73	; 115
        WriteNextResponseByte(AVR_SIGNATURE_3);
    73f2:	31 f4       	brne	.+12     	; 0x7400 <CDC_Task+0xee>
    73f4:	87 e8       	ldi	r24, 0x87	; 135
    73f6:	97 de       	rcall	.-722    	; 0x7126 <WriteNextResponseByte>
        WriteNextResponseByte(AVR_SIGNATURE_2);
    73f8:	85 e9       	ldi	r24, 0x95	; 149
    73fa:	95 de       	rcall	.-726    	; 0x7126 <WriteNextResponseByte>
    73fc:	8e e1       	ldi	r24, 0x1E	; 30
        WriteNextResponseByte(AVR_SIGNATURE_1);
    73fe:	bf cf       	rjmp	.-130    	; 0x737e <CDC_Task+0x6c>
    7400:	85 36       	cpi	r24, 0x65	; 101
    }
    else if (Command == 'e') {
    7402:	b9 f4       	brne	.+46     	; 0x7432 <CDC_Task+0x120>
    7404:	e0 e0       	ldi	r30, 0x00	; 0
    7406:	f0 e0       	ldi	r31, 0x00	; 0
    7408:	83 e0       	ldi	r24, 0x03	; 3
        // Clear the application section of flash
        for (uint32_t CurrFlashAddress = 0; CurrFlashAddress < BOOT_START_ADDR; CurrFlashAddress += SPM_PAGESIZE) {
            boot_page_erase(CurrFlashAddress);
    740a:	95 e0       	ldi	r25, 0x05	; 5
            boot_spm_busy_wait();
            boot_page_write(CurrFlashAddress);
    740c:	80 93 57 00 	sts	0x0057, r24	; 0x800057 <__TEXT_REGION_LENGTH__+0x7f8057>
        WriteNextResponseByte(AVR_SIGNATURE_1);
    }
    else if (Command == 'e') {
        // Clear the application section of flash
        for (uint32_t CurrFlashAddress = 0; CurrFlashAddress < BOOT_START_ADDR; CurrFlashAddress += SPM_PAGESIZE) {
            boot_page_erase(CurrFlashAddress);
    7410:	e8 95       	spm
    7412:	07 b6       	in	r0, 0x37	; 55
            boot_spm_busy_wait();
    7414:	00 fc       	sbrc	r0, 0
    7416:	fd cf       	rjmp	.-6      	; 0x7412 <CDC_Task+0x100>
    7418:	90 93 57 00 	sts	0x0057, r25	; 0x800057 <__TEXT_REGION_LENGTH__+0x7f8057>
            boot_page_write(CurrFlashAddress);
    741c:	e8 95       	spm
    741e:	07 b6       	in	r0, 0x37	; 55
            boot_spm_busy_wait();
    7420:	00 fc       	sbrc	r0, 0
    7422:	fd cf       	rjmp	.-6      	; 0x741e <CDC_Task+0x10c>
    7424:	e0 58       	subi	r30, 0x80	; 128
    7426:	ff 4f       	sbci	r31, 0xFF	; 255
    7428:	e1 15       	cp	r30, r1
        WriteNextResponseByte(AVR_SIGNATURE_2);
        WriteNextResponseByte(AVR_SIGNATURE_1);
    }
    else if (Command == 'e') {
        // Clear the application section of flash
        for (uint32_t CurrFlashAddress = 0; CurrFlashAddress < BOOT_START_ADDR; CurrFlashAddress += SPM_PAGESIZE) {
    742a:	40 e7       	ldi	r20, 0x70	; 112
    742c:	f4 07       	cpc	r31, r20
    742e:	71 f7       	brne	.-36     	; 0x740c <CDC_Task+0xfa>
    7430:	a5 cf       	rjmp	.-182    	; 0x737c <CDC_Task+0x6a>
    7432:	82 37       	cpi	r24, 0x72	; 114

        // Send confirmation byte back to the host
        WriteNextResponseByte('\r');
    }
#endif
    else if (Command == 'r') {
    7434:	19 f4       	brne	.+6      	; 0x743c <CDC_Task+0x12a>
    7436:	e1 e0       	ldi	r30, 0x01	; 1
        WriteNextResponseByte(boot_lock_fuse_bits_get(GET_LOCK_BITS));
    7438:	f0 e0       	ldi	r31, 0x00	; 0
    743a:	0e c0       	rjmp	.+28     	; 0x7458 <CDC_Task+0x146>
    743c:	86 34       	cpi	r24, 0x46	; 70
    }
    else if (Command == 'F') {
    743e:	19 f4       	brne	.+6      	; 0x7446 <CDC_Task+0x134>
    7440:	e0 e0       	ldi	r30, 0x00	; 0
        WriteNextResponseByte(boot_lock_fuse_bits_get(GET_LOW_FUSE_BITS));
    7442:	f0 e0       	ldi	r31, 0x00	; 0
    7444:	09 c0       	rjmp	.+18     	; 0x7458 <CDC_Task+0x146>
    7446:	8e 34       	cpi	r24, 0x4E	; 78
    }
    else if (Command == 'N') {
    7448:	19 f4       	brne	.+6      	; 0x7450 <CDC_Task+0x13e>
    744a:	e3 e0       	ldi	r30, 0x03	; 3
        WriteNextResponseByte(boot_lock_fuse_bits_get(GET_HIGH_FUSE_BITS));
    744c:	f0 e0       	ldi	r31, 0x00	; 0
    744e:	04 c0       	rjmp	.+8      	; 0x7458 <CDC_Task+0x146>
    7450:	81 35       	cpi	r24, 0x51	; 81
    }
    else if (Command == 'Q') {
    7452:	39 f4       	brne	.+14     	; 0x7462 <CDC_Task+0x150>
    7454:	e2 e0       	ldi	r30, 0x02	; 2
        WriteNextResponseByte(boot_lock_fuse_bits_get(GET_EXTENDED_FUSE_BITS));
    7456:	f0 e0       	ldi	r31, 0x00	; 0
    7458:	89 e0       	ldi	r24, 0x09	; 9
    745a:	80 93 57 00 	sts	0x0057, r24	; 0x800057 <__TEXT_REGION_LENGTH__+0x7f8057>
    745e:	84 91       	lpm	r24, Z
    }
    // Current locking is good enough, especially with the addition of 186 and 185
    // codes we can stay avrdude/avr109 compatible as well.
    // we mostly use block writes because of added speed
#if !defined(NO_BLOCK_SUPPORT)
    else if (Command == 'b') {
    7460:	8e cf       	rjmp	.-228    	; 0x737e <CDC_Task+0x6c>
    7462:	82 36       	cpi	r24, 0x62	; 98
        WriteNextResponseByte('Y');
    7464:	31 f4       	brne	.+12     	; 0x7472 <CDC_Task+0x160>
    7466:	89 e5       	ldi	r24, 0x59	; 89
    7468:	5e de       	rcall	.-836    	; 0x7126 <WriteNextResponseByte>

        // Send block size to the host
        WriteNextResponseByte(SPM_PAGESIZE >> 8);
    746a:	80 e0       	ldi	r24, 0x00	; 0
    746c:	5c de       	rcall	.-840    	; 0x7126 <WriteNextResponseByte>
        WriteNextResponseByte(SPM_PAGESIZE & 0xFF);
    746e:	80 e8       	ldi	r24, 0x80	; 128
    }
    else if ((Command == 'B') || (Command == 'g')) {
    7470:	86 cf       	rjmp	.-244    	; 0x737e <CDC_Task+0x6c>
    7472:	82 34       	cpi	r24, 0x42	; 66
    7474:	19 f0       	breq	.+6      	; 0x747c <CDC_Task+0x16a>
    7476:	87 36       	cpi	r24, 0x67	; 103
        // Keep resetting the timeout counter if we're receiving self-programming instructions
        Timeout = 0;
    7478:	09 f0       	breq	.+2      	; 0x747c <CDC_Task+0x16a>
    747a:	d0 c0       	rjmp	.+416    	; 0x761c <CDC_Task+0x30a>
    747c:	10 92 b7 01 	sts	0x01B7, r1	; 0x8001b7 <__data_end+0x1>
    char MemoryType;

    bool HighByte = false;
    uint8_t LowByte = 0;

    BlockSize = (FetchNextCommandByte() << 8);
    7480:	10 92 b6 01 	sts	0x01B6, r1	; 0x8001b6 <__data_end>
    7484:	39 de       	rcall	.-910    	; 0x70f8 <FetchNextCommandByte>
    BlockSize |= FetchNextCommandByte();
    7486:	08 2f       	mov	r16, r24
    7488:	37 de       	rcall	.-914    	; 0x70f8 <FetchNextCommandByte>
    748a:	d8 2f       	mov	r29, r24

    MemoryType = FetchNextCommandByte();
    748c:	35 de       	rcall	.-918    	; 0x70f8 <FetchNextCommandByte>
    748e:	18 2f       	mov	r17, r24
    7490:	8b eb       	ldi	r24, 0xBB	; 187

    if ((MemoryType != 'E') && (MemoryType != 'F')) {
    7492:	81 0f       	add	r24, r17
    7494:	82 30       	cpi	r24, 0x02	; 2
    7496:	10 f0       	brcs	.+4      	; 0x749c <CDC_Task+0x18a>
    7498:	8f e3       	ldi	r24, 0x3F	; 63
        /* Send error byte back to the host */
        WriteNextResponseByte('?');
    749a:	71 cf       	rjmp	.-286    	; 0x737e <CDC_Task+0x6c>
    749c:	8d 2f       	mov	r24, r29
    char MemoryType;

    bool HighByte = false;
    uint8_t LowByte = 0;

    BlockSize = (FetchNextCommandByte() << 8);
    749e:	90 e0       	ldi	r25, 0x00	; 0
    74a0:	90 2b       	or	r25, r16
    BlockSize |= FetchNextCommandByte();
    74a2:	10 92 6f 00 	sts	0x006F, r1	; 0x80006f <__TEXT_REGION_LENGTH__+0x7f806f>
        return;
    }

    /* Disable timer 1 interrupt - can't afford to process nonessential interrupts
     * while doing SPM tasks */
    TIMSK1 = 0;
    74a6:	c7 36       	cpi	r28, 0x67	; 103

    /* Check if command is to read memory */
    if (Command == 'g') {
    74a8:	09 f0       	breq	.+2      	; 0x74ac <CDC_Task+0x19a>
    74aa:	42 c0       	rjmp	.+132    	; 0x7530 <CDC_Task+0x21e>
    74ac:	21 e1       	ldi	r18, 0x11	; 17
        /* Re-enable RWW section */
        boot_rww_enable();
    74ae:	20 93 57 00 	sts	0x0057, r18	; 0x800057 <__TEXT_REGION_LENGTH__+0x7f8057>
    74b2:	e8 95       	spm
    74b4:	ec 01       	movw	r28, r24
    74b6:	b1 2c       	mov	r11, r1
static void ReadWriteMemoryBlock(const uint8_t Command)
{
    uint16_t BlockSize;
    char MemoryType;

    bool HighByte = false;
    74b8:	01 e0       	ldi	r16, 0x01	; 1
#endif

                /* If both bytes in current word have been read, increment the address counter */
                if (HighByte) CurrAddress += 2;

                HighByte = !HighByte;
    74ba:	20 97       	sbiw	r28, 0x00	; 0
    /* Check if command is to read memory */
    if (Command == 'g') {
        /* Re-enable RWW section */
        boot_rww_enable();

        while (BlockSize--) {
    74bc:	09 f4       	brne	.+2      	; 0x74c0 <CDC_Task+0x1ae>
    74be:	aa c0       	rjmp	.+340    	; 0x7614 <CDC_Task+0x302>
    74c0:	c0 90 bc 01 	lds	r12, 0x01BC	; 0x8001bc <CurrAddress>
    74c4:	d0 90 bd 01 	lds	r13, 0x01BD	; 0x8001bd <CurrAddress+0x1>
    74c8:	e0 90 be 01 	lds	r14, 0x01BE	; 0x8001be <CurrAddress+0x2>
    74cc:	f0 90 bf 01 	lds	r15, 0x01BF	; 0x8001bf <CurrAddress+0x3>
            if (MemoryType == 'F') {
    74d0:	16 34       	cpi	r17, 0x46	; 70
    74d2:	b9 f4       	brne	.+46     	; 0x7502 <CDC_Task+0x1f0>
/* Read the next FLASH byte from the current FLASH page */
#if (FLASHEND > 0xFFFF)
                WriteNextResponseByte(pgm_read_byte_far(CurrAddress | HighByte));
#else
                WriteNextResponseByte(pgm_read_byte(CurrAddress | HighByte));
    74d4:	eb 2d       	mov	r30, r11
    74d6:	f0 e0       	ldi	r31, 0x00	; 0
    74d8:	ec 29       	or	r30, r12
    74da:	fd 29       	or	r31, r13
    74dc:	84 91       	lpm	r24, Z
    74de:	23 de       	rcall	.-954    	; 0x7126 <WriteNextResponseByte>
    74e0:	bb 20       	and	r11, r11
#endif

                /* If both bytes in current word have been read, increment the address counter */
                if (HighByte) CurrAddress += 2;
    74e2:	69 f0       	breq	.+26     	; 0x74fe <CDC_Task+0x1ec>
    74e4:	52 e0       	ldi	r21, 0x02	; 2
    74e6:	c5 0e       	add	r12, r21
    74e8:	d1 1c       	adc	r13, r1
    74ea:	e1 1c       	adc	r14, r1
    74ec:	f1 1c       	adc	r15, r1
    74ee:	c0 92 bc 01 	sts	0x01BC, r12	; 0x8001bc <CurrAddress>
    74f2:	d0 92 bd 01 	sts	0x01BD, r13	; 0x8001bd <CurrAddress+0x1>
    74f6:	e0 92 be 01 	sts	0x01BE, r14	; 0x8001be <CurrAddress+0x2>
    74fa:	f0 92 bf 01 	sts	0x01BF, r15	; 0x8001bf <CurrAddress+0x3>

                HighByte = !HighByte;
    74fe:	b0 26       	eor	r11, r16
            }
            else {
                /* Read the next EEPROM byte into the endpoint */
                WriteNextResponseByte(eeprom_read_byte((uint8_t *)(intptr_t)(CurrAddress >> 1)));
    7500:	15 c0       	rjmp	.+42     	; 0x752c <CDC_Task+0x21a>
    7502:	d7 01       	movw	r26, r14
    7504:	c6 01       	movw	r24, r12
    7506:	b6 95       	lsr	r27
    7508:	a7 95       	ror	r26
    750a:	97 95       	ror	r25
    750c:	87 95       	ror	r24
    750e:	ea d4       	rcall	.+2516   	; 0x7ee4 <eeprom_read_byte>
    7510:	0a de       	rcall	.-1004   	; 0x7126 <WriteNextResponseByte>
    7512:	82 e0       	ldi	r24, 0x02	; 2

                /* Increment the address counter after use */
                CurrAddress += 2;
    7514:	c8 0e       	add	r12, r24
    7516:	d1 1c       	adc	r13, r1
    7518:	e1 1c       	adc	r14, r1
    751a:	f1 1c       	adc	r15, r1
    751c:	c0 92 bc 01 	sts	0x01BC, r12	; 0x8001bc <CurrAddress>
    7520:	d0 92 bd 01 	sts	0x01BD, r13	; 0x8001bd <CurrAddress+0x1>
    7524:	e0 92 be 01 	sts	0x01BE, r14	; 0x8001be <CurrAddress+0x2>
    7528:	f0 92 bf 01 	sts	0x01BF, r15	; 0x8001bf <CurrAddress+0x3>
    752c:	21 97       	sbiw	r28, 0x01	; 1
    752e:	c5 cf       	rjmp	.-118    	; 0x74ba <CDC_Task+0x1a8>
    7530:	80 90 bc 01 	lds	r8, 0x01BC	; 0x8001bc <CurrAddress>
            }
        }
    }
    else {
        uint32_t PageStartAddress = CurrAddress;
    7534:	90 90 bd 01 	lds	r9, 0x01BD	; 0x8001bd <CurrAddress+0x1>
    7538:	a0 90 be 01 	lds	r10, 0x01BE	; 0x8001be <CurrAddress+0x2>
    753c:	b0 90 bf 01 	lds	r11, 0x01BF	; 0x8001bf <CurrAddress+0x3>
    7540:	16 34       	cpi	r17, 0x46	; 70

        if (MemoryType == 'F') {
    7542:	41 f4       	brne	.+16     	; 0x7554 <CDC_Task+0x242>
    7544:	23 e0       	ldi	r18, 0x03	; 3
            boot_page_erase(PageStartAddress);
    7546:	f4 01       	movw	r30, r8
    7548:	20 93 57 00 	sts	0x0057, r18	; 0x800057 <__TEXT_REGION_LENGTH__+0x7f8057>
    754c:	e8 95       	spm
    754e:	07 b6       	in	r0, 0x37	; 55
            boot_spm_busy_wait();
    7550:	00 fc       	sbrc	r0, 0
    7552:	fd cf       	rjmp	.-6      	; 0x754e <CDC_Task+0x23c>
    7554:	e1 2c       	mov	r14, r1
        }
    }
    else {
        uint32_t PageStartAddress = CurrAddress;

        if (MemoryType == 'F') {
    7556:	f1 2c       	mov	r15, r1
    7558:	ec 01       	movw	r28, r24
                }
                else {
                    LowByte = FetchNextCommandByte();
                }

                HighByte = !HighByte;
    755a:	01 e0       	ldi	r16, 0x01	; 1
        if (MemoryType == 'F') {
            boot_page_erase(PageStartAddress);
            boot_spm_busy_wait();
        }

        while (BlockSize--) {
    755c:	20 97       	sbiw	r28, 0x00	; 0
    755e:	09 f4       	brne	.+2      	; 0x7562 <CDC_Task+0x250>
    7560:	4d c0       	rjmp	.+154    	; 0x75fc <CDC_Task+0x2ea>
            if (MemoryType == 'F') {
    7562:	16 34       	cpi	r17, 0x46	; 70
    7564:	39 f5       	brne	.+78     	; 0x75b4 <CDC_Task+0x2a2>
                /* If both bytes in current word have been written, increment the address counter */
                if (HighByte) {
    7566:	ff 20       	and	r15, r15
    7568:	09 f1       	breq	.+66     	; 0x75ac <CDC_Task+0x29a>
                    /* Write the next FLASH word to the current FLASH page */
                    boot_page_fill(CurrAddress, ((FetchNextCommandByte() << 8) | LowByte));
    756a:	40 90 bc 01 	lds	r4, 0x01BC	; 0x8001bc <CurrAddress>
    756e:	50 90 bd 01 	lds	r5, 0x01BD	; 0x8001bd <CurrAddress+0x1>
    7572:	60 90 be 01 	lds	r6, 0x01BE	; 0x8001be <CurrAddress+0x2>
    7576:	70 90 bf 01 	lds	r7, 0x01BF	; 0x8001bf <CurrAddress+0x3>
    757a:	be dd       	rcall	.-1156   	; 0x70f8 <FetchNextCommandByte>
    757c:	2e 2d       	mov	r18, r14
    757e:	30 e0       	ldi	r19, 0x00	; 0
    7580:	a9 01       	movw	r20, r18
    7582:	58 2b       	or	r21, r24
    7584:	f2 01       	movw	r30, r4
    7586:	0a 01       	movw	r0, r20
    7588:	00 93 57 00 	sts	0x0057, r16	; 0x800057 <__TEXT_REGION_LENGTH__+0x7f8057>
    758c:	e8 95       	spm
    758e:	11 24       	eor	r1, r1

                    /* Increment the address counter after use */
                    CurrAddress += 2;
    7590:	f2 e0       	ldi	r31, 0x02	; 2
    7592:	4f 0e       	add	r4, r31
    7594:	51 1c       	adc	r5, r1
    7596:	61 1c       	adc	r6, r1
    7598:	71 1c       	adc	r7, r1
    759a:	40 92 bc 01 	sts	0x01BC, r4	; 0x8001bc <CurrAddress>
    759e:	50 92 bd 01 	sts	0x01BD, r5	; 0x8001bd <CurrAddress+0x1>
    75a2:	60 92 be 01 	sts	0x01BE, r6	; 0x8001be <CurrAddress+0x2>
    75a6:	70 92 bf 01 	sts	0x01BF, r7	; 0x8001bf <CurrAddress+0x3>
                }
                else {
                    LowByte = FetchNextCommandByte();
    75aa:	02 c0       	rjmp	.+4      	; 0x75b0 <CDC_Task+0x29e>
    75ac:	a5 dd       	rcall	.-1206   	; 0x70f8 <FetchNextCommandByte>
    75ae:	e8 2e       	mov	r14, r24
                }

                HighByte = !HighByte;
    75b0:	f0 26       	eor	r15, r16
    75b2:	22 c0       	rjmp	.+68     	; 0x75f8 <CDC_Task+0x2e6>
            }
            else {
                /* Write the next EEPROM byte from the endpoint */
                eeprom_write_byte((uint8_t *)((intptr_t)(CurrAddress >> 1)), FetchNextCommandByte());
    75b4:	a1 dd       	rcall	.-1214   	; 0x70f8 <FetchNextCommandByte>
    75b6:	68 2f       	mov	r22, r24
    75b8:	80 91 bc 01 	lds	r24, 0x01BC	; 0x8001bc <CurrAddress>
    75bc:	90 91 bd 01 	lds	r25, 0x01BD	; 0x8001bd <CurrAddress+0x1>
    75c0:	a0 91 be 01 	lds	r26, 0x01BE	; 0x8001be <CurrAddress+0x2>
    75c4:	b0 91 bf 01 	lds	r27, 0x01BF	; 0x8001bf <CurrAddress+0x3>
    75c8:	b6 95       	lsr	r27
    75ca:	a7 95       	ror	r26
    75cc:	97 95       	ror	r25
    75ce:	87 95       	ror	r24
    75d0:	a3 d4       	rcall	.+2374   	; 0x7f18 <eeprom_write_byte>
    75d2:	80 91 bc 01 	lds	r24, 0x01BC	; 0x8001bc <CurrAddress>

                /* Increment the address counter after use */
                CurrAddress += 2;
    75d6:	90 91 bd 01 	lds	r25, 0x01BD	; 0x8001bd <CurrAddress+0x1>
    75da:	a0 91 be 01 	lds	r26, 0x01BE	; 0x8001be <CurrAddress+0x2>
    75de:	b0 91 bf 01 	lds	r27, 0x01BF	; 0x8001bf <CurrAddress+0x3>
    75e2:	02 96       	adiw	r24, 0x02	; 2
    75e4:	a1 1d       	adc	r26, r1
    75e6:	b1 1d       	adc	r27, r1
    75e8:	80 93 bc 01 	sts	0x01BC, r24	; 0x8001bc <CurrAddress>
    75ec:	90 93 bd 01 	sts	0x01BD, r25	; 0x8001bd <CurrAddress+0x1>
    75f0:	a0 93 be 01 	sts	0x01BE, r26	; 0x8001be <CurrAddress+0x2>
    75f4:	b0 93 bf 01 	sts	0x01BF, r27	; 0x8001bf <CurrAddress+0x3>
    75f8:	21 97       	sbiw	r28, 0x01	; 1
    75fa:	b0 cf       	rjmp	.-160    	; 0x755c <CDC_Task+0x24a>
    75fc:	16 34       	cpi	r17, 0x46	; 70
            }
        }

        /* If in FLASH programming mode, commit the page after writing */
        if (MemoryType == 'F') {
    75fe:	41 f4       	brne	.+16     	; 0x7610 <CDC_Task+0x2fe>
            /* Commit the flash page to memory */
            boot_page_write(PageStartAddress);
    7600:	85 e0       	ldi	r24, 0x05	; 5
    7602:	f4 01       	movw	r30, r8
    7604:	80 93 57 00 	sts	0x0057, r24	; 0x800057 <__TEXT_REGION_LENGTH__+0x7f8057>
    7608:	e8 95       	spm

            /* Wait until write operation has completed */
            boot_spm_busy_wait();
    760a:	07 b6       	in	r0, 0x37	; 55
    760c:	00 fc       	sbrc	r0, 0
    760e:	fd cf       	rjmp	.-6      	; 0x760a <CDC_Task+0x2f8>
        }

        /* Send response byte back to the host */
        WriteNextResponseByte('\r');
    7610:	8d e0       	ldi	r24, 0x0D	; 13
    7612:	89 dd       	rcall	.-1262   	; 0x7126 <WriteNextResponseByte>
    7614:	82 e0       	ldi	r24, 0x02	; 2
    }

    /* Re-enable timer 1 interrupt disabled earlier in this routine */
    TIMSK1 = (1 << OCIE1A);
    7616:	80 93 6f 00 	sts	0x006F, r24	; 0x80006f <__TEXT_REGION_LENGTH__+0x7f806f>
    761a:	94 c0       	rjmp	.+296    	; 0x7744 <CDC_Task+0x432>
    761c:	83 34       	cpi	r24, 0x43	; 67
        // Delegate the block write/read to a separate function for clarity
        ReadWriteMemoryBlock(Command);
    }
#endif
#if !defined(NO_FLASH_BYTE_SUPPORT)
    else if (Command == 'C') {
    761e:	71 f4       	brne	.+28     	; 0x763c <CDC_Task+0x32a>
    7620:	c0 91 bc 01 	lds	r28, 0x01BC	; 0x8001bc <CurrAddress>
        // Write the high byte to the current flash page
        boot_page_fill(CurrAddress, FetchNextCommandByte());
    7624:	d0 91 bd 01 	lds	r29, 0x01BD	; 0x8001bd <CurrAddress+0x1>
    7628:	67 dd       	rcall	.-1330   	; 0x70f8 <FetchNextCommandByte>
    762a:	90 e0       	ldi	r25, 0x00	; 0
    762c:	21 e0       	ldi	r18, 0x01	; 1
    762e:	fe 01       	movw	r30, r28
    7630:	0c 01       	movw	r0, r24
    7632:	20 93 57 00 	sts	0x0057, r18	; 0x800057 <__TEXT_REGION_LENGTH__+0x7f8057>
    7636:	e8 95       	spm
    7638:	11 24       	eor	r1, r1
    763a:	a0 ce       	rjmp	.-704    	; 0x737c <CDC_Task+0x6a>
    763c:	83 36       	cpi	r24, 0x63	; 99

        // Send confirmation byte back to the host
        WriteNextResponseByte('\r');
    }
    else if (Command == 'c') {
    763e:	01 f5       	brne	.+64     	; 0x7680 <CDC_Task+0x36e>
    7640:	c0 90 bc 01 	lds	r12, 0x01BC	; 0x8001bc <CurrAddress>
        // Write the low byte to the current flash page
        boot_page_fill(CurrAddress | 0x01, FetchNextCommandByte());
    7644:	d0 90 bd 01 	lds	r13, 0x01BD	; 0x8001bd <CurrAddress+0x1>
    7648:	e0 90 be 01 	lds	r14, 0x01BE	; 0x8001be <CurrAddress+0x2>
    764c:	f0 90 bf 01 	lds	r15, 0x01BF	; 0x8001bf <CurrAddress+0x3>
    7650:	53 dd       	rcall	.-1370   	; 0x70f8 <FetchNextCommandByte>
    7652:	f6 01       	movw	r30, r12
    7654:	e1 60       	ori	r30, 0x01	; 1
    7656:	90 e0       	ldi	r25, 0x00	; 0
    7658:	21 e0       	ldi	r18, 0x01	; 1
    765a:	0c 01       	movw	r0, r24
    765c:	20 93 57 00 	sts	0x0057, r18	; 0x800057 <__TEXT_REGION_LENGTH__+0x7f8057>
    7660:	e8 95       	spm
    7662:	11 24       	eor	r1, r1
    7664:	f2 e0       	ldi	r31, 0x02	; 2
    7666:	cf 0e       	add	r12, r31

        // Increment the address
        CurrAddress += 2;
    7668:	d1 1c       	adc	r13, r1
    766a:	e1 1c       	adc	r14, r1
    766c:	f1 1c       	adc	r15, r1
    766e:	c0 92 bc 01 	sts	0x01BC, r12	; 0x8001bc <CurrAddress>
    7672:	d0 92 bd 01 	sts	0x01BD, r13	; 0x8001bd <CurrAddress+0x1>
    7676:	e0 92 be 01 	sts	0x01BE, r14	; 0x8001be <CurrAddress+0x2>
    767a:	f0 92 bf 01 	sts	0x01BF, r15	; 0x8001bf <CurrAddress+0x3>
    767e:	7e ce       	rjmp	.-772    	; 0x737c <CDC_Task+0x6a>
    7680:	8d 36       	cpi	r24, 0x6D	; 109

        // Send confirmation byte back to the host
        WriteNextResponseByte('\r');
    }
    else if (Command == 'm') {
    7682:	61 f4       	brne	.+24     	; 0x769c <CDC_Task+0x38a>
    7684:	e0 91 bc 01 	lds	r30, 0x01BC	; 0x8001bc <CurrAddress>
        // Commit the flash page to memory
        boot_page_write(CurrAddress);
    7688:	f0 91 bd 01 	lds	r31, 0x01BD	; 0x8001bd <CurrAddress+0x1>
    768c:	85 e0       	ldi	r24, 0x05	; 5
    768e:	80 93 57 00 	sts	0x0057, r24	; 0x800057 <__TEXT_REGION_LENGTH__+0x7f8057>
    7692:	e8 95       	spm

        // Wait until write operation has completed
        boot_spm_busy_wait();
    7694:	07 b6       	in	r0, 0x37	; 55
    7696:	00 fc       	sbrc	r0, 0
    7698:	fd cf       	rjmp	.-6      	; 0x7694 <CDC_Task+0x382>
    769a:	70 ce       	rjmp	.-800    	; 0x737c <CDC_Task+0x6a>

        // Send confirmation byte back to the host
        WriteNextResponseByte('\r');
    }
    else if (Command == 'R') {
    769c:	82 35       	cpi	r24, 0x52	; 82
    769e:	51 f4       	brne	.+20     	; 0x76b4 <CDC_Task+0x3a2>
#if (FLASHEND > 0xFFFF)
        uint16_t ProgramWord = pgm_read_word_far(CurrAddress);
#else
        uint16_t ProgramWord = pgm_read_word(CurrAddress);
    76a0:	e0 91 bc 01 	lds	r30, 0x01BC	; 0x8001bc <CurrAddress>
    76a4:	f0 91 bd 01 	lds	r31, 0x01BD	; 0x8001bd <CurrAddress+0x1>
    76a8:	c5 91       	lpm	r28, Z+
#endif

        WriteNextResponseByte(ProgramWord >> 8);
    76aa:	d4 91       	lpm	r29, Z
    76ac:	8d 2f       	mov	r24, r29
    76ae:	3b dd       	rcall	.-1418   	; 0x7126 <WriteNextResponseByte>
        WriteNextResponseByte(ProgramWord & 0xFF);
    76b0:	8c 2f       	mov	r24, r28
    76b2:	65 ce       	rjmp	.-822    	; 0x737e <CDC_Task+0x6c>
    }
#endif
#if !defined(NO_EEPROM_BYTE_SUPPORT)
    else if (Command == 'D') {
    76b4:	84 34       	cpi	r24, 0x44	; 68
    76b6:	19 f5       	brne	.+70     	; 0x76fe <CDC_Task+0x3ec>
        // Read the byte from the endpoint and write it to the EEPROM
        eeprom_write_byte((uint8_t *)((intptr_t)(CurrAddress >> 1)), FetchNextCommandByte());
    76b8:	1f dd       	rcall	.-1474   	; 0x70f8 <FetchNextCommandByte>
    76ba:	68 2f       	mov	r22, r24
    76bc:	80 91 bc 01 	lds	r24, 0x01BC	; 0x8001bc <CurrAddress>
    76c0:	90 91 bd 01 	lds	r25, 0x01BD	; 0x8001bd <CurrAddress+0x1>
    76c4:	a0 91 be 01 	lds	r26, 0x01BE	; 0x8001be <CurrAddress+0x2>
    76c8:	b0 91 bf 01 	lds	r27, 0x01BF	; 0x8001bf <CurrAddress+0x3>
    76cc:	b6 95       	lsr	r27
    76ce:	a7 95       	ror	r26
    76d0:	97 95       	ror	r25
    76d2:	87 95       	ror	r24
    76d4:	21 d4       	rcall	.+2114   	; 0x7f18 <eeprom_write_byte>
    76d6:	80 91 bc 01 	lds	r24, 0x01BC	; 0x8001bc <CurrAddress>

        // Increment the address after use
        CurrAddress += 2;
    76da:	90 91 bd 01 	lds	r25, 0x01BD	; 0x8001bd <CurrAddress+0x1>
    76de:	a0 91 be 01 	lds	r26, 0x01BE	; 0x8001be <CurrAddress+0x2>
    76e2:	b0 91 bf 01 	lds	r27, 0x01BF	; 0x8001bf <CurrAddress+0x3>
    76e6:	02 96       	adiw	r24, 0x02	; 2
    76e8:	a1 1d       	adc	r26, r1
    76ea:	b1 1d       	adc	r27, r1
    76ec:	80 93 bc 01 	sts	0x01BC, r24	; 0x8001bc <CurrAddress>
    76f0:	90 93 bd 01 	sts	0x01BD, r25	; 0x8001bd <CurrAddress+0x1>
    76f4:	a0 93 be 01 	sts	0x01BE, r26	; 0x8001be <CurrAddress+0x2>
    76f8:	b0 93 bf 01 	sts	0x01BF, r27	; 0x8001bf <CurrAddress+0x3>
    76fc:	3f ce       	rjmp	.-898    	; 0x737c <CDC_Task+0x6a>

        // Send confirmation byte back to the host
        WriteNextResponseByte('\r');
    }
    else if (Command == 'd') {
    76fe:	84 36       	cpi	r24, 0x64	; 100
    7700:	f1 f4       	brne	.+60     	; 0x773e <CDC_Task+0x42c>
        // Read the EEPROM byte and write it to the endpoint
        WriteNextResponseByte(eeprom_read_byte((uint8_t *)((intptr_t)(CurrAddress >> 1))));
    7702:	c0 90 bc 01 	lds	r12, 0x01BC	; 0x8001bc <CurrAddress>
    7706:	d0 90 bd 01 	lds	r13, 0x01BD	; 0x8001bd <CurrAddress+0x1>
    770a:	e0 90 be 01 	lds	r14, 0x01BE	; 0x8001be <CurrAddress+0x2>
    770e:	f0 90 bf 01 	lds	r15, 0x01BF	; 0x8001bf <CurrAddress+0x3>
    7712:	d7 01       	movw	r26, r14
    7714:	c6 01       	movw	r24, r12
    7716:	b6 95       	lsr	r27
    7718:	a7 95       	ror	r26
    771a:	97 95       	ror	r25
    771c:	87 95       	ror	r24
    771e:	e2 d3       	rcall	.+1988   	; 0x7ee4 <eeprom_read_byte>
    7720:	02 dd       	rcall	.-1532   	; 0x7126 <WriteNextResponseByte>
    7722:	22 e0       	ldi	r18, 0x02	; 2
    7724:	c2 0e       	add	r12, r18

        // Increment the address after use
        CurrAddress += 2;
    7726:	d1 1c       	adc	r13, r1
    7728:	e1 1c       	adc	r14, r1
    772a:	f1 1c       	adc	r15, r1
    772c:	c0 92 bc 01 	sts	0x01BC, r12	; 0x8001bc <CurrAddress>
    7730:	d0 92 bd 01 	sts	0x01BD, r13	; 0x8001bd <CurrAddress+0x1>
    7734:	e0 92 be 01 	sts	0x01BE, r14	; 0x8001be <CurrAddress+0x2>
    7738:	f0 92 bf 01 	sts	0x01BF, r15	; 0x8001bf <CurrAddress+0x3>
    773c:	03 c0       	rjmp	.+6      	; 0x7744 <CDC_Task+0x432>
    773e:	8b 31       	cpi	r24, 0x1B	; 27
    7740:	09 f0       	breq	.+2      	; 0x7744 <CDC_Task+0x432>
    }
#endif
    else if (Command != 27) {
    7742:	aa ce       	rjmp	.-684    	; 0x7498 <CDC_Task+0x186>
    7744:	83 e0       	ldi	r24, 0x03	; 3
    7746:	80 93 e9 00 	sts	0x00E9, r24	; 0x8000e9 <__TEXT_REGION_LENGTH__+0x7f80e9>
			 */
			static inline void Endpoint_SelectEndpoint(const uint8_t EndpointNumber) ATTR_ALWAYS_INLINE;
			static inline void Endpoint_SelectEndpoint(const uint8_t EndpointNumber)
			{
				#if !defined(CONTROL_ONLY_DEVICE)
					UENUM = EndpointNumber;
    774a:	90 91 e8 00 	lds	r25, 0x00E8	; 0x8000e8 <__TEXT_REGION_LENGTH__+0x7f80e8>
			 *          on its direction.
			 */
			static inline bool Endpoint_IsReadWriteAllowed(void) ATTR_WARN_UNUSED_RESULT ATTR_ALWAYS_INLINE;
			static inline bool Endpoint_IsReadWriteAllowed(void)
			{
				return ((UEINTX & (1 << RWAL)) ? true : false);
    774e:	80 91 e8 00 	lds	r24, 0x00E8	; 0x8000e8 <__TEXT_REGION_LENGTH__+0x7f80e8>
			 */
			static inline void Endpoint_ClearIN(void) ATTR_ALWAYS_INLINE;
			static inline void Endpoint_ClearIN(void)
			{
				#if !defined(CONTROL_ONLY_DEVICE)
					UEINTX &= ~((1 << TXINI) | (1 << FIFOCON));
    7752:	8e 77       	andi	r24, 0x7E	; 126
    7754:	80 93 e8 00 	sts	0x00E8, r24	; 0x8000e8 <__TEXT_REGION_LENGTH__+0x7f80e8>
    7758:	95 fd       	sbrc	r25, 5
    775a:	11 c0       	rjmp	.+34     	; 0x777e <CDC_Task+0x46c>

    /* Send the endpoint data to the host */
    Endpoint_ClearIN();

    /* If a full endpoint's worth of data was sent, we need to send an empty packet afterwards to signal end of transfer */
    if (IsEndpointFull) {
    775c:	80 91 e8 00 	lds	r24, 0x00E8	; 0x8000e8 <__TEXT_REGION_LENGTH__+0x7f80e8>
			 *  \return Boolean \c true if the current endpoint is ready for an IN packet, \c false otherwise.
			 */
			static inline bool Endpoint_IsINReady(void) ATTR_WARN_UNUSED_RESULT ATTR_ALWAYS_INLINE;
			static inline bool Endpoint_IsINReady(void)
			{
				return ((UEINTX & (1 << TXINI)) ? true : false);
    7760:	80 fd       	sbrc	r24, 0
    7762:	04 c0       	rjmp	.+8      	; 0x776c <CDC_Task+0x45a>
        while (!(Endpoint_IsINReady())) {
    7764:	8e b3       	in	r24, 0x1e	; 30
    7766:	81 11       	cpse	r24, r1
            if (USB_DeviceState == DEVICE_STATE_Unattached) return;
    7768:	f9 cf       	rjmp	.-14     	; 0x775c <CDC_Task+0x44a>
    776a:	15 c0       	rjmp	.+42     	; 0x7796 <CDC_Task+0x484>
    776c:	80 91 e8 00 	lds	r24, 0x00E8	; 0x8000e8 <__TEXT_REGION_LENGTH__+0x7f80e8>
			 */
			static inline void Endpoint_ClearIN(void) ATTR_ALWAYS_INLINE;
			static inline void Endpoint_ClearIN(void)
			{
				#if !defined(CONTROL_ONLY_DEVICE)
					UEINTX &= ~((1 << TXINI) | (1 << FIFOCON));
    7770:	8e 77       	andi	r24, 0x7E	; 126
    7772:	80 93 e8 00 	sts	0x00E8, r24	; 0x8000e8 <__TEXT_REGION_LENGTH__+0x7f80e8>
    7776:	03 c0       	rjmp	.+6      	; 0x777e <CDC_Task+0x46c>
    7778:	8e b3       	in	r24, 0x1e	; 30
    777a:	88 23       	and	r24, r24
        Endpoint_ClearIN();
    }

    /* Wait until the data has been sent to the host */
    while (!(Endpoint_IsINReady())) {
        if (USB_DeviceState == DEVICE_STATE_Unattached) return;
    777c:	61 f0       	breq	.+24     	; 0x7796 <CDC_Task+0x484>
    777e:	80 91 e8 00 	lds	r24, 0x00E8	; 0x8000e8 <__TEXT_REGION_LENGTH__+0x7f80e8>
			 *  \return Boolean \c true if the current endpoint is ready for an IN packet, \c false otherwise.
			 */
			static inline bool Endpoint_IsINReady(void) ATTR_WARN_UNUSED_RESULT ATTR_ALWAYS_INLINE;
			static inline bool Endpoint_IsINReady(void)
			{
				return ((UEINTX & (1 << TXINI)) ? true : false);
    7782:	80 ff       	sbrs	r24, 0
    7784:	f9 cf       	rjmp	.-14     	; 0x7778 <CDC_Task+0x466>

        Endpoint_ClearIN();
    }

    /* Wait until the data has been sent to the host */
    while (!(Endpoint_IsINReady())) {
    7786:	84 e0       	ldi	r24, 0x04	; 4
    7788:	80 93 e9 00 	sts	0x00E9, r24	; 0x8000e9 <__TEXT_REGION_LENGTH__+0x7f80e9>
			 */
			static inline void Endpoint_SelectEndpoint(const uint8_t EndpointNumber) ATTR_ALWAYS_INLINE;
			static inline void Endpoint_SelectEndpoint(const uint8_t EndpointNumber)
			{
				#if !defined(CONTROL_ONLY_DEVICE)
					UENUM = EndpointNumber;
    778c:	80 91 e8 00 	lds	r24, 0x00E8	; 0x8000e8 <__TEXT_REGION_LENGTH__+0x7f80e8>
			 */
			static inline void Endpoint_ClearOUT(void) ATTR_ALWAYS_INLINE;
			static inline void Endpoint_ClearOUT(void)
			{
				#if !defined(CONTROL_ONLY_DEVICE)
					UEINTX &= ~((1 << RXOUTI) | (1 << FIFOCON));
    7790:	8b 77       	andi	r24, 0x7B	; 123
    7792:	80 93 e8 00 	sts	0x00E8, r24	; 0x8000e8 <__TEXT_REGION_LENGTH__+0x7f80e8>
    7796:	df 91       	pop	r29
    7798:	cf 91       	pop	r28
    /* Select the OUT endpoint */
    Endpoint_SelectEndpoint(CDC_RX_EPNUM);

    /* Acknowledge the command from the host */
    Endpoint_ClearOUT();
}
    779a:	1f 91       	pop	r17
    779c:	0f 91       	pop	r16
    779e:	ff 90       	pop	r15
    77a0:	ef 90       	pop	r14
    77a2:	df 90       	pop	r13
    77a4:	cf 90       	pop	r12
    77a6:	bf 90       	pop	r11
    77a8:	af 90       	pop	r10
    77aa:	9f 90       	pop	r9
    77ac:	8f 90       	pop	r8
    77ae:	7f 90       	pop	r7
    77b0:	6f 90       	pop	r6
    77b2:	5f 90       	pop	r5
    77b4:	4f 90       	pop	r4
    77b6:	08 95       	ret

000077b8 <main>:
    77b8:	ef 92       	push	r14
    77ba:	ff 92       	push	r15
    xdelay(2000);
}


int main(void)
{
    77bc:	1f 93       	push	r17
    77be:	cf 93       	push	r28
    77c0:	df 93       	push	r29
    /* Save the value of the boot key memory before it is overwritten */
    uint16_t bootKeyPtrVal = *bootKeyPtr;
    77c2:	e0 90 00 08 	lds	r14, 0x0800	; 0x800800 <__bss_end+0x634>
    77c6:	f0 90 01 08 	lds	r15, 0x0801	; 0x800801 <__bss_end+0x635>
    *bootKeyPtr = 0;
    77ca:	10 92 01 08 	sts	0x0801, r1	; 0x800801 <__bss_end+0x635>
    77ce:	10 92 00 08 	sts	0x0800, r1	; 0x800800 <__bss_end+0x634>

    /* Check the reason for the reset so we can act accordingly */
    uint8_t mcusr_state = MCUSR; // store the initial state of the Status register
    77d2:	14 b7       	in	r17, 0x34	; 52
    GPIOR0 = mcusr_state; // use GPIO0 register to preserve MCUSR for application use
    77d4:	1e bb       	out	0x1e, r17	; 30
    MCUSR = 0;                   // clear all reset flags
    77d6:	14 be       	out	0x34, r1	; 52
    77d8:	0f b6       	in	r0, 0x3f	; 63
    77da:	f8 94       	cli
    77dc:	a8 95       	wdr
    77de:	80 91 60 00 	lds	r24, 0x0060	; 0x800060 <__TEXT_REGION_LENGTH__+0x7f8060>
    77e2:	88 61       	ori	r24, 0x18	; 24
    77e4:	80 93 60 00 	sts	0x0060, r24	; 0x800060 <__TEXT_REGION_LENGTH__+0x7f8060>
    77e8:	10 92 60 00 	sts	0x0060, r1	; 0x800060 <__TEXT_REGION_LENGTH__+0x7f8060>
    77ec:	0f be       	out	0x3f, r0	; 63

    /* Watchdog may be configured with a 15 ms period so must disable it before going any further */
    wdt_disable();
    
    uint8_t failedCount = eeprom_read_byte((uint8_t *)(intptr_t)(1));
    77ee:	81 e0       	ldi	r24, 0x01	; 1
    77f0:	90 e0       	ldi	r25, 0x00	; 0
    77f2:	78 d3       	rcall	.+1776   	; 0x7ee4 <eeprom_read_byte>
    if((failedCount > 0x01) && (failedCount < 0xFF)){ // triggered by failed reValidate() in application
    77f4:	82 50       	subi	r24, 0x02	; 2
    77f6:	8d 3f       	cpi	r24, 0xFD	; 253
    77f8:	90 f4       	brcc	.+36     	; 0x781e <main+0x66>
      // Erase credentials in EEPROM without warning
      eeprom_update_byte((uint8_t *)(intptr_t)0, 0xFF); // erase first
    77fa:	6f ef       	ldi	r22, 0xFF	; 255
    77fc:	80 e0       	ldi	r24, 0x00	; 0
    77fe:	90 e0       	ldi	r25, 0x00	; 0
    7800:	79 d3       	rcall	.+1778   	; 0x7ef4 <eeprom_update_byte>
      for(uint16_t i = 2; i < 1024; i++){
    7802:	c2 e0       	ldi	r28, 0x02	; 2
    7804:	d0 e0       	ldi	r29, 0x00	; 0
        eeprom_update_byte((uint8_t *)(intptr_t)i, 0xFF); // set all bytes to 0xFF that aren't already
    7806:	6f ef       	ldi	r22, 0xFF	; 255
    7808:	ce 01       	movw	r24, r28
    780a:	74 d3       	rcall	.+1768   	; 0x7ef4 <eeprom_update_byte>
    
    uint8_t failedCount = eeprom_read_byte((uint8_t *)(intptr_t)(1));
    if((failedCount > 0x01) && (failedCount < 0xFF)){ // triggered by failed reValidate() in application
      // Erase credentials in EEPROM without warning
      eeprom_update_byte((uint8_t *)(intptr_t)0, 0xFF); // erase first
      for(uint16_t i = 2; i < 1024; i++){
    780c:	21 96       	adiw	r28, 0x01	; 1
    780e:	c1 15       	cp	r28, r1
    7810:	24 e0       	ldi	r18, 0x04	; 4
    7812:	d2 07       	cpc	r29, r18
    7814:	c1 f7       	brne	.-16     	; 0x7806 <main+0x4e>
        eeprom_update_byte((uint8_t *)(intptr_t)i, 0xFF); // set all bytes to 0xFF that aren't already
      }
      eeprom_update_byte((uint8_t *)(intptr_t)1, 0xFF); // erase last
    7816:	6f ef       	ldi	r22, 0xFF	; 255
    7818:	81 e0       	ldi	r24, 0x01	; 1
    781a:	90 e0       	ldi	r25, 0x00	; 0
    781c:	6b d3       	rcall	.+1750   	; 0x7ef4 <eeprom_update_byte>
    }
    if ((mcusr_state & (1 << PORF)) && (pgm_read_word(0) != 0xFFFF)) {
    781e:	10 ff       	sbrs	r17, 0
    7820:	08 c0       	rjmp	.+16     	; 0x7832 <main+0x7a>
    7822:	e0 e0       	ldi	r30, 0x00	; 0
    7824:	f0 e0       	ldi	r31, 0x00	; 0
    7826:	85 91       	lpm	r24, Z+
    7828:	94 91       	lpm	r25, Z
    782a:	01 96       	adiw	r24, 0x01	; 1
        // After a power-on reset skip the bootloader and jump straight to sketch if one exists.
        StartSketch();
    782c:	11 f0       	breq	.+4      	; 0x7832 <main+0x7a>
    782e:	99 dc       	rcall	.-1742   	; 0x7162 <StartSketch>
    7830:	21 c0       	rjmp	.+66     	; 0x7874 <main+0xbc>
    }
    else if ((mcusr_state & (1 << WDRF)) && (bootKeyPtrVal != bootKey) && (pgm_read_word(0) != 0xFFFF)) {
    7832:	13 ff       	sbrs	r17, 3
    7834:	0d c0       	rjmp	.+26     	; 0x7850 <main+0x98>
    7836:	80 91 00 01 	lds	r24, 0x0100	; 0x800100 <__DATA_REGION_ORIGIN__>
    783a:	90 91 01 01 	lds	r25, 0x0101	; 0x800101 <__DATA_REGION_ORIGIN__+0x1>
    783e:	e8 16       	cp	r14, r24
    7840:	f9 06       	cpc	r15, r25
    7842:	31 f0       	breq	.+12     	; 0x7850 <main+0x98>
    7844:	e0 e0       	ldi	r30, 0x00	; 0
    7846:	f0 e0       	ldi	r31, 0x00	; 0
    7848:	85 91       	lpm	r24, Z+
    784a:	94 91       	lpm	r25, Z
    784c:	01 96       	adiw	r24, 0x01	; 1
        // If it looks like an "accidental" watchdog reset then start the sketch.
        StartSketch();
    } else { 
      // anything other than PORF or WDRF is likely a security attack. Erase credentials in EEPROM without warning
      eeprom_update_byte((uint8_t *)(intptr_t)0, 0xFF); // erase first
    784e:	79 f7       	brne	.-34     	; 0x782e <main+0x76>
    7850:	6f ef       	ldi	r22, 0xFF	; 255
    7852:	80 e0       	ldi	r24, 0x00	; 0
    7854:	90 e0       	ldi	r25, 0x00	; 0
      for(uint16_t i = 2; i < 1024; i++){
    7856:	4e d3       	rcall	.+1692   	; 0x7ef4 <eeprom_update_byte>
    7858:	c2 e0       	ldi	r28, 0x02	; 2
        eeprom_update_byte((uint8_t *)(intptr_t)i, 0xFF); // set all bytes to 0xFF that aren't already
    785a:	d0 e0       	ldi	r29, 0x00	; 0
    785c:	6f ef       	ldi	r22, 0xFF	; 255
    785e:	ce 01       	movw	r24, r28
    7860:	49 d3       	rcall	.+1682   	; 0x7ef4 <eeprom_update_byte>
        // If it looks like an "accidental" watchdog reset then start the sketch.
        StartSketch();
    } else { 
      // anything other than PORF or WDRF is likely a security attack. Erase credentials in EEPROM without warning
      eeprom_update_byte((uint8_t *)(intptr_t)0, 0xFF); // erase first
      for(uint16_t i = 2; i < 1024; i++){
    7862:	21 96       	adiw	r28, 0x01	; 1
    7864:	c1 15       	cp	r28, r1
    7866:	84 e0       	ldi	r24, 0x04	; 4
        eeprom_update_byte((uint8_t *)(intptr_t)i, 0xFF); // set all bytes to 0xFF that aren't already
      }
      eeprom_update_byte((uint8_t *)(intptr_t)1, 0xFF); // erase last
    7868:	d8 07       	cpc	r29, r24
    786a:	c1 f7       	brne	.-16     	; 0x785c <main+0xa4>
    786c:	6f ef       	ldi	r22, 0xFF	; 255
    786e:	81 e0       	ldi	r24, 0x01	; 1
    7870:	90 e0       	ldi	r25, 0x00	; 0
    }

    /* Setup hardware required for the bootloader */
    SetupHardware();
    7872:	40 d3       	rcall	.+1664   	; 0x7ef4 <eeprom_update_byte>
    7874:	a1 dc       	rcall	.-1726   	; 0x71b8 <SetupHardware>

    // if we start sketch above we don't need usb etc.
    USB_Init();
    7876:	c1 d0       	rcall	.+386    	; 0x79fa <USB_Init>

    /* Enable global interrupts so that the USB stack can function */
    sei();

    Timeout = 0;
    7878:	78 94       	sei
    787a:	10 92 b7 01 	sts	0x01B7, r1	; 0x8001b7 <__data_end+0x1>
    787e:	10 92 b6 01 	sts	0x01B6, r1	; 0x8001b6 <__data_end>

    while (RunBootloader) {
    7882:	80 91 02 01 	lds	r24, 0x0102	; 0x800102 <RunBootloader>
    7886:	88 23       	and	r24, r24
        CDC_Task();
    7888:	69 f0       	breq	.+26     	; 0x78a4 <main+0xec>
        USB_USBTask();
    788a:	43 dd       	rcall	.-1402   	; 0x7312 <CDC_Task>
    788c:	14 d3       	rcall	.+1576   	; 0x7eb6 <USB_USBTask>
        /* Time out and start the sketch if one is present */
        if (Timeout > TIMEOUT_PERIOD) RunBootloader = false;
    788e:	80 91 b6 01 	lds	r24, 0x01B6	; 0x8001b6 <__data_end>
    7892:	90 91 b7 01 	lds	r25, 0x01B7	; 0x8001b7 <__data_end+0x1>
    7896:	81 38       	cpi	r24, 0x81	; 129
    7898:	9e 43       	sbci	r25, 0x3E	; 62
    789a:	10 f0       	brcs	.+4      	; 0x78a0 <main+0xe8>
    789c:	10 92 02 01 	sts	0x0102, r1	; 0x800102 <RunBootloader>

        LEDPulse();
    78a0:	72 dc       	rcall	.-1820   	; 0x7186 <LEDPulse>
    78a2:	ef cf       	rjmp	.-34     	; 0x7882 <main+0xca>
			 *  enumerating the device once attached until \ref USB_Attach() is called.
			 */
			static inline void USB_Detach(void) ATTR_ALWAYS_INLINE;
			static inline void USB_Detach(void)
			{
				UDCON  |=  (1 << DETACH);
    78a4:	80 91 e0 00 	lds	r24, 0x00E0	; 0x8000e0 <__TEXT_REGION_LENGTH__+0x7f80e0>
    78a8:	81 60       	ori	r24, 0x01	; 1
    78aa:	80 93 e0 00 	sts	0x00E0, r24	; 0x8000e0 <__TEXT_REGION_LENGTH__+0x7f80e0>

    /* Disconnect from the host - USB interface will be reset later along with the AVR */
    USB_Detach();

    /* Jump to beginning of application space to run the sketch - do not reset */
    StartSketch();
    78ae:	59 dc       	rcall	.-1870   	; 0x7162 <StartSketch>
    78b0:	80 e0       	ldi	r24, 0x00	; 0
}
    78b2:	90 e0       	ldi	r25, 0x00	; 0
    78b4:	df 91       	pop	r29
    78b6:	cf 91       	pop	r28
    78b8:	1f 91       	pop	r17
    78ba:	ff 90       	pop	r15
    78bc:	ef 90       	pop	r14
    78be:	08 95       	ret

000078c0 <CALLBACK_USB_GetDescriptor>:
    const uint8_t DescriptorNumber = (wValue & 0xFF);

    const void *Address = NULL;
    uint16_t Size = NO_DESCRIPTOR;

    switch (DescriptorType) {
    78c0:	29 2f       	mov	r18, r25
    78c2:	30 e0       	ldi	r19, 0x00	; 0
    78c4:	22 30       	cpi	r18, 0x02	; 2
    78c6:	31 05       	cpc	r19, r1
    78c8:	59 f0       	breq	.+22     	; 0x78e0 <CALLBACK_USB_GetDescriptor+0x20>
    78ca:	23 30       	cpi	r18, 0x03	; 3
    78cc:	31 05       	cpc	r19, r1
    78ce:	69 f0       	breq	.+26     	; 0x78ea <CALLBACK_USB_GetDescriptor+0x2a>
    78d0:	21 30       	cpi	r18, 0x01	; 1
    78d2:	31 05       	cpc	r19, r1
    78d4:	f9 f4       	brne	.+62     	; 0x7914 <CALLBACK_USB_GetDescriptor+0x54>
    case DTYPE_Device:
        Address = &DeviceDescriptor;
        Size = sizeof(USB_Descriptor_Device_t);
    78d6:	82 e1       	ldi	r24, 0x12	; 18
    78d8:	90 e0       	ldi	r25, 0x00	; 0
    const void *Address = NULL;
    uint16_t Size = NO_DESCRIPTOR;

    switch (DescriptorType) {
    case DTYPE_Device:
        Address = &DeviceDescriptor;
    78da:	2e e9       	ldi	r18, 0x9E	; 158
    78dc:	31 e0       	ldi	r19, 0x01	; 1
    78de:	1e c0       	rjmp	.+60     	; 0x791c <CALLBACK_USB_GetDescriptor+0x5c>
        Size = sizeof(USB_Descriptor_Device_t);
        break;
    case DTYPE_Configuration:
        Address = &ConfigurationDescriptor;
        Size = sizeof(USB_Descriptor_Configuration_t);
    78e0:	8e e3       	ldi	r24, 0x3E	; 62
    78e2:	90 e0       	ldi	r25, 0x00	; 0
    case DTYPE_Device:
        Address = &DeviceDescriptor;
        Size = sizeof(USB_Descriptor_Device_t);
        break;
    case DTYPE_Configuration:
        Address = &ConfigurationDescriptor;
    78e4:	20 e6       	ldi	r18, 0x60	; 96
    78e6:	31 e0       	ldi	r19, 0x01	; 1
        Size = sizeof(USB_Descriptor_Configuration_t);
        break;
    78e8:	19 c0       	rjmp	.+50     	; 0x791c <CALLBACK_USB_GetDescriptor+0x5c>
    case DTYPE_String:
        if (!(DescriptorNumber)) {
    78ea:	88 23       	and	r24, r24
    78ec:	49 f0       	breq	.+18     	; 0x7900 <CALLBACK_USB_GetDescriptor+0x40>
            Address = &LanguageString;
            Size = LanguageString.Header.Size;
        }
        else if (DescriptorNumber == DeviceDescriptor.ProductStrIndex) {
    78ee:	81 30       	cpi	r24, 0x01	; 1
    78f0:	61 f0       	breq	.+24     	; 0x790a <CALLBACK_USB_GetDescriptor+0x4a>
            Address = &ProductString;
            Size = ProductString.Header.Size;
        }
        else if (DescriptorNumber == DeviceDescriptor.ManufacturerStrIndex) {
    78f2:	82 30       	cpi	r24, 0x02	; 2
    78f4:	79 f4       	brne	.+30     	; 0x7914 <CALLBACK_USB_GetDescriptor+0x54>
            Address = &ManufNameString;
            Size = ManufNameString.Header.Size;
    78f6:	8e e2       	ldi	r24, 0x2E	; 46
    78f8:	90 e0       	ldi	r25, 0x00	; 0
        else if (DescriptorNumber == DeviceDescriptor.ProductStrIndex) {
            Address = &ProductString;
            Size = ProductString.Header.Size;
        }
        else if (DescriptorNumber == DeviceDescriptor.ManufacturerStrIndex) {
            Address = &ManufNameString;
    78fa:	2a e0       	ldi	r18, 0x0A	; 10
    78fc:	31 e0       	ldi	r19, 0x01	; 1
    78fe:	0e c0       	rjmp	.+28     	; 0x791c <CALLBACK_USB_GetDescriptor+0x5c>
        Size = sizeof(USB_Descriptor_Configuration_t);
        break;
    case DTYPE_String:
        if (!(DescriptorNumber)) {
            Address = &LanguageString;
            Size = LanguageString.Header.Size;
    7900:	84 e0       	ldi	r24, 0x04	; 4
    7902:	90 e0       	ldi	r25, 0x00	; 0
        Address = &ConfigurationDescriptor;
        Size = sizeof(USB_Descriptor_Configuration_t);
        break;
    case DTYPE_String:
        if (!(DescriptorNumber)) {
            Address = &LanguageString;
    7904:	2c e5       	ldi	r18, 0x5C	; 92
    7906:	31 e0       	ldi	r19, 0x01	; 1
    7908:	09 c0       	rjmp	.+18     	; 0x791c <CALLBACK_USB_GetDescriptor+0x5c>
            Size = LanguageString.Header.Size;
        }
        else if (DescriptorNumber == DeviceDescriptor.ProductStrIndex) {
            Address = &ProductString;
            Size = ProductString.Header.Size;
    790a:	82 e2       	ldi	r24, 0x22	; 34
    790c:	90 e0       	ldi	r25, 0x00	; 0
        if (!(DescriptorNumber)) {
            Address = &LanguageString;
            Size = LanguageString.Header.Size;
        }
        else if (DescriptorNumber == DeviceDescriptor.ProductStrIndex) {
            Address = &ProductString;
    790e:	2a e3       	ldi	r18, 0x3A	; 58
    7910:	31 e0       	ldi	r19, 0x01	; 1
    7912:	04 c0       	rjmp	.+8      	; 0x791c <CALLBACK_USB_GetDescriptor+0x5c>
{
    const uint8_t DescriptorType = (wValue >> 8);
    const uint8_t DescriptorNumber = (wValue & 0xFF);

    const void *Address = NULL;
    uint16_t Size = NO_DESCRIPTOR;
    7914:	80 e0       	ldi	r24, 0x00	; 0
    7916:	90 e0       	ldi	r25, 0x00	; 0
uint16_t CALLBACK_USB_GetDescriptor(const uint16_t wValue, const uint8_t wIndex, const void **const DescriptorAddress)
{
    const uint8_t DescriptorType = (wValue >> 8);
    const uint8_t DescriptorNumber = (wValue & 0xFF);

    const void *Address = NULL;
    7918:	20 e0       	ldi	r18, 0x00	; 0
    791a:	30 e0       	ldi	r19, 0x00	; 0
        }

        break;
    }

    *DescriptorAddress = Address;
    791c:	fa 01       	movw	r30, r20
    791e:	31 83       	std	Z+1, r19	; 0x01
    7920:	20 83       	st	Z, r18
    return Size;
}
    7922:	08 95       	ret

00007924 <Endpoint_ConfigureEndpoint_Prv>:
		UEIENX  = 0;
		UEINTX  = 0;
		UECFG1X = 0;
		Endpoint_DisableEndpoint();
	}
}
    7924:	80 93 e9 00 	sts	0x00E9, r24	; 0x8000e9 <__TEXT_REGION_LENGTH__+0x7f80e9>
    7928:	eb ee       	ldi	r30, 0xEB	; 235
    792a:	f0 e0       	ldi	r31, 0x00	; 0
    792c:	80 81       	ld	r24, Z
    792e:	81 60       	ori	r24, 0x01	; 1
    7930:	80 83       	st	Z, r24
    7932:	ed ee       	ldi	r30, 0xED	; 237
    7934:	f0 e0       	ldi	r31, 0x00	; 0
    7936:	10 82       	st	Z, r1
    7938:	60 93 ec 00 	sts	0x00EC, r22	; 0x8000ec <__TEXT_REGION_LENGTH__+0x7f80ec>
    793c:	40 83       	st	Z, r20
    793e:	80 91 ee 00 	lds	r24, 0x00EE	; 0x8000ee <__TEXT_REGION_LENGTH__+0x7f80ee>
    7942:	88 1f       	adc	r24, r24
    7944:	88 27       	eor	r24, r24
    7946:	88 1f       	adc	r24, r24
    7948:	08 95       	ret

0000794a <Endpoint_ClearStatusStage>:

void Endpoint_ClearStatusStage(void)
{
	if (USB_ControlRequest.bmRequestType & REQDIR_DEVICETOHOST)
    794a:	80 91 c4 01 	lds	r24, 0x01C4	; 0x8001c4 <USB_ControlRequest>
    794e:	87 ff       	sbrs	r24, 7
    7950:	0f c0       	rjmp	.+30     	; 0x7970 <Endpoint_ClearStatusStage+0x26>
			 *  \return Boolean \c true if current endpoint is has received an OUT packet, \c false otherwise.
			 */
			static inline bool Endpoint_IsOUTReceived(void) ATTR_WARN_UNUSED_RESULT ATTR_ALWAYS_INLINE;
			static inline bool Endpoint_IsOUTReceived(void)
			{
				return ((UEINTX & (1 << RXOUTI)) ? true : false);
    7952:	80 91 e8 00 	lds	r24, 0x00E8	; 0x8000e8 <__TEXT_REGION_LENGTH__+0x7f80e8>
	{
		while (!(Endpoint_IsOUTReceived()))
    7956:	82 fd       	sbrc	r24, 2
    7958:	04 c0       	rjmp	.+8      	; 0x7962 <Endpoint_ClearStatusStage+0x18>
		{
			if (USB_DeviceState == DEVICE_STATE_Unattached)
    795a:	8e b3       	in	r24, 0x1e	; 30
    795c:	81 11       	cpse	r24, r1
    795e:	f9 cf       	rjmp	.-14     	; 0x7952 <Endpoint_ClearStatusStage+0x8>
    7960:	10 c0       	rjmp	.+32     	; 0x7982 <Endpoint_ClearStatusStage+0x38>
			 */
			static inline void Endpoint_ClearOUT(void) ATTR_ALWAYS_INLINE;
			static inline void Endpoint_ClearOUT(void)
			{
				#if !defined(CONTROL_ONLY_DEVICE)
					UEINTX &= ~((1 << RXOUTI) | (1 << FIFOCON));
    7962:	80 91 e8 00 	lds	r24, 0x00E8	; 0x8000e8 <__TEXT_REGION_LENGTH__+0x7f80e8>
    7966:	8b 77       	andi	r24, 0x7B	; 123
    7968:	0a c0       	rjmp	.+20     	; 0x797e <Endpoint_ClearStatusStage+0x34>
	}
	else
	{
		while (!(Endpoint_IsINReady()))
		{
			if (USB_DeviceState == DEVICE_STATE_Unattached)
    796a:	8e b3       	in	r24, 0x1e	; 30
    796c:	88 23       	and	r24, r24
    796e:	49 f0       	breq	.+18     	; 0x7982 <Endpoint_ClearStatusStage+0x38>
			 *  \return Boolean \c true if the current endpoint is ready for an IN packet, \c false otherwise.
			 */
			static inline bool Endpoint_IsINReady(void) ATTR_WARN_UNUSED_RESULT ATTR_ALWAYS_INLINE;
			static inline bool Endpoint_IsINReady(void)
			{
				return ((UEINTX & (1 << TXINI)) ? true : false);
    7970:	80 91 e8 00 	lds	r24, 0x00E8	; 0x8000e8 <__TEXT_REGION_LENGTH__+0x7f80e8>

		Endpoint_ClearOUT();
	}
	else
	{
		while (!(Endpoint_IsINReady()))
    7974:	80 ff       	sbrs	r24, 0
    7976:	f9 cf       	rjmp	.-14     	; 0x796a <Endpoint_ClearStatusStage+0x20>
			 */
			static inline void Endpoint_ClearIN(void) ATTR_ALWAYS_INLINE;
			static inline void Endpoint_ClearIN(void)
			{
				#if !defined(CONTROL_ONLY_DEVICE)
					UEINTX &= ~((1 << TXINI) | (1 << FIFOCON));
    7978:	80 91 e8 00 	lds	r24, 0x00E8	; 0x8000e8 <__TEXT_REGION_LENGTH__+0x7f80e8>
    797c:	8e 77       	andi	r24, 0x7E	; 126
    797e:	80 93 e8 00 	sts	0x00E8, r24	; 0x8000e8 <__TEXT_REGION_LENGTH__+0x7f80e8>
    7982:	08 95       	ret

00007984 <USB_ResetInterface>:

	USB_IsInitialized = false;
}

void USB_ResetInterface(void)
{
    7984:	0f 93       	push	r16
    7986:	1f 93       	push	r17
    7988:	cf 93       	push	r28
    798a:	df 93       	push	r29
	#if defined(USB_CAN_BE_BOTH)
	bool UIDModeSelectEnabled = ((UHWCON & (1 << UIDE)) != 0);
	#endif

	USB_INT_DisableAllInterrupts();
    798c:	41 d0       	rcall	.+130    	; 0x7a10 <USB_INT_DisableAllInterrupts>
	USB_INT_ClearAllInterrupts();
    798e:	48 d0       	rcall	.+144    	; 0x7a20 <USB_INT_ClearAllInterrupts>
    7990:	c8 ed       	ldi	r28, 0xD8	; 216
			}

			static inline void USB_Controller_Reset(void) ATTR_ALWAYS_INLINE;
			static inline void USB_Controller_Reset(void)
			{
				USBCON &= ~(1 << USBE);
    7992:	d0 e0       	ldi	r29, 0x00	; 0
    7994:	88 81       	ld	r24, Y
    7996:	8f 77       	andi	r24, 0x7F	; 127
    7998:	88 83       	st	Y, r24
    799a:	88 81       	ld	r24, Y
				USBCON |=  (1 << USBE);
    799c:	80 68       	ori	r24, 0x80	; 128
    799e:	88 83       	st	Y, r24
    79a0:	88 81       	ld	r24, Y
			}

			static inline void USB_CLK_Unfreeze(void) ATTR_ALWAYS_INLINE;
			static inline void USB_CLK_Unfreeze(void)
			{
				USBCON  &= ~(1 << FRZCLK);
    79a2:	8f 7d       	andi	r24, 0xDF	; 223
    79a4:	88 83       	st	Y, r24
    79a6:	19 bc       	out	0x29, r1	; 41
			}

			static inline void USB_PLL_Off(void) ATTR_ALWAYS_INLINE;
			static inline void USB_PLL_Off(void)
			{
				PLLCSR = 0;
    79a8:	1e ba       	out	0x1e, r1	; 30
}

#if defined(USB_CAN_BE_DEVICE)
static void USB_Init_Device(void)
{
	USB_DeviceState                 = DEVICE_STATE_Unattached;
    79aa:	10 92 c2 01 	sts	0x01C2, r1	; 0x8001c2 <USB_Device_ConfigurationNumber>
	USB_Device_ConfigurationNumber  = 0;
    79ae:	00 ee       	ldi	r16, 0xE0	; 224
			}

			static inline void USB_Device_SetFullSpeed(void) ATTR_ALWAYS_INLINE;
			static inline void USB_Device_SetFullSpeed(void)
			{
				UDCON &= ~(1 << LSM);
    79b0:	10 e0       	ldi	r17, 0x00	; 0
    79b2:	f8 01       	movw	r30, r16
    79b4:	80 81       	ld	r24, Z
    79b6:	8b 7f       	andi	r24, 0xFB	; 251
    79b8:	80 83       	st	Z, r24
    79ba:	88 81       	ld	r24, Y
			{
				switch (Interrupt)
				{
					#if (defined(USB_SERIES_4_AVR) || defined(USB_SERIES_6_AVR) || defined(USB_SERIES_7_AVR))
					case USB_INT_VBUSTI:
						USBCON |= (1 << VBUSTE);
    79bc:	81 60       	ori	r24, 0x01	; 1
    79be:	88 83       	st	Y, r24
    79c0:	42 e0       	ldi	r20, 0x02	; 2
			                                              const uint8_t Type,
			                                              const uint8_t Direction,
			                                              const uint16_t Size,
			                                              const uint8_t Banks)
			{
				return Endpoint_ConfigureEndpoint_Prv(Number, ((Type << EPTYPE0) | (Direction ? (1 << EPDIR) : 0)),
    79c2:	60 e0       	ldi	r22, 0x00	; 0
    79c4:	80 e0       	ldi	r24, 0x00	; 0
    79c6:	ae df       	rcall	.-164    	; 0x7924 <Endpoint_ConfigureEndpoint_Prv>
    79c8:	e1 ee       	ldi	r30, 0xE1	; 225
					#if defined(USB_CAN_BE_DEVICE)
					case USB_INT_WAKEUPI:
						UDINT  &= ~(1 << WAKEUPI);
						break;
					case USB_INT_SUSPI:
						UDINT  &= ~(1 << SUSPI);
    79ca:	f0 e0       	ldi	r31, 0x00	; 0
    79cc:	80 81       	ld	r24, Z
    79ce:	8e 7f       	andi	r24, 0xFE	; 254
    79d0:	80 83       	st	Z, r24
    79d2:	e2 ee       	ldi	r30, 0xE2	; 226
					#if defined(USB_CAN_BE_DEVICE)
					case USB_INT_WAKEUPI:
						UDIEN  |= (1 << WAKEUPE);
						break;
					case USB_INT_SUSPI:
						UDIEN  |= (1 << SUSPE);
    79d4:	f0 e0       	ldi	r31, 0x00	; 0
    79d6:	80 81       	ld	r24, Z
    79d8:	81 60       	ori	r24, 0x01	; 1
    79da:	80 83       	st	Z, r24
    79dc:	80 81       	ld	r24, Z
						break;
					case USB_INT_EORSTI:
						UDIEN  |= (1 << EORSTE);
    79de:	88 60       	ori	r24, 0x08	; 8
    79e0:	80 83       	st	Z, r24
    79e2:	f8 01       	movw	r30, r16
			 *  register and despite the datasheet making no mention of its requirement in host mode.
			 */
			static inline void USB_Attach(void) ATTR_ALWAYS_INLINE;
			static inline void USB_Attach(void)
			{
				UDCON  &= ~(1 << DETACH);
    79e4:	80 81       	ld	r24, Z
    79e6:	8e 7f       	andi	r24, 0xFE	; 254
    79e8:	80 83       	st	Z, r24
    79ea:	88 81       	ld	r24, Y

			#if defined(USB_SERIES_4_AVR) || defined(USB_SERIES_6_AVR) || defined(USB_SERIES_7_AVR)
			static inline void USB_OTGPAD_On(void) ATTR_ALWAYS_INLINE;
			static inline void USB_OTGPAD_On(void)
			{
				USBCON  |=  (1 << OTGPADE);
    79ec:	80 61       	ori	r24, 0x10	; 16
    79ee:	88 83       	st	Y, r24
    79f0:	df 91       	pop	r29
	}

	#if (defined(USB_SERIES_4_AVR) || defined(USB_SERIES_6_AVR) || defined(USB_SERIES_7_AVR))
	USB_OTGPAD_On();
	#endif
}
    79f2:	cf 91       	pop	r28
    79f4:	1f 91       	pop	r17
    79f6:	0f 91       	pop	r16
    79f8:	08 95       	ret

000079fa <USB_Init>:
    79fa:	e7 ed       	ldi	r30, 0xD7	; 215

			static inline void USB_REG_On(void) ATTR_ALWAYS_INLINE;
			static inline void USB_REG_On(void)
			{
			#if defined(USB_SERIES_4_AVR) || defined(USB_SERIES_6_AVR) || defined(USB_SERIES_7_AVR)
				UHWCON  |=  (1 << UVREGE);
    79fc:	f0 e0       	ldi	r31, 0x00	; 0
    79fe:	80 81       	ld	r24, Z
    7a00:	81 60       	ori	r24, 0x01	; 1
    7a02:	80 83       	st	Z, r24
	  USB_REG_Off();

	if (!(USB_Options & USB_OPT_MANUAL_PLL))
	{
		#if defined(USB_SERIES_4_AVR)
		PLLFRQ = ((1 << PLLUSB) | (1 << PDIV3) | (1 << PDIV1));
    7a04:	8a e4       	ldi	r24, 0x4A	; 74
    7a06:	82 bf       	out	0x32, r24	; 50
		UHWCON &= ~(1 << UIDE);
		USB_CurrentMode = Mode;
	}
	#endif

	USB_IsInitialized = true;
    7a08:	81 e0       	ldi	r24, 0x01	; 1
    7a0a:	80 93 c3 01 	sts	0x01C3, r24	; 0x8001c3 <USB_IsInitialized>

	USB_ResetInterface();
    7a0e:	ba cf       	rjmp	.-140    	; 0x7984 <USB_ResetInterface>

00007a10 <USB_INT_DisableAllInterrupts>:
void USB_INT_DisableAllInterrupts(void)
{
	#if defined(USB_SERIES_6_AVR) || defined(USB_SERIES_7_AVR)
	USBCON &= ~((1 << VBUSTE) | (1 << IDTE));
	#elif defined(USB_SERIES_4_AVR)
	USBCON &= ~(1 << VBUSTE);
    7a10:	e8 ed       	ldi	r30, 0xD8	; 216
    7a12:	f0 e0       	ldi	r31, 0x00	; 0
    7a14:	80 81       	ld	r24, Z
    7a16:	8e 7f       	andi	r24, 0xFE	; 254
    7a18:	80 83       	st	Z, r24
	#if defined(USB_CAN_BE_HOST)
	UHIEN   = 0;
	#endif

	#if defined(USB_CAN_BE_DEVICE)
	UDIEN   = 0;
    7a1a:	10 92 e2 00 	sts	0x00E2, r1	; 0x8000e2 <__TEXT_REGION_LENGTH__+0x7f80e2>
    7a1e:	08 95       	ret

00007a20 <USB_INT_ClearAllInterrupts>:
}

void USB_INT_ClearAllInterrupts(void)
{
	#if defined(USB_SERIES_4_AVR) || defined(USB_SERIES_6_AVR) || defined(USB_SERIES_7_AVR)
	USBINT = 0;
    7a20:	10 92 da 00 	sts	0x00DA, r1	; 0x8000da <__TEXT_REGION_LENGTH__+0x7f80da>
	#if defined(USB_CAN_BE_HOST)
	UHINT  = 0;
	#endif

	#if defined(USB_CAN_BE_DEVICE)
	UDINT  = 0;
    7a24:	10 92 e1 00 	sts	0x00E1, r1	; 0x8000e1 <__TEXT_REGION_LENGTH__+0x7f80e1>
    7a28:	08 95       	ret

00007a2a <__vector_10>:
	#endif
}

ISR(USB_GEN_vect, ISR_BLOCK)
{
    7a2a:	1f 92       	push	r1
    7a2c:	0f 92       	push	r0
    7a2e:	0f b6       	in	r0, 0x3f	; 63
    7a30:	0f 92       	push	r0
    7a32:	11 24       	eor	r1, r1
    7a34:	2f 93       	push	r18
    7a36:	3f 93       	push	r19
    7a38:	4f 93       	push	r20
    7a3a:	5f 93       	push	r21
    7a3c:	6f 93       	push	r22
    7a3e:	7f 93       	push	r23
    7a40:	8f 93       	push	r24
    7a42:	9f 93       	push	r25
    7a44:	af 93       	push	r26
    7a46:	bf 93       	push	r27
    7a48:	ef 93       	push	r30
    7a4a:	ff 93       	push	r31
			{
				switch (Interrupt)
				{
					#if (defined(USB_SERIES_4_AVR) || defined(USB_SERIES_6_AVR) || defined(USB_SERIES_7_AVR))
					case USB_INT_VBUSTI:
						return (USBINT & (1 << VBUSTI));
    7a4c:	80 91 da 00 	lds	r24, 0x00DA	; 0x8000da <__TEXT_REGION_LENGTH__+0x7f80da>
		EVENT_USB_Device_StartOfFrame();
	}
	#endif

	#if defined(USB_SERIES_4_AVR) || defined(USB_SERIES_6_AVR) || defined(USB_SERIES_7_AVR)
	if (USB_INT_HasOccurred(USB_INT_VBUSTI) && USB_INT_IsEnabled(USB_INT_VBUSTI))
    7a50:	80 ff       	sbrs	r24, 0
    7a52:	1b c0       	rjmp	.+54     	; 0x7a8a <__vector_10+0x60>
			{
				switch (Interrupt)
				{
					#if (defined(USB_SERIES_4_AVR) || defined(USB_SERIES_6_AVR) || defined(USB_SERIES_7_AVR))
					case USB_INT_VBUSTI:
						return (USBCON & (1 << VBUSTE));
    7a54:	80 91 d8 00 	lds	r24, 0x00D8	; 0x8000d8 <__TEXT_REGION_LENGTH__+0x7f80d8>
    7a58:	80 ff       	sbrs	r24, 0
    7a5a:	17 c0       	rjmp	.+46     	; 0x7a8a <__vector_10+0x60>
			{
				switch (Interrupt)
				{
					#if (defined(USB_SERIES_4_AVR) || defined(USB_SERIES_6_AVR) || defined(USB_SERIES_7_AVR))
					case USB_INT_VBUSTI:
						USBINT &= ~(1 << VBUSTI);
    7a5c:	80 91 da 00 	lds	r24, 0x00DA	; 0x8000da <__TEXT_REGION_LENGTH__+0x7f80da>
    7a60:	8e 7f       	andi	r24, 0xFE	; 254
    7a62:	80 93 da 00 	sts	0x00DA, r24	; 0x8000da <__TEXT_REGION_LENGTH__+0x7f80da>
				 *  \return Boolean \c true if the VBUS line is currently detecting power from a host, \c false otherwise.
				 */
				static inline bool USB_VBUS_GetStatus(void) ATTR_WARN_UNUSED_RESULT ATTR_ALWAYS_INLINE;
				static inline bool USB_VBUS_GetStatus(void)
				{
					return ((USBSTA & (1 << VBUS)) ? true : false);
    7a66:	80 91 d9 00 	lds	r24, 0x00D9	; 0x8000d9 <__TEXT_REGION_LENGTH__+0x7f80d9>
	{
		USB_INT_Clear(USB_INT_VBUSTI);

		if (USB_VBUS_GetStatus())
    7a6a:	80 ff       	sbrs	r24, 0
    7a6c:	0b c0       	rjmp	.+22     	; 0x7a84 <__vector_10+0x5a>

		/* Inline Functions: */
			static inline void USB_PLL_On(void) ATTR_ALWAYS_INLINE;
			static inline void USB_PLL_On(void)
			{
				PLLCSR = USB_PLL_PSC;
    7a6e:	80 e1       	ldi	r24, 0x10	; 16
    7a70:	89 bd       	out	0x29, r24	; 41
				PLLCSR = (USB_PLL_PSC | (1 << PLLE));
    7a72:	82 e1       	ldi	r24, 0x12	; 18
    7a74:	89 bd       	out	0x29, r24	; 41
		{
			if (!(USB_Options & USB_OPT_MANUAL_PLL))
			{
				USB_PLL_On();
				while (!(USB_PLL_IsReady()));
    7a76:	09 b4       	in	r0, 0x29	; 41
    7a78:	00 fe       	sbrs	r0, 0
    7a7a:	fd cf       	rjmp	.-6      	; 0x7a76 <__vector_10+0x4c>
			}

			USB_DeviceState = DEVICE_STATE_Powered;
    7a7c:	81 e0       	ldi	r24, 0x01	; 1
    7a7e:	8e bb       	out	0x1e, r24	; 30
			EVENT_USB_Device_Connect();
    7a80:	19 d2       	rcall	.+1074   	; 0x7eb4 <USB_Event_Stub>
    7a82:	03 c0       	rjmp	.+6      	; 0x7a8a <__vector_10+0x60>
			}

			static inline void USB_PLL_Off(void) ATTR_ALWAYS_INLINE;
			static inline void USB_PLL_Off(void)
			{
				PLLCSR = 0;
    7a84:	19 bc       	out	0x29, r1	; 41
		{
			if (!(USB_Options & USB_OPT_MANUAL_PLL))
			  USB_PLL_Off();

			USB_DeviceState = DEVICE_STATE_Unattached;
			EVENT_USB_Device_Disconnect();
    7a86:	1e ba       	out	0x1e, r1	; 30
    7a88:	15 d2       	rcall	.+1066   	; 0x7eb4 <USB_Event_Stub>
					#endif
					#if defined(USB_CAN_BE_DEVICE)
					case USB_INT_WAKEUPI:
						return (UDINT  & (1 << WAKEUPI));
					case USB_INT_SUSPI:
						return (UDINT  & (1 << SUSPI));
    7a8a:	80 91 e1 00 	lds	r24, 0x00E1	; 0x8000e1 <__TEXT_REGION_LENGTH__+0x7f80e1>
		}
	}
	#endif

	if (USB_INT_HasOccurred(USB_INT_SUSPI) && USB_INT_IsEnabled(USB_INT_SUSPI))
    7a8e:	80 ff       	sbrs	r24, 0
    7a90:	17 c0       	rjmp	.+46     	; 0x7ac0 <__vector_10+0x96>
					#endif
					#if defined(USB_CAN_BE_DEVICE)
					case USB_INT_WAKEUPI:
						return (UDIEN  & (1 << WAKEUPE));
					case USB_INT_SUSPI:
						return (UDIEN  & (1 << SUSPE));
    7a92:	80 91 e2 00 	lds	r24, 0x00E2	; 0x8000e2 <__TEXT_REGION_LENGTH__+0x7f80e2>
    7a96:	80 ff       	sbrs	r24, 0
    7a98:	13 c0       	rjmp	.+38     	; 0x7ac0 <__vector_10+0x96>
					#if defined(USB_CAN_BE_DEVICE)
					case USB_INT_WAKEUPI:
						UDIEN  &= ~(1 << WAKEUPE);
						break;
					case USB_INT_SUSPI:
						UDIEN  &= ~(1 << SUSPE);
    7a9a:	80 91 e2 00 	lds	r24, 0x00E2	; 0x8000e2 <__TEXT_REGION_LENGTH__+0x7f80e2>
    7a9e:	8e 7f       	andi	r24, 0xFE	; 254
    7aa0:	80 93 e2 00 	sts	0x00E2, r24	; 0x8000e2 <__TEXT_REGION_LENGTH__+0x7f80e2>
						USBCON |= (1 << IDTE);
						break;
					#endif
					#if defined(USB_CAN_BE_DEVICE)
					case USB_INT_WAKEUPI:
						UDIEN  |= (1 << WAKEUPE);
    7aa4:	80 91 e2 00 	lds	r24, 0x00E2	; 0x8000e2 <__TEXT_REGION_LENGTH__+0x7f80e2>
    7aa8:	80 61       	ori	r24, 0x10	; 16
    7aaa:	80 93 e2 00 	sts	0x00E2, r24	; 0x8000e2 <__TEXT_REGION_LENGTH__+0x7f80e2>
			#endif

			static inline void USB_CLK_Freeze(void) ATTR_ALWAYS_INLINE;
			static inline void USB_CLK_Freeze(void)
			{
				USBCON  |=  (1 << FRZCLK);
    7aae:	80 91 d8 00 	lds	r24, 0x00D8	; 0x8000d8 <__TEXT_REGION_LENGTH__+0x7f80d8>
    7ab2:	80 62       	ori	r24, 0x20	; 32
    7ab4:	80 93 d8 00 	sts	0x00D8, r24	; 0x8000d8 <__TEXT_REGION_LENGTH__+0x7f80d8>
			}

			static inline void USB_PLL_Off(void) ATTR_ALWAYS_INLINE;
			static inline void USB_PLL_Off(void)
			{
				PLLCSR = 0;
    7ab8:	19 bc       	out	0x29, r1	; 41

		#if defined(USB_SERIES_2_AVR) && !defined(NO_LIMITED_CONTROLLER_CONNECT)
		USB_DeviceState = DEVICE_STATE_Unattached;
		EVENT_USB_Device_Disconnect();
		#else
		USB_DeviceState = DEVICE_STATE_Suspended;
    7aba:	85 e0       	ldi	r24, 0x05	; 5
		EVENT_USB_Device_Suspend();
    7abc:	8e bb       	out	0x1e, r24	; 30
    7abe:	fa d1       	rcall	.+1012   	; 0x7eb4 <USB_Event_Stub>
					case USB_INT_IDTI:
						return (USBINT & (1 << IDTI));
					#endif
					#if defined(USB_CAN_BE_DEVICE)
					case USB_INT_WAKEUPI:
						return (UDINT  & (1 << WAKEUPI));
    7ac0:	80 91 e1 00 	lds	r24, 0x00E1	; 0x8000e1 <__TEXT_REGION_LENGTH__+0x7f80e1>
		#endif
	}

	if (USB_INT_HasOccurred(USB_INT_WAKEUPI) && USB_INT_IsEnabled(USB_INT_WAKEUPI))
    7ac4:	84 ff       	sbrs	r24, 4
    7ac6:	2c c0       	rjmp	.+88     	; 0x7b20 <__vector_10+0xf6>
					case USB_INT_IDTI:
						return (USBCON & (1 << IDTE));
					#endif
					#if defined(USB_CAN_BE_DEVICE)
					case USB_INT_WAKEUPI:
						return (UDIEN  & (1 << WAKEUPE));
    7ac8:	80 91 e2 00 	lds	r24, 0x00E2	; 0x8000e2 <__TEXT_REGION_LENGTH__+0x7f80e2>
    7acc:	84 ff       	sbrs	r24, 4
    7ace:	28 c0       	rjmp	.+80     	; 0x7b20 <__vector_10+0xf6>

		/* Inline Functions: */
			static inline void USB_PLL_On(void) ATTR_ALWAYS_INLINE;
			static inline void USB_PLL_On(void)
			{
				PLLCSR = USB_PLL_PSC;
    7ad0:	80 e1       	ldi	r24, 0x10	; 16
    7ad2:	89 bd       	out	0x29, r24	; 41
				PLLCSR = (USB_PLL_PSC | (1 << PLLE));
    7ad4:	82 e1       	ldi	r24, 0x12	; 18
    7ad6:	89 bd       	out	0x29, r24	; 41
	{
		if (!(USB_Options & USB_OPT_MANUAL_PLL))
		{
			USB_PLL_On();
			while (!(USB_PLL_IsReady()));
    7ad8:	09 b4       	in	r0, 0x29	; 41
    7ada:	00 fe       	sbrs	r0, 0
    7adc:	fd cf       	rjmp	.-6      	; 0x7ad8 <__vector_10+0xae>
			}

			static inline void USB_CLK_Unfreeze(void) ATTR_ALWAYS_INLINE;
			static inline void USB_CLK_Unfreeze(void)
			{
				USBCON  &= ~(1 << FRZCLK);
    7ade:	80 91 d8 00 	lds	r24, 0x00D8	; 0x8000d8 <__TEXT_REGION_LENGTH__+0x7f80d8>
    7ae2:	8f 7d       	andi	r24, 0xDF	; 223
    7ae4:	80 93 d8 00 	sts	0x00D8, r24	; 0x8000d8 <__TEXT_REGION_LENGTH__+0x7f80d8>
						USBINT &= ~(1 << IDTI);
						break;
					#endif
					#if defined(USB_CAN_BE_DEVICE)
					case USB_INT_WAKEUPI:
						UDINT  &= ~(1 << WAKEUPI);
    7ae8:	80 91 e1 00 	lds	r24, 0x00E1	; 0x8000e1 <__TEXT_REGION_LENGTH__+0x7f80e1>
    7aec:	8f 7e       	andi	r24, 0xEF	; 239
    7aee:	80 93 e1 00 	sts	0x00E1, r24	; 0x8000e1 <__TEXT_REGION_LENGTH__+0x7f80e1>
						USBCON &= ~(1 << IDTE);
						break;
					#endif
					#if defined(USB_CAN_BE_DEVICE)
					case USB_INT_WAKEUPI:
						UDIEN  &= ~(1 << WAKEUPE);
    7af2:	80 91 e2 00 	lds	r24, 0x00E2	; 0x8000e2 <__TEXT_REGION_LENGTH__+0x7f80e2>
    7af6:	8f 7e       	andi	r24, 0xEF	; 239
    7af8:	80 93 e2 00 	sts	0x00E2, r24	; 0x8000e2 <__TEXT_REGION_LENGTH__+0x7f80e2>
					#if defined(USB_CAN_BE_DEVICE)
					case USB_INT_WAKEUPI:
						UDIEN  |= (1 << WAKEUPE);
						break;
					case USB_INT_SUSPI:
						UDIEN  |= (1 << SUSPE);
    7afc:	80 91 e2 00 	lds	r24, 0x00E2	; 0x8000e2 <__TEXT_REGION_LENGTH__+0x7f80e2>
    7b00:	81 60       	ori	r24, 0x01	; 1
    7b02:	80 93 e2 00 	sts	0x00E2, r24	; 0x8000e2 <__TEXT_REGION_LENGTH__+0x7f80e2>
		USB_INT_Clear(USB_INT_WAKEUPI);

		USB_INT_Disable(USB_INT_WAKEUPI);
		USB_INT_Enable(USB_INT_SUSPI);

		if (USB_Device_ConfigurationNumber)
    7b06:	80 91 c2 01 	lds	r24, 0x01C2	; 0x8001c2 <USB_Device_ConfigurationNumber>
    7b0a:	81 11       	cpse	r24, r1
    7b0c:	06 c0       	rjmp	.+12     	; 0x7b1a <__vector_10+0xf0>
			}

			static inline bool USB_Device_IsAddressSet(void) ATTR_ALWAYS_INLINE ATTR_WARN_UNUSED_RESULT;
			static inline bool USB_Device_IsAddressSet(void)
			{
				return (UDADDR & (1 << ADDEN));
    7b0e:	80 91 e3 00 	lds	r24, 0x00E3	; 0x8000e3 <__TEXT_REGION_LENGTH__+0x7f80e3>
		  USB_DeviceState = DEVICE_STATE_Configured;
		else
		  USB_DeviceState = (USB_Device_IsAddressSet()) ? DEVICE_STATE_Configured : DEVICE_STATE_Powered;
    7b12:	87 fd       	sbrc	r24, 7
    7b14:	02 c0       	rjmp	.+4      	; 0x7b1a <__vector_10+0xf0>
    7b16:	81 e0       	ldi	r24, 0x01	; 1
    7b18:	01 c0       	rjmp	.+2      	; 0x7b1c <__vector_10+0xf2>
    7b1a:	84 e0       	ldi	r24, 0x04	; 4

		#if defined(USB_SERIES_2_AVR) && !defined(NO_LIMITED_CONTROLLER_CONNECT)
		EVENT_USB_Device_Connect();
		#else
		EVENT_USB_Device_WakeUp();
    7b1c:	8e bb       	out	0x1e, r24	; 30
    7b1e:	ca d1       	rcall	.+916    	; 0x7eb4 <USB_Event_Stub>
					case USB_INT_WAKEUPI:
						return (UDINT  & (1 << WAKEUPI));
					case USB_INT_SUSPI:
						return (UDINT  & (1 << SUSPI));
					case USB_INT_EORSTI:
						return (UDINT  & (1 << EORSTI));
    7b20:	80 91 e1 00 	lds	r24, 0x00E1	; 0x8000e1 <__TEXT_REGION_LENGTH__+0x7f80e1>
		#endif
	}

	if (USB_INT_HasOccurred(USB_INT_EORSTI) && USB_INT_IsEnabled(USB_INT_EORSTI))
    7b24:	83 ff       	sbrs	r24, 3
    7b26:	21 c0       	rjmp	.+66     	; 0x7b6a <__vector_10+0x140>
					case USB_INT_WAKEUPI:
						return (UDIEN  & (1 << WAKEUPE));
					case USB_INT_SUSPI:
						return (UDIEN  & (1 << SUSPE));
					case USB_INT_EORSTI:
						return (UDIEN  & (1 << EORSTE));
    7b28:	80 91 e2 00 	lds	r24, 0x00E2	; 0x8000e2 <__TEXT_REGION_LENGTH__+0x7f80e2>
    7b2c:	83 ff       	sbrs	r24, 3
    7b2e:	1d c0       	rjmp	.+58     	; 0x7b6a <__vector_10+0x140>
						break;
					case USB_INT_SUSPI:
						UDINT  &= ~(1 << SUSPI);
						break;
					case USB_INT_EORSTI:
						UDINT  &= ~(1 << EORSTI);
    7b30:	80 91 e1 00 	lds	r24, 0x00E1	; 0x8000e1 <__TEXT_REGION_LENGTH__+0x7f80e1>
    7b34:	87 7f       	andi	r24, 0xF7	; 247
    7b36:	80 93 e1 00 	sts	0x00E1, r24	; 0x8000e1 <__TEXT_REGION_LENGTH__+0x7f80e1>
	{
		USB_INT_Clear(USB_INT_EORSTI);

		USB_DeviceState                = DEVICE_STATE_Default;
    7b3a:	82 e0       	ldi	r24, 0x02	; 2
    7b3c:	8e bb       	out	0x1e, r24	; 30
		USB_Device_ConfigurationNumber = 0;
    7b3e:	10 92 c2 01 	sts	0x01C2, r1	; 0x8001c2 <USB_Device_ConfigurationNumber>
					#if defined(USB_CAN_BE_DEVICE)
					case USB_INT_WAKEUPI:
						UDINT  &= ~(1 << WAKEUPI);
						break;
					case USB_INT_SUSPI:
						UDINT  &= ~(1 << SUSPI);
    7b42:	80 91 e1 00 	lds	r24, 0x00E1	; 0x8000e1 <__TEXT_REGION_LENGTH__+0x7f80e1>
    7b46:	8e 7f       	andi	r24, 0xFE	; 254
    7b48:	80 93 e1 00 	sts	0x00E1, r24	; 0x8000e1 <__TEXT_REGION_LENGTH__+0x7f80e1>
					#if defined(USB_CAN_BE_DEVICE)
					case USB_INT_WAKEUPI:
						UDIEN  &= ~(1 << WAKEUPE);
						break;
					case USB_INT_SUSPI:
						UDIEN  &= ~(1 << SUSPE);
    7b4c:	80 91 e2 00 	lds	r24, 0x00E2	; 0x8000e2 <__TEXT_REGION_LENGTH__+0x7f80e2>
    7b50:	8e 7f       	andi	r24, 0xFE	; 254
    7b52:	80 93 e2 00 	sts	0x00E2, r24	; 0x8000e2 <__TEXT_REGION_LENGTH__+0x7f80e2>
						USBCON |= (1 << IDTE);
						break;
					#endif
					#if defined(USB_CAN_BE_DEVICE)
					case USB_INT_WAKEUPI:
						UDIEN  |= (1 << WAKEUPE);
    7b56:	80 91 e2 00 	lds	r24, 0x00E2	; 0x8000e2 <__TEXT_REGION_LENGTH__+0x7f80e2>
    7b5a:	80 61       	ori	r24, 0x10	; 16
    7b5c:	80 93 e2 00 	sts	0x00E2, r24	; 0x8000e2 <__TEXT_REGION_LENGTH__+0x7f80e2>
			                                              const uint8_t Type,
			                                              const uint8_t Direction,
			                                              const uint16_t Size,
			                                              const uint8_t Banks)
			{
				return Endpoint_ConfigureEndpoint_Prv(Number, ((Type << EPTYPE0) | (Direction ? (1 << EPDIR) : 0)),
    7b60:	42 e0       	ldi	r20, 0x02	; 2
    7b62:	60 e0       	ldi	r22, 0x00	; 0
    7b64:	80 e0       	ldi	r24, 0x00	; 0

		#if defined(INTERRUPT_CONTROL_ENDPOINT)
		USB_INT_Enable(USB_INT_RXSTPI);
		#endif

		EVENT_USB_Device_Reset();
    7b66:	de de       	rcall	.-580    	; 0x7924 <Endpoint_ConfigureEndpoint_Prv>
    7b68:	a5 d1       	rcall	.+842    	; 0x7eb4 <USB_Event_Stub>
		USB_ResetInterface();

		EVENT_USB_UIDChange();
	}
	#endif
}
    7b6a:	ff 91       	pop	r31
    7b6c:	ef 91       	pop	r30
    7b6e:	bf 91       	pop	r27
    7b70:	af 91       	pop	r26
    7b72:	9f 91       	pop	r25
    7b74:	8f 91       	pop	r24
    7b76:	7f 91       	pop	r23
    7b78:	6f 91       	pop	r22
    7b7a:	5f 91       	pop	r21
    7b7c:	4f 91       	pop	r20
    7b7e:	3f 91       	pop	r19
    7b80:	2f 91       	pop	r18
    7b82:	0f 90       	pop	r0
    7b84:	0f be       	out	0x3f, r0	; 63
    7b86:	0f 90       	pop	r0
    7b88:	1f 90       	pop	r1
    7b8a:	18 95       	reti

00007b8c <Endpoint_Write_Control_Stream_LE>:
		else if (USB_DeviceState_LCL == DEVICE_STATE_Suspended)
		  return ENDPOINT_RWCSTREAM_BusSuspended;
	}

	return ENDPOINT_RWCSTREAM_NoError;
}
    7b8c:	20 91 ca 01 	lds	r18, 0x01CA	; 0x8001ca <USB_ControlRequest+0x6>
    7b90:	30 91 cb 01 	lds	r19, 0x01CB	; 0x8001cb <USB_ControlRequest+0x7>
    7b94:	26 17       	cp	r18, r22
    7b96:	37 07       	cpc	r19, r23
    7b98:	48 f0       	brcs	.+18     	; 0x7bac <Endpoint_Write_Control_Stream_LE+0x20>
    7b9a:	61 15       	cp	r22, r1
    7b9c:	71 05       	cpc	r23, r1
    7b9e:	39 f4       	brne	.+14     	; 0x7bae <Endpoint_Write_Control_Stream_LE+0x22>
    7ba0:	20 91 e8 00 	lds	r18, 0x00E8	; 0x8000e8 <__TEXT_REGION_LENGTH__+0x7f80e8>
    7ba4:	2e 77       	andi	r18, 0x7E	; 126
    7ba6:	20 93 e8 00 	sts	0x00E8, r18	; 0x8000e8 <__TEXT_REGION_LENGTH__+0x7f80e8>
    7baa:	01 c0       	rjmp	.+2      	; 0x7bae <Endpoint_Write_Control_Stream_LE+0x22>
    7bac:	b9 01       	movw	r22, r18
    7bae:	fc 01       	movw	r30, r24
    7bb0:	20 e0       	ldi	r18, 0x00	; 0
    7bb2:	61 15       	cp	r22, r1
    7bb4:	71 05       	cpc	r23, r1
    7bb6:	71 f1       	breq	.+92     	; 0x7c14 <Endpoint_Write_Control_Stream_LE+0x88>
    7bb8:	8e b3       	in	r24, 0x1e	; 30
    7bba:	88 23       	and	r24, r24
    7bbc:	d9 f1       	breq	.+118    	; 0x7c34 <Endpoint_Write_Control_Stream_LE+0xa8>
    7bbe:	85 30       	cpi	r24, 0x05	; 5
    7bc0:	d9 f1       	breq	.+118    	; 0x7c38 <Endpoint_Write_Control_Stream_LE+0xac>
    7bc2:	80 91 e8 00 	lds	r24, 0x00E8	; 0x8000e8 <__TEXT_REGION_LENGTH__+0x7f80e8>
    7bc6:	83 fd       	sbrc	r24, 3
    7bc8:	33 c0       	rjmp	.+102    	; 0x7c30 <Endpoint_Write_Control_Stream_LE+0xa4>
    7bca:	80 91 e8 00 	lds	r24, 0x00E8	; 0x8000e8 <__TEXT_REGION_LENGTH__+0x7f80e8>
    7bce:	82 fd       	sbrc	r24, 2
    7bd0:	29 c0       	rjmp	.+82     	; 0x7c24 <Endpoint_Write_Control_Stream_LE+0x98>
    7bd2:	80 91 e8 00 	lds	r24, 0x00E8	; 0x8000e8 <__TEXT_REGION_LENGTH__+0x7f80e8>
    7bd6:	80 ff       	sbrs	r24, 0
    7bd8:	ec cf       	rjmp	.-40     	; 0x7bb2 <Endpoint_Write_Control_Stream_LE+0x26>
    7bda:	20 91 f3 00 	lds	r18, 0x00F3	; 0x8000f3 <__TEXT_REGION_LENGTH__+0x7f80f3>
    7bde:	80 91 f2 00 	lds	r24, 0x00F2	; 0x8000f2 <__TEXT_REGION_LENGTH__+0x7f80f2>
    7be2:	90 e0       	ldi	r25, 0x00	; 0
    7be4:	92 2b       	or	r25, r18
    7be6:	61 15       	cp	r22, r1
    7be8:	71 05       	cpc	r23, r1
    7bea:	51 f0       	breq	.+20     	; 0x7c00 <Endpoint_Write_Control_Stream_LE+0x74>
    7bec:	88 30       	cpi	r24, 0x08	; 8
    7bee:	91 05       	cpc	r25, r1
    7bf0:	38 f4       	brcc	.+14     	; 0x7c00 <Endpoint_Write_Control_Stream_LE+0x74>
    7bf2:	21 91       	ld	r18, Z+
    7bf4:	20 93 f1 00 	sts	0x00F1, r18	; 0x8000f1 <__TEXT_REGION_LENGTH__+0x7f80f1>
    7bf8:	61 50       	subi	r22, 0x01	; 1
    7bfa:	71 09       	sbc	r23, r1
    7bfc:	01 96       	adiw	r24, 0x01	; 1
    7bfe:	f3 cf       	rjmp	.-26     	; 0x7be6 <Endpoint_Write_Control_Stream_LE+0x5a>
    7c00:	21 e0       	ldi	r18, 0x01	; 1
    7c02:	08 97       	sbiw	r24, 0x08	; 8
    7c04:	09 f0       	breq	.+2      	; 0x7c08 <Endpoint_Write_Control_Stream_LE+0x7c>
    7c06:	20 e0       	ldi	r18, 0x00	; 0
    7c08:	80 91 e8 00 	lds	r24, 0x00E8	; 0x8000e8 <__TEXT_REGION_LENGTH__+0x7f80e8>
    7c0c:	8e 77       	andi	r24, 0x7E	; 126
    7c0e:	80 93 e8 00 	sts	0x00E8, r24	; 0x8000e8 <__TEXT_REGION_LENGTH__+0x7f80e8>
    7c12:	cf cf       	rjmp	.-98     	; 0x7bb2 <Endpoint_Write_Control_Stream_LE+0x26>
    7c14:	21 11       	cpse	r18, r1
    7c16:	d0 cf       	rjmp	.-96     	; 0x7bb8 <Endpoint_Write_Control_Stream_LE+0x2c>
    7c18:	05 c0       	rjmp	.+10     	; 0x7c24 <Endpoint_Write_Control_Stream_LE+0x98>
    7c1a:	8e b3       	in	r24, 0x1e	; 30
    7c1c:	88 23       	and	r24, r24
    7c1e:	51 f0       	breq	.+20     	; 0x7c34 <Endpoint_Write_Control_Stream_LE+0xa8>
    7c20:	85 30       	cpi	r24, 0x05	; 5
    7c22:	51 f0       	breq	.+20     	; 0x7c38 <Endpoint_Write_Control_Stream_LE+0xac>
    7c24:	80 91 e8 00 	lds	r24, 0x00E8	; 0x8000e8 <__TEXT_REGION_LENGTH__+0x7f80e8>
    7c28:	82 ff       	sbrs	r24, 2
    7c2a:	f7 cf       	rjmp	.-18     	; 0x7c1a <Endpoint_Write_Control_Stream_LE+0x8e>
    7c2c:	80 e0       	ldi	r24, 0x00	; 0
    7c2e:	08 95       	ret
    7c30:	81 e0       	ldi	r24, 0x01	; 1
    7c32:	08 95       	ret
    7c34:	82 e0       	ldi	r24, 0x02	; 2
    7c36:	08 95       	ret
    7c38:	83 e0       	ldi	r24, 0x03	; 3
    7c3a:	08 95       	ret

00007c3c <Endpoint_Read_Control_Stream_LE>:
uint8_t TEMPLATE_FUNC_NAME (void* const Buffer,
                            uint16_t Length)
{
	uint8_t* DataStream = ((uint8_t*)Buffer + TEMPLATE_BUFFER_OFFSET(Length));

	if (!(Length))
    7c3c:	61 15       	cp	r22, r1
    7c3e:	71 05       	cpc	r23, r1
    7c40:	29 f4       	brne	.+10     	; 0x7c4c <Endpoint_Read_Control_Stream_LE+0x10>
			 */
			static inline void Endpoint_ClearOUT(void) ATTR_ALWAYS_INLINE;
			static inline void Endpoint_ClearOUT(void)
			{
				#if !defined(CONTROL_ONLY_DEVICE)
					UEINTX &= ~((1 << RXOUTI) | (1 << FIFOCON));
    7c42:	20 91 e8 00 	lds	r18, 0x00E8	; 0x8000e8 <__TEXT_REGION_LENGTH__+0x7f80e8>
    7c46:	2b 77       	andi	r18, 0x7B	; 123
    7c48:	20 93 e8 00 	sts	0x00E8, r18	; 0x8000e8 <__TEXT_REGION_LENGTH__+0x7f80e8>

#if defined(TEMPLATE_FUNC_NAME)

uint8_t TEMPLATE_FUNC_NAME (void* const Buffer,
                            uint16_t Length)
{
    7c4c:	fc 01       	movw	r30, r24
	uint8_t* DataStream = ((uint8_t*)Buffer + TEMPLATE_BUFFER_OFFSET(Length));

	if (!(Length))
	  Endpoint_ClearOUT();

	while (Length)
    7c4e:	61 15       	cp	r22, r1
    7c50:	71 05       	cpc	r23, r1
    7c52:	31 f1       	breq	.+76     	; 0x7ca0 <Endpoint_Read_Control_Stream_LE+0x64>
	{
		uint8_t USB_DeviceState_LCL = USB_DeviceState;
    7c54:	8e b3       	in	r24, 0x1e	; 30

		if (USB_DeviceState_LCL == DEVICE_STATE_Unattached)
    7c56:	88 23       	and	r24, r24
    7c58:	59 f1       	breq	.+86     	; 0x7cb0 <Endpoint_Read_Control_Stream_LE+0x74>
		  return ENDPOINT_RWCSTREAM_DeviceDisconnected;
		else if (USB_DeviceState_LCL == DEVICE_STATE_Suspended)
    7c5a:	85 30       	cpi	r24, 0x05	; 5
    7c5c:	59 f1       	breq	.+86     	; 0x7cb4 <Endpoint_Read_Control_Stream_LE+0x78>
			 *  \return Boolean \c true if the selected endpoint has received a SETUP packet, \c false otherwise.
			 */
			static inline bool Endpoint_IsSETUPReceived(void) ATTR_WARN_UNUSED_RESULT ATTR_ALWAYS_INLINE;
			static inline bool Endpoint_IsSETUPReceived(void)
			{
				return ((UEINTX & (1 << RXSTPI)) ? true : false);
    7c5e:	80 91 e8 00 	lds	r24, 0x00E8	; 0x8000e8 <__TEXT_REGION_LENGTH__+0x7f80e8>
		  return ENDPOINT_RWCSTREAM_BusSuspended;
		else if (Endpoint_IsSETUPReceived())
    7c62:	83 fd       	sbrc	r24, 3
    7c64:	23 c0       	rjmp	.+70     	; 0x7cac <Endpoint_Read_Control_Stream_LE+0x70>
			 *  \return Boolean \c true if current endpoint is has received an OUT packet, \c false otherwise.
			 */
			static inline bool Endpoint_IsOUTReceived(void) ATTR_WARN_UNUSED_RESULT ATTR_ALWAYS_INLINE;
			static inline bool Endpoint_IsOUTReceived(void)
			{
				return ((UEINTX & (1 << RXOUTI)) ? true : false);
    7c66:	80 91 e8 00 	lds	r24, 0x00E8	; 0x8000e8 <__TEXT_REGION_LENGTH__+0x7f80e8>
		  return ENDPOINT_RWCSTREAM_HostAborted;

		if (Endpoint_IsOUTReceived())
    7c6a:	82 ff       	sbrs	r24, 2
    7c6c:	f0 cf       	rjmp	.-32     	; 0x7c4e <Endpoint_Read_Control_Stream_LE+0x12>
			static inline uint16_t Endpoint_BytesInEndpoint(void)
			{
				#if defined(USB_SERIES_6_AVR) || defined(USB_SERIES_7_AVR)
					return UEBCX;
				#elif defined(USB_SERIES_4_AVR)
					return (((uint16_t)UEBCHX << 8) | UEBCLX);
    7c6e:	20 91 f3 00 	lds	r18, 0x00F3	; 0x8000f3 <__TEXT_REGION_LENGTH__+0x7f80f3>
    7c72:	80 91 f2 00 	lds	r24, 0x00F2	; 0x8000f2 <__TEXT_REGION_LENGTH__+0x7f80f2>
		{
			while (Length && Endpoint_BytesInEndpoint())
    7c76:	90 e0       	ldi	r25, 0x00	; 0
    7c78:	92 2b       	or	r25, r18
    7c7a:	89 2b       	or	r24, r25
    7c7c:	31 f0       	breq	.+12     	; 0x7c8a <Endpoint_Read_Control_Stream_LE+0x4e>
			 *  \return Next byte in the currently selected endpoint's FIFO buffer.
			 */
			static inline uint8_t Endpoint_Read_8(void) ATTR_WARN_UNUSED_RESULT ATTR_ALWAYS_INLINE;
			static inline uint8_t Endpoint_Read_8(void)
			{
				return UEDATX;
    7c7e:	80 91 f1 00 	lds	r24, 0x00F1	; 0x8000f1 <__TEXT_REGION_LENGTH__+0x7f80f1>
			{
				TEMPLATE_TRANSFER_BYTE(DataStream);
    7c82:	81 93       	st	Z+, r24
				TEMPLATE_BUFFER_MOVE(DataStream, 1);
				Length--;
    7c84:	61 50       	subi	r22, 0x01	; 1
    7c86:	71 09       	sbc	r23, r1
		else if (Endpoint_IsSETUPReceived())
		  return ENDPOINT_RWCSTREAM_HostAborted;

		if (Endpoint_IsOUTReceived())
		{
			while (Length && Endpoint_BytesInEndpoint())
    7c88:	91 f7       	brne	.-28     	; 0x7c6e <Endpoint_Read_Control_Stream_LE+0x32>
			 */
			static inline void Endpoint_ClearOUT(void) ATTR_ALWAYS_INLINE;
			static inline void Endpoint_ClearOUT(void)
			{
				#if !defined(CONTROL_ONLY_DEVICE)
					UEINTX &= ~((1 << RXOUTI) | (1 << FIFOCON));
    7c8a:	80 91 e8 00 	lds	r24, 0x00E8	; 0x8000e8 <__TEXT_REGION_LENGTH__+0x7f80e8>
    7c8e:	8b 77       	andi	r24, 0x7B	; 123
    7c90:	80 93 e8 00 	sts	0x00E8, r24	; 0x8000e8 <__TEXT_REGION_LENGTH__+0x7f80e8>
    7c94:	dc cf       	rjmp	.-72     	; 0x7c4e <Endpoint_Read_Control_Stream_LE+0x12>
		}
	}

	while (!(Endpoint_IsINReady()))
	{
		uint8_t USB_DeviceState_LCL = USB_DeviceState;
    7c96:	8e b3       	in	r24, 0x1e	; 30

		if (USB_DeviceState_LCL == DEVICE_STATE_Unattached)
    7c98:	88 23       	and	r24, r24
    7c9a:	51 f0       	breq	.+20     	; 0x7cb0 <Endpoint_Read_Control_Stream_LE+0x74>
		  return ENDPOINT_RWCSTREAM_DeviceDisconnected;
		else if (USB_DeviceState_LCL == DEVICE_STATE_Suspended)
    7c9c:	85 30       	cpi	r24, 0x05	; 5
    7c9e:	51 f0       	breq	.+20     	; 0x7cb4 <Endpoint_Read_Control_Stream_LE+0x78>
			 *  \return Boolean \c true if the current endpoint is ready for an IN packet, \c false otherwise.
			 */
			static inline bool Endpoint_IsINReady(void) ATTR_WARN_UNUSED_RESULT ATTR_ALWAYS_INLINE;
			static inline bool Endpoint_IsINReady(void)
			{
				return ((UEINTX & (1 << TXINI)) ? true : false);
    7ca0:	80 91 e8 00 	lds	r24, 0x00E8	; 0x8000e8 <__TEXT_REGION_LENGTH__+0x7f80e8>

			Endpoint_ClearOUT();
		}
	}

	while (!(Endpoint_IsINReady()))
    7ca4:	80 ff       	sbrs	r24, 0
    7ca6:	f7 cf       	rjmp	.-18     	; 0x7c96 <Endpoint_Read_Control_Stream_LE+0x5a>
		  return ENDPOINT_RWCSTREAM_DeviceDisconnected;
		else if (USB_DeviceState_LCL == DEVICE_STATE_Suspended)
		  return ENDPOINT_RWCSTREAM_BusSuspended;
	}

	return ENDPOINT_RWCSTREAM_NoError;
    7ca8:	80 e0       	ldi	r24, 0x00	; 0
    7caa:	08 95       	ret
		if (USB_DeviceState_LCL == DEVICE_STATE_Unattached)
		  return ENDPOINT_RWCSTREAM_DeviceDisconnected;
		else if (USB_DeviceState_LCL == DEVICE_STATE_Suspended)
		  return ENDPOINT_RWCSTREAM_BusSuspended;
		else if (Endpoint_IsSETUPReceived())
		  return ENDPOINT_RWCSTREAM_HostAborted;
    7cac:	81 e0       	ldi	r24, 0x01	; 1
    7cae:	08 95       	ret
	while (Length)
	{
		uint8_t USB_DeviceState_LCL = USB_DeviceState;

		if (USB_DeviceState_LCL == DEVICE_STATE_Unattached)
		  return ENDPOINT_RWCSTREAM_DeviceDisconnected;
    7cb0:	82 e0       	ldi	r24, 0x02	; 2
    7cb2:	08 95       	ret
		else if (USB_DeviceState_LCL == DEVICE_STATE_Suspended)
		  return ENDPOINT_RWCSTREAM_BusSuspended;
    7cb4:	83 e0       	ldi	r24, 0x03	; 3
		else if (USB_DeviceState_LCL == DEVICE_STATE_Suspended)
		  return ENDPOINT_RWCSTREAM_BusSuspended;
	}

	return ENDPOINT_RWCSTREAM_NoError;
}
    7cb6:	08 95       	ret

00007cb8 <USB_Device_ProcessControlRequest>:
#if !defined(NO_DEVICE_REMOTE_WAKEUP)
bool    USB_Device_RemoteWakeupEnabled;
#endif

void USB_Device_ProcessControlRequest(void)
{
    7cb8:	0f 93       	push	r16
    7cba:	1f 93       	push	r17
    7cbc:	cf 93       	push	r28
    7cbe:	df 93       	push	r29
    7cc0:	00 d0       	rcall	.+0      	; 0x7cc2 <USB_Device_ProcessControlRequest+0xa>
    7cc2:	cd b7       	in	r28, 0x3d	; 61
    7cc4:	de b7       	in	r29, 0x3e	; 62
    7cc6:	e4 ec       	ldi	r30, 0xC4	; 196
    7cc8:	f1 e0       	ldi	r31, 0x01	; 1
    7cca:	8c ec       	ldi	r24, 0xCC	; 204
    7ccc:	91 e0       	ldi	r25, 0x01	; 1
			 *  \return Next byte in the currently selected endpoint's FIFO buffer.
			 */
			static inline uint8_t Endpoint_Read_8(void) ATTR_WARN_UNUSED_RESULT ATTR_ALWAYS_INLINE;
			static inline uint8_t Endpoint_Read_8(void)
			{
				return UEDATX;
    7cce:	20 91 f1 00 	lds	r18, 0x00F1	; 0x8000f1 <__TEXT_REGION_LENGTH__+0x7f80f1>
	USB_ControlRequest.wLength       = Endpoint_Read_16_LE();
	#else
	uint8_t* RequestHeader = (uint8_t*)&USB_ControlRequest;

	for (uint8_t RequestHeaderByte = 0; RequestHeaderByte < sizeof(USB_Request_Header_t); RequestHeaderByte++)
	  *(RequestHeader++) = Endpoint_Read_8();
    7cd2:	21 93       	st	Z+, r18
	USB_ControlRequest.wIndex        = Endpoint_Read_16_LE();
	USB_ControlRequest.wLength       = Endpoint_Read_16_LE();
	#else
	uint8_t* RequestHeader = (uint8_t*)&USB_ControlRequest;

	for (uint8_t RequestHeaderByte = 0; RequestHeaderByte < sizeof(USB_Request_Header_t); RequestHeaderByte++)
    7cd4:	8e 17       	cp	r24, r30
    7cd6:	9f 07       	cpc	r25, r31
    7cd8:	d1 f7       	brne	.-12     	; 0x7cce <USB_Device_ProcessControlRequest+0x16>
	  *(RequestHeader++) = Endpoint_Read_8();
	#endif

	EVENT_USB_Device_ControlRequest();
    7cda:	ed da       	rcall	.-2598   	; 0x72b6 <EVENT_USB_Device_ControlRequest>
			 *  \return Boolean \c true if the selected endpoint has received a SETUP packet, \c false otherwise.
			 */
			static inline bool Endpoint_IsSETUPReceived(void) ATTR_WARN_UNUSED_RESULT ATTR_ALWAYS_INLINE;
			static inline bool Endpoint_IsSETUPReceived(void)
			{
				return ((UEINTX & (1 << RXSTPI)) ? true : false);
    7cdc:	80 91 e8 00 	lds	r24, 0x00E8	; 0x8000e8 <__TEXT_REGION_LENGTH__+0x7f80e8>

	if (Endpoint_IsSETUPReceived())
    7ce0:	83 ff       	sbrs	r24, 3
    7ce2:	d3 c0       	rjmp	.+422    	; 0x7e8a <USB_Device_ProcessControlRequest+0x1d2>
	{
		uint8_t bmRequestType = USB_ControlRequest.bmRequestType;
    7ce4:	80 91 c4 01 	lds	r24, 0x01C4	; 0x8001c4 <USB_ControlRequest>

		switch (USB_ControlRequest.bRequest)
    7ce8:	90 91 c5 01 	lds	r25, 0x01C5	; 0x8001c5 <USB_ControlRequest+0x1>
    7cec:	49 2f       	mov	r20, r25
    7cee:	50 e0       	ldi	r21, 0x00	; 0
    7cf0:	4a 30       	cpi	r20, 0x0A	; 10
    7cf2:	51 05       	cpc	r21, r1
    7cf4:	08 f0       	brcs	.+2      	; 0x7cf8 <USB_Device_ProcessControlRequest+0x40>
    7cf6:	c9 c0       	rjmp	.+402    	; 0x7e8a <USB_Device_ProcessControlRequest+0x1d2>
    7cf8:	fa 01       	movw	r30, r20
    7cfa:	ea 5a       	subi	r30, 0xAA	; 170
    7cfc:	f7 4c       	sbci	r31, 0xC7	; 199
    7cfe:	ec c0       	rjmp	.+472    	; 0x7ed8 <__tablejump2__>
		{
			case REQ_GetStatus:
				if ((bmRequestType == (REQDIR_DEVICETOHOST | REQTYPE_STANDARD | REQREC_DEVICE)) ||
    7d00:	82 38       	cpi	r24, 0x82	; 130
    7d02:	09 f0       	breq	.+2      	; 0x7d06 <USB_Device_ProcessControlRequest+0x4e>
    7d04:	c2 c0       	rjmp	.+388    	; 0x7e8a <USB_Device_ProcessControlRequest+0x1d2>
			#endif
			break;
		#endif
		#if !defined(CONTROL_ONLY_DEVICE)
		case (REQDIR_DEVICETOHOST | REQTYPE_STANDARD | REQREC_ENDPOINT):
			Endpoint_SelectEndpoint((uint8_t)USB_ControlRequest.wIndex & ENDPOINT_EPNUM_MASK);
    7d06:	80 91 c8 01 	lds	r24, 0x01C8	; 0x8001c8 <USB_ControlRequest+0x4>
    7d0a:	87 70       	andi	r24, 0x07	; 7
			 */
			static inline void Endpoint_SelectEndpoint(const uint8_t EndpointNumber) ATTR_ALWAYS_INLINE;
			static inline void Endpoint_SelectEndpoint(const uint8_t EndpointNumber)
			{
				#if !defined(CONTROL_ONLY_DEVICE)
					UENUM = EndpointNumber;
    7d0c:	80 93 e9 00 	sts	0x00E9, r24	; 0x8000e9 <__TEXT_REGION_LENGTH__+0x7f80e9>
			 *  \return Boolean \c true if the currently selected endpoint is stalled, \c false otherwise.
			 */
			static inline bool Endpoint_IsStalled(void) ATTR_WARN_UNUSED_RESULT ATTR_ALWAYS_INLINE;
			static inline bool Endpoint_IsStalled(void)
			{
				return ((UECONX & (1 << STALLRQ)) ? true : false);
    7d10:	80 91 eb 00 	lds	r24, 0x00EB	; 0x8000eb <__TEXT_REGION_LENGTH__+0x7f80eb>
			 */
			static inline void Endpoint_SelectEndpoint(const uint8_t EndpointNumber) ATTR_ALWAYS_INLINE;
			static inline void Endpoint_SelectEndpoint(const uint8_t EndpointNumber)
			{
				#if !defined(CONTROL_ONLY_DEVICE)
					UENUM = EndpointNumber;
    7d14:	10 92 e9 00 	sts	0x00E9, r1	; 0x8000e9 <__TEXT_REGION_LENGTH__+0x7f80e9>
			 *  \note This is not applicable for non CONTROL type endpoints.
			 */
			static inline void Endpoint_ClearSETUP(void) ATTR_ALWAYS_INLINE;
			static inline void Endpoint_ClearSETUP(void)
			{
				UEINTX &= ~(1 << RXSTPI);
    7d18:	90 91 e8 00 	lds	r25, 0x00E8	; 0x8000e8 <__TEXT_REGION_LENGTH__+0x7f80e8>
    7d1c:	97 7f       	andi	r25, 0xF7	; 247
    7d1e:	90 93 e8 00 	sts	0x00E8, r25	; 0x8000e8 <__TEXT_REGION_LENGTH__+0x7f80e8>
			 *  \param[in] Data  Data to write to the currently selected endpoint's FIFO buffer.
			 */
			static inline void Endpoint_Write_16_LE(const uint16_t Data) ATTR_ALWAYS_INLINE;
			static inline void Endpoint_Write_16_LE(const uint16_t Data)
			{
				UEDATX = (Data & 0xFF);
    7d22:	85 fb       	bst	r24, 5
    7d24:	88 27       	eor	r24, r24
    7d26:	80 f9       	bld	r24, 0
    7d28:	80 93 f1 00 	sts	0x00F1, r24	; 0x8000f1 <__TEXT_REGION_LENGTH__+0x7f80f1>
				UEDATX = (Data >> 8);
    7d2c:	10 92 f1 00 	sts	0x00F1, r1	; 0x8000f1 <__TEXT_REGION_LENGTH__+0x7f80f1>
    7d30:	85 c0       	rjmp	.+266    	; 0x7e3c <USB_Device_ProcessControlRequest+0x184>
				}

				break;
			case REQ_ClearFeature:
			case REQ_SetFeature:
				if ((bmRequestType == (REQDIR_HOSTTODEVICE | REQTYPE_STANDARD | REQREC_DEVICE)) ||
    7d32:	28 2f       	mov	r18, r24
    7d34:	2d 7f       	andi	r18, 0xFD	; 253
    7d36:	09 f0       	breq	.+2      	; 0x7d3a <USB_Device_ProcessControlRequest+0x82>
    7d38:	a8 c0       	rjmp	.+336    	; 0x7e8a <USB_Device_ProcessControlRequest+0x1d2>
	Endpoint_ClearStatusStage();
}

static void USB_Device_ClearSetFeature(void)
{
	switch (USB_ControlRequest.bmRequestType & CONTROL_REQTYPE_RECIPIENT)
    7d3a:	82 30       	cpi	r24, 0x02	; 2
    7d3c:	09 f0       	breq	.+2      	; 0x7d40 <USB_Device_ProcessControlRequest+0x88>
    7d3e:	a5 c0       	rjmp	.+330    	; 0x7e8a <USB_Device_ProcessControlRequest+0x1d2>

			break;
		#endif
		#if !defined(CONTROL_ONLY_DEVICE)
		case REQREC_ENDPOINT:
			if ((uint8_t)USB_ControlRequest.wValue == FEATURE_SEL_EndpointHalt)
    7d40:	80 91 c6 01 	lds	r24, 0x01C6	; 0x8001c6 <USB_ControlRequest+0x2>
    7d44:	81 11       	cpse	r24, r1
    7d46:	27 c0       	rjmp	.+78     	; 0x7d96 <USB_Device_ProcessControlRequest+0xde>
			{
				uint8_t EndpointIndex = ((uint8_t)USB_ControlRequest.wIndex & ENDPOINT_EPNUM_MASK);
    7d48:	80 91 c8 01 	lds	r24, 0x01C8	; 0x8001c8 <USB_ControlRequest+0x4>
    7d4c:	87 70       	andi	r24, 0x07	; 7

				if (EndpointIndex == ENDPOINT_CONTROLEP)
    7d4e:	09 f4       	brne	.+2      	; 0x7d52 <USB_Device_ProcessControlRequest+0x9a>
    7d50:	9c c0       	rjmp	.+312    	; 0x7e8a <USB_Device_ProcessControlRequest+0x1d2>
			 */
			static inline void Endpoint_SelectEndpoint(const uint8_t EndpointNumber) ATTR_ALWAYS_INLINE;
			static inline void Endpoint_SelectEndpoint(const uint8_t EndpointNumber)
			{
				#if !defined(CONTROL_ONLY_DEVICE)
					UENUM = EndpointNumber;
    7d52:	80 93 e9 00 	sts	0x00E9, r24	; 0x8000e9 <__TEXT_REGION_LENGTH__+0x7f80e9>
			 * \return Boolean \c true if the currently selected endpoint is enabled, \c false otherwise.
			 */
			static inline bool Endpoint_IsEnabled(void) ATTR_WARN_UNUSED_RESULT ATTR_ALWAYS_INLINE;
			static inline bool Endpoint_IsEnabled(void)
			{
				return ((UECONX & (1 << EPEN)) ? true : false);
    7d56:	20 91 eb 00 	lds	r18, 0x00EB	; 0x8000eb <__TEXT_REGION_LENGTH__+0x7f80eb>
				  return;

				Endpoint_SelectEndpoint(EndpointIndex);

				if (Endpoint_IsEnabled())
    7d5a:	20 ff       	sbrs	r18, 0
    7d5c:	1c c0       	rjmp	.+56     	; 0x7d96 <USB_Device_ProcessControlRequest+0xde>
				{
					if (USB_ControlRequest.bRequest == REQ_SetFeature)
    7d5e:	93 30       	cpi	r25, 0x03	; 3
    7d60:	21 f4       	brne	.+8      	; 0x7d6a <USB_Device_ProcessControlRequest+0xb2>
			 *  \ingroup Group_EndpointPacketManagement_AVR8
			 */
			static inline void Endpoint_StallTransaction(void) ATTR_ALWAYS_INLINE;
			static inline void Endpoint_StallTransaction(void)
			{
				UECONX |= (1 << STALLRQ);
    7d62:	80 91 eb 00 	lds	r24, 0x00EB	; 0x8000eb <__TEXT_REGION_LENGTH__+0x7f80eb>
    7d66:	80 62       	ori	r24, 0x20	; 32
    7d68:	14 c0       	rjmp	.+40     	; 0x7d92 <USB_Device_ProcessControlRequest+0xda>
			 *  \ingroup Group_EndpointPacketManagement_AVR8
			 */
			static inline void Endpoint_ClearStall(void) ATTR_ALWAYS_INLINE;
			static inline void Endpoint_ClearStall(void)
			{
				UECONX |= (1 << STALLRQC);
    7d6a:	90 91 eb 00 	lds	r25, 0x00EB	; 0x8000eb <__TEXT_REGION_LENGTH__+0x7f80eb>
    7d6e:	90 61       	ori	r25, 0x10	; 16
    7d70:	90 93 eb 00 	sts	0x00EB, r25	; 0x8000eb <__TEXT_REGION_LENGTH__+0x7f80eb>
			 *  \param[in] EndpointNumber Endpoint number whose FIFO buffers are to be reset.
			 */
			static inline void Endpoint_ResetEndpoint(const uint8_t EndpointNumber) ATTR_ALWAYS_INLINE;
			static inline void Endpoint_ResetEndpoint(const uint8_t EndpointNumber)
			{
				UERST = (1 << EndpointNumber);
    7d74:	21 e0       	ldi	r18, 0x01	; 1
    7d76:	30 e0       	ldi	r19, 0x00	; 0
    7d78:	a9 01       	movw	r20, r18
    7d7a:	02 c0       	rjmp	.+4      	; 0x7d80 <USB_Device_ProcessControlRequest+0xc8>
    7d7c:	44 0f       	add	r20, r20
    7d7e:	55 1f       	adc	r21, r21
    7d80:	8a 95       	dec	r24
    7d82:	e2 f7       	brpl	.-8      	; 0x7d7c <USB_Device_ProcessControlRequest+0xc4>
    7d84:	40 93 ea 00 	sts	0x00EA, r20	; 0x8000ea <__TEXT_REGION_LENGTH__+0x7f80ea>
				UERST = 0;
    7d88:	10 92 ea 00 	sts	0x00EA, r1	; 0x8000ea <__TEXT_REGION_LENGTH__+0x7f80ea>

			/** Resets the data toggle of the currently selected endpoint. */
			static inline void Endpoint_ResetDataToggle(void) ATTR_ALWAYS_INLINE;
			static inline void Endpoint_ResetDataToggle(void)
			{
				UECONX |= (1 << RSTDT);
    7d8c:	80 91 eb 00 	lds	r24, 0x00EB	; 0x8000eb <__TEXT_REGION_LENGTH__+0x7f80eb>
    7d90:	88 60       	ori	r24, 0x08	; 8
    7d92:	80 93 eb 00 	sts	0x00EB, r24	; 0x8000eb <__TEXT_REGION_LENGTH__+0x7f80eb>
			 */
			static inline void Endpoint_SelectEndpoint(const uint8_t EndpointNumber) ATTR_ALWAYS_INLINE;
			static inline void Endpoint_SelectEndpoint(const uint8_t EndpointNumber)
			{
				#if !defined(CONTROL_ONLY_DEVICE)
					UENUM = EndpointNumber;
    7d96:	10 92 e9 00 	sts	0x00E9, r1	; 0x8000e9 <__TEXT_REGION_LENGTH__+0x7f80e9>
			 *  \note This is not applicable for non CONTROL type endpoints.
			 */
			static inline void Endpoint_ClearSETUP(void) ATTR_ALWAYS_INLINE;
			static inline void Endpoint_ClearSETUP(void)
			{
				UEINTX &= ~(1 << RXSTPI);
    7d9a:	80 91 e8 00 	lds	r24, 0x00E8	; 0x8000e8 <__TEXT_REGION_LENGTH__+0x7f80e8>
    7d9e:	87 7f       	andi	r24, 0xF7	; 247
    7da0:	50 c0       	rjmp	.+160    	; 0x7e42 <USB_Device_ProcessControlRequest+0x18a>
					USB_Device_ClearSetFeature();
				}

				break;
			case REQ_SetAddress:
				if (bmRequestType == (REQDIR_HOSTTODEVICE | REQTYPE_STANDARD | REQREC_DEVICE))
    7da2:	81 11       	cpse	r24, r1
    7da4:	72 c0       	rjmp	.+228    	; 0x7e8a <USB_Device_ProcessControlRequest+0x1d2>
	}
}

static void USB_Device_SetAddress(void)
{
	uint8_t    DeviceAddress    = (USB_ControlRequest.wValue & 0x7F);
    7da6:	10 91 c6 01 	lds	r17, 0x01C6	; 0x8001c6 <USB_ControlRequest+0x2>
    7daa:	1f 77       	andi	r17, 0x7F	; 127
			static inline uint_reg_t GetGlobalInterruptMask(void)
			{
				GCC_MEMORY_BARRIER();

				#if (ARCH == ARCH_AVR8)
				return SREG;
    7dac:	0f b7       	in	r16, 0x3f	; 63
			static inline void GlobalInterruptDisable(void)
			{
				GCC_MEMORY_BARRIER();

				#if (ARCH == ARCH_AVR8)
				cli();
    7dae:	f8 94       	cli
    7db0:	80 91 e8 00 	lds	r24, 0x00E8	; 0x8000e8 <__TEXT_REGION_LENGTH__+0x7f80e8>
    7db4:	87 7f       	andi	r24, 0xF7	; 247
    7db6:	80 93 e8 00 	sts	0x00E8, r24	; 0x8000e8 <__TEXT_REGION_LENGTH__+0x7f80e8>
	uint_reg_t CurrentGlobalInt = GetGlobalInterruptMask();
	GlobalInterruptDisable();
				
	Endpoint_ClearSETUP();

	Endpoint_ClearStatusStage();
    7dba:	c7 dd       	rcall	.-1138   	; 0x794a <Endpoint_ClearStatusStage>
			 *  \return Boolean \c true if the current endpoint is ready for an IN packet, \c false otherwise.
			 */
			static inline bool Endpoint_IsINReady(void) ATTR_WARN_UNUSED_RESULT ATTR_ALWAYS_INLINE;
			static inline bool Endpoint_IsINReady(void)
			{
				return ((UEINTX & (1 << TXINI)) ? true : false);
    7dbc:	80 91 e8 00 	lds	r24, 0x00E8	; 0x8000e8 <__TEXT_REGION_LENGTH__+0x7f80e8>

	while (!(Endpoint_IsINReady()));
    7dc0:	80 ff       	sbrs	r24, 0
    7dc2:	fc cf       	rjmp	.-8      	; 0x7dbc <USB_Device_ProcessControlRequest+0x104>
			#endif

			static inline void USB_Device_SetDeviceAddress(const uint8_t Address) ATTR_ALWAYS_INLINE;
			static inline void USB_Device_SetDeviceAddress(const uint8_t Address)
			{
				uint8_t Temp = (UDADDR & (1 << ADDEN)) | (Address & 0x7F);
    7dc4:	80 91 e3 00 	lds	r24, 0x00E3	; 0x8000e3 <__TEXT_REGION_LENGTH__+0x7f80e3>
    7dc8:	80 78       	andi	r24, 0x80	; 128
    7dca:	81 2b       	or	r24, r17

				UDADDR = Temp;
    7dcc:	80 93 e3 00 	sts	0x00E3, r24	; 0x8000e3 <__TEXT_REGION_LENGTH__+0x7f80e3>
				UDADDR = Temp | (1 << ADDEN);
    7dd0:	80 68       	ori	r24, 0x80	; 128
    7dd2:	80 93 e3 00 	sts	0x00E3, r24	; 0x8000e3 <__TEXT_REGION_LENGTH__+0x7f80e3>

	USB_Device_SetDeviceAddress(DeviceAddress);
	USB_DeviceState = (DeviceAddress) ? DEVICE_STATE_Addressed : DEVICE_STATE_Default;
    7dd6:	11 11       	cpse	r17, r1
    7dd8:	02 c0       	rjmp	.+4      	; 0x7dde <USB_Device_ProcessControlRequest+0x126>
    7dda:	82 e0       	ldi	r24, 0x02	; 2
    7ddc:	01 c0       	rjmp	.+2      	; 0x7de0 <USB_Device_ProcessControlRequest+0x128>
    7dde:	83 e0       	ldi	r24, 0x03	; 3
    7de0:	8e bb       	out	0x1e, r24	; 30
			static inline void SetGlobalInterruptMask(const uint_reg_t GlobalIntState)
			{
				GCC_MEMORY_BARRIER();

				#if (ARCH == ARCH_AVR8)
				SREG = GlobalIntState;
    7de2:	0f bf       	out	0x3f, r16	; 63
				  __builtin_csrf(AVR32_SR_GM_OFFSET);
				#elif (ARCH == ARCH_XMEGA)
				SREG = GlobalIntState;				
				#endif
				
				GCC_MEMORY_BARRIER();
    7de4:	52 c0       	rjmp	.+164    	; 0x7e8a <USB_Device_ProcessControlRequest+0x1d2>
				if (bmRequestType == (REQDIR_HOSTTODEVICE | REQTYPE_STANDARD | REQREC_DEVICE))
				  USB_Device_SetAddress();

				break;
			case REQ_GetDescriptor:
				if ((bmRequestType == (REQDIR_DEVICETOHOST | REQTYPE_STANDARD | REQREC_DEVICE)) ||
    7de6:	80 58       	subi	r24, 0x80	; 128
    7de8:	82 30       	cpi	r24, 0x02	; 2
    7dea:	08 f0       	brcs	.+2      	; 0x7dee <USB_Device_ProcessControlRequest+0x136>
    7dec:	4e c0       	rjmp	.+156    	; 0x7e8a <USB_Device_ProcessControlRequest+0x1d2>
		USB_Device_GetInternalSerialDescriptor();
		return;
	}
	#endif

	if ((DescriptorSize = CALLBACK_USB_GetDescriptor(USB_ControlRequest.wValue, USB_ControlRequest.wIndex,
    7dee:	ae 01       	movw	r20, r28
    7df0:	4f 5f       	subi	r20, 0xFF	; 255
    7df2:	5f 4f       	sbci	r21, 0xFF	; 255
    7df4:	60 91 c8 01 	lds	r22, 0x01C8	; 0x8001c8 <USB_ControlRequest+0x4>
    7df8:	80 91 c6 01 	lds	r24, 0x01C6	; 0x8001c6 <USB_ControlRequest+0x2>
    7dfc:	90 91 c7 01 	lds	r25, 0x01C7	; 0x8001c7 <USB_ControlRequest+0x3>
    7e00:	5f dd       	rcall	.-1346   	; 0x78c0 <CALLBACK_USB_GetDescriptor>
    7e02:	bc 01       	movw	r22, r24
    7e04:	89 2b       	or	r24, r25
    7e06:	09 f4       	brne	.+2      	; 0x7e0a <USB_Device_ProcessControlRequest+0x152>
    7e08:	40 c0       	rjmp	.+128    	; 0x7e8a <USB_Device_ProcessControlRequest+0x1d2>
			 *  \note This is not applicable for non CONTROL type endpoints.
			 */
			static inline void Endpoint_ClearSETUP(void) ATTR_ALWAYS_INLINE;
			static inline void Endpoint_ClearSETUP(void)
			{
				UEINTX &= ~(1 << RXSTPI);
    7e0a:	90 91 e8 00 	lds	r25, 0x00E8	; 0x8000e8 <__TEXT_REGION_LENGTH__+0x7f80e8>
    7e0e:	97 7f       	andi	r25, 0xF7	; 247
    7e10:	90 93 e8 00 	sts	0x00E8, r25	; 0x8000e8 <__TEXT_REGION_LENGTH__+0x7f80e8>
	}

	Endpoint_ClearSETUP();

	#if defined(USE_RAM_DESCRIPTORS) || !defined(ARCH_HAS_MULTI_ADDRESS_SPACE)
	Endpoint_Write_Control_Stream_LE(DescriptorPointer, DescriptorSize);
    7e14:	89 81       	ldd	r24, Y+1	; 0x01
    7e16:	9a 81       	ldd	r25, Y+2	; 0x02
    7e18:	b9 de       	rcall	.-654    	; 0x7b8c <Endpoint_Write_Control_Stream_LE>
			 */
			static inline void Endpoint_ClearOUT(void) ATTR_ALWAYS_INLINE;
			static inline void Endpoint_ClearOUT(void)
			{
				#if !defined(CONTROL_ONLY_DEVICE)
					UEINTX &= ~((1 << RXOUTI) | (1 << FIFOCON));
    7e1a:	80 91 e8 00 	lds	r24, 0x00E8	; 0x8000e8 <__TEXT_REGION_LENGTH__+0x7f80e8>
    7e1e:	8b 77       	andi	r24, 0x7B	; 123
    7e20:	80 93 e8 00 	sts	0x00E8, r24	; 0x8000e8 <__TEXT_REGION_LENGTH__+0x7f80e8>
    7e24:	32 c0       	rjmp	.+100    	; 0x7e8a <USB_Device_ProcessControlRequest+0x1d2>
					USB_Device_GetDescriptor();
				}

				break;
			case REQ_GetConfiguration:
				if (bmRequestType == (REQDIR_DEVICETOHOST | REQTYPE_STANDARD | REQREC_DEVICE))
    7e26:	80 38       	cpi	r24, 0x80	; 128
    7e28:	81 f5       	brne	.+96     	; 0x7e8a <USB_Device_ProcessControlRequest+0x1d2>
			 *  \note This is not applicable for non CONTROL type endpoints.
			 */
			static inline void Endpoint_ClearSETUP(void) ATTR_ALWAYS_INLINE;
			static inline void Endpoint_ClearSETUP(void)
			{
				UEINTX &= ~(1 << RXSTPI);
    7e2a:	80 91 e8 00 	lds	r24, 0x00E8	; 0x8000e8 <__TEXT_REGION_LENGTH__+0x7f80e8>
    7e2e:	87 7f       	andi	r24, 0xF7	; 247
    7e30:	80 93 e8 00 	sts	0x00E8, r24	; 0x8000e8 <__TEXT_REGION_LENGTH__+0x7f80e8>

static void USB_Device_GetConfiguration(void)
{
	Endpoint_ClearSETUP();

	Endpoint_Write_8(USB_Device_ConfigurationNumber);
    7e34:	80 91 c2 01 	lds	r24, 0x01C2	; 0x8001c2 <USB_Device_ConfigurationNumber>
			 *  \param[in] Data  Data to write into the the currently selected endpoint's FIFO buffer.
			 */
			static inline void Endpoint_Write_8(const uint8_t Data) ATTR_ALWAYS_INLINE;
			static inline void Endpoint_Write_8(const uint8_t Data)
			{
				UEDATX = Data;
    7e38:	80 93 f1 00 	sts	0x00F1, r24	; 0x8000f1 <__TEXT_REGION_LENGTH__+0x7f80f1>
			 */
			static inline void Endpoint_ClearIN(void) ATTR_ALWAYS_INLINE;
			static inline void Endpoint_ClearIN(void)
			{
				#if !defined(CONTROL_ONLY_DEVICE)
					UEINTX &= ~((1 << TXINI) | (1 << FIFOCON));
    7e3c:	80 91 e8 00 	lds	r24, 0x00E8	; 0x8000e8 <__TEXT_REGION_LENGTH__+0x7f80e8>
    7e40:	8e 77       	andi	r24, 0x7E	; 126
    7e42:	80 93 e8 00 	sts	0x00E8, r24	; 0x8000e8 <__TEXT_REGION_LENGTH__+0x7f80e8>
	Endpoint_ClearIN();

	Endpoint_ClearStatusStage();
    7e46:	81 dd       	rcall	.-1278   	; 0x794a <Endpoint_ClearStatusStage>
    7e48:	20 c0       	rjmp	.+64     	; 0x7e8a <USB_Device_ProcessControlRequest+0x1d2>
				if (bmRequestType == (REQDIR_DEVICETOHOST | REQTYPE_STANDARD | REQREC_DEVICE))
				  USB_Device_GetConfiguration();

				break;
			case REQ_SetConfiguration:
				if (bmRequestType == (REQDIR_HOSTTODEVICE | REQTYPE_STANDARD | REQREC_DEVICE))
    7e4a:	81 11       	cpse	r24, r1
    7e4c:	1e c0       	rjmp	.+60     	; 0x7e8a <USB_Device_ProcessControlRequest+0x1d2>
}

static void USB_Device_SetConfiguration(void)
{
	#if defined(FIXED_NUM_CONFIGURATIONS)
	if ((uint8_t)USB_ControlRequest.wValue > FIXED_NUM_CONFIGURATIONS)
    7e4e:	80 91 c6 01 	lds	r24, 0x01C6	; 0x8001c6 <USB_ControlRequest+0x2>
    7e52:	90 91 c7 01 	lds	r25, 0x01C7	; 0x8001c7 <USB_ControlRequest+0x3>
    7e56:	99 27       	eor	r25, r25
    7e58:	02 97       	sbiw	r24, 0x02	; 2
    7e5a:	bc f4       	brge	.+46     	; 0x7e8a <USB_Device_ProcessControlRequest+0x1d2>
			 *  \note This is not applicable for non CONTROL type endpoints.
			 */
			static inline void Endpoint_ClearSETUP(void) ATTR_ALWAYS_INLINE;
			static inline void Endpoint_ClearSETUP(void)
			{
				UEINTX &= ~(1 << RXSTPI);
    7e5c:	80 91 e8 00 	lds	r24, 0x00E8	; 0x8000e8 <__TEXT_REGION_LENGTH__+0x7f80e8>
    7e60:	87 7f       	andi	r24, 0xF7	; 247
    7e62:	80 93 e8 00 	sts	0x00E8, r24	; 0x8000e8 <__TEXT_REGION_LENGTH__+0x7f80e8>
	#endif
	#endif

	Endpoint_ClearSETUP();

	USB_Device_ConfigurationNumber = (uint8_t)USB_ControlRequest.wValue;
    7e66:	80 91 c6 01 	lds	r24, 0x01C6	; 0x8001c6 <USB_ControlRequest+0x2>
    7e6a:	80 93 c2 01 	sts	0x01C2, r24	; 0x8001c2 <USB_Device_ConfigurationNumber>

	Endpoint_ClearStatusStage();
    7e6e:	6d dd       	rcall	.-1318   	; 0x794a <Endpoint_ClearStatusStage>

	if (USB_Device_ConfigurationNumber)
    7e70:	80 91 c2 01 	lds	r24, 0x01C2	; 0x8001c2 <USB_Device_ConfigurationNumber>
    7e74:	81 11       	cpse	r24, r1
    7e76:	06 c0       	rjmp	.+12     	; 0x7e84 <USB_Device_ProcessControlRequest+0x1cc>
			}

			static inline bool USB_Device_IsAddressSet(void) ATTR_ALWAYS_INLINE ATTR_WARN_UNUSED_RESULT;
			static inline bool USB_Device_IsAddressSet(void)
			{
				return (UDADDR & (1 << ADDEN));
    7e78:	80 91 e3 00 	lds	r24, 0x00E3	; 0x8000e3 <__TEXT_REGION_LENGTH__+0x7f80e3>
	  USB_DeviceState = DEVICE_STATE_Configured;
	else
	  USB_DeviceState = (USB_Device_IsAddressSet()) ? DEVICE_STATE_Configured : DEVICE_STATE_Powered;
    7e7c:	87 fd       	sbrc	r24, 7
    7e7e:	02 c0       	rjmp	.+4      	; 0x7e84 <USB_Device_ProcessControlRequest+0x1cc>
    7e80:	81 e0       	ldi	r24, 0x01	; 1
    7e82:	01 c0       	rjmp	.+2      	; 0x7e86 <USB_Device_ProcessControlRequest+0x1ce>
    7e84:	84 e0       	ldi	r24, 0x04	; 4

	EVENT_USB_Device_ConfigurationChanged();
    7e86:	8e bb       	out	0x1e, r24	; 30
    7e88:	0a da       	rcall	.-3052   	; 0x729e <EVENT_USB_Device_ConfigurationChanged>
			 *  \return Boolean \c true if the selected endpoint has received a SETUP packet, \c false otherwise.
			 */
			static inline bool Endpoint_IsSETUPReceived(void) ATTR_WARN_UNUSED_RESULT ATTR_ALWAYS_INLINE;
			static inline bool Endpoint_IsSETUPReceived(void)
			{
				return ((UEINTX & (1 << RXSTPI)) ? true : false);
    7e8a:	80 91 e8 00 	lds	r24, 0x00E8	; 0x8000e8 <__TEXT_REGION_LENGTH__+0x7f80e8>

				break;
		}
	}

	if (Endpoint_IsSETUPReceived())
    7e8e:	83 ff       	sbrs	r24, 3
    7e90:	0a c0       	rjmp	.+20     	; 0x7ea6 <USB_Device_ProcessControlRequest+0x1ee>
			 *  \ingroup Group_EndpointPacketManagement_AVR8
			 */
			static inline void Endpoint_StallTransaction(void) ATTR_ALWAYS_INLINE;
			static inline void Endpoint_StallTransaction(void)
			{
				UECONX |= (1 << STALLRQ);
    7e92:	80 91 eb 00 	lds	r24, 0x00EB	; 0x8000eb <__TEXT_REGION_LENGTH__+0x7f80eb>
    7e96:	80 62       	ori	r24, 0x20	; 32
    7e98:	80 93 eb 00 	sts	0x00EB, r24	; 0x8000eb <__TEXT_REGION_LENGTH__+0x7f80eb>
			 *  \note This is not applicable for non CONTROL type endpoints.
			 */
			static inline void Endpoint_ClearSETUP(void) ATTR_ALWAYS_INLINE;
			static inline void Endpoint_ClearSETUP(void)
			{
				UEINTX &= ~(1 << RXSTPI);
    7e9c:	80 91 e8 00 	lds	r24, 0x00E8	; 0x8000e8 <__TEXT_REGION_LENGTH__+0x7f80e8>
    7ea0:	87 7f       	andi	r24, 0xF7	; 247
    7ea2:	80 93 e8 00 	sts	0x00E8, r24	; 0x8000e8 <__TEXT_REGION_LENGTH__+0x7f80e8>
	{
		Endpoint_StallTransaction();
		Endpoint_ClearSETUP();
	}
}
    7ea6:	0f 90       	pop	r0
    7ea8:	0f 90       	pop	r0
    7eaa:	df 91       	pop	r29
    7eac:	cf 91       	pop	r28
    7eae:	1f 91       	pop	r17
    7eb0:	0f 91       	pop	r16
    7eb2:	08 95       	ret

00007eb4 <USB_Event_Stub>:
#define  __INCLUDE_FROM_EVENTS_C
#define  __INCLUDE_FROM_USB_DRIVER
#include "Events.h"

void USB_Event_Stub(void)
{
    7eb4:	08 95       	ret

00007eb6 <USB_USBTask>:
#if defined(USB_CAN_BE_DEVICE) && !defined(DEVICE_STATE_AS_GPIOR)
volatile uint8_t     USB_DeviceState;
#endif

void USB_USBTask(void)
{
    7eb6:	cf 93       	push	r28
}

#if defined(USB_CAN_BE_DEVICE)
static void USB_DeviceTask(void)
{
	if (USB_DeviceState != DEVICE_STATE_Unattached)
    7eb8:	8e b3       	in	r24, 0x1e	; 30
    7eba:	88 23       	and	r24, r24
    7ebc:	59 f0       	breq	.+22     	; 0x7ed4 <USB_USBTask+0x1e>
			 */
			static inline uint8_t Endpoint_GetCurrentEndpoint(void) ATTR_WARN_UNUSED_RESULT ATTR_ALWAYS_INLINE;
			static inline uint8_t Endpoint_GetCurrentEndpoint(void)
			{
				#if !defined(CONTROL_ONLY_DEVICE)
					return (UENUM & ENDPOINT_EPNUM_MASK);
    7ebe:	c0 91 e9 00 	lds	r28, 0x00E9	; 0x8000e9 <__TEXT_REGION_LENGTH__+0x7f80e9>
    7ec2:	c7 70       	andi	r28, 0x07	; 7
			 */
			static inline void Endpoint_SelectEndpoint(const uint8_t EndpointNumber) ATTR_ALWAYS_INLINE;
			static inline void Endpoint_SelectEndpoint(const uint8_t EndpointNumber)
			{
				#if !defined(CONTROL_ONLY_DEVICE)
					UENUM = EndpointNumber;
    7ec4:	10 92 e9 00 	sts	0x00E9, r1	; 0x8000e9 <__TEXT_REGION_LENGTH__+0x7f80e9>
			 *  \return Boolean \c true if the selected endpoint has received a SETUP packet, \c false otherwise.
			 */
			static inline bool Endpoint_IsSETUPReceived(void) ATTR_WARN_UNUSED_RESULT ATTR_ALWAYS_INLINE;
			static inline bool Endpoint_IsSETUPReceived(void)
			{
				return ((UEINTX & (1 << RXSTPI)) ? true : false);
    7ec8:	80 91 e8 00 	lds	r24, 0x00E8	; 0x8000e8 <__TEXT_REGION_LENGTH__+0x7f80e8>
	{
		uint8_t PrevEndpoint = Endpoint_GetCurrentEndpoint();

		Endpoint_SelectEndpoint(ENDPOINT_CONTROLEP);

		if (Endpoint_IsSETUPReceived())
    7ecc:	83 fd       	sbrc	r24, 3
		  USB_Device_ProcessControlRequest();
    7ece:	f4 de       	rcall	.-536    	; 0x7cb8 <USB_Device_ProcessControlRequest>
			 */
			static inline void Endpoint_SelectEndpoint(const uint8_t EndpointNumber) ATTR_ALWAYS_INLINE;
			static inline void Endpoint_SelectEndpoint(const uint8_t EndpointNumber)
			{
				#if !defined(CONTROL_ONLY_DEVICE)
					UENUM = EndpointNumber;
    7ed0:	c0 93 e9 00 	sts	0x00E9, r28	; 0x8000e9 <__TEXT_REGION_LENGTH__+0x7f80e9>
		if (USB_CurrentMode == USB_MODE_Device)
		  USB_DeviceTask();
		else if (USB_CurrentMode == USB_MODE_Host)
		  USB_HostTask();
	#endif
}
    7ed4:	cf 91       	pop	r28
    7ed6:	08 95       	ret

00007ed8 <__tablejump2__>:
    7ed8:	ee 0f       	add	r30, r30
    7eda:	ff 1f       	adc	r31, r31
    7edc:	05 90       	lpm	r0, Z+
    7ede:	f4 91       	lpm	r31, Z
    7ee0:	e0 2d       	mov	r30, r0
    7ee2:	09 94       	ijmp

00007ee4 <eeprom_read_byte>:
    7ee4:	f9 99       	sbic	0x1f, 1	; 31
    7ee6:	fe cf       	rjmp	.-4      	; 0x7ee4 <eeprom_read_byte>
    7ee8:	92 bd       	out	0x22, r25	; 34
    7eea:	81 bd       	out	0x21, r24	; 33
    7eec:	f8 9a       	sbi	0x1f, 0	; 31
    7eee:	99 27       	eor	r25, r25
    7ef0:	80 b5       	in	r24, 0x20	; 32
    7ef2:	08 95       	ret

00007ef4 <eeprom_update_byte>:
    7ef4:	26 2f       	mov	r18, r22

00007ef6 <eeprom_update_r18>:
    7ef6:	f9 99       	sbic	0x1f, 1	; 31
    7ef8:	fe cf       	rjmp	.-4      	; 0x7ef6 <eeprom_update_r18>
    7efa:	92 bd       	out	0x22, r25	; 34
    7efc:	81 bd       	out	0x21, r24	; 33
    7efe:	f8 9a       	sbi	0x1f, 0	; 31
    7f00:	01 97       	sbiw	r24, 0x01	; 1
    7f02:	00 b4       	in	r0, 0x20	; 32
    7f04:	02 16       	cp	r0, r18
    7f06:	39 f0       	breq	.+14     	; 0x7f16 <eeprom_update_r18+0x20>
    7f08:	1f ba       	out	0x1f, r1	; 31
    7f0a:	20 bd       	out	0x20, r18	; 32
    7f0c:	0f b6       	in	r0, 0x3f	; 63
    7f0e:	f8 94       	cli
    7f10:	fa 9a       	sbi	0x1f, 2	; 31
    7f12:	f9 9a       	sbi	0x1f, 1	; 31
    7f14:	0f be       	out	0x3f, r0	; 63
    7f16:	08 95       	ret

00007f18 <eeprom_write_byte>:
    7f18:	26 2f       	mov	r18, r22

00007f1a <eeprom_write_r18>:
    7f1a:	f9 99       	sbic	0x1f, 1	; 31
    7f1c:	fe cf       	rjmp	.-4      	; 0x7f1a <eeprom_write_r18>
    7f1e:	1f ba       	out	0x1f, r1	; 31
    7f20:	92 bd       	out	0x22, r25	; 34
    7f22:	81 bd       	out	0x21, r24	; 33
    7f24:	20 bd       	out	0x20, r18	; 32
    7f26:	0f b6       	in	r0, 0x3f	; 63
    7f28:	f8 94       	cli
    7f2a:	fa 9a       	sbi	0x1f, 2	; 31
    7f2c:	f9 9a       	sbi	0x1f, 1	; 31
    7f2e:	0f be       	out	0x3f, r0	; 63
    7f30:	01 96       	adiw	r24, 0x01	; 1
    7f32:	08 95       	ret

00007f34 <_exit>:
    7f34:	f8 94       	cli

00007f36 <__stop_program>:
    7f36:	ff cf       	rjmp	.-2      	; 0x7f36 <__stop_program>
