   1               		.file	"EndpointStream_AVR8.c"
   2               	__SP_H__ = 0x3e
   3               	__SP_L__ = 0x3d
   4               	__SREG__ = 0x3f
   5               	__tmp_reg__ = 0
   6               	__zero_reg__ = 1
   7               		.text
   8               	.Ltext0:
   9               		.cfi_sections	.debug_frame
  10               		.file 1 "../lufa-LUFA-111009/LUFA/Drivers/USB/Core/AVR8/EndpointStream_AVR8.c"
  11               		.section	.text.Endpoint_Discard_Stream,"ax",@progbits
  12               	.global	Endpoint_Discard_Stream
  14               	Endpoint_Discard_Stream:
  15               	.LVL0:
  16               	.LFB85:
   1:../lufa-LUFA-111009/LUFA/Drivers/USB/Core/AVR8/EndpointStream_AVR8.c **** /*
   2:../lufa-LUFA-111009/LUFA/Drivers/USB/Core/AVR8/EndpointStream_AVR8.c ****              LUFA Library
   3:../lufa-LUFA-111009/LUFA/Drivers/USB/Core/AVR8/EndpointStream_AVR8.c ****      Copyright (C) Dean Camera, 2011.
   4:../lufa-LUFA-111009/LUFA/Drivers/USB/Core/AVR8/EndpointStream_AVR8.c ****               
   5:../lufa-LUFA-111009/LUFA/Drivers/USB/Core/AVR8/EndpointStream_AVR8.c ****   dean [at] fourwalledcubicle [dot] com
   6:../lufa-LUFA-111009/LUFA/Drivers/USB/Core/AVR8/EndpointStream_AVR8.c ****            www.lufa-lib.org
   7:../lufa-LUFA-111009/LUFA/Drivers/USB/Core/AVR8/EndpointStream_AVR8.c **** */
   8:../lufa-LUFA-111009/LUFA/Drivers/USB/Core/AVR8/EndpointStream_AVR8.c **** 
   9:../lufa-LUFA-111009/LUFA/Drivers/USB/Core/AVR8/EndpointStream_AVR8.c **** /*
  10:../lufa-LUFA-111009/LUFA/Drivers/USB/Core/AVR8/EndpointStream_AVR8.c ****   Copyright 2011  Dean Camera (dean [at] fourwalledcubicle [dot] com)
  11:../lufa-LUFA-111009/LUFA/Drivers/USB/Core/AVR8/EndpointStream_AVR8.c **** 
  12:../lufa-LUFA-111009/LUFA/Drivers/USB/Core/AVR8/EndpointStream_AVR8.c ****   Permission to use, copy, modify, distribute, and sell this 
  13:../lufa-LUFA-111009/LUFA/Drivers/USB/Core/AVR8/EndpointStream_AVR8.c ****   software and its documentation for any purpose is hereby granted
  14:../lufa-LUFA-111009/LUFA/Drivers/USB/Core/AVR8/EndpointStream_AVR8.c ****   without fee, provided that the above copyright notice appear in 
  15:../lufa-LUFA-111009/LUFA/Drivers/USB/Core/AVR8/EndpointStream_AVR8.c ****   all copies and that both that the copyright notice and this
  16:../lufa-LUFA-111009/LUFA/Drivers/USB/Core/AVR8/EndpointStream_AVR8.c ****   permission notice and warranty disclaimer appear in supporting 
  17:../lufa-LUFA-111009/LUFA/Drivers/USB/Core/AVR8/EndpointStream_AVR8.c ****   documentation, and that the name of the author not be used in 
  18:../lufa-LUFA-111009/LUFA/Drivers/USB/Core/AVR8/EndpointStream_AVR8.c ****   advertising or publicity pertaining to distribution of the 
  19:../lufa-LUFA-111009/LUFA/Drivers/USB/Core/AVR8/EndpointStream_AVR8.c ****   software without specific, written prior permission.
  20:../lufa-LUFA-111009/LUFA/Drivers/USB/Core/AVR8/EndpointStream_AVR8.c **** 
  21:../lufa-LUFA-111009/LUFA/Drivers/USB/Core/AVR8/EndpointStream_AVR8.c ****   The author disclaim all warranties with regard to this
  22:../lufa-LUFA-111009/LUFA/Drivers/USB/Core/AVR8/EndpointStream_AVR8.c ****   software, including all implied warranties of merchantability
  23:../lufa-LUFA-111009/LUFA/Drivers/USB/Core/AVR8/EndpointStream_AVR8.c ****   and fitness.  In no event shall the author be liable for any
  24:../lufa-LUFA-111009/LUFA/Drivers/USB/Core/AVR8/EndpointStream_AVR8.c ****   special, indirect or consequential damages or any damages
  25:../lufa-LUFA-111009/LUFA/Drivers/USB/Core/AVR8/EndpointStream_AVR8.c ****   whatsoever resulting from loss of use, data or profits, whether
  26:../lufa-LUFA-111009/LUFA/Drivers/USB/Core/AVR8/EndpointStream_AVR8.c ****   in an action of contract, negligence or other tortious action,
  27:../lufa-LUFA-111009/LUFA/Drivers/USB/Core/AVR8/EndpointStream_AVR8.c ****   arising out of or in connection with the use or performance of
  28:../lufa-LUFA-111009/LUFA/Drivers/USB/Core/AVR8/EndpointStream_AVR8.c ****   this software.
  29:../lufa-LUFA-111009/LUFA/Drivers/USB/Core/AVR8/EndpointStream_AVR8.c **** */
  30:../lufa-LUFA-111009/LUFA/Drivers/USB/Core/AVR8/EndpointStream_AVR8.c **** 
  31:../lufa-LUFA-111009/LUFA/Drivers/USB/Core/AVR8/EndpointStream_AVR8.c **** #define  __INCLUDE_FROM_USB_DRIVER
  32:../lufa-LUFA-111009/LUFA/Drivers/USB/Core/AVR8/EndpointStream_AVR8.c **** #include "../USBMode.h"
  33:../lufa-LUFA-111009/LUFA/Drivers/USB/Core/AVR8/EndpointStream_AVR8.c **** 
  34:../lufa-LUFA-111009/LUFA/Drivers/USB/Core/AVR8/EndpointStream_AVR8.c **** #if defined(USB_CAN_BE_DEVICE)
  35:../lufa-LUFA-111009/LUFA/Drivers/USB/Core/AVR8/EndpointStream_AVR8.c **** 
  36:../lufa-LUFA-111009/LUFA/Drivers/USB/Core/AVR8/EndpointStream_AVR8.c **** #include "EndpointStream_AVR8.h"
  37:../lufa-LUFA-111009/LUFA/Drivers/USB/Core/AVR8/EndpointStream_AVR8.c **** 
  38:../lufa-LUFA-111009/LUFA/Drivers/USB/Core/AVR8/EndpointStream_AVR8.c **** #if !defined(CONTROL_ONLY_DEVICE)
  39:../lufa-LUFA-111009/LUFA/Drivers/USB/Core/AVR8/EndpointStream_AVR8.c **** uint8_t Endpoint_Discard_Stream(uint16_t Length,
  40:../lufa-LUFA-111009/LUFA/Drivers/USB/Core/AVR8/EndpointStream_AVR8.c ****                                 uint16_t* const BytesProcessed)
  41:../lufa-LUFA-111009/LUFA/Drivers/USB/Core/AVR8/EndpointStream_AVR8.c **** {
  17               		.loc 1 41 1 view -0
  18               		.cfi_startproc
  19               		.loc 1 41 1 is_stmt 0 view .LVU1
  20 0000 CF92      		push r12
  21               	.LCFI0:
  22               		.cfi_def_cfa_offset 3
  23               		.cfi_offset 12, -2
  24 0002 DF92      		push r13
  25               	.LCFI1:
  26               		.cfi_def_cfa_offset 4
  27               		.cfi_offset 13, -3
  28 0004 FF92      		push r15
  29               	.LCFI2:
  30               		.cfi_def_cfa_offset 5
  31               		.cfi_offset 15, -4
  32 0006 0F93      		push r16
  33               	.LCFI3:
  34               		.cfi_def_cfa_offset 6
  35               		.cfi_offset 16, -5
  36 0008 1F93      		push r17
  37               	.LCFI4:
  38               		.cfi_def_cfa_offset 7
  39               		.cfi_offset 17, -6
  40 000a CF93      		push r28
  41               	.LCFI5:
  42               		.cfi_def_cfa_offset 8
  43               		.cfi_offset 28, -7
  44 000c DF93      		push r29
  45               	.LCFI6:
  46               		.cfi_def_cfa_offset 9
  47               		.cfi_offset 29, -8
  48               	/* prologue: function */
  49               	/* frame size = 0 */
  50               	/* stack size = 7 */
  51               	.L__stack_usage = 7
  52 000e EC01      		movw r28,r24
  53 0010 8B01      		movw r16,r22
  42:../lufa-LUFA-111009/LUFA/Drivers/USB/Core/AVR8/EndpointStream_AVR8.c **** 	uint8_t  ErrorCode;
  54               		.loc 1 42 2 is_stmt 1 view .LVU2
  43:../lufa-LUFA-111009/LUFA/Drivers/USB/Core/AVR8/EndpointStream_AVR8.c **** 	uint16_t BytesInTransfer = 0;
  55               		.loc 1 43 2 view .LVU3
  56               	.LVL1:
  44:../lufa-LUFA-111009/LUFA/Drivers/USB/Core/AVR8/EndpointStream_AVR8.c **** 	
  45:../lufa-LUFA-111009/LUFA/Drivers/USB/Core/AVR8/EndpointStream_AVR8.c **** 	if ((ErrorCode = Endpoint_WaitUntilReady()))
  57               		.loc 1 45 2 view .LVU4
  58               		.loc 1 45 19 is_stmt 0 view .LVU5
  59 0012 0E94 0000 		call Endpoint_WaitUntilReady
  60               	.LVL2:
  61               		.loc 1 45 19 view .LVU6
  62 0016 F82E      		mov r15,r24
  63               	.LVL3:
  64               		.loc 1 45 5 view .LVU7
  65 0018 8111      		cpse r24,__zero_reg__
  66 001a 00C0      		rjmp .L1
  46:../lufa-LUFA-111009/LUFA/Drivers/USB/Core/AVR8/EndpointStream_AVR8.c **** 	  return ErrorCode;
  47:../lufa-LUFA-111009/LUFA/Drivers/USB/Core/AVR8/EndpointStream_AVR8.c **** 	  
  48:../lufa-LUFA-111009/LUFA/Drivers/USB/Core/AVR8/EndpointStream_AVR8.c **** 	if (BytesProcessed != NULL)
  67               		.loc 1 48 2 is_stmt 1 view .LVU8
  68               		.loc 1 48 5 is_stmt 0 view .LVU9
  69 001c 0115      		cp r16,__zero_reg__
  70 001e 1105      		cpc r17,__zero_reg__
  71 0020 01F0      		breq .L3
  49:../lufa-LUFA-111009/LUFA/Drivers/USB/Core/AVR8/EndpointStream_AVR8.c **** 	  Length -= *BytesProcessed;
  72               		.loc 1 49 4 is_stmt 1 view .LVU10
  73               		.loc 1 49 11 is_stmt 0 view .LVU11
  74 0022 F801      		movw r30,r16
  75 0024 8081      		ld r24,Z
  76 0026 9181      		ldd r25,Z+1
  77 0028 C81B      		sub r28,r24
  78 002a D90B      		sbc r29,r25
  79               	.LVL4:
  80               	.L3:
  41:../lufa-LUFA-111009/LUFA/Drivers/USB/Core/AVR8/EndpointStream_AVR8.c **** 	uint8_t  ErrorCode;
  81               		.loc 1 41 1 view .LVU12
  82 002c C12C      		mov r12,__zero_reg__
  83 002e D12C      		mov r13,__zero_reg__
  84               	.LVL5:
  85               	.L4:
  50:../lufa-LUFA-111009/LUFA/Drivers/USB/Core/AVR8/EndpointStream_AVR8.c **** 
  51:../lufa-LUFA-111009/LUFA/Drivers/USB/Core/AVR8/EndpointStream_AVR8.c **** 	while (Length)
  86               		.loc 1 51 9 is_stmt 1 view .LVU13
  87 0030 2097      		sbiw r28,0
  88 0032 01F0      		breq .L1
  89               	.LVL6:
  90               	.L7:
  52:../lufa-LUFA-111009/LUFA/Drivers/USB/Core/AVR8/EndpointStream_AVR8.c **** 	{
  53:../lufa-LUFA-111009/LUFA/Drivers/USB/Core/AVR8/EndpointStream_AVR8.c **** 		if (!(Endpoint_IsReadWriteAllowed()))
  91               		.loc 1 53 3 view .LVU14
  92               	.LBB256:
  93               	.LBI256:
  94               		.file 2 "../lufa-LUFA-111009/LUFA/Drivers/USB/Core/AVR8/../AVR8/../AVR8/Endpoint_AVR8.h"
   1:../lufa-LUFA-111009/LUFA/Drivers/USB/Core/AVR8/../AVR8/../AVR8/Endpoint_AVR8.h **** /*
   2:../lufa-LUFA-111009/LUFA/Drivers/USB/Core/AVR8/../AVR8/../AVR8/Endpoint_AVR8.h ****              LUFA Library
   3:../lufa-LUFA-111009/LUFA/Drivers/USB/Core/AVR8/../AVR8/../AVR8/Endpoint_AVR8.h ****      Copyright (C) Dean Camera, 2011.
   4:../lufa-LUFA-111009/LUFA/Drivers/USB/Core/AVR8/../AVR8/../AVR8/Endpoint_AVR8.h **** 
   5:../lufa-LUFA-111009/LUFA/Drivers/USB/Core/AVR8/../AVR8/../AVR8/Endpoint_AVR8.h ****   dean [at] fourwalledcubicle [dot] com
   6:../lufa-LUFA-111009/LUFA/Drivers/USB/Core/AVR8/../AVR8/../AVR8/Endpoint_AVR8.h ****            www.lufa-lib.org
   7:../lufa-LUFA-111009/LUFA/Drivers/USB/Core/AVR8/../AVR8/../AVR8/Endpoint_AVR8.h **** */
   8:../lufa-LUFA-111009/LUFA/Drivers/USB/Core/AVR8/../AVR8/../AVR8/Endpoint_AVR8.h **** 
   9:../lufa-LUFA-111009/LUFA/Drivers/USB/Core/AVR8/../AVR8/../AVR8/Endpoint_AVR8.h **** /*
  10:../lufa-LUFA-111009/LUFA/Drivers/USB/Core/AVR8/../AVR8/../AVR8/Endpoint_AVR8.h ****   Copyright 2011  Dean Camera (dean [at] fourwalledcubicle [dot] com)
  11:../lufa-LUFA-111009/LUFA/Drivers/USB/Core/AVR8/../AVR8/../AVR8/Endpoint_AVR8.h **** 
  12:../lufa-LUFA-111009/LUFA/Drivers/USB/Core/AVR8/../AVR8/../AVR8/Endpoint_AVR8.h ****   Permission to use, copy, modify, distribute, and sell this
  13:../lufa-LUFA-111009/LUFA/Drivers/USB/Core/AVR8/../AVR8/../AVR8/Endpoint_AVR8.h ****   software and its documentation for any purpose is hereby granted
  14:../lufa-LUFA-111009/LUFA/Drivers/USB/Core/AVR8/../AVR8/../AVR8/Endpoint_AVR8.h ****   without fee, provided that the above copyright notice appear in
  15:../lufa-LUFA-111009/LUFA/Drivers/USB/Core/AVR8/../AVR8/../AVR8/Endpoint_AVR8.h ****   all copies and that both that the copyright notice and this
  16:../lufa-LUFA-111009/LUFA/Drivers/USB/Core/AVR8/../AVR8/../AVR8/Endpoint_AVR8.h ****   permission notice and warranty disclaimer appear in supporting
  17:../lufa-LUFA-111009/LUFA/Drivers/USB/Core/AVR8/../AVR8/../AVR8/Endpoint_AVR8.h ****   documentation, and that the name of the author not be used in
  18:../lufa-LUFA-111009/LUFA/Drivers/USB/Core/AVR8/../AVR8/../AVR8/Endpoint_AVR8.h ****   advertising or publicity pertaining to distribution of the
  19:../lufa-LUFA-111009/LUFA/Drivers/USB/Core/AVR8/../AVR8/../AVR8/Endpoint_AVR8.h ****   software without specific, written prior permission.
  20:../lufa-LUFA-111009/LUFA/Drivers/USB/Core/AVR8/../AVR8/../AVR8/Endpoint_AVR8.h **** 
  21:../lufa-LUFA-111009/LUFA/Drivers/USB/Core/AVR8/../AVR8/../AVR8/Endpoint_AVR8.h ****   The author disclaim all warranties with regard to this
  22:../lufa-LUFA-111009/LUFA/Drivers/USB/Core/AVR8/../AVR8/../AVR8/Endpoint_AVR8.h ****   software, including all implied warranties of merchantability
  23:../lufa-LUFA-111009/LUFA/Drivers/USB/Core/AVR8/../AVR8/../AVR8/Endpoint_AVR8.h ****   and fitness.  In no event shall the author be liable for any
  24:../lufa-LUFA-111009/LUFA/Drivers/USB/Core/AVR8/../AVR8/../AVR8/Endpoint_AVR8.h ****   special, indirect or consequential damages or any damages
  25:../lufa-LUFA-111009/LUFA/Drivers/USB/Core/AVR8/../AVR8/../AVR8/Endpoint_AVR8.h ****   whatsoever resulting from loss of use, data or profits, whether
  26:../lufa-LUFA-111009/LUFA/Drivers/USB/Core/AVR8/../AVR8/../AVR8/Endpoint_AVR8.h ****   in an action of contract, negligence or other tortious action,
  27:../lufa-LUFA-111009/LUFA/Drivers/USB/Core/AVR8/../AVR8/../AVR8/Endpoint_AVR8.h ****   arising out of or in connection with the use or performance of
  28:../lufa-LUFA-111009/LUFA/Drivers/USB/Core/AVR8/../AVR8/../AVR8/Endpoint_AVR8.h ****   this software.
  29:../lufa-LUFA-111009/LUFA/Drivers/USB/Core/AVR8/../AVR8/../AVR8/Endpoint_AVR8.h **** */
  30:../lufa-LUFA-111009/LUFA/Drivers/USB/Core/AVR8/../AVR8/../AVR8/Endpoint_AVR8.h **** 
  31:../lufa-LUFA-111009/LUFA/Drivers/USB/Core/AVR8/../AVR8/../AVR8/Endpoint_AVR8.h **** /** \file
  32:../lufa-LUFA-111009/LUFA/Drivers/USB/Core/AVR8/../AVR8/../AVR8/Endpoint_AVR8.h ****  *  \brief USB Endpoint definitions for the AVR8 microcontrollers.
  33:../lufa-LUFA-111009/LUFA/Drivers/USB/Core/AVR8/../AVR8/../AVR8/Endpoint_AVR8.h ****  *  \copydetails Group_EndpointManagement_AVR8
  34:../lufa-LUFA-111009/LUFA/Drivers/USB/Core/AVR8/../AVR8/../AVR8/Endpoint_AVR8.h ****  *
  35:../lufa-LUFA-111009/LUFA/Drivers/USB/Core/AVR8/../AVR8/../AVR8/Endpoint_AVR8.h ****  *  \note This file should not be included directly. It is automatically included as needed by the 
  36:../lufa-LUFA-111009/LUFA/Drivers/USB/Core/AVR8/../AVR8/../AVR8/Endpoint_AVR8.h ****  *        dispatch header located in LUFA/Drivers/USB/USB.h.
  37:../lufa-LUFA-111009/LUFA/Drivers/USB/Core/AVR8/../AVR8/../AVR8/Endpoint_AVR8.h ****  */
  38:../lufa-LUFA-111009/LUFA/Drivers/USB/Core/AVR8/../AVR8/../AVR8/Endpoint_AVR8.h **** 
  39:../lufa-LUFA-111009/LUFA/Drivers/USB/Core/AVR8/../AVR8/../AVR8/Endpoint_AVR8.h **** /** \ingroup Group_EndpointRW
  40:../lufa-LUFA-111009/LUFA/Drivers/USB/Core/AVR8/../AVR8/../AVR8/Endpoint_AVR8.h ****  *  \defgroup Group_EndpointRW_AVR8 Endpoint Data Reading and Writing (AVR8)
  41:../lufa-LUFA-111009/LUFA/Drivers/USB/Core/AVR8/../AVR8/../AVR8/Endpoint_AVR8.h ****  *  \brief Endpoint data read/write definitions for the Atmel AVR8 architecture.
  42:../lufa-LUFA-111009/LUFA/Drivers/USB/Core/AVR8/../AVR8/../AVR8/Endpoint_AVR8.h ****  *
  43:../lufa-LUFA-111009/LUFA/Drivers/USB/Core/AVR8/../AVR8/../AVR8/Endpoint_AVR8.h ****  *  Functions, macros, variables, enums and types related to data reading and writing from and to e
  44:../lufa-LUFA-111009/LUFA/Drivers/USB/Core/AVR8/../AVR8/../AVR8/Endpoint_AVR8.h ****  */
  45:../lufa-LUFA-111009/LUFA/Drivers/USB/Core/AVR8/../AVR8/../AVR8/Endpoint_AVR8.h **** 
  46:../lufa-LUFA-111009/LUFA/Drivers/USB/Core/AVR8/../AVR8/../AVR8/Endpoint_AVR8.h **** /** \ingroup Group_EndpointPrimitiveRW
  47:../lufa-LUFA-111009/LUFA/Drivers/USB/Core/AVR8/../AVR8/../AVR8/Endpoint_AVR8.h ****  *  \defgroup Group_EndpointPrimitiveRW_AVR8 Read/Write of Primitive Data Types (AVR8)
  48:../lufa-LUFA-111009/LUFA/Drivers/USB/Core/AVR8/../AVR8/../AVR8/Endpoint_AVR8.h ****  *  \brief Endpoint primitive read/write definitions for the Atmel AVR8 architecture.
  49:../lufa-LUFA-111009/LUFA/Drivers/USB/Core/AVR8/../AVR8/../AVR8/Endpoint_AVR8.h ****  *
  50:../lufa-LUFA-111009/LUFA/Drivers/USB/Core/AVR8/../AVR8/../AVR8/Endpoint_AVR8.h ****  *  Functions, macros, variables, enums and types related to data reading and writing of primitive 
  51:../lufa-LUFA-111009/LUFA/Drivers/USB/Core/AVR8/../AVR8/../AVR8/Endpoint_AVR8.h ****  *  from and to endpoints.
  52:../lufa-LUFA-111009/LUFA/Drivers/USB/Core/AVR8/../AVR8/../AVR8/Endpoint_AVR8.h ****  */
  53:../lufa-LUFA-111009/LUFA/Drivers/USB/Core/AVR8/../AVR8/../AVR8/Endpoint_AVR8.h **** 
  54:../lufa-LUFA-111009/LUFA/Drivers/USB/Core/AVR8/../AVR8/../AVR8/Endpoint_AVR8.h **** /** \ingroup Group_EndpointPacketManagement
  55:../lufa-LUFA-111009/LUFA/Drivers/USB/Core/AVR8/../AVR8/../AVR8/Endpoint_AVR8.h ****  *  \defgroup Group_EndpointPacketManagement_AVR8 Endpoint Packet Management (AVR8)
  56:../lufa-LUFA-111009/LUFA/Drivers/USB/Core/AVR8/../AVR8/../AVR8/Endpoint_AVR8.h ****  *  \brief Endpoint packet management definitions for the Atmel AVR8 architecture.
  57:../lufa-LUFA-111009/LUFA/Drivers/USB/Core/AVR8/../AVR8/../AVR8/Endpoint_AVR8.h ****  *
  58:../lufa-LUFA-111009/LUFA/Drivers/USB/Core/AVR8/../AVR8/../AVR8/Endpoint_AVR8.h ****  *  Functions, macros, variables, enums and types related to packet management of endpoints.
  59:../lufa-LUFA-111009/LUFA/Drivers/USB/Core/AVR8/../AVR8/../AVR8/Endpoint_AVR8.h ****  */
  60:../lufa-LUFA-111009/LUFA/Drivers/USB/Core/AVR8/../AVR8/../AVR8/Endpoint_AVR8.h **** 
  61:../lufa-LUFA-111009/LUFA/Drivers/USB/Core/AVR8/../AVR8/../AVR8/Endpoint_AVR8.h **** /** \ingroup Group_EndpointManagement
  62:../lufa-LUFA-111009/LUFA/Drivers/USB/Core/AVR8/../AVR8/../AVR8/Endpoint_AVR8.h ****  *  \defgroup Group_EndpointManagement_AVR8 Endpoint Management (AVR8)
  63:../lufa-LUFA-111009/LUFA/Drivers/USB/Core/AVR8/../AVR8/../AVR8/Endpoint_AVR8.h ****  *  \brief Endpoint management definitions for the Atmel AVR8 architecture.
  64:../lufa-LUFA-111009/LUFA/Drivers/USB/Core/AVR8/../AVR8/../AVR8/Endpoint_AVR8.h ****  *
  65:../lufa-LUFA-111009/LUFA/Drivers/USB/Core/AVR8/../AVR8/../AVR8/Endpoint_AVR8.h ****  *  Functions, macros and enums related to endpoint management when in USB Device mode. This
  66:../lufa-LUFA-111009/LUFA/Drivers/USB/Core/AVR8/../AVR8/../AVR8/Endpoint_AVR8.h ****  *  module contains the endpoint management macros, as well as endpoint interrupt and data
  67:../lufa-LUFA-111009/LUFA/Drivers/USB/Core/AVR8/../AVR8/../AVR8/Endpoint_AVR8.h ****  *  send/receive functions for various data types.
  68:../lufa-LUFA-111009/LUFA/Drivers/USB/Core/AVR8/../AVR8/../AVR8/Endpoint_AVR8.h ****  *
  69:../lufa-LUFA-111009/LUFA/Drivers/USB/Core/AVR8/../AVR8/../AVR8/Endpoint_AVR8.h ****  *  @{
  70:../lufa-LUFA-111009/LUFA/Drivers/USB/Core/AVR8/../AVR8/../AVR8/Endpoint_AVR8.h ****  */
  71:../lufa-LUFA-111009/LUFA/Drivers/USB/Core/AVR8/../AVR8/../AVR8/Endpoint_AVR8.h **** 
  72:../lufa-LUFA-111009/LUFA/Drivers/USB/Core/AVR8/../AVR8/../AVR8/Endpoint_AVR8.h **** #ifndef __ENDPOINT_AVR8_H__
  73:../lufa-LUFA-111009/LUFA/Drivers/USB/Core/AVR8/../AVR8/../AVR8/Endpoint_AVR8.h **** #define __ENDPOINT_AVR8_H__
  74:../lufa-LUFA-111009/LUFA/Drivers/USB/Core/AVR8/../AVR8/../AVR8/Endpoint_AVR8.h **** 
  75:../lufa-LUFA-111009/LUFA/Drivers/USB/Core/AVR8/../AVR8/../AVR8/Endpoint_AVR8.h **** 	/* Includes: */
  76:../lufa-LUFA-111009/LUFA/Drivers/USB/Core/AVR8/../AVR8/../AVR8/Endpoint_AVR8.h **** 		#include "../../../../Common/Common.h"
  77:../lufa-LUFA-111009/LUFA/Drivers/USB/Core/AVR8/../AVR8/../AVR8/Endpoint_AVR8.h **** 		#include "../USBTask.h"
  78:../lufa-LUFA-111009/LUFA/Drivers/USB/Core/AVR8/../AVR8/../AVR8/Endpoint_AVR8.h **** 		#include "../USBInterrupt.h"
  79:../lufa-LUFA-111009/LUFA/Drivers/USB/Core/AVR8/../AVR8/../AVR8/Endpoint_AVR8.h **** 
  80:../lufa-LUFA-111009/LUFA/Drivers/USB/Core/AVR8/../AVR8/../AVR8/Endpoint_AVR8.h **** 	/* Enable C linkage for C++ Compilers: */
  81:../lufa-LUFA-111009/LUFA/Drivers/USB/Core/AVR8/../AVR8/../AVR8/Endpoint_AVR8.h **** 		#if defined(__cplusplus)
  82:../lufa-LUFA-111009/LUFA/Drivers/USB/Core/AVR8/../AVR8/../AVR8/Endpoint_AVR8.h **** 			extern "C" {
  83:../lufa-LUFA-111009/LUFA/Drivers/USB/Core/AVR8/../AVR8/../AVR8/Endpoint_AVR8.h **** 		#endif
  84:../lufa-LUFA-111009/LUFA/Drivers/USB/Core/AVR8/../AVR8/../AVR8/Endpoint_AVR8.h **** 
  85:../lufa-LUFA-111009/LUFA/Drivers/USB/Core/AVR8/../AVR8/../AVR8/Endpoint_AVR8.h **** 	/* Preprocessor Checks: */
  86:../lufa-LUFA-111009/LUFA/Drivers/USB/Core/AVR8/../AVR8/../AVR8/Endpoint_AVR8.h **** 		#if !defined(__INCLUDE_FROM_USB_DRIVER)
  87:../lufa-LUFA-111009/LUFA/Drivers/USB/Core/AVR8/../AVR8/../AVR8/Endpoint_AVR8.h **** 			#error Do not include this file directly. Include LUFA/Drivers/USB/USB.h instead.
  88:../lufa-LUFA-111009/LUFA/Drivers/USB/Core/AVR8/../AVR8/../AVR8/Endpoint_AVR8.h **** 		#endif
  89:../lufa-LUFA-111009/LUFA/Drivers/USB/Core/AVR8/../AVR8/../AVR8/Endpoint_AVR8.h **** 
  90:../lufa-LUFA-111009/LUFA/Drivers/USB/Core/AVR8/../AVR8/../AVR8/Endpoint_AVR8.h **** 	/* Private Interface - For use in library only: */
  91:../lufa-LUFA-111009/LUFA/Drivers/USB/Core/AVR8/../AVR8/../AVR8/Endpoint_AVR8.h **** 	#if !defined(__DOXYGEN__)
  92:../lufa-LUFA-111009/LUFA/Drivers/USB/Core/AVR8/../AVR8/../AVR8/Endpoint_AVR8.h **** 		/* Macros: */
  93:../lufa-LUFA-111009/LUFA/Drivers/USB/Core/AVR8/../AVR8/../AVR8/Endpoint_AVR8.h **** 			#define _ENDPOINT_GET_MAXSIZE(EPIndex)         _ENDPOINT_GET_MAXSIZE2(ENDPOINT_DETAILS_EP ## EPI
  94:../lufa-LUFA-111009/LUFA/Drivers/USB/Core/AVR8/../AVR8/../AVR8/Endpoint_AVR8.h **** 			#define _ENDPOINT_GET_MAXSIZE2(EPDetails)      _ENDPOINT_GET_MAXSIZE3(EPDetails)
  95:../lufa-LUFA-111009/LUFA/Drivers/USB/Core/AVR8/../AVR8/../AVR8/Endpoint_AVR8.h **** 			#define _ENDPOINT_GET_MAXSIZE3(MaxSize, Banks) (MaxSize)
  96:../lufa-LUFA-111009/LUFA/Drivers/USB/Core/AVR8/../AVR8/../AVR8/Endpoint_AVR8.h **** 
  97:../lufa-LUFA-111009/LUFA/Drivers/USB/Core/AVR8/../AVR8/../AVR8/Endpoint_AVR8.h **** 			#define _ENDPOINT_GET_BANKS(EPIndex)           _ENDPOINT_GET_BANKS2(ENDPOINT_DETAILS_EP ## EPInd
  98:../lufa-LUFA-111009/LUFA/Drivers/USB/Core/AVR8/../AVR8/../AVR8/Endpoint_AVR8.h **** 			#define _ENDPOINT_GET_BANKS2(EPDetails)        _ENDPOINT_GET_BANKS3(EPDetails)
  99:../lufa-LUFA-111009/LUFA/Drivers/USB/Core/AVR8/../AVR8/../AVR8/Endpoint_AVR8.h **** 			#define _ENDPOINT_GET_BANKS3(MaxSize, Banks)   (Banks)
 100:../lufa-LUFA-111009/LUFA/Drivers/USB/Core/AVR8/../AVR8/../AVR8/Endpoint_AVR8.h **** 
 101:../lufa-LUFA-111009/LUFA/Drivers/USB/Core/AVR8/../AVR8/../AVR8/Endpoint_AVR8.h **** 			#if defined(USB_SERIES_4_AVR) || defined(USB_SERIES_6_AVR) || defined(USB_SERIES_7_AVR)
 102:../lufa-LUFA-111009/LUFA/Drivers/USB/Core/AVR8/../AVR8/../AVR8/Endpoint_AVR8.h **** 				#define ENDPOINT_DETAILS_MAXEP             7
 103:../lufa-LUFA-111009/LUFA/Drivers/USB/Core/AVR8/../AVR8/../AVR8/Endpoint_AVR8.h **** 
 104:../lufa-LUFA-111009/LUFA/Drivers/USB/Core/AVR8/../AVR8/../AVR8/Endpoint_AVR8.h **** 				#define ENDPOINT_DETAILS_EP0               64,  1
 105:../lufa-LUFA-111009/LUFA/Drivers/USB/Core/AVR8/../AVR8/../AVR8/Endpoint_AVR8.h **** 				#define ENDPOINT_DETAILS_EP1               256, 2
 106:../lufa-LUFA-111009/LUFA/Drivers/USB/Core/AVR8/../AVR8/../AVR8/Endpoint_AVR8.h **** 				#define ENDPOINT_DETAILS_EP2               64,  2
 107:../lufa-LUFA-111009/LUFA/Drivers/USB/Core/AVR8/../AVR8/../AVR8/Endpoint_AVR8.h **** 				#define ENDPOINT_DETAILS_EP3               64,  2
 108:../lufa-LUFA-111009/LUFA/Drivers/USB/Core/AVR8/../AVR8/../AVR8/Endpoint_AVR8.h **** 				#define ENDPOINT_DETAILS_EP4               64,  2
 109:../lufa-LUFA-111009/LUFA/Drivers/USB/Core/AVR8/../AVR8/../AVR8/Endpoint_AVR8.h **** 				#define ENDPOINT_DETAILS_EP5               64,  2
 110:../lufa-LUFA-111009/LUFA/Drivers/USB/Core/AVR8/../AVR8/../AVR8/Endpoint_AVR8.h **** 				#define ENDPOINT_DETAILS_EP6               64,  2
 111:../lufa-LUFA-111009/LUFA/Drivers/USB/Core/AVR8/../AVR8/../AVR8/Endpoint_AVR8.h **** 			#else
 112:../lufa-LUFA-111009/LUFA/Drivers/USB/Core/AVR8/../AVR8/../AVR8/Endpoint_AVR8.h **** 				#define ENDPOINT_DETAILS_MAXEP             5
 113:../lufa-LUFA-111009/LUFA/Drivers/USB/Core/AVR8/../AVR8/../AVR8/Endpoint_AVR8.h **** 
 114:../lufa-LUFA-111009/LUFA/Drivers/USB/Core/AVR8/../AVR8/../AVR8/Endpoint_AVR8.h **** 				#define ENDPOINT_DETAILS_EP0               64,  1
 115:../lufa-LUFA-111009/LUFA/Drivers/USB/Core/AVR8/../AVR8/../AVR8/Endpoint_AVR8.h **** 				#define ENDPOINT_DETAILS_EP1               64,  1
 116:../lufa-LUFA-111009/LUFA/Drivers/USB/Core/AVR8/../AVR8/../AVR8/Endpoint_AVR8.h **** 				#define ENDPOINT_DETAILS_EP2               64,  1
 117:../lufa-LUFA-111009/LUFA/Drivers/USB/Core/AVR8/../AVR8/../AVR8/Endpoint_AVR8.h **** 				#define ENDPOINT_DETAILS_EP3               64,  2
 118:../lufa-LUFA-111009/LUFA/Drivers/USB/Core/AVR8/../AVR8/../AVR8/Endpoint_AVR8.h **** 				#define ENDPOINT_DETAILS_EP4               64,  2
 119:../lufa-LUFA-111009/LUFA/Drivers/USB/Core/AVR8/../AVR8/../AVR8/Endpoint_AVR8.h **** 			#endif
 120:../lufa-LUFA-111009/LUFA/Drivers/USB/Core/AVR8/../AVR8/../AVR8/Endpoint_AVR8.h **** 
 121:../lufa-LUFA-111009/LUFA/Drivers/USB/Core/AVR8/../AVR8/../AVR8/Endpoint_AVR8.h **** 		/* Inline Functions: */
 122:../lufa-LUFA-111009/LUFA/Drivers/USB/Core/AVR8/../AVR8/../AVR8/Endpoint_AVR8.h **** 			static inline uint8_t Endpoint_BytesToEPSizeMask(const uint16_t Bytes) ATTR_WARN_UNUSED_RESULT A
 123:../lufa-LUFA-111009/LUFA/Drivers/USB/Core/AVR8/../AVR8/../AVR8/Endpoint_AVR8.h **** 			                                                                       ATTR_ALWAYS_INLINE;
 124:../lufa-LUFA-111009/LUFA/Drivers/USB/Core/AVR8/../AVR8/../AVR8/Endpoint_AVR8.h **** 			static inline uint8_t Endpoint_BytesToEPSizeMask(const uint16_t Bytes)
 125:../lufa-LUFA-111009/LUFA/Drivers/USB/Core/AVR8/../AVR8/../AVR8/Endpoint_AVR8.h **** 			{
 126:../lufa-LUFA-111009/LUFA/Drivers/USB/Core/AVR8/../AVR8/../AVR8/Endpoint_AVR8.h **** 				uint8_t  MaskVal    = 0;
 127:../lufa-LUFA-111009/LUFA/Drivers/USB/Core/AVR8/../AVR8/../AVR8/Endpoint_AVR8.h **** 				uint16_t CheckBytes = 8;
 128:../lufa-LUFA-111009/LUFA/Drivers/USB/Core/AVR8/../AVR8/../AVR8/Endpoint_AVR8.h **** 
 129:../lufa-LUFA-111009/LUFA/Drivers/USB/Core/AVR8/../AVR8/../AVR8/Endpoint_AVR8.h **** 				while (CheckBytes < Bytes)
 130:../lufa-LUFA-111009/LUFA/Drivers/USB/Core/AVR8/../AVR8/../AVR8/Endpoint_AVR8.h **** 				{
 131:../lufa-LUFA-111009/LUFA/Drivers/USB/Core/AVR8/../AVR8/../AVR8/Endpoint_AVR8.h **** 					MaskVal++;
 132:../lufa-LUFA-111009/LUFA/Drivers/USB/Core/AVR8/../AVR8/../AVR8/Endpoint_AVR8.h **** 					CheckBytes <<= 1;
 133:../lufa-LUFA-111009/LUFA/Drivers/USB/Core/AVR8/../AVR8/../AVR8/Endpoint_AVR8.h **** 				}
 134:../lufa-LUFA-111009/LUFA/Drivers/USB/Core/AVR8/../AVR8/../AVR8/Endpoint_AVR8.h **** 
 135:../lufa-LUFA-111009/LUFA/Drivers/USB/Core/AVR8/../AVR8/../AVR8/Endpoint_AVR8.h **** 				return (MaskVal << EPSIZE0);
 136:../lufa-LUFA-111009/LUFA/Drivers/USB/Core/AVR8/../AVR8/../AVR8/Endpoint_AVR8.h **** 			}
 137:../lufa-LUFA-111009/LUFA/Drivers/USB/Core/AVR8/../AVR8/../AVR8/Endpoint_AVR8.h **** 
 138:../lufa-LUFA-111009/LUFA/Drivers/USB/Core/AVR8/../AVR8/../AVR8/Endpoint_AVR8.h **** 		/* Function Prototypes: */
 139:../lufa-LUFA-111009/LUFA/Drivers/USB/Core/AVR8/../AVR8/../AVR8/Endpoint_AVR8.h **** 			void Endpoint_ClearEndpoints(void);
 140:../lufa-LUFA-111009/LUFA/Drivers/USB/Core/AVR8/../AVR8/../AVR8/Endpoint_AVR8.h **** 			bool Endpoint_ConfigureEndpoint_Prv(const uint8_t Number,
 141:../lufa-LUFA-111009/LUFA/Drivers/USB/Core/AVR8/../AVR8/../AVR8/Endpoint_AVR8.h **** 			                                    const uint8_t UECFG0XData,
 142:../lufa-LUFA-111009/LUFA/Drivers/USB/Core/AVR8/../AVR8/../AVR8/Endpoint_AVR8.h **** 			                                    const uint8_t UECFG1XData);
 143:../lufa-LUFA-111009/LUFA/Drivers/USB/Core/AVR8/../AVR8/../AVR8/Endpoint_AVR8.h **** 
 144:../lufa-LUFA-111009/LUFA/Drivers/USB/Core/AVR8/../AVR8/../AVR8/Endpoint_AVR8.h **** 	#endif
 145:../lufa-LUFA-111009/LUFA/Drivers/USB/Core/AVR8/../AVR8/../AVR8/Endpoint_AVR8.h **** 
 146:../lufa-LUFA-111009/LUFA/Drivers/USB/Core/AVR8/../AVR8/../AVR8/Endpoint_AVR8.h **** 	/* Public Interface - May be used in end-application: */
 147:../lufa-LUFA-111009/LUFA/Drivers/USB/Core/AVR8/../AVR8/../AVR8/Endpoint_AVR8.h **** 		/* Macros: */			
 148:../lufa-LUFA-111009/LUFA/Drivers/USB/Core/AVR8/../AVR8/../AVR8/Endpoint_AVR8.h **** 			/** \name Endpoint Bank Mode Masks */
 149:../lufa-LUFA-111009/LUFA/Drivers/USB/Core/AVR8/../AVR8/../AVR8/Endpoint_AVR8.h **** 			//@{
 150:../lufa-LUFA-111009/LUFA/Drivers/USB/Core/AVR8/../AVR8/../AVR8/Endpoint_AVR8.h **** 			/** Mask for the bank mode selection for the \ref Endpoint_ConfigureEndpoint() macro. This indic
 151:../lufa-LUFA-111009/LUFA/Drivers/USB/Core/AVR8/../AVR8/../AVR8/Endpoint_AVR8.h **** 			 *  that the endpoint should have one single bank, which requires less USB FIFO memory but resul
 152:../lufa-LUFA-111009/LUFA/Drivers/USB/Core/AVR8/../AVR8/../AVR8/Endpoint_AVR8.h **** 			 *  in slower transfers as only one USB device (the AVR or the host) can access the endpoint's
 153:../lufa-LUFA-111009/LUFA/Drivers/USB/Core/AVR8/../AVR8/../AVR8/Endpoint_AVR8.h **** 			 *  bank at the one time.
 154:../lufa-LUFA-111009/LUFA/Drivers/USB/Core/AVR8/../AVR8/../AVR8/Endpoint_AVR8.h **** 			 */
 155:../lufa-LUFA-111009/LUFA/Drivers/USB/Core/AVR8/../AVR8/../AVR8/Endpoint_AVR8.h **** 			#define ENDPOINT_BANK_SINGLE                    (0 << EPBK0)
 156:../lufa-LUFA-111009/LUFA/Drivers/USB/Core/AVR8/../AVR8/../AVR8/Endpoint_AVR8.h **** 
 157:../lufa-LUFA-111009/LUFA/Drivers/USB/Core/AVR8/../AVR8/../AVR8/Endpoint_AVR8.h **** 			/** Mask for the bank mode selection for the \ref Endpoint_ConfigureEndpoint() macro. This indic
 158:../lufa-LUFA-111009/LUFA/Drivers/USB/Core/AVR8/../AVR8/../AVR8/Endpoint_AVR8.h **** 			 *  that the endpoint should have two banks, which requires more USB FIFO memory but results
 159:../lufa-LUFA-111009/LUFA/Drivers/USB/Core/AVR8/../AVR8/../AVR8/Endpoint_AVR8.h **** 			 *  in faster transfers as one USB device (the AVR or the host) can access one bank while the ot
 160:../lufa-LUFA-111009/LUFA/Drivers/USB/Core/AVR8/../AVR8/../AVR8/Endpoint_AVR8.h **** 			 *  accesses the second bank.
 161:../lufa-LUFA-111009/LUFA/Drivers/USB/Core/AVR8/../AVR8/../AVR8/Endpoint_AVR8.h **** 			 */
 162:../lufa-LUFA-111009/LUFA/Drivers/USB/Core/AVR8/../AVR8/../AVR8/Endpoint_AVR8.h **** 			#define ENDPOINT_BANK_DOUBLE                    (1 << EPBK0)
 163:../lufa-LUFA-111009/LUFA/Drivers/USB/Core/AVR8/../AVR8/../AVR8/Endpoint_AVR8.h **** 			//@}
 164:../lufa-LUFA-111009/LUFA/Drivers/USB/Core/AVR8/../AVR8/../AVR8/Endpoint_AVR8.h **** 
 165:../lufa-LUFA-111009/LUFA/Drivers/USB/Core/AVR8/../AVR8/../AVR8/Endpoint_AVR8.h **** 			#if (!defined(FIXED_CONTROL_ENDPOINT_SIZE) || defined(__DOXYGEN__))
 166:../lufa-LUFA-111009/LUFA/Drivers/USB/Core/AVR8/../AVR8/../AVR8/Endpoint_AVR8.h **** 				/** Default size of the default control endpoint's bank, until altered by the control endpoint 
 167:../lufa-LUFA-111009/LUFA/Drivers/USB/Core/AVR8/../AVR8/../AVR8/Endpoint_AVR8.h **** 				 *  value in the device descriptor. Not available if the \c FIXED_CONTROL_ENDPOINT_SIZE token i
 168:../lufa-LUFA-111009/LUFA/Drivers/USB/Core/AVR8/../AVR8/../AVR8/Endpoint_AVR8.h **** 				 */
 169:../lufa-LUFA-111009/LUFA/Drivers/USB/Core/AVR8/../AVR8/../AVR8/Endpoint_AVR8.h **** 				#define ENDPOINT_CONTROLEP_DEFAULT_SIZE     8
 170:../lufa-LUFA-111009/LUFA/Drivers/USB/Core/AVR8/../AVR8/../AVR8/Endpoint_AVR8.h **** 			#endif
 171:../lufa-LUFA-111009/LUFA/Drivers/USB/Core/AVR8/../AVR8/../AVR8/Endpoint_AVR8.h **** 
 172:../lufa-LUFA-111009/LUFA/Drivers/USB/Core/AVR8/../AVR8/../AVR8/Endpoint_AVR8.h **** 			/** Retrieves the maximum bank size in bytes of a given endpoint.
 173:../lufa-LUFA-111009/LUFA/Drivers/USB/Core/AVR8/../AVR8/../AVR8/Endpoint_AVR8.h **** 			 *
 174:../lufa-LUFA-111009/LUFA/Drivers/USB/Core/AVR8/../AVR8/../AVR8/Endpoint_AVR8.h **** 			 *  \note This macro will only work correctly on endpoint indexes that are compile-time constant
 175:../lufa-LUFA-111009/LUFA/Drivers/USB/Core/AVR8/../AVR8/../AVR8/Endpoint_AVR8.h **** 			 *        defined by the preprocessor.
 176:../lufa-LUFA-111009/LUFA/Drivers/USB/Core/AVR8/../AVR8/../AVR8/Endpoint_AVR8.h **** 			 *
 177:../lufa-LUFA-111009/LUFA/Drivers/USB/Core/AVR8/../AVR8/../AVR8/Endpoint_AVR8.h **** 			 *  \param[in] EPIndex  Endpoint number, a value between 0 and (\ref ENDPOINT_TOTAL_ENDPOINTS - 
 178:../lufa-LUFA-111009/LUFA/Drivers/USB/Core/AVR8/../AVR8/../AVR8/Endpoint_AVR8.h **** 			 */
 179:../lufa-LUFA-111009/LUFA/Drivers/USB/Core/AVR8/../AVR8/../AVR8/Endpoint_AVR8.h **** 			#define ENDPOINT_MAX_SIZE(EPIndex)              _ENDPOINT_GET_MAXSIZE(EPIndex)
 180:../lufa-LUFA-111009/LUFA/Drivers/USB/Core/AVR8/../AVR8/../AVR8/Endpoint_AVR8.h **** 
 181:../lufa-LUFA-111009/LUFA/Drivers/USB/Core/AVR8/../AVR8/../AVR8/Endpoint_AVR8.h **** 			/** Retrieves the total number of banks supported by the given endpoint.
 182:../lufa-LUFA-111009/LUFA/Drivers/USB/Core/AVR8/../AVR8/../AVR8/Endpoint_AVR8.h **** 			 *
 183:../lufa-LUFA-111009/LUFA/Drivers/USB/Core/AVR8/../AVR8/../AVR8/Endpoint_AVR8.h **** 			 *  \note This macro will only work correctly on endpoint indexes that are compile-time constant
 184:../lufa-LUFA-111009/LUFA/Drivers/USB/Core/AVR8/../AVR8/../AVR8/Endpoint_AVR8.h **** 			 *        defined by the preprocessor.
 185:../lufa-LUFA-111009/LUFA/Drivers/USB/Core/AVR8/../AVR8/../AVR8/Endpoint_AVR8.h **** 			 *
 186:../lufa-LUFA-111009/LUFA/Drivers/USB/Core/AVR8/../AVR8/../AVR8/Endpoint_AVR8.h **** 			 *  \param[in] EPIndex  Endpoint number, a value between 0 and (\ref ENDPOINT_TOTAL_ENDPOINTS - 
 187:../lufa-LUFA-111009/LUFA/Drivers/USB/Core/AVR8/../AVR8/../AVR8/Endpoint_AVR8.h **** 			 */
 188:../lufa-LUFA-111009/LUFA/Drivers/USB/Core/AVR8/../AVR8/../AVR8/Endpoint_AVR8.h **** 			#define ENDPOINT_BANKS_SUPPORTED(EPIndex)       _ENDPOINT_GET_BANKS(EPIndex)
 189:../lufa-LUFA-111009/LUFA/Drivers/USB/Core/AVR8/../AVR8/../AVR8/Endpoint_AVR8.h **** 
 190:../lufa-LUFA-111009/LUFA/Drivers/USB/Core/AVR8/../AVR8/../AVR8/Endpoint_AVR8.h **** 			#if !defined(CONTROL_ONLY_DEVICE) || defined(__DOXYGEN__)
 191:../lufa-LUFA-111009/LUFA/Drivers/USB/Core/AVR8/../AVR8/../AVR8/Endpoint_AVR8.h **** 				/** Total number of endpoints (including the default control endpoint at address 0) which may
 192:../lufa-LUFA-111009/LUFA/Drivers/USB/Core/AVR8/../AVR8/../AVR8/Endpoint_AVR8.h **** 				 *  be used in the device. Different USB AVR models support different amounts of endpoints,
 193:../lufa-LUFA-111009/LUFA/Drivers/USB/Core/AVR8/../AVR8/../AVR8/Endpoint_AVR8.h **** 				 *  this value reflects the maximum number of endpoints for the currently selected AVR model.
 194:../lufa-LUFA-111009/LUFA/Drivers/USB/Core/AVR8/../AVR8/../AVR8/Endpoint_AVR8.h **** 				 */
 195:../lufa-LUFA-111009/LUFA/Drivers/USB/Core/AVR8/../AVR8/../AVR8/Endpoint_AVR8.h **** 				#define ENDPOINT_TOTAL_ENDPOINTS            ENDPOINT_DETAILS_MAXEP
 196:../lufa-LUFA-111009/LUFA/Drivers/USB/Core/AVR8/../AVR8/../AVR8/Endpoint_AVR8.h **** 			#else
 197:../lufa-LUFA-111009/LUFA/Drivers/USB/Core/AVR8/../AVR8/../AVR8/Endpoint_AVR8.h **** 				#define ENDPOINT_TOTAL_ENDPOINTS            1
 198:../lufa-LUFA-111009/LUFA/Drivers/USB/Core/AVR8/../AVR8/../AVR8/Endpoint_AVR8.h **** 			#endif
 199:../lufa-LUFA-111009/LUFA/Drivers/USB/Core/AVR8/../AVR8/../AVR8/Endpoint_AVR8.h **** 
 200:../lufa-LUFA-111009/LUFA/Drivers/USB/Core/AVR8/../AVR8/../AVR8/Endpoint_AVR8.h **** 		/* Enums: */
 201:../lufa-LUFA-111009/LUFA/Drivers/USB/Core/AVR8/../AVR8/../AVR8/Endpoint_AVR8.h **** 			/** Enum for the possible error return codes of the \ref Endpoint_WaitUntilReady() function.
 202:../lufa-LUFA-111009/LUFA/Drivers/USB/Core/AVR8/../AVR8/../AVR8/Endpoint_AVR8.h **** 			 *
 203:../lufa-LUFA-111009/LUFA/Drivers/USB/Core/AVR8/../AVR8/../AVR8/Endpoint_AVR8.h **** 			 *  \ingroup Group_EndpointRW_AVR8
 204:../lufa-LUFA-111009/LUFA/Drivers/USB/Core/AVR8/../AVR8/../AVR8/Endpoint_AVR8.h **** 			 */
 205:../lufa-LUFA-111009/LUFA/Drivers/USB/Core/AVR8/../AVR8/../AVR8/Endpoint_AVR8.h **** 			enum Endpoint_WaitUntilReady_ErrorCodes_t
 206:../lufa-LUFA-111009/LUFA/Drivers/USB/Core/AVR8/../AVR8/../AVR8/Endpoint_AVR8.h **** 			{
 207:../lufa-LUFA-111009/LUFA/Drivers/USB/Core/AVR8/../AVR8/../AVR8/Endpoint_AVR8.h **** 				ENDPOINT_READYWAIT_NoError                 = 0, /**< Endpoint is ready for next packet, no erro
 208:../lufa-LUFA-111009/LUFA/Drivers/USB/Core/AVR8/../AVR8/../AVR8/Endpoint_AVR8.h **** 				ENDPOINT_READYWAIT_EndpointStalled         = 1, /**< The endpoint was stalled during the stream
 209:../lufa-LUFA-111009/LUFA/Drivers/USB/Core/AVR8/../AVR8/../AVR8/Endpoint_AVR8.h **** 				                                                 *   transfer by the host or device.
 210:../lufa-LUFA-111009/LUFA/Drivers/USB/Core/AVR8/../AVR8/../AVR8/Endpoint_AVR8.h **** 				                                                 */
 211:../lufa-LUFA-111009/LUFA/Drivers/USB/Core/AVR8/../AVR8/../AVR8/Endpoint_AVR8.h **** 				ENDPOINT_READYWAIT_DeviceDisconnected      = 2,	/**< Device was disconnected from the host whil
 212:../lufa-LUFA-111009/LUFA/Drivers/USB/Core/AVR8/../AVR8/../AVR8/Endpoint_AVR8.h **** 				                                                 *   waiting for the endpoint to become ready.
 213:../lufa-LUFA-111009/LUFA/Drivers/USB/Core/AVR8/../AVR8/../AVR8/Endpoint_AVR8.h **** 				                                                 */
 214:../lufa-LUFA-111009/LUFA/Drivers/USB/Core/AVR8/../AVR8/../AVR8/Endpoint_AVR8.h **** 				ENDPOINT_READYWAIT_BusSuspended            = 3, /**< The USB bus has been suspended by the host
 215:../lufa-LUFA-111009/LUFA/Drivers/USB/Core/AVR8/../AVR8/../AVR8/Endpoint_AVR8.h **** 				                                                 *   no USB endpoint traffic can occur until th
 216:../lufa-LUFA-111009/LUFA/Drivers/USB/Core/AVR8/../AVR8/../AVR8/Endpoint_AVR8.h **** 				                                                 *   has resumed.
 217:../lufa-LUFA-111009/LUFA/Drivers/USB/Core/AVR8/../AVR8/../AVR8/Endpoint_AVR8.h **** 				                                                 */
 218:../lufa-LUFA-111009/LUFA/Drivers/USB/Core/AVR8/../AVR8/../AVR8/Endpoint_AVR8.h **** 				ENDPOINT_READYWAIT_Timeout                 = 4, /**< The host failed to accept or send the next
 219:../lufa-LUFA-111009/LUFA/Drivers/USB/Core/AVR8/../AVR8/../AVR8/Endpoint_AVR8.h **** 				                                                 *   within the software timeout period set by 
 220:../lufa-LUFA-111009/LUFA/Drivers/USB/Core/AVR8/../AVR8/../AVR8/Endpoint_AVR8.h **** 				                                                 *   \ref USB_STREAM_TIMEOUT_MS macro.
 221:../lufa-LUFA-111009/LUFA/Drivers/USB/Core/AVR8/../AVR8/../AVR8/Endpoint_AVR8.h **** 				                                                 */
 222:../lufa-LUFA-111009/LUFA/Drivers/USB/Core/AVR8/../AVR8/../AVR8/Endpoint_AVR8.h **** 			};
 223:../lufa-LUFA-111009/LUFA/Drivers/USB/Core/AVR8/../AVR8/../AVR8/Endpoint_AVR8.h **** 
 224:../lufa-LUFA-111009/LUFA/Drivers/USB/Core/AVR8/../AVR8/../AVR8/Endpoint_AVR8.h **** 		/* Inline Functions: */
 225:../lufa-LUFA-111009/LUFA/Drivers/USB/Core/AVR8/../AVR8/../AVR8/Endpoint_AVR8.h **** 			/** Configures the specified endpoint number with the given endpoint type, direction, bank size
 226:../lufa-LUFA-111009/LUFA/Drivers/USB/Core/AVR8/../AVR8/../AVR8/Endpoint_AVR8.h **** 			 *  and banking mode. Once configured, the endpoint may be read from or written to, depending
 227:../lufa-LUFA-111009/LUFA/Drivers/USB/Core/AVR8/../AVR8/../AVR8/Endpoint_AVR8.h **** 			 *  on its direction.
 228:../lufa-LUFA-111009/LUFA/Drivers/USB/Core/AVR8/../AVR8/../AVR8/Endpoint_AVR8.h **** 			 *
 229:../lufa-LUFA-111009/LUFA/Drivers/USB/Core/AVR8/../AVR8/../AVR8/Endpoint_AVR8.h **** 			 *  \param[in] Number     Endpoint number to configure. This must be more than 0 and less than
 230:../lufa-LUFA-111009/LUFA/Drivers/USB/Core/AVR8/../AVR8/../AVR8/Endpoint_AVR8.h **** 			 *                        \ref ENDPOINT_TOTAL_ENDPOINTS.
 231:../lufa-LUFA-111009/LUFA/Drivers/USB/Core/AVR8/../AVR8/../AVR8/Endpoint_AVR8.h **** 			 *
 232:../lufa-LUFA-111009/LUFA/Drivers/USB/Core/AVR8/../AVR8/../AVR8/Endpoint_AVR8.h **** 			 *  \param[in] Type       Type of endpoint to configure, a \c EP_TYPE_* mask. Not all endpoint t
 233:../lufa-LUFA-111009/LUFA/Drivers/USB/Core/AVR8/../AVR8/../AVR8/Endpoint_AVR8.h **** 			 *                        are available on Low Speed USB devices - refer to the USB 2.0 specific
 234:../lufa-LUFA-111009/LUFA/Drivers/USB/Core/AVR8/../AVR8/../AVR8/Endpoint_AVR8.h **** 			 *
 235:../lufa-LUFA-111009/LUFA/Drivers/USB/Core/AVR8/../AVR8/../AVR8/Endpoint_AVR8.h **** 			 *  \param[in] Direction  Endpoint data direction, either \ref ENDPOINT_DIR_OUT or \ref ENDPOINT
 236:../lufa-LUFA-111009/LUFA/Drivers/USB/Core/AVR8/../AVR8/../AVR8/Endpoint_AVR8.h **** 			 *                        All endpoints (except Control type) are unidirectional - data may only
 237:../lufa-LUFA-111009/LUFA/Drivers/USB/Core/AVR8/../AVR8/../AVR8/Endpoint_AVR8.h **** 			 *                        from or written to the endpoint bank based on its direction, not both.
 238:../lufa-LUFA-111009/LUFA/Drivers/USB/Core/AVR8/../AVR8/../AVR8/Endpoint_AVR8.h **** 			 *
 239:../lufa-LUFA-111009/LUFA/Drivers/USB/Core/AVR8/../AVR8/../AVR8/Endpoint_AVR8.h **** 			 *  \param[in] Size       Size of the endpoint's bank, where packets are stored before they are 
 240:../lufa-LUFA-111009/LUFA/Drivers/USB/Core/AVR8/../AVR8/../AVR8/Endpoint_AVR8.h **** 			 *                        to the USB host, or after they have been received from the USB host (d
 241:../lufa-LUFA-111009/LUFA/Drivers/USB/Core/AVR8/../AVR8/../AVR8/Endpoint_AVR8.h **** 			 *                        the endpoint's data direction). The bank size must indicate the maximu
 242:../lufa-LUFA-111009/LUFA/Drivers/USB/Core/AVR8/../AVR8/../AVR8/Endpoint_AVR8.h **** 			 *                        that the endpoint can handle.
 243:../lufa-LUFA-111009/LUFA/Drivers/USB/Core/AVR8/../AVR8/../AVR8/Endpoint_AVR8.h **** 			 *
 244:../lufa-LUFA-111009/LUFA/Drivers/USB/Core/AVR8/../AVR8/../AVR8/Endpoint_AVR8.h **** 			 *  \param[in] Banks      Number of banks to use for the endpoint being configured, an \c ENDPOI
 245:../lufa-LUFA-111009/LUFA/Drivers/USB/Core/AVR8/../AVR8/../AVR8/Endpoint_AVR8.h **** 			 *                        More banks uses more USB DPRAM, but offers better performance. Isochro
 246:../lufa-LUFA-111009/LUFA/Drivers/USB/Core/AVR8/../AVR8/../AVR8/Endpoint_AVR8.h **** 			 *                        endpoints <b>must</b> have at least two banks.
 247:../lufa-LUFA-111009/LUFA/Drivers/USB/Core/AVR8/../AVR8/../AVR8/Endpoint_AVR8.h **** 			 *
 248:../lufa-LUFA-111009/LUFA/Drivers/USB/Core/AVR8/../AVR8/../AVR8/Endpoint_AVR8.h **** 			 *  \note When the \c ORDERED_EP_CONFIG compile time option is used, Endpoints <b>must</b> be co
 249:../lufa-LUFA-111009/LUFA/Drivers/USB/Core/AVR8/../AVR8/../AVR8/Endpoint_AVR8.h **** 			 *        ascending order, or bank corruption will occur.
 250:../lufa-LUFA-111009/LUFA/Drivers/USB/Core/AVR8/../AVR8/../AVR8/Endpoint_AVR8.h **** 			 *        \n\n
 251:../lufa-LUFA-111009/LUFA/Drivers/USB/Core/AVR8/../AVR8/../AVR8/Endpoint_AVR8.h **** 			 *
 252:../lufa-LUFA-111009/LUFA/Drivers/USB/Core/AVR8/../AVR8/../AVR8/Endpoint_AVR8.h **** 			 *  \note Different endpoints may have different maximum packet sizes based on the endpoint's in
 253:../lufa-LUFA-111009/LUFA/Drivers/USB/Core/AVR8/../AVR8/../AVR8/Endpoint_AVR8.h **** 			 *        the chosen microcontroller model's datasheet to determine the maximum bank size for ea
 254:../lufa-LUFA-111009/LUFA/Drivers/USB/Core/AVR8/../AVR8/../AVR8/Endpoint_AVR8.h **** 			 *        \n\n
 255:../lufa-LUFA-111009/LUFA/Drivers/USB/Core/AVR8/../AVR8/../AVR8/Endpoint_AVR8.h **** 			 *
 256:../lufa-LUFA-111009/LUFA/Drivers/USB/Core/AVR8/../AVR8/../AVR8/Endpoint_AVR8.h **** 			 *  \note The default control endpoint should not be manually configured by the user application
 257:../lufa-LUFA-111009/LUFA/Drivers/USB/Core/AVR8/../AVR8/../AVR8/Endpoint_AVR8.h **** 			 *        it is automatically configured by the library internally.
 258:../lufa-LUFA-111009/LUFA/Drivers/USB/Core/AVR8/../AVR8/../AVR8/Endpoint_AVR8.h **** 			 *        \n\n
 259:../lufa-LUFA-111009/LUFA/Drivers/USB/Core/AVR8/../AVR8/../AVR8/Endpoint_AVR8.h **** 			 *
 260:../lufa-LUFA-111009/LUFA/Drivers/USB/Core/AVR8/../AVR8/../AVR8/Endpoint_AVR8.h **** 			 *  \note This routine will automatically select the specified endpoint upon success. Upon failu
 261:../lufa-LUFA-111009/LUFA/Drivers/USB/Core/AVR8/../AVR8/../AVR8/Endpoint_AVR8.h **** 			 *        which failed to reconfigure correctly will be selected.
 262:../lufa-LUFA-111009/LUFA/Drivers/USB/Core/AVR8/../AVR8/../AVR8/Endpoint_AVR8.h **** 			 *
 263:../lufa-LUFA-111009/LUFA/Drivers/USB/Core/AVR8/../AVR8/../AVR8/Endpoint_AVR8.h **** 			 *  \return Boolean \c true if the configuration succeeded, \c false otherwise.
 264:../lufa-LUFA-111009/LUFA/Drivers/USB/Core/AVR8/../AVR8/../AVR8/Endpoint_AVR8.h **** 			 */
 265:../lufa-LUFA-111009/LUFA/Drivers/USB/Core/AVR8/../AVR8/../AVR8/Endpoint_AVR8.h **** 			static inline bool Endpoint_ConfigureEndpoint(const uint8_t Number,
 266:../lufa-LUFA-111009/LUFA/Drivers/USB/Core/AVR8/../AVR8/../AVR8/Endpoint_AVR8.h **** 			                                              const uint8_t Type,
 267:../lufa-LUFA-111009/LUFA/Drivers/USB/Core/AVR8/../AVR8/../AVR8/Endpoint_AVR8.h **** 			                                              const uint8_t Direction,
 268:../lufa-LUFA-111009/LUFA/Drivers/USB/Core/AVR8/../AVR8/../AVR8/Endpoint_AVR8.h **** 			                                              const uint16_t Size,
 269:../lufa-LUFA-111009/LUFA/Drivers/USB/Core/AVR8/../AVR8/../AVR8/Endpoint_AVR8.h **** 			                                              const uint8_t Banks) ATTR_ALWAYS_INLINE;
 270:../lufa-LUFA-111009/LUFA/Drivers/USB/Core/AVR8/../AVR8/../AVR8/Endpoint_AVR8.h **** 			static inline bool Endpoint_ConfigureEndpoint(const uint8_t Number,
 271:../lufa-LUFA-111009/LUFA/Drivers/USB/Core/AVR8/../AVR8/../AVR8/Endpoint_AVR8.h **** 			                                              const uint8_t Type,
 272:../lufa-LUFA-111009/LUFA/Drivers/USB/Core/AVR8/../AVR8/../AVR8/Endpoint_AVR8.h **** 			                                              const uint8_t Direction,
 273:../lufa-LUFA-111009/LUFA/Drivers/USB/Core/AVR8/../AVR8/../AVR8/Endpoint_AVR8.h **** 			                                              const uint16_t Size,
 274:../lufa-LUFA-111009/LUFA/Drivers/USB/Core/AVR8/../AVR8/../AVR8/Endpoint_AVR8.h **** 			                                              const uint8_t Banks)
 275:../lufa-LUFA-111009/LUFA/Drivers/USB/Core/AVR8/../AVR8/../AVR8/Endpoint_AVR8.h **** 			{
 276:../lufa-LUFA-111009/LUFA/Drivers/USB/Core/AVR8/../AVR8/../AVR8/Endpoint_AVR8.h **** 				return Endpoint_ConfigureEndpoint_Prv(Number, ((Type << EPTYPE0) | (Direction ? (1 << EPDIR) : 
 277:../lufa-LUFA-111009/LUFA/Drivers/USB/Core/AVR8/../AVR8/../AVR8/Endpoint_AVR8.h **** 				                                      ((1 << ALLOC) | Banks | Endpoint_BytesToEPSizeMask(Size))
 278:../lufa-LUFA-111009/LUFA/Drivers/USB/Core/AVR8/../AVR8/../AVR8/Endpoint_AVR8.h **** 			}
 279:../lufa-LUFA-111009/LUFA/Drivers/USB/Core/AVR8/../AVR8/../AVR8/Endpoint_AVR8.h **** 
 280:../lufa-LUFA-111009/LUFA/Drivers/USB/Core/AVR8/../AVR8/../AVR8/Endpoint_AVR8.h **** 			/** Indicates the number of bytes currently stored in the current endpoint's selected bank.
 281:../lufa-LUFA-111009/LUFA/Drivers/USB/Core/AVR8/../AVR8/../AVR8/Endpoint_AVR8.h **** 			 *
 282:../lufa-LUFA-111009/LUFA/Drivers/USB/Core/AVR8/../AVR8/../AVR8/Endpoint_AVR8.h **** 			 *  \note The return width of this function may differ, depending on the maximum endpoint bank s
 283:../lufa-LUFA-111009/LUFA/Drivers/USB/Core/AVR8/../AVR8/../AVR8/Endpoint_AVR8.h **** 			 *        of the selected AVR model.
 284:../lufa-LUFA-111009/LUFA/Drivers/USB/Core/AVR8/../AVR8/../AVR8/Endpoint_AVR8.h **** 			 *
 285:../lufa-LUFA-111009/LUFA/Drivers/USB/Core/AVR8/../AVR8/../AVR8/Endpoint_AVR8.h **** 			 *  \ingroup Group_EndpointRW_AVR8
 286:../lufa-LUFA-111009/LUFA/Drivers/USB/Core/AVR8/../AVR8/../AVR8/Endpoint_AVR8.h **** 			 *
 287:../lufa-LUFA-111009/LUFA/Drivers/USB/Core/AVR8/../AVR8/../AVR8/Endpoint_AVR8.h **** 			 *  \return Total number of bytes in the currently selected Endpoint's FIFO buffer.
 288:../lufa-LUFA-111009/LUFA/Drivers/USB/Core/AVR8/../AVR8/../AVR8/Endpoint_AVR8.h **** 			 */
 289:../lufa-LUFA-111009/LUFA/Drivers/USB/Core/AVR8/../AVR8/../AVR8/Endpoint_AVR8.h **** 			static inline uint16_t Endpoint_BytesInEndpoint(void) ATTR_WARN_UNUSED_RESULT ATTR_ALWAYS_INLINE
 290:../lufa-LUFA-111009/LUFA/Drivers/USB/Core/AVR8/../AVR8/../AVR8/Endpoint_AVR8.h **** 			static inline uint16_t Endpoint_BytesInEndpoint(void)
 291:../lufa-LUFA-111009/LUFA/Drivers/USB/Core/AVR8/../AVR8/../AVR8/Endpoint_AVR8.h **** 			{
 292:../lufa-LUFA-111009/LUFA/Drivers/USB/Core/AVR8/../AVR8/../AVR8/Endpoint_AVR8.h **** 				#if defined(USB_SERIES_6_AVR) || defined(USB_SERIES_7_AVR)
 293:../lufa-LUFA-111009/LUFA/Drivers/USB/Core/AVR8/../AVR8/../AVR8/Endpoint_AVR8.h **** 					return UEBCX;
 294:../lufa-LUFA-111009/LUFA/Drivers/USB/Core/AVR8/../AVR8/../AVR8/Endpoint_AVR8.h **** 				#elif defined(USB_SERIES_4_AVR)
 295:../lufa-LUFA-111009/LUFA/Drivers/USB/Core/AVR8/../AVR8/../AVR8/Endpoint_AVR8.h **** 					return (((uint16_t)UEBCHX << 8) | UEBCLX);
 296:../lufa-LUFA-111009/LUFA/Drivers/USB/Core/AVR8/../AVR8/../AVR8/Endpoint_AVR8.h **** 				#elif defined(USB_SERIES_2_AVR)
 297:../lufa-LUFA-111009/LUFA/Drivers/USB/Core/AVR8/../AVR8/../AVR8/Endpoint_AVR8.h **** 					return UEBCLX;
 298:../lufa-LUFA-111009/LUFA/Drivers/USB/Core/AVR8/../AVR8/../AVR8/Endpoint_AVR8.h **** 				#endif
 299:../lufa-LUFA-111009/LUFA/Drivers/USB/Core/AVR8/../AVR8/../AVR8/Endpoint_AVR8.h **** 			}
 300:../lufa-LUFA-111009/LUFA/Drivers/USB/Core/AVR8/../AVR8/../AVR8/Endpoint_AVR8.h **** 
 301:../lufa-LUFA-111009/LUFA/Drivers/USB/Core/AVR8/../AVR8/../AVR8/Endpoint_AVR8.h **** 			/** Get the endpoint address of the currently selected endpoint. This is typically used to save
 302:../lufa-LUFA-111009/LUFA/Drivers/USB/Core/AVR8/../AVR8/../AVR8/Endpoint_AVR8.h **** 			 *  the currently selected endpoint number so that it can be restored after another endpoint has
 303:../lufa-LUFA-111009/LUFA/Drivers/USB/Core/AVR8/../AVR8/../AVR8/Endpoint_AVR8.h **** 			 *  been manipulated.
 304:../lufa-LUFA-111009/LUFA/Drivers/USB/Core/AVR8/../AVR8/../AVR8/Endpoint_AVR8.h **** 			 *
 305:../lufa-LUFA-111009/LUFA/Drivers/USB/Core/AVR8/../AVR8/../AVR8/Endpoint_AVR8.h **** 			 *  \return Index of the currently selected endpoint.
 306:../lufa-LUFA-111009/LUFA/Drivers/USB/Core/AVR8/../AVR8/../AVR8/Endpoint_AVR8.h **** 			 */
 307:../lufa-LUFA-111009/LUFA/Drivers/USB/Core/AVR8/../AVR8/../AVR8/Endpoint_AVR8.h **** 			static inline uint8_t Endpoint_GetCurrentEndpoint(void) ATTR_WARN_UNUSED_RESULT ATTR_ALWAYS_INLI
 308:../lufa-LUFA-111009/LUFA/Drivers/USB/Core/AVR8/../AVR8/../AVR8/Endpoint_AVR8.h **** 			static inline uint8_t Endpoint_GetCurrentEndpoint(void)
 309:../lufa-LUFA-111009/LUFA/Drivers/USB/Core/AVR8/../AVR8/../AVR8/Endpoint_AVR8.h **** 			{
 310:../lufa-LUFA-111009/LUFA/Drivers/USB/Core/AVR8/../AVR8/../AVR8/Endpoint_AVR8.h **** 				#if !defined(CONTROL_ONLY_DEVICE)
 311:../lufa-LUFA-111009/LUFA/Drivers/USB/Core/AVR8/../AVR8/../AVR8/Endpoint_AVR8.h **** 					return (UENUM & ENDPOINT_EPNUM_MASK);
 312:../lufa-LUFA-111009/LUFA/Drivers/USB/Core/AVR8/../AVR8/../AVR8/Endpoint_AVR8.h **** 				#else
 313:../lufa-LUFA-111009/LUFA/Drivers/USB/Core/AVR8/../AVR8/../AVR8/Endpoint_AVR8.h **** 					return ENDPOINT_CONTROLEP;
 314:../lufa-LUFA-111009/LUFA/Drivers/USB/Core/AVR8/../AVR8/../AVR8/Endpoint_AVR8.h **** 				#endif
 315:../lufa-LUFA-111009/LUFA/Drivers/USB/Core/AVR8/../AVR8/../AVR8/Endpoint_AVR8.h **** 			}
 316:../lufa-LUFA-111009/LUFA/Drivers/USB/Core/AVR8/../AVR8/../AVR8/Endpoint_AVR8.h **** 
 317:../lufa-LUFA-111009/LUFA/Drivers/USB/Core/AVR8/../AVR8/../AVR8/Endpoint_AVR8.h **** 			/** Selects the given endpoint number. If the address from the device descriptors is used, the
 318:../lufa-LUFA-111009/LUFA/Drivers/USB/Core/AVR8/../AVR8/../AVR8/Endpoint_AVR8.h **** 			 *  value should be masked with the \ref ENDPOINT_EPNUM_MASK constant to extract only the endpoi
 319:../lufa-LUFA-111009/LUFA/Drivers/USB/Core/AVR8/../AVR8/../AVR8/Endpoint_AVR8.h **** 			 *  number (and discarding the endpoint direction bit).
 320:../lufa-LUFA-111009/LUFA/Drivers/USB/Core/AVR8/../AVR8/../AVR8/Endpoint_AVR8.h **** 			 *
 321:../lufa-LUFA-111009/LUFA/Drivers/USB/Core/AVR8/../AVR8/../AVR8/Endpoint_AVR8.h **** 			 *  Any endpoint operations which do not require the endpoint number to be indicated will operat
 322:../lufa-LUFA-111009/LUFA/Drivers/USB/Core/AVR8/../AVR8/../AVR8/Endpoint_AVR8.h **** 			 *  the currently selected endpoint.
 323:../lufa-LUFA-111009/LUFA/Drivers/USB/Core/AVR8/../AVR8/../AVR8/Endpoint_AVR8.h **** 			 *
 324:../lufa-LUFA-111009/LUFA/Drivers/USB/Core/AVR8/../AVR8/../AVR8/Endpoint_AVR8.h **** 			 *  \param[in] EndpointNumber Endpoint number to select.
 325:../lufa-LUFA-111009/LUFA/Drivers/USB/Core/AVR8/../AVR8/../AVR8/Endpoint_AVR8.h **** 			 */
 326:../lufa-LUFA-111009/LUFA/Drivers/USB/Core/AVR8/../AVR8/../AVR8/Endpoint_AVR8.h **** 			static inline void Endpoint_SelectEndpoint(const uint8_t EndpointNumber) ATTR_ALWAYS_INLINE;
 327:../lufa-LUFA-111009/LUFA/Drivers/USB/Core/AVR8/../AVR8/../AVR8/Endpoint_AVR8.h **** 			static inline void Endpoint_SelectEndpoint(const uint8_t EndpointNumber)
 328:../lufa-LUFA-111009/LUFA/Drivers/USB/Core/AVR8/../AVR8/../AVR8/Endpoint_AVR8.h **** 			{
 329:../lufa-LUFA-111009/LUFA/Drivers/USB/Core/AVR8/../AVR8/../AVR8/Endpoint_AVR8.h **** 				#if !defined(CONTROL_ONLY_DEVICE)
 330:../lufa-LUFA-111009/LUFA/Drivers/USB/Core/AVR8/../AVR8/../AVR8/Endpoint_AVR8.h **** 					UENUM = EndpointNumber;
 331:../lufa-LUFA-111009/LUFA/Drivers/USB/Core/AVR8/../AVR8/../AVR8/Endpoint_AVR8.h **** 				#endif
 332:../lufa-LUFA-111009/LUFA/Drivers/USB/Core/AVR8/../AVR8/../AVR8/Endpoint_AVR8.h **** 			}
 333:../lufa-LUFA-111009/LUFA/Drivers/USB/Core/AVR8/../AVR8/../AVR8/Endpoint_AVR8.h **** 
 334:../lufa-LUFA-111009/LUFA/Drivers/USB/Core/AVR8/../AVR8/../AVR8/Endpoint_AVR8.h **** 			/** Resets the endpoint bank FIFO. This clears all the endpoint banks and resets the USB control
 335:../lufa-LUFA-111009/LUFA/Drivers/USB/Core/AVR8/../AVR8/../AVR8/Endpoint_AVR8.h **** 			 *  data In and Out pointers to the bank's contents.
 336:../lufa-LUFA-111009/LUFA/Drivers/USB/Core/AVR8/../AVR8/../AVR8/Endpoint_AVR8.h **** 			 *
 337:../lufa-LUFA-111009/LUFA/Drivers/USB/Core/AVR8/../AVR8/../AVR8/Endpoint_AVR8.h **** 			 *  \param[in] EndpointNumber Endpoint number whose FIFO buffers are to be reset.
 338:../lufa-LUFA-111009/LUFA/Drivers/USB/Core/AVR8/../AVR8/../AVR8/Endpoint_AVR8.h **** 			 */
 339:../lufa-LUFA-111009/LUFA/Drivers/USB/Core/AVR8/../AVR8/../AVR8/Endpoint_AVR8.h **** 			static inline void Endpoint_ResetEndpoint(const uint8_t EndpointNumber) ATTR_ALWAYS_INLINE;
 340:../lufa-LUFA-111009/LUFA/Drivers/USB/Core/AVR8/../AVR8/../AVR8/Endpoint_AVR8.h **** 			static inline void Endpoint_ResetEndpoint(const uint8_t EndpointNumber)
 341:../lufa-LUFA-111009/LUFA/Drivers/USB/Core/AVR8/../AVR8/../AVR8/Endpoint_AVR8.h **** 			{
 342:../lufa-LUFA-111009/LUFA/Drivers/USB/Core/AVR8/../AVR8/../AVR8/Endpoint_AVR8.h **** 				UERST = (1 << EndpointNumber);
 343:../lufa-LUFA-111009/LUFA/Drivers/USB/Core/AVR8/../AVR8/../AVR8/Endpoint_AVR8.h **** 				UERST = 0;
 344:../lufa-LUFA-111009/LUFA/Drivers/USB/Core/AVR8/../AVR8/../AVR8/Endpoint_AVR8.h **** 			}
 345:../lufa-LUFA-111009/LUFA/Drivers/USB/Core/AVR8/../AVR8/../AVR8/Endpoint_AVR8.h **** 
 346:../lufa-LUFA-111009/LUFA/Drivers/USB/Core/AVR8/../AVR8/../AVR8/Endpoint_AVR8.h **** 			/** Enables the currently selected endpoint so that data can be sent and received through it to
 347:../lufa-LUFA-111009/LUFA/Drivers/USB/Core/AVR8/../AVR8/../AVR8/Endpoint_AVR8.h **** 			 *  and from a host.
 348:../lufa-LUFA-111009/LUFA/Drivers/USB/Core/AVR8/../AVR8/../AVR8/Endpoint_AVR8.h **** 			 *
 349:../lufa-LUFA-111009/LUFA/Drivers/USB/Core/AVR8/../AVR8/../AVR8/Endpoint_AVR8.h **** 			 *  \note Endpoints must first be configured properly via \ref Endpoint_ConfigureEndpoint().
 350:../lufa-LUFA-111009/LUFA/Drivers/USB/Core/AVR8/../AVR8/../AVR8/Endpoint_AVR8.h **** 			 */
 351:../lufa-LUFA-111009/LUFA/Drivers/USB/Core/AVR8/../AVR8/../AVR8/Endpoint_AVR8.h **** 			static inline void Endpoint_EnableEndpoint(void) ATTR_ALWAYS_INLINE;
 352:../lufa-LUFA-111009/LUFA/Drivers/USB/Core/AVR8/../AVR8/../AVR8/Endpoint_AVR8.h **** 			static inline void Endpoint_EnableEndpoint(void)
 353:../lufa-LUFA-111009/LUFA/Drivers/USB/Core/AVR8/../AVR8/../AVR8/Endpoint_AVR8.h **** 			{
 354:../lufa-LUFA-111009/LUFA/Drivers/USB/Core/AVR8/../AVR8/../AVR8/Endpoint_AVR8.h **** 				UECONX |= (1 << EPEN);
 355:../lufa-LUFA-111009/LUFA/Drivers/USB/Core/AVR8/../AVR8/../AVR8/Endpoint_AVR8.h **** 			}
 356:../lufa-LUFA-111009/LUFA/Drivers/USB/Core/AVR8/../AVR8/../AVR8/Endpoint_AVR8.h **** 
 357:../lufa-LUFA-111009/LUFA/Drivers/USB/Core/AVR8/../AVR8/../AVR8/Endpoint_AVR8.h **** 			/** Disables the currently selected endpoint so that data cannot be sent and received through it
 358:../lufa-LUFA-111009/LUFA/Drivers/USB/Core/AVR8/../AVR8/../AVR8/Endpoint_AVR8.h **** 			 *  to and from a host.
 359:../lufa-LUFA-111009/LUFA/Drivers/USB/Core/AVR8/../AVR8/../AVR8/Endpoint_AVR8.h **** 			 */
 360:../lufa-LUFA-111009/LUFA/Drivers/USB/Core/AVR8/../AVR8/../AVR8/Endpoint_AVR8.h **** 			static inline void Endpoint_DisableEndpoint(void) ATTR_ALWAYS_INLINE;
 361:../lufa-LUFA-111009/LUFA/Drivers/USB/Core/AVR8/../AVR8/../AVR8/Endpoint_AVR8.h **** 			static inline void Endpoint_DisableEndpoint(void)
 362:../lufa-LUFA-111009/LUFA/Drivers/USB/Core/AVR8/../AVR8/../AVR8/Endpoint_AVR8.h **** 			{
 363:../lufa-LUFA-111009/LUFA/Drivers/USB/Core/AVR8/../AVR8/../AVR8/Endpoint_AVR8.h **** 				UECONX &= ~(1 << EPEN);
 364:../lufa-LUFA-111009/LUFA/Drivers/USB/Core/AVR8/../AVR8/../AVR8/Endpoint_AVR8.h **** 			}
 365:../lufa-LUFA-111009/LUFA/Drivers/USB/Core/AVR8/../AVR8/../AVR8/Endpoint_AVR8.h **** 
 366:../lufa-LUFA-111009/LUFA/Drivers/USB/Core/AVR8/../AVR8/../AVR8/Endpoint_AVR8.h **** 			/** Determines if the currently selected endpoint is enabled, but not necessarily configured.
 367:../lufa-LUFA-111009/LUFA/Drivers/USB/Core/AVR8/../AVR8/../AVR8/Endpoint_AVR8.h **** 			 *
 368:../lufa-LUFA-111009/LUFA/Drivers/USB/Core/AVR8/../AVR8/../AVR8/Endpoint_AVR8.h **** 			 * \return Boolean \c true if the currently selected endpoint is enabled, \c false otherwise.
 369:../lufa-LUFA-111009/LUFA/Drivers/USB/Core/AVR8/../AVR8/../AVR8/Endpoint_AVR8.h **** 			 */
 370:../lufa-LUFA-111009/LUFA/Drivers/USB/Core/AVR8/../AVR8/../AVR8/Endpoint_AVR8.h **** 			static inline bool Endpoint_IsEnabled(void) ATTR_WARN_UNUSED_RESULT ATTR_ALWAYS_INLINE;
 371:../lufa-LUFA-111009/LUFA/Drivers/USB/Core/AVR8/../AVR8/../AVR8/Endpoint_AVR8.h **** 			static inline bool Endpoint_IsEnabled(void)
 372:../lufa-LUFA-111009/LUFA/Drivers/USB/Core/AVR8/../AVR8/../AVR8/Endpoint_AVR8.h **** 			{
 373:../lufa-LUFA-111009/LUFA/Drivers/USB/Core/AVR8/../AVR8/../AVR8/Endpoint_AVR8.h **** 				return ((UECONX & (1 << EPEN)) ? true : false);
 374:../lufa-LUFA-111009/LUFA/Drivers/USB/Core/AVR8/../AVR8/../AVR8/Endpoint_AVR8.h **** 			}
 375:../lufa-LUFA-111009/LUFA/Drivers/USB/Core/AVR8/../AVR8/../AVR8/Endpoint_AVR8.h **** 
 376:../lufa-LUFA-111009/LUFA/Drivers/USB/Core/AVR8/../AVR8/../AVR8/Endpoint_AVR8.h **** 			/** Retrieves the number of busy banks in the currently selected endpoint, which have been queue
 377:../lufa-LUFA-111009/LUFA/Drivers/USB/Core/AVR8/../AVR8/../AVR8/Endpoint_AVR8.h **** 			 *  transmission via the \ref Endpoint_ClearIN() command, or are awaiting acknowledgement via th
 378:../lufa-LUFA-111009/LUFA/Drivers/USB/Core/AVR8/../AVR8/../AVR8/Endpoint_AVR8.h **** 			 *  \ref Endpoint_ClearOUT() command.
 379:../lufa-LUFA-111009/LUFA/Drivers/USB/Core/AVR8/../AVR8/../AVR8/Endpoint_AVR8.h **** 			 *
 380:../lufa-LUFA-111009/LUFA/Drivers/USB/Core/AVR8/../AVR8/../AVR8/Endpoint_AVR8.h **** 			 *  \ingroup Group_EndpointPacketManagement_AVR8
 381:../lufa-LUFA-111009/LUFA/Drivers/USB/Core/AVR8/../AVR8/../AVR8/Endpoint_AVR8.h **** 			 *
 382:../lufa-LUFA-111009/LUFA/Drivers/USB/Core/AVR8/../AVR8/../AVR8/Endpoint_AVR8.h **** 			 *  \return Total number of busy banks in the selected endpoint.
 383:../lufa-LUFA-111009/LUFA/Drivers/USB/Core/AVR8/../AVR8/../AVR8/Endpoint_AVR8.h **** 			 */
 384:../lufa-LUFA-111009/LUFA/Drivers/USB/Core/AVR8/../AVR8/../AVR8/Endpoint_AVR8.h **** 			static inline uint8_t Endpoint_GetBusyBanks(void) ATTR_ALWAYS_INLINE ATTR_WARN_UNUSED_RESULT;
 385:../lufa-LUFA-111009/LUFA/Drivers/USB/Core/AVR8/../AVR8/../AVR8/Endpoint_AVR8.h **** 			static inline uint8_t Endpoint_GetBusyBanks(void)
 386:../lufa-LUFA-111009/LUFA/Drivers/USB/Core/AVR8/../AVR8/../AVR8/Endpoint_AVR8.h **** 			{
 387:../lufa-LUFA-111009/LUFA/Drivers/USB/Core/AVR8/../AVR8/../AVR8/Endpoint_AVR8.h **** 				return (UESTA0X & (0x03 << NBUSYBK0));
 388:../lufa-LUFA-111009/LUFA/Drivers/USB/Core/AVR8/../AVR8/../AVR8/Endpoint_AVR8.h **** 			}
 389:../lufa-LUFA-111009/LUFA/Drivers/USB/Core/AVR8/../AVR8/../AVR8/Endpoint_AVR8.h **** 
 390:../lufa-LUFA-111009/LUFA/Drivers/USB/Core/AVR8/../AVR8/../AVR8/Endpoint_AVR8.h **** 			/** Aborts all pending IN transactions on the currently selected endpoint, once the bank
 391:../lufa-LUFA-111009/LUFA/Drivers/USB/Core/AVR8/../AVR8/../AVR8/Endpoint_AVR8.h **** 			 *  has been queued for transmission to the host via \ref Endpoint_ClearIN(). This function
 392:../lufa-LUFA-111009/LUFA/Drivers/USB/Core/AVR8/../AVR8/../AVR8/Endpoint_AVR8.h **** 			 *  will terminate all queued transactions, resetting the endpoint banks ready for a new
 393:../lufa-LUFA-111009/LUFA/Drivers/USB/Core/AVR8/../AVR8/../AVR8/Endpoint_AVR8.h **** 			 *  packet.
 394:../lufa-LUFA-111009/LUFA/Drivers/USB/Core/AVR8/../AVR8/../AVR8/Endpoint_AVR8.h **** 			 *
 395:../lufa-LUFA-111009/LUFA/Drivers/USB/Core/AVR8/../AVR8/../AVR8/Endpoint_AVR8.h **** 			 *  \ingroup Group_EndpointPacketManagement_AVR8
 396:../lufa-LUFA-111009/LUFA/Drivers/USB/Core/AVR8/../AVR8/../AVR8/Endpoint_AVR8.h **** 			 */
 397:../lufa-LUFA-111009/LUFA/Drivers/USB/Core/AVR8/../AVR8/../AVR8/Endpoint_AVR8.h **** 			static inline void Endpoint_AbortPendingIN(void)
 398:../lufa-LUFA-111009/LUFA/Drivers/USB/Core/AVR8/../AVR8/../AVR8/Endpoint_AVR8.h **** 			{
 399:../lufa-LUFA-111009/LUFA/Drivers/USB/Core/AVR8/../AVR8/../AVR8/Endpoint_AVR8.h **** 				while (Endpoint_GetBusyBanks() != 0)
 400:../lufa-LUFA-111009/LUFA/Drivers/USB/Core/AVR8/../AVR8/../AVR8/Endpoint_AVR8.h **** 				{
 401:../lufa-LUFA-111009/LUFA/Drivers/USB/Core/AVR8/../AVR8/../AVR8/Endpoint_AVR8.h **** 					UEINTX |= (1 << RXOUTI);
 402:../lufa-LUFA-111009/LUFA/Drivers/USB/Core/AVR8/../AVR8/../AVR8/Endpoint_AVR8.h **** 					while (UEINTX & (1 << RXOUTI));
 403:../lufa-LUFA-111009/LUFA/Drivers/USB/Core/AVR8/../AVR8/../AVR8/Endpoint_AVR8.h **** 				}
 404:../lufa-LUFA-111009/LUFA/Drivers/USB/Core/AVR8/../AVR8/../AVR8/Endpoint_AVR8.h **** 			}
 405:../lufa-LUFA-111009/LUFA/Drivers/USB/Core/AVR8/../AVR8/../AVR8/Endpoint_AVR8.h **** 
 406:../lufa-LUFA-111009/LUFA/Drivers/USB/Core/AVR8/../AVR8/../AVR8/Endpoint_AVR8.h **** 			/** Determines if the currently selected endpoint may be read from (if data is waiting in the en
 407:../lufa-LUFA-111009/LUFA/Drivers/USB/Core/AVR8/../AVR8/../AVR8/Endpoint_AVR8.h **** 			 *  bank and the endpoint is an OUT direction, or if the bank is not yet full if the endpoint is
 408:../lufa-LUFA-111009/LUFA/Drivers/USB/Core/AVR8/../AVR8/../AVR8/Endpoint_AVR8.h **** 			 *  direction). This function will return false if an error has occurred in the endpoint, if the
 409:../lufa-LUFA-111009/LUFA/Drivers/USB/Core/AVR8/../AVR8/../AVR8/Endpoint_AVR8.h **** 			 *  is an OUT direction and no packet (or an empty packet) has been received, or if the endpoint
 410:../lufa-LUFA-111009/LUFA/Drivers/USB/Core/AVR8/../AVR8/../AVR8/Endpoint_AVR8.h **** 			 *  direction and the endpoint bank is full.
 411:../lufa-LUFA-111009/LUFA/Drivers/USB/Core/AVR8/../AVR8/../AVR8/Endpoint_AVR8.h **** 			 *
 412:../lufa-LUFA-111009/LUFA/Drivers/USB/Core/AVR8/../AVR8/../AVR8/Endpoint_AVR8.h **** 			 *  \ingroup Group_EndpointPacketManagement_AVR8
 413:../lufa-LUFA-111009/LUFA/Drivers/USB/Core/AVR8/../AVR8/../AVR8/Endpoint_AVR8.h **** 			 *
 414:../lufa-LUFA-111009/LUFA/Drivers/USB/Core/AVR8/../AVR8/../AVR8/Endpoint_AVR8.h **** 			 *  \return Boolean \c true if the currently selected endpoint may be read from or written to, d
 415:../lufa-LUFA-111009/LUFA/Drivers/USB/Core/AVR8/../AVR8/../AVR8/Endpoint_AVR8.h **** 			 *          on its direction.
 416:../lufa-LUFA-111009/LUFA/Drivers/USB/Core/AVR8/../AVR8/../AVR8/Endpoint_AVR8.h **** 			 */
 417:../lufa-LUFA-111009/LUFA/Drivers/USB/Core/AVR8/../AVR8/../AVR8/Endpoint_AVR8.h **** 			static inline bool Endpoint_IsReadWriteAllowed(void) ATTR_WARN_UNUSED_RESULT ATTR_ALWAYS_INLINE;
 418:../lufa-LUFA-111009/LUFA/Drivers/USB/Core/AVR8/../AVR8/../AVR8/Endpoint_AVR8.h **** 			static inline bool Endpoint_IsReadWriteAllowed(void)
  95               		.loc 2 418 23 view .LVU15
  96               	.LBB257:
 419:../lufa-LUFA-111009/LUFA/Drivers/USB/Core/AVR8/../AVR8/../AVR8/Endpoint_AVR8.h **** 			{
 420:../lufa-LUFA-111009/LUFA/Drivers/USB/Core/AVR8/../AVR8/../AVR8/Endpoint_AVR8.h **** 				return ((UEINTX & (1 << RWAL)) ? true : false);
  97               		.loc 2 420 5 view .LVU16
  98               		.loc 2 420 14 is_stmt 0 view .LVU17
  99 0034 8091 E800 		lds r24,232
 100               	.LBE257:
 101               	.LBE256:
 102               		.loc 1 53 6 view .LVU18
 103 0038 85FD      		sbrc r24,5
 104 003a 00C0      		rjmp .L5
  54:../lufa-LUFA-111009/LUFA/Drivers/USB/Core/AVR8/EndpointStream_AVR8.c **** 		{
  55:../lufa-LUFA-111009/LUFA/Drivers/USB/Core/AVR8/EndpointStream_AVR8.c **** 			Endpoint_ClearOUT();
 105               		.loc 1 55 4 is_stmt 1 view .LVU19
 106               	.LBB258:
 107               	.LBI258:
 421:../lufa-LUFA-111009/LUFA/Drivers/USB/Core/AVR8/../AVR8/../AVR8/Endpoint_AVR8.h **** 			}
 422:../lufa-LUFA-111009/LUFA/Drivers/USB/Core/AVR8/../AVR8/../AVR8/Endpoint_AVR8.h **** 
 423:../lufa-LUFA-111009/LUFA/Drivers/USB/Core/AVR8/../AVR8/../AVR8/Endpoint_AVR8.h **** 			/** Determines if the currently selected endpoint is configured.
 424:../lufa-LUFA-111009/LUFA/Drivers/USB/Core/AVR8/../AVR8/../AVR8/Endpoint_AVR8.h **** 			 *
 425:../lufa-LUFA-111009/LUFA/Drivers/USB/Core/AVR8/../AVR8/../AVR8/Endpoint_AVR8.h **** 			 *  \return Boolean \c true if the currently selected endpoint has been configured, \c false oth
 426:../lufa-LUFA-111009/LUFA/Drivers/USB/Core/AVR8/../AVR8/../AVR8/Endpoint_AVR8.h **** 			 */
 427:../lufa-LUFA-111009/LUFA/Drivers/USB/Core/AVR8/../AVR8/../AVR8/Endpoint_AVR8.h **** 			static inline bool Endpoint_IsConfigured(void) ATTR_WARN_UNUSED_RESULT ATTR_ALWAYS_INLINE;
 428:../lufa-LUFA-111009/LUFA/Drivers/USB/Core/AVR8/../AVR8/../AVR8/Endpoint_AVR8.h **** 			static inline bool Endpoint_IsConfigured(void)
 429:../lufa-LUFA-111009/LUFA/Drivers/USB/Core/AVR8/../AVR8/../AVR8/Endpoint_AVR8.h **** 			{
 430:../lufa-LUFA-111009/LUFA/Drivers/USB/Core/AVR8/../AVR8/../AVR8/Endpoint_AVR8.h **** 				return ((UESTA0X & (1 << CFGOK)) ? true : false);
 431:../lufa-LUFA-111009/LUFA/Drivers/USB/Core/AVR8/../AVR8/../AVR8/Endpoint_AVR8.h **** 			}
 432:../lufa-LUFA-111009/LUFA/Drivers/USB/Core/AVR8/../AVR8/../AVR8/Endpoint_AVR8.h **** 
 433:../lufa-LUFA-111009/LUFA/Drivers/USB/Core/AVR8/../AVR8/../AVR8/Endpoint_AVR8.h **** 			/** Returns a mask indicating which INTERRUPT type endpoints have interrupted - i.e. their
 434:../lufa-LUFA-111009/LUFA/Drivers/USB/Core/AVR8/../AVR8/../AVR8/Endpoint_AVR8.h **** 			 *  interrupt duration has elapsed. Which endpoints have interrupted can be determined by
 435:../lufa-LUFA-111009/LUFA/Drivers/USB/Core/AVR8/../AVR8/../AVR8/Endpoint_AVR8.h **** 			 *  masking the return value against <tt>(1 << <i>{Endpoint Number}</i>)</tt>.
 436:../lufa-LUFA-111009/LUFA/Drivers/USB/Core/AVR8/../AVR8/../AVR8/Endpoint_AVR8.h **** 			 *
 437:../lufa-LUFA-111009/LUFA/Drivers/USB/Core/AVR8/../AVR8/../AVR8/Endpoint_AVR8.h **** 			 *  \return Mask whose bits indicate which endpoints have interrupted.
 438:../lufa-LUFA-111009/LUFA/Drivers/USB/Core/AVR8/../AVR8/../AVR8/Endpoint_AVR8.h **** 			 */
 439:../lufa-LUFA-111009/LUFA/Drivers/USB/Core/AVR8/../AVR8/../AVR8/Endpoint_AVR8.h **** 			static inline uint8_t Endpoint_GetEndpointInterrupts(void) ATTR_WARN_UNUSED_RESULT ATTR_ALWAYS_I
 440:../lufa-LUFA-111009/LUFA/Drivers/USB/Core/AVR8/../AVR8/../AVR8/Endpoint_AVR8.h **** 			static inline uint8_t Endpoint_GetEndpointInterrupts(void)
 441:../lufa-LUFA-111009/LUFA/Drivers/USB/Core/AVR8/../AVR8/../AVR8/Endpoint_AVR8.h **** 			{
 442:../lufa-LUFA-111009/LUFA/Drivers/USB/Core/AVR8/../AVR8/../AVR8/Endpoint_AVR8.h **** 				return UEINT;
 443:../lufa-LUFA-111009/LUFA/Drivers/USB/Core/AVR8/../AVR8/../AVR8/Endpoint_AVR8.h **** 			}
 444:../lufa-LUFA-111009/LUFA/Drivers/USB/Core/AVR8/../AVR8/../AVR8/Endpoint_AVR8.h **** 
 445:../lufa-LUFA-111009/LUFA/Drivers/USB/Core/AVR8/../AVR8/../AVR8/Endpoint_AVR8.h **** 			/** Determines if the specified endpoint number has interrupted (valid only for INTERRUPT type
 446:../lufa-LUFA-111009/LUFA/Drivers/USB/Core/AVR8/../AVR8/../AVR8/Endpoint_AVR8.h **** 			 *  endpoints).
 447:../lufa-LUFA-111009/LUFA/Drivers/USB/Core/AVR8/../AVR8/../AVR8/Endpoint_AVR8.h **** 			 *
 448:../lufa-LUFA-111009/LUFA/Drivers/USB/Core/AVR8/../AVR8/../AVR8/Endpoint_AVR8.h **** 			 *  \param[in] EndpointNumber  Index of the endpoint whose interrupt flag should be tested.
 449:../lufa-LUFA-111009/LUFA/Drivers/USB/Core/AVR8/../AVR8/../AVR8/Endpoint_AVR8.h **** 			 *
 450:../lufa-LUFA-111009/LUFA/Drivers/USB/Core/AVR8/../AVR8/../AVR8/Endpoint_AVR8.h **** 			 *  \return Boolean \c true if the specified endpoint has interrupted, \c false otherwise.
 451:../lufa-LUFA-111009/LUFA/Drivers/USB/Core/AVR8/../AVR8/../AVR8/Endpoint_AVR8.h **** 			 */
 452:../lufa-LUFA-111009/LUFA/Drivers/USB/Core/AVR8/../AVR8/../AVR8/Endpoint_AVR8.h **** 			static inline bool Endpoint_HasEndpointInterrupted(const uint8_t EndpointNumber) ATTR_WARN_UNUSE
 453:../lufa-LUFA-111009/LUFA/Drivers/USB/Core/AVR8/../AVR8/../AVR8/Endpoint_AVR8.h **** 			static inline bool Endpoint_HasEndpointInterrupted(const uint8_t EndpointNumber)
 454:../lufa-LUFA-111009/LUFA/Drivers/USB/Core/AVR8/../AVR8/../AVR8/Endpoint_AVR8.h **** 			{
 455:../lufa-LUFA-111009/LUFA/Drivers/USB/Core/AVR8/../AVR8/../AVR8/Endpoint_AVR8.h **** 				return ((Endpoint_GetEndpointInterrupts() & (1 << EndpointNumber)) ? true : false);
 456:../lufa-LUFA-111009/LUFA/Drivers/USB/Core/AVR8/../AVR8/../AVR8/Endpoint_AVR8.h **** 			}
 457:../lufa-LUFA-111009/LUFA/Drivers/USB/Core/AVR8/../AVR8/../AVR8/Endpoint_AVR8.h **** 
 458:../lufa-LUFA-111009/LUFA/Drivers/USB/Core/AVR8/../AVR8/../AVR8/Endpoint_AVR8.h **** 			/** Determines if the selected IN endpoint is ready for a new packet to be sent to the host.
 459:../lufa-LUFA-111009/LUFA/Drivers/USB/Core/AVR8/../AVR8/../AVR8/Endpoint_AVR8.h **** 			 *
 460:../lufa-LUFA-111009/LUFA/Drivers/USB/Core/AVR8/../AVR8/../AVR8/Endpoint_AVR8.h **** 			 *  \ingroup Group_EndpointPacketManagement_AVR8
 461:../lufa-LUFA-111009/LUFA/Drivers/USB/Core/AVR8/../AVR8/../AVR8/Endpoint_AVR8.h **** 			 *
 462:../lufa-LUFA-111009/LUFA/Drivers/USB/Core/AVR8/../AVR8/../AVR8/Endpoint_AVR8.h **** 			 *  \return Boolean \c true if the current endpoint is ready for an IN packet, \c false otherwis
 463:../lufa-LUFA-111009/LUFA/Drivers/USB/Core/AVR8/../AVR8/../AVR8/Endpoint_AVR8.h **** 			 */
 464:../lufa-LUFA-111009/LUFA/Drivers/USB/Core/AVR8/../AVR8/../AVR8/Endpoint_AVR8.h **** 			static inline bool Endpoint_IsINReady(void) ATTR_WARN_UNUSED_RESULT ATTR_ALWAYS_INLINE;
 465:../lufa-LUFA-111009/LUFA/Drivers/USB/Core/AVR8/../AVR8/../AVR8/Endpoint_AVR8.h **** 			static inline bool Endpoint_IsINReady(void)
 466:../lufa-LUFA-111009/LUFA/Drivers/USB/Core/AVR8/../AVR8/../AVR8/Endpoint_AVR8.h **** 			{
 467:../lufa-LUFA-111009/LUFA/Drivers/USB/Core/AVR8/../AVR8/../AVR8/Endpoint_AVR8.h **** 				return ((UEINTX & (1 << TXINI)) ? true : false);
 468:../lufa-LUFA-111009/LUFA/Drivers/USB/Core/AVR8/../AVR8/../AVR8/Endpoint_AVR8.h **** 			}
 469:../lufa-LUFA-111009/LUFA/Drivers/USB/Core/AVR8/../AVR8/../AVR8/Endpoint_AVR8.h **** 
 470:../lufa-LUFA-111009/LUFA/Drivers/USB/Core/AVR8/../AVR8/../AVR8/Endpoint_AVR8.h **** 			/** Determines if the selected OUT endpoint has received new packet from the host.
 471:../lufa-LUFA-111009/LUFA/Drivers/USB/Core/AVR8/../AVR8/../AVR8/Endpoint_AVR8.h **** 			 *
 472:../lufa-LUFA-111009/LUFA/Drivers/USB/Core/AVR8/../AVR8/../AVR8/Endpoint_AVR8.h **** 			 *  \ingroup Group_EndpointPacketManagement_AVR8
 473:../lufa-LUFA-111009/LUFA/Drivers/USB/Core/AVR8/../AVR8/../AVR8/Endpoint_AVR8.h **** 			 *
 474:../lufa-LUFA-111009/LUFA/Drivers/USB/Core/AVR8/../AVR8/../AVR8/Endpoint_AVR8.h **** 			 *  \return Boolean \c true if current endpoint is has received an OUT packet, \c false otherwis
 475:../lufa-LUFA-111009/LUFA/Drivers/USB/Core/AVR8/../AVR8/../AVR8/Endpoint_AVR8.h **** 			 */
 476:../lufa-LUFA-111009/LUFA/Drivers/USB/Core/AVR8/../AVR8/../AVR8/Endpoint_AVR8.h **** 			static inline bool Endpoint_IsOUTReceived(void) ATTR_WARN_UNUSED_RESULT ATTR_ALWAYS_INLINE;
 477:../lufa-LUFA-111009/LUFA/Drivers/USB/Core/AVR8/../AVR8/../AVR8/Endpoint_AVR8.h **** 			static inline bool Endpoint_IsOUTReceived(void)
 478:../lufa-LUFA-111009/LUFA/Drivers/USB/Core/AVR8/../AVR8/../AVR8/Endpoint_AVR8.h **** 			{
 479:../lufa-LUFA-111009/LUFA/Drivers/USB/Core/AVR8/../AVR8/../AVR8/Endpoint_AVR8.h **** 				return ((UEINTX & (1 << RXOUTI)) ? true : false);
 480:../lufa-LUFA-111009/LUFA/Drivers/USB/Core/AVR8/../AVR8/../AVR8/Endpoint_AVR8.h **** 			}
 481:../lufa-LUFA-111009/LUFA/Drivers/USB/Core/AVR8/../AVR8/../AVR8/Endpoint_AVR8.h **** 
 482:../lufa-LUFA-111009/LUFA/Drivers/USB/Core/AVR8/../AVR8/../AVR8/Endpoint_AVR8.h **** 			/** Determines if the current CONTROL type endpoint has received a SETUP packet.
 483:../lufa-LUFA-111009/LUFA/Drivers/USB/Core/AVR8/../AVR8/../AVR8/Endpoint_AVR8.h **** 			 *
 484:../lufa-LUFA-111009/LUFA/Drivers/USB/Core/AVR8/../AVR8/../AVR8/Endpoint_AVR8.h **** 			 *  \ingroup Group_EndpointPacketManagement_AVR8
 485:../lufa-LUFA-111009/LUFA/Drivers/USB/Core/AVR8/../AVR8/../AVR8/Endpoint_AVR8.h **** 			 *
 486:../lufa-LUFA-111009/LUFA/Drivers/USB/Core/AVR8/../AVR8/../AVR8/Endpoint_AVR8.h **** 			 *  \return Boolean \c true if the selected endpoint has received a SETUP packet, \c false other
 487:../lufa-LUFA-111009/LUFA/Drivers/USB/Core/AVR8/../AVR8/../AVR8/Endpoint_AVR8.h **** 			 */
 488:../lufa-LUFA-111009/LUFA/Drivers/USB/Core/AVR8/../AVR8/../AVR8/Endpoint_AVR8.h **** 			static inline bool Endpoint_IsSETUPReceived(void) ATTR_WARN_UNUSED_RESULT ATTR_ALWAYS_INLINE;
 489:../lufa-LUFA-111009/LUFA/Drivers/USB/Core/AVR8/../AVR8/../AVR8/Endpoint_AVR8.h **** 			static inline bool Endpoint_IsSETUPReceived(void)
 490:../lufa-LUFA-111009/LUFA/Drivers/USB/Core/AVR8/../AVR8/../AVR8/Endpoint_AVR8.h **** 			{
 491:../lufa-LUFA-111009/LUFA/Drivers/USB/Core/AVR8/../AVR8/../AVR8/Endpoint_AVR8.h **** 				return ((UEINTX & (1 << RXSTPI)) ? true : false);
 492:../lufa-LUFA-111009/LUFA/Drivers/USB/Core/AVR8/../AVR8/../AVR8/Endpoint_AVR8.h **** 			}
 493:../lufa-LUFA-111009/LUFA/Drivers/USB/Core/AVR8/../AVR8/../AVR8/Endpoint_AVR8.h **** 
 494:../lufa-LUFA-111009/LUFA/Drivers/USB/Core/AVR8/../AVR8/../AVR8/Endpoint_AVR8.h **** 			/** Clears a received SETUP packet on the currently selected CONTROL type endpoint, freeing up t
 495:../lufa-LUFA-111009/LUFA/Drivers/USB/Core/AVR8/../AVR8/../AVR8/Endpoint_AVR8.h **** 			 *  endpoint for the next packet.
 496:../lufa-LUFA-111009/LUFA/Drivers/USB/Core/AVR8/../AVR8/../AVR8/Endpoint_AVR8.h **** 			 *
 497:../lufa-LUFA-111009/LUFA/Drivers/USB/Core/AVR8/../AVR8/../AVR8/Endpoint_AVR8.h **** 			 *  \ingroup Group_EndpointPacketManagement_AVR8
 498:../lufa-LUFA-111009/LUFA/Drivers/USB/Core/AVR8/../AVR8/../AVR8/Endpoint_AVR8.h **** 			 *
 499:../lufa-LUFA-111009/LUFA/Drivers/USB/Core/AVR8/../AVR8/../AVR8/Endpoint_AVR8.h **** 			 *  \note This is not applicable for non CONTROL type endpoints.
 500:../lufa-LUFA-111009/LUFA/Drivers/USB/Core/AVR8/../AVR8/../AVR8/Endpoint_AVR8.h **** 			 */
 501:../lufa-LUFA-111009/LUFA/Drivers/USB/Core/AVR8/../AVR8/../AVR8/Endpoint_AVR8.h **** 			static inline void Endpoint_ClearSETUP(void) ATTR_ALWAYS_INLINE;
 502:../lufa-LUFA-111009/LUFA/Drivers/USB/Core/AVR8/../AVR8/../AVR8/Endpoint_AVR8.h **** 			static inline void Endpoint_ClearSETUP(void)
 503:../lufa-LUFA-111009/LUFA/Drivers/USB/Core/AVR8/../AVR8/../AVR8/Endpoint_AVR8.h **** 			{
 504:../lufa-LUFA-111009/LUFA/Drivers/USB/Core/AVR8/../AVR8/../AVR8/Endpoint_AVR8.h **** 				UEINTX &= ~(1 << RXSTPI);
 505:../lufa-LUFA-111009/LUFA/Drivers/USB/Core/AVR8/../AVR8/../AVR8/Endpoint_AVR8.h **** 			}
 506:../lufa-LUFA-111009/LUFA/Drivers/USB/Core/AVR8/../AVR8/../AVR8/Endpoint_AVR8.h **** 
 507:../lufa-LUFA-111009/LUFA/Drivers/USB/Core/AVR8/../AVR8/../AVR8/Endpoint_AVR8.h **** 			/** Sends an IN packet to the host on the currently selected endpoint, freeing up the endpoint f
 508:../lufa-LUFA-111009/LUFA/Drivers/USB/Core/AVR8/../AVR8/../AVR8/Endpoint_AVR8.h **** 			 *  next packet and switching to the alternative endpoint bank if double banked.
 509:../lufa-LUFA-111009/LUFA/Drivers/USB/Core/AVR8/../AVR8/../AVR8/Endpoint_AVR8.h **** 			 *
 510:../lufa-LUFA-111009/LUFA/Drivers/USB/Core/AVR8/../AVR8/../AVR8/Endpoint_AVR8.h **** 			 *  \ingroup Group_EndpointPacketManagement_AVR8
 511:../lufa-LUFA-111009/LUFA/Drivers/USB/Core/AVR8/../AVR8/../AVR8/Endpoint_AVR8.h **** 			 */
 512:../lufa-LUFA-111009/LUFA/Drivers/USB/Core/AVR8/../AVR8/../AVR8/Endpoint_AVR8.h **** 			static inline void Endpoint_ClearIN(void) ATTR_ALWAYS_INLINE;
 513:../lufa-LUFA-111009/LUFA/Drivers/USB/Core/AVR8/../AVR8/../AVR8/Endpoint_AVR8.h **** 			static inline void Endpoint_ClearIN(void)
 514:../lufa-LUFA-111009/LUFA/Drivers/USB/Core/AVR8/../AVR8/../AVR8/Endpoint_AVR8.h **** 			{
 515:../lufa-LUFA-111009/LUFA/Drivers/USB/Core/AVR8/../AVR8/../AVR8/Endpoint_AVR8.h **** 				#if !defined(CONTROL_ONLY_DEVICE)
 516:../lufa-LUFA-111009/LUFA/Drivers/USB/Core/AVR8/../AVR8/../AVR8/Endpoint_AVR8.h **** 					UEINTX &= ~((1 << TXINI) | (1 << FIFOCON));
 517:../lufa-LUFA-111009/LUFA/Drivers/USB/Core/AVR8/../AVR8/../AVR8/Endpoint_AVR8.h **** 				#else
 518:../lufa-LUFA-111009/LUFA/Drivers/USB/Core/AVR8/../AVR8/../AVR8/Endpoint_AVR8.h **** 					UEINTX &= ~(1 << TXINI);
 519:../lufa-LUFA-111009/LUFA/Drivers/USB/Core/AVR8/../AVR8/../AVR8/Endpoint_AVR8.h **** 				#endif
 520:../lufa-LUFA-111009/LUFA/Drivers/USB/Core/AVR8/../AVR8/../AVR8/Endpoint_AVR8.h **** 			}
 521:../lufa-LUFA-111009/LUFA/Drivers/USB/Core/AVR8/../AVR8/../AVR8/Endpoint_AVR8.h **** 
 522:../lufa-LUFA-111009/LUFA/Drivers/USB/Core/AVR8/../AVR8/../AVR8/Endpoint_AVR8.h **** 			/** Acknowledges an OUT packet to the host on the currently selected endpoint, freeing up the en
 523:../lufa-LUFA-111009/LUFA/Drivers/USB/Core/AVR8/../AVR8/../AVR8/Endpoint_AVR8.h **** 			 *  for the next packet and switching to the alternative endpoint bank if double banked.
 524:../lufa-LUFA-111009/LUFA/Drivers/USB/Core/AVR8/../AVR8/../AVR8/Endpoint_AVR8.h **** 			 *
 525:../lufa-LUFA-111009/LUFA/Drivers/USB/Core/AVR8/../AVR8/../AVR8/Endpoint_AVR8.h **** 			 *  \ingroup Group_EndpointPacketManagement_AVR8
 526:../lufa-LUFA-111009/LUFA/Drivers/USB/Core/AVR8/../AVR8/../AVR8/Endpoint_AVR8.h **** 			 */
 527:../lufa-LUFA-111009/LUFA/Drivers/USB/Core/AVR8/../AVR8/../AVR8/Endpoint_AVR8.h **** 			static inline void Endpoint_ClearOUT(void) ATTR_ALWAYS_INLINE;
 528:../lufa-LUFA-111009/LUFA/Drivers/USB/Core/AVR8/../AVR8/../AVR8/Endpoint_AVR8.h **** 			static inline void Endpoint_ClearOUT(void)
 108               		.loc 2 528 23 view .LVU20
 109               	.LBB259:
 529:../lufa-LUFA-111009/LUFA/Drivers/USB/Core/AVR8/../AVR8/../AVR8/Endpoint_AVR8.h **** 			{
 530:../lufa-LUFA-111009/LUFA/Drivers/USB/Core/AVR8/../AVR8/../AVR8/Endpoint_AVR8.h **** 				#if !defined(CONTROL_ONLY_DEVICE)
 531:../lufa-LUFA-111009/LUFA/Drivers/USB/Core/AVR8/../AVR8/../AVR8/Endpoint_AVR8.h **** 					UEINTX &= ~((1 << RXOUTI) | (1 << FIFOCON));
 110               		.loc 2 531 6 view .LVU21
 111               		.loc 2 531 13 is_stmt 0 view .LVU22
 112 003c 8091 E800 		lds r24,232
 113 0040 8B77      		andi r24,lo8(123)
 114 0042 8093 E800 		sts 232,r24
 115               	.LBE259:
 116               	.LBE258:
  56:../lufa-LUFA-111009/LUFA/Drivers/USB/Core/AVR8/EndpointStream_AVR8.c **** 
  57:../lufa-LUFA-111009/LUFA/Drivers/USB/Core/AVR8/EndpointStream_AVR8.c **** 			if (BytesProcessed != NULL)
 117               		.loc 1 57 4 is_stmt 1 view .LVU23
 118               		.loc 1 57 7 is_stmt 0 view .LVU24
 119 0046 0115      		cp r16,__zero_reg__
 120 0048 1105      		cpc r17,__zero_reg__
 121 004a 01F0      		breq .L6
  58:../lufa-LUFA-111009/LUFA/Drivers/USB/Core/AVR8/EndpointStream_AVR8.c **** 			{
  59:../lufa-LUFA-111009/LUFA/Drivers/USB/Core/AVR8/EndpointStream_AVR8.c **** 				*BytesProcessed += BytesInTransfer;
 122               		.loc 1 59 5 is_stmt 1 view .LVU25
 123               		.loc 1 59 21 is_stmt 0 view .LVU26
 124 004c F801      		movw r30,r16
 125 004e 8081      		ld r24,Z
 126 0050 9181      		ldd r25,Z+1
 127 0052 8C0D      		add r24,r12
 128 0054 9D1D      		adc r25,r13
 129 0056 9183      		std Z+1,r25
 130 0058 8083      		st Z,r24
  60:../lufa-LUFA-111009/LUFA/Drivers/USB/Core/AVR8/EndpointStream_AVR8.c **** 				return ENDPOINT_RWSTREAM_IncompleteTransfer;
 131               		.loc 1 60 5 is_stmt 1 view .LVU27
 132               		.loc 1 60 12 is_stmt 0 view .LVU28
 133 005a 85E0      		ldi r24,lo8(5)
 134 005c F82E      		mov r15,r24
 135               	.L1:
  61:../lufa-LUFA-111009/LUFA/Drivers/USB/Core/AVR8/EndpointStream_AVR8.c **** 			}
  62:../lufa-LUFA-111009/LUFA/Drivers/USB/Core/AVR8/EndpointStream_AVR8.c **** 
  63:../lufa-LUFA-111009/LUFA/Drivers/USB/Core/AVR8/EndpointStream_AVR8.c **** 			if ((ErrorCode = Endpoint_WaitUntilReady()))
  64:../lufa-LUFA-111009/LUFA/Drivers/USB/Core/AVR8/EndpointStream_AVR8.c **** 			  return ErrorCode;
  65:../lufa-LUFA-111009/LUFA/Drivers/USB/Core/AVR8/EndpointStream_AVR8.c **** 		}
  66:../lufa-LUFA-111009/LUFA/Drivers/USB/Core/AVR8/EndpointStream_AVR8.c **** 		else
  67:../lufa-LUFA-111009/LUFA/Drivers/USB/Core/AVR8/EndpointStream_AVR8.c **** 		{
  68:../lufa-LUFA-111009/LUFA/Drivers/USB/Core/AVR8/EndpointStream_AVR8.c **** 			Endpoint_Discard_8();
  69:../lufa-LUFA-111009/LUFA/Drivers/USB/Core/AVR8/EndpointStream_AVR8.c **** 
  70:../lufa-LUFA-111009/LUFA/Drivers/USB/Core/AVR8/EndpointStream_AVR8.c **** 			Length--;
  71:../lufa-LUFA-111009/LUFA/Drivers/USB/Core/AVR8/EndpointStream_AVR8.c **** 			BytesInTransfer++;
  72:../lufa-LUFA-111009/LUFA/Drivers/USB/Core/AVR8/EndpointStream_AVR8.c **** 		}
  73:../lufa-LUFA-111009/LUFA/Drivers/USB/Core/AVR8/EndpointStream_AVR8.c **** 	}
  74:../lufa-LUFA-111009/LUFA/Drivers/USB/Core/AVR8/EndpointStream_AVR8.c **** 	
  75:../lufa-LUFA-111009/LUFA/Drivers/USB/Core/AVR8/EndpointStream_AVR8.c **** 	return ENDPOINT_RWSTREAM_NoError;
  76:../lufa-LUFA-111009/LUFA/Drivers/USB/Core/AVR8/EndpointStream_AVR8.c **** }
 136               		.loc 1 76 1 view .LVU29
 137 005e 8F2D      		mov r24,r15
 138               	/* epilogue start */
 139 0060 DF91      		pop r29
 140 0062 CF91      		pop r28
 141 0064 1F91      		pop r17
 142 0066 0F91      		pop r16
 143               	.LVL7:
 144               		.loc 1 76 1 view .LVU30
 145 0068 FF90      		pop r15
 146 006a DF90      		pop r13
 147 006c CF90      		pop r12
 148 006e 0895      		ret
 149               	.LVL8:
 150               	.L6:
  63:../lufa-LUFA-111009/LUFA/Drivers/USB/Core/AVR8/EndpointStream_AVR8.c **** 			  return ErrorCode;
 151               		.loc 1 63 4 is_stmt 1 view .LVU31
  63:../lufa-LUFA-111009/LUFA/Drivers/USB/Core/AVR8/EndpointStream_AVR8.c **** 			  return ErrorCode;
 152               		.loc 1 63 21 is_stmt 0 view .LVU32
 153 0070 0E94 0000 		call Endpoint_WaitUntilReady
 154               	.LVL9:
  63:../lufa-LUFA-111009/LUFA/Drivers/USB/Core/AVR8/EndpointStream_AVR8.c **** 			  return ErrorCode;
 155               		.loc 1 63 7 view .LVU33
 156 0074 8115      		cp r24, __zero_reg__
 157 0076 01F0      		breq .L7
  64:../lufa-LUFA-111009/LUFA/Drivers/USB/Core/AVR8/EndpointStream_AVR8.c **** 		}
 158               		.loc 1 64 13 view .LVU34
 159 0078 F82E      		mov r15,r24
 160 007a 00C0      		rjmp .L1
 161               	.LVL10:
 162               	.L5:
  68:../lufa-LUFA-111009/LUFA/Drivers/USB/Core/AVR8/EndpointStream_AVR8.c **** 
 163               		.loc 1 68 4 is_stmt 1 view .LVU35
 164               	.LBB260:
 165               	.LBI260:
 532:../lufa-LUFA-111009/LUFA/Drivers/USB/Core/AVR8/../AVR8/../AVR8/Endpoint_AVR8.h **** 				#else
 533:../lufa-LUFA-111009/LUFA/Drivers/USB/Core/AVR8/../AVR8/../AVR8/Endpoint_AVR8.h **** 					UEINTX &= ~(1 << RXOUTI);
 534:../lufa-LUFA-111009/LUFA/Drivers/USB/Core/AVR8/../AVR8/../AVR8/Endpoint_AVR8.h **** 				#endif
 535:../lufa-LUFA-111009/LUFA/Drivers/USB/Core/AVR8/../AVR8/../AVR8/Endpoint_AVR8.h **** 			}
 536:../lufa-LUFA-111009/LUFA/Drivers/USB/Core/AVR8/../AVR8/../AVR8/Endpoint_AVR8.h **** 
 537:../lufa-LUFA-111009/LUFA/Drivers/USB/Core/AVR8/../AVR8/../AVR8/Endpoint_AVR8.h **** 			/** Stalls the current endpoint, indicating to the host that a logical problem occurred with the
 538:../lufa-LUFA-111009/LUFA/Drivers/USB/Core/AVR8/../AVR8/../AVR8/Endpoint_AVR8.h **** 			 *  indicated endpoint and that the current transfer sequence should be aborted. This provides a
 539:../lufa-LUFA-111009/LUFA/Drivers/USB/Core/AVR8/../AVR8/../AVR8/Endpoint_AVR8.h **** 			 *  way for devices to indicate invalid commands to the host so that the current transfer can be
 540:../lufa-LUFA-111009/LUFA/Drivers/USB/Core/AVR8/../AVR8/../AVR8/Endpoint_AVR8.h **** 			 *  aborted and the host can begin its own recovery sequence.
 541:../lufa-LUFA-111009/LUFA/Drivers/USB/Core/AVR8/../AVR8/../AVR8/Endpoint_AVR8.h **** 			 *
 542:../lufa-LUFA-111009/LUFA/Drivers/USB/Core/AVR8/../AVR8/../AVR8/Endpoint_AVR8.h **** 			 *  The currently selected endpoint remains stalled until either the \ref Endpoint_ClearStall() 
 543:../lufa-LUFA-111009/LUFA/Drivers/USB/Core/AVR8/../AVR8/../AVR8/Endpoint_AVR8.h **** 			 *  is called, or the host issues a CLEAR FEATURE request to the device for the currently select
 544:../lufa-LUFA-111009/LUFA/Drivers/USB/Core/AVR8/../AVR8/../AVR8/Endpoint_AVR8.h **** 			 *  endpoint.
 545:../lufa-LUFA-111009/LUFA/Drivers/USB/Core/AVR8/../AVR8/../AVR8/Endpoint_AVR8.h **** 			 *
 546:../lufa-LUFA-111009/LUFA/Drivers/USB/Core/AVR8/../AVR8/../AVR8/Endpoint_AVR8.h **** 			 *  \ingroup Group_EndpointPacketManagement_AVR8
 547:../lufa-LUFA-111009/LUFA/Drivers/USB/Core/AVR8/../AVR8/../AVR8/Endpoint_AVR8.h **** 			 */
 548:../lufa-LUFA-111009/LUFA/Drivers/USB/Core/AVR8/../AVR8/../AVR8/Endpoint_AVR8.h **** 			static inline void Endpoint_StallTransaction(void) ATTR_ALWAYS_INLINE;
 549:../lufa-LUFA-111009/LUFA/Drivers/USB/Core/AVR8/../AVR8/../AVR8/Endpoint_AVR8.h **** 			static inline void Endpoint_StallTransaction(void)
 550:../lufa-LUFA-111009/LUFA/Drivers/USB/Core/AVR8/../AVR8/../AVR8/Endpoint_AVR8.h **** 			{
 551:../lufa-LUFA-111009/LUFA/Drivers/USB/Core/AVR8/../AVR8/../AVR8/Endpoint_AVR8.h **** 				UECONX |= (1 << STALLRQ);
 552:../lufa-LUFA-111009/LUFA/Drivers/USB/Core/AVR8/../AVR8/../AVR8/Endpoint_AVR8.h **** 			}
 553:../lufa-LUFA-111009/LUFA/Drivers/USB/Core/AVR8/../AVR8/../AVR8/Endpoint_AVR8.h **** 
 554:../lufa-LUFA-111009/LUFA/Drivers/USB/Core/AVR8/../AVR8/../AVR8/Endpoint_AVR8.h **** 			/** Clears the STALL condition on the currently selected endpoint.
 555:../lufa-LUFA-111009/LUFA/Drivers/USB/Core/AVR8/../AVR8/../AVR8/Endpoint_AVR8.h **** 			 *
 556:../lufa-LUFA-111009/LUFA/Drivers/USB/Core/AVR8/../AVR8/../AVR8/Endpoint_AVR8.h **** 			 *  \ingroup Group_EndpointPacketManagement_AVR8
 557:../lufa-LUFA-111009/LUFA/Drivers/USB/Core/AVR8/../AVR8/../AVR8/Endpoint_AVR8.h **** 			 */
 558:../lufa-LUFA-111009/LUFA/Drivers/USB/Core/AVR8/../AVR8/../AVR8/Endpoint_AVR8.h **** 			static inline void Endpoint_ClearStall(void) ATTR_ALWAYS_INLINE;
 559:../lufa-LUFA-111009/LUFA/Drivers/USB/Core/AVR8/../AVR8/../AVR8/Endpoint_AVR8.h **** 			static inline void Endpoint_ClearStall(void)
 560:../lufa-LUFA-111009/LUFA/Drivers/USB/Core/AVR8/../AVR8/../AVR8/Endpoint_AVR8.h **** 			{
 561:../lufa-LUFA-111009/LUFA/Drivers/USB/Core/AVR8/../AVR8/../AVR8/Endpoint_AVR8.h **** 				UECONX |= (1 << STALLRQC);
 562:../lufa-LUFA-111009/LUFA/Drivers/USB/Core/AVR8/../AVR8/../AVR8/Endpoint_AVR8.h **** 			}
 563:../lufa-LUFA-111009/LUFA/Drivers/USB/Core/AVR8/../AVR8/../AVR8/Endpoint_AVR8.h **** 
 564:../lufa-LUFA-111009/LUFA/Drivers/USB/Core/AVR8/../AVR8/../AVR8/Endpoint_AVR8.h **** 			/** Determines if the currently selected endpoint is stalled, false otherwise.
 565:../lufa-LUFA-111009/LUFA/Drivers/USB/Core/AVR8/../AVR8/../AVR8/Endpoint_AVR8.h **** 			 *
 566:../lufa-LUFA-111009/LUFA/Drivers/USB/Core/AVR8/../AVR8/../AVR8/Endpoint_AVR8.h **** 			 *  \ingroup Group_EndpointPacketManagement_AVR8
 567:../lufa-LUFA-111009/LUFA/Drivers/USB/Core/AVR8/../AVR8/../AVR8/Endpoint_AVR8.h **** 			 *
 568:../lufa-LUFA-111009/LUFA/Drivers/USB/Core/AVR8/../AVR8/../AVR8/Endpoint_AVR8.h **** 			 *  \return Boolean \c true if the currently selected endpoint is stalled, \c false otherwise.
 569:../lufa-LUFA-111009/LUFA/Drivers/USB/Core/AVR8/../AVR8/../AVR8/Endpoint_AVR8.h **** 			 */
 570:../lufa-LUFA-111009/LUFA/Drivers/USB/Core/AVR8/../AVR8/../AVR8/Endpoint_AVR8.h **** 			static inline bool Endpoint_IsStalled(void) ATTR_WARN_UNUSED_RESULT ATTR_ALWAYS_INLINE;
 571:../lufa-LUFA-111009/LUFA/Drivers/USB/Core/AVR8/../AVR8/../AVR8/Endpoint_AVR8.h **** 			static inline bool Endpoint_IsStalled(void)
 572:../lufa-LUFA-111009/LUFA/Drivers/USB/Core/AVR8/../AVR8/../AVR8/Endpoint_AVR8.h **** 			{
 573:../lufa-LUFA-111009/LUFA/Drivers/USB/Core/AVR8/../AVR8/../AVR8/Endpoint_AVR8.h **** 				return ((UECONX & (1 << STALLRQ)) ? true : false);
 574:../lufa-LUFA-111009/LUFA/Drivers/USB/Core/AVR8/../AVR8/../AVR8/Endpoint_AVR8.h **** 			}
 575:../lufa-LUFA-111009/LUFA/Drivers/USB/Core/AVR8/../AVR8/../AVR8/Endpoint_AVR8.h **** 
 576:../lufa-LUFA-111009/LUFA/Drivers/USB/Core/AVR8/../AVR8/../AVR8/Endpoint_AVR8.h **** 			/** Resets the data toggle of the currently selected endpoint. */
 577:../lufa-LUFA-111009/LUFA/Drivers/USB/Core/AVR8/../AVR8/../AVR8/Endpoint_AVR8.h **** 			static inline void Endpoint_ResetDataToggle(void) ATTR_ALWAYS_INLINE;
 578:../lufa-LUFA-111009/LUFA/Drivers/USB/Core/AVR8/../AVR8/../AVR8/Endpoint_AVR8.h **** 			static inline void Endpoint_ResetDataToggle(void)
 579:../lufa-LUFA-111009/LUFA/Drivers/USB/Core/AVR8/../AVR8/../AVR8/Endpoint_AVR8.h **** 			{
 580:../lufa-LUFA-111009/LUFA/Drivers/USB/Core/AVR8/../AVR8/../AVR8/Endpoint_AVR8.h **** 				UECONX |= (1 << RSTDT);
 581:../lufa-LUFA-111009/LUFA/Drivers/USB/Core/AVR8/../AVR8/../AVR8/Endpoint_AVR8.h **** 			}
 582:../lufa-LUFA-111009/LUFA/Drivers/USB/Core/AVR8/../AVR8/../AVR8/Endpoint_AVR8.h **** 
 583:../lufa-LUFA-111009/LUFA/Drivers/USB/Core/AVR8/../AVR8/../AVR8/Endpoint_AVR8.h **** 			/** Determines the currently selected endpoint's direction.
 584:../lufa-LUFA-111009/LUFA/Drivers/USB/Core/AVR8/../AVR8/../AVR8/Endpoint_AVR8.h **** 			 *
 585:../lufa-LUFA-111009/LUFA/Drivers/USB/Core/AVR8/../AVR8/../AVR8/Endpoint_AVR8.h **** 			 *  \return The currently selected endpoint's direction, as a \c ENDPOINT_DIR_* mask.
 586:../lufa-LUFA-111009/LUFA/Drivers/USB/Core/AVR8/../AVR8/../AVR8/Endpoint_AVR8.h **** 			 */
 587:../lufa-LUFA-111009/LUFA/Drivers/USB/Core/AVR8/../AVR8/../AVR8/Endpoint_AVR8.h **** 			static inline uint8_t Endpoint_GetEndpointDirection(void) ATTR_WARN_UNUSED_RESULT ATTR_ALWAYS_IN
 588:../lufa-LUFA-111009/LUFA/Drivers/USB/Core/AVR8/../AVR8/../AVR8/Endpoint_AVR8.h **** 			static inline uint8_t Endpoint_GetEndpointDirection(void)
 589:../lufa-LUFA-111009/LUFA/Drivers/USB/Core/AVR8/../AVR8/../AVR8/Endpoint_AVR8.h **** 			{
 590:../lufa-LUFA-111009/LUFA/Drivers/USB/Core/AVR8/../AVR8/../AVR8/Endpoint_AVR8.h **** 				return (UECFG0X & (1 << EPDIR)) ? ENDPOINT_DIR_IN : ENDPOINT_DIR_OUT;
 591:../lufa-LUFA-111009/LUFA/Drivers/USB/Core/AVR8/../AVR8/../AVR8/Endpoint_AVR8.h **** 			}
 592:../lufa-LUFA-111009/LUFA/Drivers/USB/Core/AVR8/../AVR8/../AVR8/Endpoint_AVR8.h **** 
 593:../lufa-LUFA-111009/LUFA/Drivers/USB/Core/AVR8/../AVR8/../AVR8/Endpoint_AVR8.h **** 			/** Sets the direction of the currently selected endpoint.
 594:../lufa-LUFA-111009/LUFA/Drivers/USB/Core/AVR8/../AVR8/../AVR8/Endpoint_AVR8.h **** 			 *
 595:../lufa-LUFA-111009/LUFA/Drivers/USB/Core/AVR8/../AVR8/../AVR8/Endpoint_AVR8.h **** 			 *  \param[in] DirectionMask  New endpoint direction, as a \c ENDPOINT_DIR_* mask.
 596:../lufa-LUFA-111009/LUFA/Drivers/USB/Core/AVR8/../AVR8/../AVR8/Endpoint_AVR8.h **** 			 */
 597:../lufa-LUFA-111009/LUFA/Drivers/USB/Core/AVR8/../AVR8/../AVR8/Endpoint_AVR8.h **** 			static inline void Endpoint_SetEndpointDirection(const uint8_t DirectionMask) ATTR_ALWAYS_INLINE
 598:../lufa-LUFA-111009/LUFA/Drivers/USB/Core/AVR8/../AVR8/../AVR8/Endpoint_AVR8.h **** 			static inline void Endpoint_SetEndpointDirection(const uint8_t DirectionMask)
 599:../lufa-LUFA-111009/LUFA/Drivers/USB/Core/AVR8/../AVR8/../AVR8/Endpoint_AVR8.h **** 			{
 600:../lufa-LUFA-111009/LUFA/Drivers/USB/Core/AVR8/../AVR8/../AVR8/Endpoint_AVR8.h **** 				UECFG0X = ((UECFG0X & ~(1 << EPDIR)) | (DirectionMask ? (1 << EPDIR) : 0));
 601:../lufa-LUFA-111009/LUFA/Drivers/USB/Core/AVR8/../AVR8/../AVR8/Endpoint_AVR8.h **** 			}
 602:../lufa-LUFA-111009/LUFA/Drivers/USB/Core/AVR8/../AVR8/../AVR8/Endpoint_AVR8.h **** 
 603:../lufa-LUFA-111009/LUFA/Drivers/USB/Core/AVR8/../AVR8/../AVR8/Endpoint_AVR8.h **** 			/** Reads one byte from the currently selected endpoint's bank, for OUT direction endpoints.
 604:../lufa-LUFA-111009/LUFA/Drivers/USB/Core/AVR8/../AVR8/../AVR8/Endpoint_AVR8.h **** 			 *
 605:../lufa-LUFA-111009/LUFA/Drivers/USB/Core/AVR8/../AVR8/../AVR8/Endpoint_AVR8.h **** 			 *  \ingroup Group_EndpointPrimitiveRW_AVR8
 606:../lufa-LUFA-111009/LUFA/Drivers/USB/Core/AVR8/../AVR8/../AVR8/Endpoint_AVR8.h **** 			 *
 607:../lufa-LUFA-111009/LUFA/Drivers/USB/Core/AVR8/../AVR8/../AVR8/Endpoint_AVR8.h **** 			 *  \return Next byte in the currently selected endpoint's FIFO buffer.
 608:../lufa-LUFA-111009/LUFA/Drivers/USB/Core/AVR8/../AVR8/../AVR8/Endpoint_AVR8.h **** 			 */
 609:../lufa-LUFA-111009/LUFA/Drivers/USB/Core/AVR8/../AVR8/../AVR8/Endpoint_AVR8.h **** 			static inline uint8_t Endpoint_Read_8(void) ATTR_WARN_UNUSED_RESULT ATTR_ALWAYS_INLINE;
 610:../lufa-LUFA-111009/LUFA/Drivers/USB/Core/AVR8/../AVR8/../AVR8/Endpoint_AVR8.h **** 			static inline uint8_t Endpoint_Read_8(void)
 611:../lufa-LUFA-111009/LUFA/Drivers/USB/Core/AVR8/../AVR8/../AVR8/Endpoint_AVR8.h **** 			{
 612:../lufa-LUFA-111009/LUFA/Drivers/USB/Core/AVR8/../AVR8/../AVR8/Endpoint_AVR8.h **** 				return UEDATX;
 613:../lufa-LUFA-111009/LUFA/Drivers/USB/Core/AVR8/../AVR8/../AVR8/Endpoint_AVR8.h **** 			}
 614:../lufa-LUFA-111009/LUFA/Drivers/USB/Core/AVR8/../AVR8/../AVR8/Endpoint_AVR8.h **** 
 615:../lufa-LUFA-111009/LUFA/Drivers/USB/Core/AVR8/../AVR8/../AVR8/Endpoint_AVR8.h **** 			/** Writes one byte to the currently selected endpoint's bank, for IN direction endpoints.
 616:../lufa-LUFA-111009/LUFA/Drivers/USB/Core/AVR8/../AVR8/../AVR8/Endpoint_AVR8.h **** 			 *
 617:../lufa-LUFA-111009/LUFA/Drivers/USB/Core/AVR8/../AVR8/../AVR8/Endpoint_AVR8.h **** 			 *  \ingroup Group_EndpointPrimitiveRW_AVR8
 618:../lufa-LUFA-111009/LUFA/Drivers/USB/Core/AVR8/../AVR8/../AVR8/Endpoint_AVR8.h **** 			 *
 619:../lufa-LUFA-111009/LUFA/Drivers/USB/Core/AVR8/../AVR8/../AVR8/Endpoint_AVR8.h **** 			 *  \param[in] Data  Data to write into the the currently selected endpoint's FIFO buffer.
 620:../lufa-LUFA-111009/LUFA/Drivers/USB/Core/AVR8/../AVR8/../AVR8/Endpoint_AVR8.h **** 			 */
 621:../lufa-LUFA-111009/LUFA/Drivers/USB/Core/AVR8/../AVR8/../AVR8/Endpoint_AVR8.h **** 			static inline void Endpoint_Write_8(const uint8_t Data) ATTR_ALWAYS_INLINE;
 622:../lufa-LUFA-111009/LUFA/Drivers/USB/Core/AVR8/../AVR8/../AVR8/Endpoint_AVR8.h **** 			static inline void Endpoint_Write_8(const uint8_t Data)
 623:../lufa-LUFA-111009/LUFA/Drivers/USB/Core/AVR8/../AVR8/../AVR8/Endpoint_AVR8.h **** 			{
 624:../lufa-LUFA-111009/LUFA/Drivers/USB/Core/AVR8/../AVR8/../AVR8/Endpoint_AVR8.h **** 				UEDATX = Data;
 625:../lufa-LUFA-111009/LUFA/Drivers/USB/Core/AVR8/../AVR8/../AVR8/Endpoint_AVR8.h **** 			}
 626:../lufa-LUFA-111009/LUFA/Drivers/USB/Core/AVR8/../AVR8/../AVR8/Endpoint_AVR8.h **** 
 627:../lufa-LUFA-111009/LUFA/Drivers/USB/Core/AVR8/../AVR8/../AVR8/Endpoint_AVR8.h **** 			/** Discards one byte from the currently selected endpoint's bank, for OUT direction endpoints.
 628:../lufa-LUFA-111009/LUFA/Drivers/USB/Core/AVR8/../AVR8/../AVR8/Endpoint_AVR8.h **** 			 *
 629:../lufa-LUFA-111009/LUFA/Drivers/USB/Core/AVR8/../AVR8/../AVR8/Endpoint_AVR8.h **** 			 *  \ingroup Group_EndpointPrimitiveRW_AVR8
 630:../lufa-LUFA-111009/LUFA/Drivers/USB/Core/AVR8/../AVR8/../AVR8/Endpoint_AVR8.h **** 			 */
 631:../lufa-LUFA-111009/LUFA/Drivers/USB/Core/AVR8/../AVR8/../AVR8/Endpoint_AVR8.h **** 			static inline void Endpoint_Discard_8(void) ATTR_ALWAYS_INLINE;
 632:../lufa-LUFA-111009/LUFA/Drivers/USB/Core/AVR8/../AVR8/../AVR8/Endpoint_AVR8.h **** 			static inline void Endpoint_Discard_8(void)
 166               		.loc 2 632 23 view .LVU36
 167               	.LBB261:
 633:../lufa-LUFA-111009/LUFA/Drivers/USB/Core/AVR8/../AVR8/../AVR8/Endpoint_AVR8.h **** 			{
 634:../lufa-LUFA-111009/LUFA/Drivers/USB/Core/AVR8/../AVR8/../AVR8/Endpoint_AVR8.h **** 				uint8_t Dummy;
 168               		.loc 2 634 5 view .LVU37
 635:../lufa-LUFA-111009/LUFA/Drivers/USB/Core/AVR8/../AVR8/../AVR8/Endpoint_AVR8.h **** 
 636:../lufa-LUFA-111009/LUFA/Drivers/USB/Core/AVR8/../AVR8/../AVR8/Endpoint_AVR8.h **** 				Dummy = UEDATX;
 169               		.loc 2 636 5 view .LVU38
 170               		.loc 2 636 11 is_stmt 0 view .LVU39
 171 007c 8091 F100 		lds r24,241
 637:../lufa-LUFA-111009/LUFA/Drivers/USB/Core/AVR8/../AVR8/../AVR8/Endpoint_AVR8.h **** 
 638:../lufa-LUFA-111009/LUFA/Drivers/USB/Core/AVR8/../AVR8/../AVR8/Endpoint_AVR8.h **** 				(void)Dummy;
 172               		.loc 2 638 5 is_stmt 1 view .LVU40
 173               	.LBE261:
 174               	.LBE260:
  70:../lufa-LUFA-111009/LUFA/Drivers/USB/Core/AVR8/EndpointStream_AVR8.c **** 			BytesInTransfer++;
 175               		.loc 1 70 4 view .LVU41
  70:../lufa-LUFA-111009/LUFA/Drivers/USB/Core/AVR8/EndpointStream_AVR8.c **** 			BytesInTransfer++;
 176               		.loc 1 70 10 is_stmt 0 view .LVU42
 177 0080 2197      		sbiw r28,1
 178               	.LVL11:
  71:../lufa-LUFA-111009/LUFA/Drivers/USB/Core/AVR8/EndpointStream_AVR8.c **** 		}
 179               		.loc 1 71 4 is_stmt 1 view .LVU43
  71:../lufa-LUFA-111009/LUFA/Drivers/USB/Core/AVR8/EndpointStream_AVR8.c **** 		}
 180               		.loc 1 71 19 is_stmt 0 view .LVU44
 181 0082 FFEF      		ldi r31,-1
 182 0084 CF1A      		sub r12,r31
 183 0086 DF0A      		sbc r13,r31
 184               	.LVL12:
  71:../lufa-LUFA-111009/LUFA/Drivers/USB/Core/AVR8/EndpointStream_AVR8.c **** 		}
 185               		.loc 1 71 19 view .LVU45
 186 0088 00C0      		rjmp .L4
 187               		.cfi_endproc
 188               	.LFE85:
 190               		.section	.text.Endpoint_Null_Stream,"ax",@progbits
 191               	.global	Endpoint_Null_Stream
 193               	Endpoint_Null_Stream:
 194               	.LVL13:
 195               	.LFB86:
  77:../lufa-LUFA-111009/LUFA/Drivers/USB/Core/AVR8/EndpointStream_AVR8.c **** 
  78:../lufa-LUFA-111009/LUFA/Drivers/USB/Core/AVR8/EndpointStream_AVR8.c **** uint8_t Endpoint_Null_Stream(uint16_t Length,
  79:../lufa-LUFA-111009/LUFA/Drivers/USB/Core/AVR8/EndpointStream_AVR8.c ****                              uint16_t* const BytesProcessed)
  80:../lufa-LUFA-111009/LUFA/Drivers/USB/Core/AVR8/EndpointStream_AVR8.c **** {
 196               		.loc 1 80 1 is_stmt 1 view -0
 197               		.cfi_startproc
 198               		.loc 1 80 1 is_stmt 0 view .LVU47
 199 0000 CF92      		push r12
 200               	.LCFI7:
 201               		.cfi_def_cfa_offset 3
 202               		.cfi_offset 12, -2
 203 0002 DF92      		push r13
 204               	.LCFI8:
 205               		.cfi_def_cfa_offset 4
 206               		.cfi_offset 13, -3
 207 0004 FF92      		push r15
 208               	.LCFI9:
 209               		.cfi_def_cfa_offset 5
 210               		.cfi_offset 15, -4
 211 0006 0F93      		push r16
 212               	.LCFI10:
 213               		.cfi_def_cfa_offset 6
 214               		.cfi_offset 16, -5
 215 0008 1F93      		push r17
 216               	.LCFI11:
 217               		.cfi_def_cfa_offset 7
 218               		.cfi_offset 17, -6
 219 000a CF93      		push r28
 220               	.LCFI12:
 221               		.cfi_def_cfa_offset 8
 222               		.cfi_offset 28, -7
 223 000c DF93      		push r29
 224               	.LCFI13:
 225               		.cfi_def_cfa_offset 9
 226               		.cfi_offset 29, -8
 227               	/* prologue: function */
 228               	/* frame size = 0 */
 229               	/* stack size = 7 */
 230               	.L__stack_usage = 7
 231 000e EC01      		movw r28,r24
 232 0010 8B01      		movw r16,r22
  81:../lufa-LUFA-111009/LUFA/Drivers/USB/Core/AVR8/EndpointStream_AVR8.c **** 	uint8_t  ErrorCode;
 233               		.loc 1 81 2 is_stmt 1 view .LVU48
  82:../lufa-LUFA-111009/LUFA/Drivers/USB/Core/AVR8/EndpointStream_AVR8.c **** 	uint16_t BytesInTransfer = 0;
 234               		.loc 1 82 2 view .LVU49
 235               	.LVL14:
  83:../lufa-LUFA-111009/LUFA/Drivers/USB/Core/AVR8/EndpointStream_AVR8.c **** 	
  84:../lufa-LUFA-111009/LUFA/Drivers/USB/Core/AVR8/EndpointStream_AVR8.c **** 	if ((ErrorCode = Endpoint_WaitUntilReady()))
 236               		.loc 1 84 2 view .LVU50
 237               		.loc 1 84 19 is_stmt 0 view .LVU51
 238 0012 0E94 0000 		call Endpoint_WaitUntilReady
 239               	.LVL15:
 240               		.loc 1 84 19 view .LVU52
 241 0016 F82E      		mov r15,r24
 242               	.LVL16:
 243               		.loc 1 84 5 view .LVU53
 244 0018 8111      		cpse r24,__zero_reg__
 245 001a 00C0      		rjmp .L13
  85:../lufa-LUFA-111009/LUFA/Drivers/USB/Core/AVR8/EndpointStream_AVR8.c **** 	  return ErrorCode;
  86:../lufa-LUFA-111009/LUFA/Drivers/USB/Core/AVR8/EndpointStream_AVR8.c **** 	  
  87:../lufa-LUFA-111009/LUFA/Drivers/USB/Core/AVR8/EndpointStream_AVR8.c **** 	if (BytesProcessed != NULL)
 246               		.loc 1 87 2 is_stmt 1 view .LVU54
 247               		.loc 1 87 5 is_stmt 0 view .LVU55
 248 001c 0115      		cp r16,__zero_reg__
 249 001e 1105      		cpc r17,__zero_reg__
 250 0020 01F0      		breq .L15
  88:../lufa-LUFA-111009/LUFA/Drivers/USB/Core/AVR8/EndpointStream_AVR8.c **** 	  Length -= *BytesProcessed;
 251               		.loc 1 88 4 is_stmt 1 view .LVU56
 252               		.loc 1 88 11 is_stmt 0 view .LVU57
 253 0022 F801      		movw r30,r16
 254 0024 8081      		ld r24,Z
 255 0026 9181      		ldd r25,Z+1
 256 0028 C81B      		sub r28,r24
 257 002a D90B      		sbc r29,r25
 258               	.LVL17:
 259               	.L15:
  80:../lufa-LUFA-111009/LUFA/Drivers/USB/Core/AVR8/EndpointStream_AVR8.c **** 	uint8_t  ErrorCode;
 260               		.loc 1 80 1 view .LVU58
 261 002c C12C      		mov r12,__zero_reg__
 262 002e D12C      		mov r13,__zero_reg__
 263               	.LVL18:
 264               	.L16:
  89:../lufa-LUFA-111009/LUFA/Drivers/USB/Core/AVR8/EndpointStream_AVR8.c **** 
  90:../lufa-LUFA-111009/LUFA/Drivers/USB/Core/AVR8/EndpointStream_AVR8.c **** 	while (Length)
 265               		.loc 1 90 9 is_stmt 1 view .LVU59
 266 0030 2097      		sbiw r28,0
 267 0032 01F0      		breq .L13
 268               	.LVL19:
 269               	.L19:
  91:../lufa-LUFA-111009/LUFA/Drivers/USB/Core/AVR8/EndpointStream_AVR8.c **** 	{
  92:../lufa-LUFA-111009/LUFA/Drivers/USB/Core/AVR8/EndpointStream_AVR8.c **** 		if (!(Endpoint_IsReadWriteAllowed()))
 270               		.loc 1 92 3 view .LVU60
 271               	.LBB262:
 272               	.LBI262:
 418:../lufa-LUFA-111009/LUFA/Drivers/USB/Core/AVR8/../AVR8/../AVR8/Endpoint_AVR8.h **** 			{
 273               		.loc 2 418 23 view .LVU61
 274               	.LBB263:
 420:../lufa-LUFA-111009/LUFA/Drivers/USB/Core/AVR8/../AVR8/../AVR8/Endpoint_AVR8.h **** 			}
 275               		.loc 2 420 5 view .LVU62
 420:../lufa-LUFA-111009/LUFA/Drivers/USB/Core/AVR8/../AVR8/../AVR8/Endpoint_AVR8.h **** 			}
 276               		.loc 2 420 14 is_stmt 0 view .LVU63
 277 0034 8091 E800 		lds r24,232
 278               	.LBE263:
 279               	.LBE262:
 280               		.loc 1 92 6 view .LVU64
 281 0038 85FD      		sbrc r24,5
 282 003a 00C0      		rjmp .L17
  93:../lufa-LUFA-111009/LUFA/Drivers/USB/Core/AVR8/EndpointStream_AVR8.c **** 		{
  94:../lufa-LUFA-111009/LUFA/Drivers/USB/Core/AVR8/EndpointStream_AVR8.c **** 			Endpoint_ClearIN();
 283               		.loc 1 94 4 is_stmt 1 view .LVU65
 284               	.LBB264:
 285               	.LBI264:
 513:../lufa-LUFA-111009/LUFA/Drivers/USB/Core/AVR8/../AVR8/../AVR8/Endpoint_AVR8.h **** 			{
 286               		.loc 2 513 23 view .LVU66
 287               	.LBB265:
 516:../lufa-LUFA-111009/LUFA/Drivers/USB/Core/AVR8/../AVR8/../AVR8/Endpoint_AVR8.h **** 				#else
 288               		.loc 2 516 6 view .LVU67
 516:../lufa-LUFA-111009/LUFA/Drivers/USB/Core/AVR8/../AVR8/../AVR8/Endpoint_AVR8.h **** 				#else
 289               		.loc 2 516 13 is_stmt 0 view .LVU68
 290 003c 8091 E800 		lds r24,232
 291 0040 8E77      		andi r24,lo8(126)
 292 0042 8093 E800 		sts 232,r24
 293               	.LBE265:
 294               	.LBE264:
  95:../lufa-LUFA-111009/LUFA/Drivers/USB/Core/AVR8/EndpointStream_AVR8.c **** 
  96:../lufa-LUFA-111009/LUFA/Drivers/USB/Core/AVR8/EndpointStream_AVR8.c **** 			if (BytesProcessed != NULL)
 295               		.loc 1 96 4 is_stmt 1 view .LVU69
 296               		.loc 1 96 7 is_stmt 0 view .LVU70
 297 0046 0115      		cp r16,__zero_reg__
 298 0048 1105      		cpc r17,__zero_reg__
 299 004a 01F0      		breq .L18
  97:../lufa-LUFA-111009/LUFA/Drivers/USB/Core/AVR8/EndpointStream_AVR8.c **** 			{
  98:../lufa-LUFA-111009/LUFA/Drivers/USB/Core/AVR8/EndpointStream_AVR8.c **** 				*BytesProcessed += BytesInTransfer;
 300               		.loc 1 98 5 is_stmt 1 view .LVU71
 301               		.loc 1 98 21 is_stmt 0 view .LVU72
 302 004c F801      		movw r30,r16
 303 004e 8081      		ld r24,Z
 304 0050 9181      		ldd r25,Z+1
 305 0052 8C0D      		add r24,r12
 306 0054 9D1D      		adc r25,r13
 307 0056 9183      		std Z+1,r25
 308 0058 8083      		st Z,r24
  99:../lufa-LUFA-111009/LUFA/Drivers/USB/Core/AVR8/EndpointStream_AVR8.c **** 				return ENDPOINT_RWSTREAM_IncompleteTransfer;
 309               		.loc 1 99 5 is_stmt 1 view .LVU73
 310               		.loc 1 99 12 is_stmt 0 view .LVU74
 311 005a 85E0      		ldi r24,lo8(5)
 312 005c F82E      		mov r15,r24
 313               	.L13:
 100:../lufa-LUFA-111009/LUFA/Drivers/USB/Core/AVR8/EndpointStream_AVR8.c **** 			}
 101:../lufa-LUFA-111009/LUFA/Drivers/USB/Core/AVR8/EndpointStream_AVR8.c **** 
 102:../lufa-LUFA-111009/LUFA/Drivers/USB/Core/AVR8/EndpointStream_AVR8.c **** 			if ((ErrorCode = Endpoint_WaitUntilReady()))
 103:../lufa-LUFA-111009/LUFA/Drivers/USB/Core/AVR8/EndpointStream_AVR8.c **** 			  return ErrorCode;
 104:../lufa-LUFA-111009/LUFA/Drivers/USB/Core/AVR8/EndpointStream_AVR8.c **** 		}
 105:../lufa-LUFA-111009/LUFA/Drivers/USB/Core/AVR8/EndpointStream_AVR8.c **** 		else
 106:../lufa-LUFA-111009/LUFA/Drivers/USB/Core/AVR8/EndpointStream_AVR8.c **** 		{
 107:../lufa-LUFA-111009/LUFA/Drivers/USB/Core/AVR8/EndpointStream_AVR8.c **** 			Endpoint_Write_8(0);
 108:../lufa-LUFA-111009/LUFA/Drivers/USB/Core/AVR8/EndpointStream_AVR8.c **** 
 109:../lufa-LUFA-111009/LUFA/Drivers/USB/Core/AVR8/EndpointStream_AVR8.c **** 			Length--;
 110:../lufa-LUFA-111009/LUFA/Drivers/USB/Core/AVR8/EndpointStream_AVR8.c **** 			BytesInTransfer++;
 111:../lufa-LUFA-111009/LUFA/Drivers/USB/Core/AVR8/EndpointStream_AVR8.c **** 		}
 112:../lufa-LUFA-111009/LUFA/Drivers/USB/Core/AVR8/EndpointStream_AVR8.c **** 	}
 113:../lufa-LUFA-111009/LUFA/Drivers/USB/Core/AVR8/EndpointStream_AVR8.c **** 	
 114:../lufa-LUFA-111009/LUFA/Drivers/USB/Core/AVR8/EndpointStream_AVR8.c **** 	return ENDPOINT_RWSTREAM_NoError;
 115:../lufa-LUFA-111009/LUFA/Drivers/USB/Core/AVR8/EndpointStream_AVR8.c **** }
 314               		.loc 1 115 1 view .LVU75
 315 005e 8F2D      		mov r24,r15
 316               	/* epilogue start */
 317 0060 DF91      		pop r29
 318 0062 CF91      		pop r28
 319 0064 1F91      		pop r17
 320 0066 0F91      		pop r16
 321               	.LVL20:
 322               		.loc 1 115 1 view .LVU76
 323 0068 FF90      		pop r15
 324 006a DF90      		pop r13
 325 006c CF90      		pop r12
 326 006e 0895      		ret
 327               	.LVL21:
 328               	.L18:
 102:../lufa-LUFA-111009/LUFA/Drivers/USB/Core/AVR8/EndpointStream_AVR8.c **** 			  return ErrorCode;
 329               		.loc 1 102 4 is_stmt 1 view .LVU77
 102:../lufa-LUFA-111009/LUFA/Drivers/USB/Core/AVR8/EndpointStream_AVR8.c **** 			  return ErrorCode;
 330               		.loc 1 102 21 is_stmt 0 view .LVU78
 331 0070 0E94 0000 		call Endpoint_WaitUntilReady
 332               	.LVL22:
 102:../lufa-LUFA-111009/LUFA/Drivers/USB/Core/AVR8/EndpointStream_AVR8.c **** 			  return ErrorCode;
 333               		.loc 1 102 7 view .LVU79
 334 0074 8115      		cp r24, __zero_reg__
 335 0076 01F0      		breq .L19
 103:../lufa-LUFA-111009/LUFA/Drivers/USB/Core/AVR8/EndpointStream_AVR8.c **** 		}
 336               		.loc 1 103 13 view .LVU80
 337 0078 F82E      		mov r15,r24
 338 007a 00C0      		rjmp .L13
 339               	.LVL23:
 340               	.L17:
 107:../lufa-LUFA-111009/LUFA/Drivers/USB/Core/AVR8/EndpointStream_AVR8.c **** 
 341               		.loc 1 107 4 is_stmt 1 view .LVU81
 342               	.LBB266:
 343               	.LBI266:
 622:../lufa-LUFA-111009/LUFA/Drivers/USB/Core/AVR8/../AVR8/../AVR8/Endpoint_AVR8.h **** 			{
 344               		.loc 2 622 23 view .LVU82
 345               	.LBB267:
 624:../lufa-LUFA-111009/LUFA/Drivers/USB/Core/AVR8/../AVR8/../AVR8/Endpoint_AVR8.h **** 			}
 346               		.loc 2 624 5 view .LVU83
 624:../lufa-LUFA-111009/LUFA/Drivers/USB/Core/AVR8/../AVR8/../AVR8/Endpoint_AVR8.h **** 			}
 347               		.loc 2 624 12 is_stmt 0 view .LVU84
 348 007c 1092 F100 		sts 241,__zero_reg__
 349               	.LVL24:
 624:../lufa-LUFA-111009/LUFA/Drivers/USB/Core/AVR8/../AVR8/../AVR8/Endpoint_AVR8.h **** 			}
 350               		.loc 2 624 12 view .LVU85
 351               	.LBE267:
 352               	.LBE266:
 109:../lufa-LUFA-111009/LUFA/Drivers/USB/Core/AVR8/EndpointStream_AVR8.c **** 			BytesInTransfer++;
 353               		.loc 1 109 4 is_stmt 1 view .LVU86
 109:../lufa-LUFA-111009/LUFA/Drivers/USB/Core/AVR8/EndpointStream_AVR8.c **** 			BytesInTransfer++;
 354               		.loc 1 109 10 is_stmt 0 view .LVU87
 355 0080 2197      		sbiw r28,1
 356               	.LVL25:
 110:../lufa-LUFA-111009/LUFA/Drivers/USB/Core/AVR8/EndpointStream_AVR8.c **** 		}
 357               		.loc 1 110 4 is_stmt 1 view .LVU88
 110:../lufa-LUFA-111009/LUFA/Drivers/USB/Core/AVR8/EndpointStream_AVR8.c **** 		}
 358               		.loc 1 110 19 is_stmt 0 view .LVU89
 359 0082 FFEF      		ldi r31,-1
 360 0084 CF1A      		sub r12,r31
 361 0086 DF0A      		sbc r13,r31
 362               	.LVL26:
 110:../lufa-LUFA-111009/LUFA/Drivers/USB/Core/AVR8/EndpointStream_AVR8.c **** 		}
 363               		.loc 1 110 19 view .LVU90
 364 0088 00C0      		rjmp .L16
 365               		.cfi_endproc
 366               	.LFE86:
 368               		.section	.text.Endpoint_Write_Stream_LE,"ax",@progbits
 369               	.global	Endpoint_Write_Stream_LE
 371               	Endpoint_Write_Stream_LE:
 372               	.LVL27:
 373               	.LFB87:
 374               		.file 3 "../lufa-LUFA-111009/LUFA/Drivers/USB/Core/AVR8/Template/Template_Endpoint_RW.c"
   1:../lufa-LUFA-111009/LUFA/Drivers/USB/Core/AVR8/Template/Template_Endpoint_RW.c **** /*
   2:../lufa-LUFA-111009/LUFA/Drivers/USB/Core/AVR8/Template/Template_Endpoint_RW.c ****              LUFA Library
   3:../lufa-LUFA-111009/LUFA/Drivers/USB/Core/AVR8/Template/Template_Endpoint_RW.c ****      Copyright (C) Dean Camera, 2011.
   4:../lufa-LUFA-111009/LUFA/Drivers/USB/Core/AVR8/Template/Template_Endpoint_RW.c **** 
   5:../lufa-LUFA-111009/LUFA/Drivers/USB/Core/AVR8/Template/Template_Endpoint_RW.c ****   dean [at] fourwalledcubicle [dot] com
   6:../lufa-LUFA-111009/LUFA/Drivers/USB/Core/AVR8/Template/Template_Endpoint_RW.c ****            www.lufa-lib.org
   7:../lufa-LUFA-111009/LUFA/Drivers/USB/Core/AVR8/Template/Template_Endpoint_RW.c **** */
   8:../lufa-LUFA-111009/LUFA/Drivers/USB/Core/AVR8/Template/Template_Endpoint_RW.c **** 
   9:../lufa-LUFA-111009/LUFA/Drivers/USB/Core/AVR8/Template/Template_Endpoint_RW.c **** /*
  10:../lufa-LUFA-111009/LUFA/Drivers/USB/Core/AVR8/Template/Template_Endpoint_RW.c ****   Copyright 2011  Dean Camera (dean [at] fourwalledcubicle [dot] com)
  11:../lufa-LUFA-111009/LUFA/Drivers/USB/Core/AVR8/Template/Template_Endpoint_RW.c **** 
  12:../lufa-LUFA-111009/LUFA/Drivers/USB/Core/AVR8/Template/Template_Endpoint_RW.c ****   Permission to use, copy, modify, distribute, and sell this
  13:../lufa-LUFA-111009/LUFA/Drivers/USB/Core/AVR8/Template/Template_Endpoint_RW.c ****   software and its documentation for any purpose is hereby granted
  14:../lufa-LUFA-111009/LUFA/Drivers/USB/Core/AVR8/Template/Template_Endpoint_RW.c ****   without fee, provided that the above copyright notice appear in
  15:../lufa-LUFA-111009/LUFA/Drivers/USB/Core/AVR8/Template/Template_Endpoint_RW.c ****   all copies and that both that the copyright notice and this
  16:../lufa-LUFA-111009/LUFA/Drivers/USB/Core/AVR8/Template/Template_Endpoint_RW.c ****   permission notice and warranty disclaimer appear in supporting
  17:../lufa-LUFA-111009/LUFA/Drivers/USB/Core/AVR8/Template/Template_Endpoint_RW.c ****   documentation, and that the name of the author not be used in
  18:../lufa-LUFA-111009/LUFA/Drivers/USB/Core/AVR8/Template/Template_Endpoint_RW.c ****   advertising or publicity pertaining to distribution of the
  19:../lufa-LUFA-111009/LUFA/Drivers/USB/Core/AVR8/Template/Template_Endpoint_RW.c ****   software without specific, written prior permission.
  20:../lufa-LUFA-111009/LUFA/Drivers/USB/Core/AVR8/Template/Template_Endpoint_RW.c **** 
  21:../lufa-LUFA-111009/LUFA/Drivers/USB/Core/AVR8/Template/Template_Endpoint_RW.c ****   The author disclaim all warranties with regard to this
  22:../lufa-LUFA-111009/LUFA/Drivers/USB/Core/AVR8/Template/Template_Endpoint_RW.c ****   software, including all implied warranties of merchantability
  23:../lufa-LUFA-111009/LUFA/Drivers/USB/Core/AVR8/Template/Template_Endpoint_RW.c ****   and fitness.  In no event shall the author be liable for any
  24:../lufa-LUFA-111009/LUFA/Drivers/USB/Core/AVR8/Template/Template_Endpoint_RW.c ****   special, indirect or consequential damages or any damages
  25:../lufa-LUFA-111009/LUFA/Drivers/USB/Core/AVR8/Template/Template_Endpoint_RW.c ****   whatsoever resulting from loss of use, data or profits, whether
  26:../lufa-LUFA-111009/LUFA/Drivers/USB/Core/AVR8/Template/Template_Endpoint_RW.c ****   in an action of contract, negligence or other tortious action,
  27:../lufa-LUFA-111009/LUFA/Drivers/USB/Core/AVR8/Template/Template_Endpoint_RW.c ****   arising out of or in connection with the use or performance of
  28:../lufa-LUFA-111009/LUFA/Drivers/USB/Core/AVR8/Template/Template_Endpoint_RW.c ****   this software.
  29:../lufa-LUFA-111009/LUFA/Drivers/USB/Core/AVR8/Template/Template_Endpoint_RW.c **** */
  30:../lufa-LUFA-111009/LUFA/Drivers/USB/Core/AVR8/Template/Template_Endpoint_RW.c **** 
  31:../lufa-LUFA-111009/LUFA/Drivers/USB/Core/AVR8/Template/Template_Endpoint_RW.c **** #if defined(TEMPLATE_FUNC_NAME)
  32:../lufa-LUFA-111009/LUFA/Drivers/USB/Core/AVR8/Template/Template_Endpoint_RW.c **** 
  33:../lufa-LUFA-111009/LUFA/Drivers/USB/Core/AVR8/Template/Template_Endpoint_RW.c **** uint8_t TEMPLATE_FUNC_NAME (TEMPLATE_BUFFER_TYPE const Buffer,
  34:../lufa-LUFA-111009/LUFA/Drivers/USB/Core/AVR8/Template/Template_Endpoint_RW.c ****                             uint16_t Length,
  35:../lufa-LUFA-111009/LUFA/Drivers/USB/Core/AVR8/Template/Template_Endpoint_RW.c ****                             uint16_t* const BytesProcessed)
  36:../lufa-LUFA-111009/LUFA/Drivers/USB/Core/AVR8/Template/Template_Endpoint_RW.c **** {
 375               		.loc 3 36 1 is_stmt 1 view -0
 376               		.cfi_startproc
 377               		.loc 3 36 1 is_stmt 0 view .LVU92
 378 0000 AF92      		push r10
 379               	.LCFI14:
 380               		.cfi_def_cfa_offset 3
 381               		.cfi_offset 10, -2
 382 0002 BF92      		push r11
 383               	.LCFI15:
 384               		.cfi_def_cfa_offset 4
 385               		.cfi_offset 11, -3
 386 0004 CF92      		push r12
 387               	.LCFI16:
 388               		.cfi_def_cfa_offset 5
 389               		.cfi_offset 12, -4
 390 0006 DF92      		push r13
 391               	.LCFI17:
 392               		.cfi_def_cfa_offset 6
 393               		.cfi_offset 13, -5
 394 0008 FF92      		push r15
 395               	.LCFI18:
 396               		.cfi_def_cfa_offset 7
 397               		.cfi_offset 15, -6
 398 000a 0F93      		push r16
 399               	.LCFI19:
 400               		.cfi_def_cfa_offset 8
 401               		.cfi_offset 16, -7
 402 000c 1F93      		push r17
 403               	.LCFI20:
 404               		.cfi_def_cfa_offset 9
 405               		.cfi_offset 17, -8
 406 000e CF93      		push r28
 407               	.LCFI21:
 408               		.cfi_def_cfa_offset 10
 409               		.cfi_offset 28, -9
 410 0010 DF93      		push r29
 411               	.LCFI22:
 412               		.cfi_def_cfa_offset 11
 413               		.cfi_offset 29, -10
 414               	/* prologue: function */
 415               	/* frame size = 0 */
 416               	/* stack size = 9 */
 417               	.L__stack_usage = 9
 418 0012 6C01      		movw r12,r24
 419 0014 EB01      		movw r28,r22
 420 0016 8A01      		movw r16,r20
  37:../lufa-LUFA-111009/LUFA/Drivers/USB/Core/AVR8/Template/Template_Endpoint_RW.c **** 	uint8_t* DataStream      = ((uint8_t*)Buffer + TEMPLATE_BUFFER_OFFSET(Length));
 421               		.loc 3 37 2 is_stmt 1 view .LVU93
 422               	.LVL28:
  38:../lufa-LUFA-111009/LUFA/Drivers/USB/Core/AVR8/Template/Template_Endpoint_RW.c **** 	uint16_t BytesInTransfer = 0;
 423               		.loc 3 38 2 view .LVU94
  39:../lufa-LUFA-111009/LUFA/Drivers/USB/Core/AVR8/Template/Template_Endpoint_RW.c **** 	uint8_t  ErrorCode;
 424               		.loc 3 39 2 view .LVU95
  40:../lufa-LUFA-111009/LUFA/Drivers/USB/Core/AVR8/Template/Template_Endpoint_RW.c **** 
  41:../lufa-LUFA-111009/LUFA/Drivers/USB/Core/AVR8/Template/Template_Endpoint_RW.c **** 	if ((ErrorCode = Endpoint_WaitUntilReady()))
 425               		.loc 3 41 2 view .LVU96
 426               		.loc 3 41 19 is_stmt 0 view .LVU97
 427 0018 0E94 0000 		call Endpoint_WaitUntilReady
 428               	.LVL29:
 429               		.loc 3 41 19 view .LVU98
 430 001c F82E      		mov r15,r24
 431               	.LVL30:
 432               		.loc 3 41 5 view .LVU99
 433 001e 8111      		cpse r24,__zero_reg__
 434 0020 00C0      		rjmp .L25
  42:../lufa-LUFA-111009/LUFA/Drivers/USB/Core/AVR8/Template/Template_Endpoint_RW.c **** 	  return ErrorCode;
  43:../lufa-LUFA-111009/LUFA/Drivers/USB/Core/AVR8/Template/Template_Endpoint_RW.c **** 
  44:../lufa-LUFA-111009/LUFA/Drivers/USB/Core/AVR8/Template/Template_Endpoint_RW.c **** 	if (BytesProcessed != NULL)
 435               		.loc 3 44 2 is_stmt 1 view .LVU100
 436               		.loc 3 44 5 is_stmt 0 view .LVU101
 437 0022 0115      		cp r16,__zero_reg__
 438 0024 1105      		cpc r17,__zero_reg__
 439 0026 01F0      		breq .L27
  45:../lufa-LUFA-111009/LUFA/Drivers/USB/Core/AVR8/Template/Template_Endpoint_RW.c **** 	{
  46:../lufa-LUFA-111009/LUFA/Drivers/USB/Core/AVR8/Template/Template_Endpoint_RW.c **** 		Length -= *BytesProcessed;
 440               		.loc 3 46 3 is_stmt 1 view .LVU102
 441               		.loc 3 46 13 is_stmt 0 view .LVU103
 442 0028 F801      		movw r30,r16
 443 002a 8081      		ld r24,Z
 444 002c 9181      		ldd r25,Z+1
 445               		.loc 3 46 10 view .LVU104
 446 002e C81B      		sub r28,r24
 447 0030 D90B      		sbc r29,r25
 448               	.LVL31:
  47:../lufa-LUFA-111009/LUFA/Drivers/USB/Core/AVR8/Template/Template_Endpoint_RW.c **** 		TEMPLATE_BUFFER_MOVE(DataStream, *BytesProcessed);
 449               		.loc 3 47 3 is_stmt 1 view .LVU105
 450 0032 C80E      		add r12,r24
 451 0034 D91E      		adc r13,r25
 452               	.LVL32:
 453               	.L27:
  36:../lufa-LUFA-111009/LUFA/Drivers/USB/Core/AVR8/Template/Template_Endpoint_RW.c **** 	uint8_t* DataStream      = ((uint8_t*)Buffer + TEMPLATE_BUFFER_OFFSET(Length));
 454               		.loc 3 36 1 is_stmt 0 view .LVU106
 455 0036 A12C      		mov r10,__zero_reg__
 456 0038 B12C      		mov r11,__zero_reg__
 457               	.LVL33:
 458               	.L28:
  48:../lufa-LUFA-111009/LUFA/Drivers/USB/Core/AVR8/Template/Template_Endpoint_RW.c **** 	}
  49:../lufa-LUFA-111009/LUFA/Drivers/USB/Core/AVR8/Template/Template_Endpoint_RW.c **** 
  50:../lufa-LUFA-111009/LUFA/Drivers/USB/Core/AVR8/Template/Template_Endpoint_RW.c **** 	while (Length)
 459               		.loc 3 50 9 is_stmt 1 view .LVU107
 460 003a 2097      		sbiw r28,0
 461 003c 01F0      		breq .L25
 462               	.LVL34:
 463               	.L31:
  51:../lufa-LUFA-111009/LUFA/Drivers/USB/Core/AVR8/Template/Template_Endpoint_RW.c **** 	{
  52:../lufa-LUFA-111009/LUFA/Drivers/USB/Core/AVR8/Template/Template_Endpoint_RW.c **** 		if (!(Endpoint_IsReadWriteAllowed()))
 464               		.loc 3 52 3 view .LVU108
 465               	.LBB268:
 466               	.LBI268:
 418:../lufa-LUFA-111009/LUFA/Drivers/USB/Core/AVR8/../AVR8/../AVR8/Endpoint_AVR8.h **** 			{
 467               		.loc 2 418 23 view .LVU109
 468               	.LBB269:
 420:../lufa-LUFA-111009/LUFA/Drivers/USB/Core/AVR8/../AVR8/../AVR8/Endpoint_AVR8.h **** 			}
 469               		.loc 2 420 5 view .LVU110
 420:../lufa-LUFA-111009/LUFA/Drivers/USB/Core/AVR8/../AVR8/../AVR8/Endpoint_AVR8.h **** 			}
 470               		.loc 2 420 14 is_stmt 0 view .LVU111
 471 003e 8091 E800 		lds r24,232
 472               	.LBE269:
 473               	.LBE268:
 474               		.loc 3 52 6 view .LVU112
 475 0042 85FD      		sbrc r24,5
 476 0044 00C0      		rjmp .L29
  53:../lufa-LUFA-111009/LUFA/Drivers/USB/Core/AVR8/Template/Template_Endpoint_RW.c **** 		{
  54:../lufa-LUFA-111009/LUFA/Drivers/USB/Core/AVR8/Template/Template_Endpoint_RW.c **** 			TEMPLATE_CLEAR_ENDPOINT();
 477               		.loc 3 54 4 is_stmt 1 view .LVU113
 478               	.LBB270:
 479               	.LBI270:
 513:../lufa-LUFA-111009/LUFA/Drivers/USB/Core/AVR8/../AVR8/../AVR8/Endpoint_AVR8.h **** 			{
 480               		.loc 2 513 23 view .LVU114
 481               	.LBB271:
 516:../lufa-LUFA-111009/LUFA/Drivers/USB/Core/AVR8/../AVR8/../AVR8/Endpoint_AVR8.h **** 				#else
 482               		.loc 2 516 6 view .LVU115
 516:../lufa-LUFA-111009/LUFA/Drivers/USB/Core/AVR8/../AVR8/../AVR8/Endpoint_AVR8.h **** 				#else
 483               		.loc 2 516 13 is_stmt 0 view .LVU116
 484 0046 8091 E800 		lds r24,232
 485 004a 8E77      		andi r24,lo8(126)
 486 004c 8093 E800 		sts 232,r24
 487               	.LBE271:
 488               	.LBE270:
  55:../lufa-LUFA-111009/LUFA/Drivers/USB/Core/AVR8/Template/Template_Endpoint_RW.c **** 
  56:../lufa-LUFA-111009/LUFA/Drivers/USB/Core/AVR8/Template/Template_Endpoint_RW.c **** 			#if !defined(INTERRUPT_CONTROL_ENDPOINT)
  57:../lufa-LUFA-111009/LUFA/Drivers/USB/Core/AVR8/Template/Template_Endpoint_RW.c **** 			USB_USBTask();
 489               		.loc 3 57 4 is_stmt 1 view .LVU117
 490 0050 0E94 0000 		call USB_USBTask
 491               	.LVL35:
  58:../lufa-LUFA-111009/LUFA/Drivers/USB/Core/AVR8/Template/Template_Endpoint_RW.c **** 			#endif
  59:../lufa-LUFA-111009/LUFA/Drivers/USB/Core/AVR8/Template/Template_Endpoint_RW.c **** 
  60:../lufa-LUFA-111009/LUFA/Drivers/USB/Core/AVR8/Template/Template_Endpoint_RW.c **** 			if (BytesProcessed != NULL)
 492               		.loc 3 60 4 view .LVU118
 493               		.loc 3 60 7 is_stmt 0 view .LVU119
 494 0054 0115      		cp r16,__zero_reg__
 495 0056 1105      		cpc r17,__zero_reg__
 496 0058 01F0      		breq .L30
  61:../lufa-LUFA-111009/LUFA/Drivers/USB/Core/AVR8/Template/Template_Endpoint_RW.c **** 			{
  62:../lufa-LUFA-111009/LUFA/Drivers/USB/Core/AVR8/Template/Template_Endpoint_RW.c **** 				*BytesProcessed += BytesInTransfer;
 497               		.loc 3 62 5 is_stmt 1 view .LVU120
 498               		.loc 3 62 21 is_stmt 0 view .LVU121
 499 005a F801      		movw r30,r16
 500 005c 8081      		ld r24,Z
 501 005e 9181      		ldd r25,Z+1
 502 0060 8A0D      		add r24,r10
 503 0062 9B1D      		adc r25,r11
 504 0064 9183      		std Z+1,r25
 505 0066 8083      		st Z,r24
  63:../lufa-LUFA-111009/LUFA/Drivers/USB/Core/AVR8/Template/Template_Endpoint_RW.c **** 				return ENDPOINT_RWSTREAM_IncompleteTransfer;
 506               		.loc 3 63 5 is_stmt 1 view .LVU122
 507               		.loc 3 63 12 is_stmt 0 view .LVU123
 508 0068 85E0      		ldi r24,lo8(5)
 509 006a F82E      		mov r15,r24
 510               	.L25:
  64:../lufa-LUFA-111009/LUFA/Drivers/USB/Core/AVR8/Template/Template_Endpoint_RW.c **** 			}
  65:../lufa-LUFA-111009/LUFA/Drivers/USB/Core/AVR8/Template/Template_Endpoint_RW.c **** 
  66:../lufa-LUFA-111009/LUFA/Drivers/USB/Core/AVR8/Template/Template_Endpoint_RW.c **** 			if ((ErrorCode = Endpoint_WaitUntilReady()))
  67:../lufa-LUFA-111009/LUFA/Drivers/USB/Core/AVR8/Template/Template_Endpoint_RW.c **** 			  return ErrorCode;
  68:../lufa-LUFA-111009/LUFA/Drivers/USB/Core/AVR8/Template/Template_Endpoint_RW.c **** 		}
  69:../lufa-LUFA-111009/LUFA/Drivers/USB/Core/AVR8/Template/Template_Endpoint_RW.c **** 		else
  70:../lufa-LUFA-111009/LUFA/Drivers/USB/Core/AVR8/Template/Template_Endpoint_RW.c **** 		{
  71:../lufa-LUFA-111009/LUFA/Drivers/USB/Core/AVR8/Template/Template_Endpoint_RW.c **** 			TEMPLATE_TRANSFER_BYTE(DataStream);
  72:../lufa-LUFA-111009/LUFA/Drivers/USB/Core/AVR8/Template/Template_Endpoint_RW.c **** 			TEMPLATE_BUFFER_MOVE(DataStream, 1);
  73:../lufa-LUFA-111009/LUFA/Drivers/USB/Core/AVR8/Template/Template_Endpoint_RW.c **** 			Length--;
  74:../lufa-LUFA-111009/LUFA/Drivers/USB/Core/AVR8/Template/Template_Endpoint_RW.c **** 			BytesInTransfer++;
  75:../lufa-LUFA-111009/LUFA/Drivers/USB/Core/AVR8/Template/Template_Endpoint_RW.c **** 		}
  76:../lufa-LUFA-111009/LUFA/Drivers/USB/Core/AVR8/Template/Template_Endpoint_RW.c **** 	}
  77:../lufa-LUFA-111009/LUFA/Drivers/USB/Core/AVR8/Template/Template_Endpoint_RW.c **** 
  78:../lufa-LUFA-111009/LUFA/Drivers/USB/Core/AVR8/Template/Template_Endpoint_RW.c **** 	return ENDPOINT_RWSTREAM_NoError;
  79:../lufa-LUFA-111009/LUFA/Drivers/USB/Core/AVR8/Template/Template_Endpoint_RW.c **** }
 511               		.loc 3 79 1 view .LVU124
 512 006c 8F2D      		mov r24,r15
 513               	/* epilogue start */
 514 006e DF91      		pop r29
 515 0070 CF91      		pop r28
 516 0072 1F91      		pop r17
 517 0074 0F91      		pop r16
 518               	.LVL36:
 519               		.loc 3 79 1 view .LVU125
 520 0076 FF90      		pop r15
 521 0078 DF90      		pop r13
 522 007a CF90      		pop r12
 523 007c BF90      		pop r11
 524 007e AF90      		pop r10
 525 0080 0895      		ret
 526               	.LVL37:
 527               	.L30:
  66:../lufa-LUFA-111009/LUFA/Drivers/USB/Core/AVR8/Template/Template_Endpoint_RW.c **** 			  return ErrorCode;
 528               		.loc 3 66 4 is_stmt 1 view .LVU126
  66:../lufa-LUFA-111009/LUFA/Drivers/USB/Core/AVR8/Template/Template_Endpoint_RW.c **** 			  return ErrorCode;
 529               		.loc 3 66 21 is_stmt 0 view .LVU127
 530 0082 0E94 0000 		call Endpoint_WaitUntilReady
 531               	.LVL38:
  66:../lufa-LUFA-111009/LUFA/Drivers/USB/Core/AVR8/Template/Template_Endpoint_RW.c **** 			  return ErrorCode;
 532               		.loc 3 66 7 view .LVU128
 533 0086 8115      		cp r24, __zero_reg__
 534 0088 01F0      		breq .L31
  67:../lufa-LUFA-111009/LUFA/Drivers/USB/Core/AVR8/Template/Template_Endpoint_RW.c **** 		}
 535               		.loc 3 67 13 view .LVU129
 536 008a F82E      		mov r15,r24
 537 008c 00C0      		rjmp .L25
 538               	.LVL39:
 539               	.L29:
  71:../lufa-LUFA-111009/LUFA/Drivers/USB/Core/AVR8/Template/Template_Endpoint_RW.c **** 			TEMPLATE_BUFFER_MOVE(DataStream, 1);
 540               		.loc 3 71 4 is_stmt 1 view .LVU130
 541 008e F601      		movw r30,r12
 542 0090 8191      		ld r24,Z+
 543 0092 6F01      		movw r12,r30
 544               	.LVL40:
 545               	.LBB272:
 546               	.LBI272:
 622:../lufa-LUFA-111009/LUFA/Drivers/USB/Core/AVR8/../AVR8/../AVR8/Endpoint_AVR8.h **** 			{
 547               		.loc 2 622 23 view .LVU131
 548               	.LBB273:
 624:../lufa-LUFA-111009/LUFA/Drivers/USB/Core/AVR8/../AVR8/../AVR8/Endpoint_AVR8.h **** 			}
 549               		.loc 2 624 5 view .LVU132
 624:../lufa-LUFA-111009/LUFA/Drivers/USB/Core/AVR8/../AVR8/../AVR8/Endpoint_AVR8.h **** 			}
 550               		.loc 2 624 12 is_stmt 0 view .LVU133
 551 0094 8093 F100 		sts 241,r24
 552               	.LVL41:
 624:../lufa-LUFA-111009/LUFA/Drivers/USB/Core/AVR8/../AVR8/../AVR8/Endpoint_AVR8.h **** 			}
 553               		.loc 2 624 12 view .LVU134
 554               	.LBE273:
 555               	.LBE272:
  72:../lufa-LUFA-111009/LUFA/Drivers/USB/Core/AVR8/Template/Template_Endpoint_RW.c **** 			Length--;
 556               		.loc 3 72 4 is_stmt 1 view .LVU135
  73:../lufa-LUFA-111009/LUFA/Drivers/USB/Core/AVR8/Template/Template_Endpoint_RW.c **** 			BytesInTransfer++;
 557               		.loc 3 73 4 view .LVU136
  73:../lufa-LUFA-111009/LUFA/Drivers/USB/Core/AVR8/Template/Template_Endpoint_RW.c **** 			BytesInTransfer++;
 558               		.loc 3 73 10 is_stmt 0 view .LVU137
 559 0098 2197      		sbiw r28,1
 560               	.LVL42:
  74:../lufa-LUFA-111009/LUFA/Drivers/USB/Core/AVR8/Template/Template_Endpoint_RW.c **** 		}
 561               		.loc 3 74 4 is_stmt 1 view .LVU138
  74:../lufa-LUFA-111009/LUFA/Drivers/USB/Core/AVR8/Template/Template_Endpoint_RW.c **** 		}
 562               		.loc 3 74 19 is_stmt 0 view .LVU139
 563 009a FFEF      		ldi r31,-1
 564 009c AF1A      		sub r10,r31
 565 009e BF0A      		sbc r11,r31
 566               	.LVL43:
  74:../lufa-LUFA-111009/LUFA/Drivers/USB/Core/AVR8/Template/Template_Endpoint_RW.c **** 		}
 567               		.loc 3 74 19 view .LVU140
 568 00a0 00C0      		rjmp .L28
 569               		.cfi_endproc
 570               	.LFE87:
 572               		.section	.text.Endpoint_Write_Stream_BE,"ax",@progbits
 573               	.global	Endpoint_Write_Stream_BE
 575               	Endpoint_Write_Stream_BE:
 576               	.LVL44:
 577               	.LFB88:
  36:../lufa-LUFA-111009/LUFA/Drivers/USB/Core/AVR8/Template/Template_Endpoint_RW.c **** 	uint8_t* DataStream      = ((uint8_t*)Buffer + TEMPLATE_BUFFER_OFFSET(Length));
 578               		.loc 3 36 1 is_stmt 1 view -0
 579               		.cfi_startproc
  36:../lufa-LUFA-111009/LUFA/Drivers/USB/Core/AVR8/Template/Template_Endpoint_RW.c **** 	uint8_t* DataStream      = ((uint8_t*)Buffer + TEMPLATE_BUFFER_OFFSET(Length));
 580               		.loc 3 36 1 is_stmt 0 view .LVU142
 581 0000 AF92      		push r10
 582               	.LCFI23:
 583               		.cfi_def_cfa_offset 3
 584               		.cfi_offset 10, -2
 585 0002 BF92      		push r11
 586               	.LCFI24:
 587               		.cfi_def_cfa_offset 4
 588               		.cfi_offset 11, -3
 589 0004 DF92      		push r13
 590               	.LCFI25:
 591               		.cfi_def_cfa_offset 5
 592               		.cfi_offset 13, -4
 593 0006 EF92      		push r14
 594               	.LCFI26:
 595               		.cfi_def_cfa_offset 6
 596               		.cfi_offset 14, -5
 597 0008 FF92      		push r15
 598               	.LCFI27:
 599               		.cfi_def_cfa_offset 7
 600               		.cfi_offset 15, -6
 601 000a 0F93      		push r16
 602               	.LCFI28:
 603               		.cfi_def_cfa_offset 8
 604               		.cfi_offset 16, -7
 605 000c 1F93      		push r17
 606               	.LCFI29:
 607               		.cfi_def_cfa_offset 9
 608               		.cfi_offset 17, -8
 609 000e CF93      		push r28
 610               	.LCFI30:
 611               		.cfi_def_cfa_offset 10
 612               		.cfi_offset 28, -9
 613 0010 DF93      		push r29
 614               	.LCFI31:
 615               		.cfi_def_cfa_offset 11
 616               		.cfi_offset 29, -10
 617               	/* prologue: function */
 618               	/* frame size = 0 */
 619               	/* stack size = 9 */
 620               	.L__stack_usage = 9
 621 0012 EC01      		movw r28,r24
 622 0014 8B01      		movw r16,r22
 623 0016 7A01      		movw r14,r20
  37:../lufa-LUFA-111009/LUFA/Drivers/USB/Core/AVR8/Template/Template_Endpoint_RW.c **** 	uint16_t BytesInTransfer = 0;
 624               		.loc 3 37 2 is_stmt 1 view .LVU143
 625               	.LVL45:
  38:../lufa-LUFA-111009/LUFA/Drivers/USB/Core/AVR8/Template/Template_Endpoint_RW.c **** 	uint8_t  ErrorCode;
 626               		.loc 3 38 2 view .LVU144
  39:../lufa-LUFA-111009/LUFA/Drivers/USB/Core/AVR8/Template/Template_Endpoint_RW.c **** 
 627               		.loc 3 39 2 view .LVU145
  41:../lufa-LUFA-111009/LUFA/Drivers/USB/Core/AVR8/Template/Template_Endpoint_RW.c **** 	  return ErrorCode;
 628               		.loc 3 41 2 view .LVU146
  41:../lufa-LUFA-111009/LUFA/Drivers/USB/Core/AVR8/Template/Template_Endpoint_RW.c **** 	  return ErrorCode;
 629               		.loc 3 41 19 is_stmt 0 view .LVU147
 630 0018 0E94 0000 		call Endpoint_WaitUntilReady
 631               	.LVL46:
  41:../lufa-LUFA-111009/LUFA/Drivers/USB/Core/AVR8/Template/Template_Endpoint_RW.c **** 	  return ErrorCode;
 632               		.loc 3 41 19 view .LVU148
 633 001c D82E      		mov r13,r24
 634               	.LVL47:
  41:../lufa-LUFA-111009/LUFA/Drivers/USB/Core/AVR8/Template/Template_Endpoint_RW.c **** 	  return ErrorCode;
 635               		.loc 3 41 5 view .LVU149
 636 001e 8111      		cpse r24,__zero_reg__
 637 0020 00C0      		rjmp .L37
  37:../lufa-LUFA-111009/LUFA/Drivers/USB/Core/AVR8/Template/Template_Endpoint_RW.c **** 	uint16_t BytesInTransfer = 0;
 638               		.loc 3 37 47 view .LVU150
 639 0022 C801      		movw r24,r16
 640 0024 0197      		sbiw r24,1
 641               	.LVL48:
  37:../lufa-LUFA-111009/LUFA/Drivers/USB/Core/AVR8/Template/Template_Endpoint_RW.c **** 	uint16_t BytesInTransfer = 0;
 642               		.loc 3 37 11 view .LVU151
 643 0026 C80F      		add r28,r24
 644 0028 D91F      		adc r29,r25
 645               	.LVL49:
  44:../lufa-LUFA-111009/LUFA/Drivers/USB/Core/AVR8/Template/Template_Endpoint_RW.c **** 	{
 646               		.loc 3 44 2 is_stmt 1 view .LVU152
  44:../lufa-LUFA-111009/LUFA/Drivers/USB/Core/AVR8/Template/Template_Endpoint_RW.c **** 	{
 647               		.loc 3 44 5 is_stmt 0 view .LVU153
 648 002a E114      		cp r14,__zero_reg__
 649 002c F104      		cpc r15,__zero_reg__
 650 002e 01F0      		breq .L39
  46:../lufa-LUFA-111009/LUFA/Drivers/USB/Core/AVR8/Template/Template_Endpoint_RW.c **** 		TEMPLATE_BUFFER_MOVE(DataStream, *BytesProcessed);
 651               		.loc 3 46 3 is_stmt 1 view .LVU154
  46:../lufa-LUFA-111009/LUFA/Drivers/USB/Core/AVR8/Template/Template_Endpoint_RW.c **** 		TEMPLATE_BUFFER_MOVE(DataStream, *BytesProcessed);
 652               		.loc 3 46 13 is_stmt 0 view .LVU155
 653 0030 F701      		movw r30,r14
 654 0032 8081      		ld r24,Z
 655 0034 9181      		ldd r25,Z+1
 656               	.LVL50:
  46:../lufa-LUFA-111009/LUFA/Drivers/USB/Core/AVR8/Template/Template_Endpoint_RW.c **** 		TEMPLATE_BUFFER_MOVE(DataStream, *BytesProcessed);
 657               		.loc 3 46 10 view .LVU156
 658 0036 081B      		sub r16,r24
 659 0038 190B      		sbc r17,r25
 660               	.LVL51:
  47:../lufa-LUFA-111009/LUFA/Drivers/USB/Core/AVR8/Template/Template_Endpoint_RW.c **** 	}
 661               		.loc 3 47 3 is_stmt 1 view .LVU157
 662 003a C81B      		sub r28,r24
 663 003c D90B      		sbc r29,r25
 664               	.LVL52:
 665               	.L39:
  36:../lufa-LUFA-111009/LUFA/Drivers/USB/Core/AVR8/Template/Template_Endpoint_RW.c **** 	uint8_t* DataStream      = ((uint8_t*)Buffer + TEMPLATE_BUFFER_OFFSET(Length));
 666               		.loc 3 36 1 is_stmt 0 view .LVU158
 667 003e A12C      		mov r10,__zero_reg__
 668 0040 B12C      		mov r11,__zero_reg__
 669               	.LVL53:
 670               	.L40:
  50:../lufa-LUFA-111009/LUFA/Drivers/USB/Core/AVR8/Template/Template_Endpoint_RW.c **** 	{
 671               		.loc 3 50 9 is_stmt 1 view .LVU159
 672 0042 0115      		cp r16,__zero_reg__
 673 0044 1105      		cpc r17,__zero_reg__
 674 0046 01F0      		breq .L37
 675               	.LVL54:
 676               	.L43:
  52:../lufa-LUFA-111009/LUFA/Drivers/USB/Core/AVR8/Template/Template_Endpoint_RW.c **** 		{
 677               		.loc 3 52 3 view .LVU160
 678               	.LBB274:
 679               	.LBI274:
 418:../lufa-LUFA-111009/LUFA/Drivers/USB/Core/AVR8/../AVR8/../AVR8/Endpoint_AVR8.h **** 			{
 680               		.loc 2 418 23 view .LVU161
 681               	.LBB275:
 420:../lufa-LUFA-111009/LUFA/Drivers/USB/Core/AVR8/../AVR8/../AVR8/Endpoint_AVR8.h **** 			}
 682               		.loc 2 420 5 view .LVU162
 420:../lufa-LUFA-111009/LUFA/Drivers/USB/Core/AVR8/../AVR8/../AVR8/Endpoint_AVR8.h **** 			}
 683               		.loc 2 420 14 is_stmt 0 view .LVU163
 684 0048 8091 E800 		lds r24,232
 685               	.LBE275:
 686               	.LBE274:
  52:../lufa-LUFA-111009/LUFA/Drivers/USB/Core/AVR8/Template/Template_Endpoint_RW.c **** 		{
 687               		.loc 3 52 6 view .LVU164
 688 004c 85FD      		sbrc r24,5
 689 004e 00C0      		rjmp .L41
  54:../lufa-LUFA-111009/LUFA/Drivers/USB/Core/AVR8/Template/Template_Endpoint_RW.c **** 
 690               		.loc 3 54 4 is_stmt 1 view .LVU165
 691               	.LBB276:
 692               	.LBI276:
 513:../lufa-LUFA-111009/LUFA/Drivers/USB/Core/AVR8/../AVR8/../AVR8/Endpoint_AVR8.h **** 			{
 693               		.loc 2 513 23 view .LVU166
 694               	.LBB277:
 516:../lufa-LUFA-111009/LUFA/Drivers/USB/Core/AVR8/../AVR8/../AVR8/Endpoint_AVR8.h **** 				#else
 695               		.loc 2 516 6 view .LVU167
 516:../lufa-LUFA-111009/LUFA/Drivers/USB/Core/AVR8/../AVR8/../AVR8/Endpoint_AVR8.h **** 				#else
 696               		.loc 2 516 13 is_stmt 0 view .LVU168
 697 0050 8091 E800 		lds r24,232
 698 0054 8E77      		andi r24,lo8(126)
 699 0056 8093 E800 		sts 232,r24
 700               	.LBE277:
 701               	.LBE276:
  57:../lufa-LUFA-111009/LUFA/Drivers/USB/Core/AVR8/Template/Template_Endpoint_RW.c **** 			#endif
 702               		.loc 3 57 4 is_stmt 1 view .LVU169
 703 005a 0E94 0000 		call USB_USBTask
 704               	.LVL55:
  60:../lufa-LUFA-111009/LUFA/Drivers/USB/Core/AVR8/Template/Template_Endpoint_RW.c **** 			{
 705               		.loc 3 60 4 view .LVU170
  60:../lufa-LUFA-111009/LUFA/Drivers/USB/Core/AVR8/Template/Template_Endpoint_RW.c **** 			{
 706               		.loc 3 60 7 is_stmt 0 view .LVU171
 707 005e E114      		cp r14,__zero_reg__
 708 0060 F104      		cpc r15,__zero_reg__
 709 0062 01F0      		breq .L42
  62:../lufa-LUFA-111009/LUFA/Drivers/USB/Core/AVR8/Template/Template_Endpoint_RW.c **** 				return ENDPOINT_RWSTREAM_IncompleteTransfer;
 710               		.loc 3 62 5 is_stmt 1 view .LVU172
  62:../lufa-LUFA-111009/LUFA/Drivers/USB/Core/AVR8/Template/Template_Endpoint_RW.c **** 				return ENDPOINT_RWSTREAM_IncompleteTransfer;
 711               		.loc 3 62 21 is_stmt 0 view .LVU173
 712 0064 F701      		movw r30,r14
 713 0066 8081      		ld r24,Z
 714 0068 9181      		ldd r25,Z+1
 715 006a 8A0D      		add r24,r10
 716 006c 9B1D      		adc r25,r11
 717 006e 9183      		std Z+1,r25
 718 0070 8083      		st Z,r24
  63:../lufa-LUFA-111009/LUFA/Drivers/USB/Core/AVR8/Template/Template_Endpoint_RW.c **** 			}
 719               		.loc 3 63 5 is_stmt 1 view .LVU174
  63:../lufa-LUFA-111009/LUFA/Drivers/USB/Core/AVR8/Template/Template_Endpoint_RW.c **** 			}
 720               		.loc 3 63 12 is_stmt 0 view .LVU175
 721 0072 85E0      		ldi r24,lo8(5)
 722 0074 D82E      		mov r13,r24
 723               	.L37:
 724               		.loc 3 79 1 view .LVU176
 725 0076 8D2D      		mov r24,r13
 726               	/* epilogue start */
 727 0078 DF91      		pop r29
 728 007a CF91      		pop r28
 729 007c 1F91      		pop r17
 730 007e 0F91      		pop r16
 731 0080 FF90      		pop r15
 732 0082 EF90      		pop r14
 733               	.LVL56:
 734               		.loc 3 79 1 view .LVU177
 735 0084 DF90      		pop r13
 736 0086 BF90      		pop r11
 737 0088 AF90      		pop r10
 738 008a 0895      		ret
 739               	.LVL57:
 740               	.L42:
  66:../lufa-LUFA-111009/LUFA/Drivers/USB/Core/AVR8/Template/Template_Endpoint_RW.c **** 			  return ErrorCode;
 741               		.loc 3 66 4 is_stmt 1 view .LVU178
  66:../lufa-LUFA-111009/LUFA/Drivers/USB/Core/AVR8/Template/Template_Endpoint_RW.c **** 			  return ErrorCode;
 742               		.loc 3 66 21 is_stmt 0 view .LVU179
 743 008c 0E94 0000 		call Endpoint_WaitUntilReady
 744               	.LVL58:
  66:../lufa-LUFA-111009/LUFA/Drivers/USB/Core/AVR8/Template/Template_Endpoint_RW.c **** 			  return ErrorCode;
 745               		.loc 3 66 7 view .LVU180
 746 0090 8115      		cp r24, __zero_reg__
 747 0092 01F0      		breq .L43
  67:../lufa-LUFA-111009/LUFA/Drivers/USB/Core/AVR8/Template/Template_Endpoint_RW.c **** 		}
 748               		.loc 3 67 13 view .LVU181
 749 0094 D82E      		mov r13,r24
 750 0096 00C0      		rjmp .L37
 751               	.LVL59:
 752               	.L41:
  71:../lufa-LUFA-111009/LUFA/Drivers/USB/Core/AVR8/Template/Template_Endpoint_RW.c **** 			TEMPLATE_BUFFER_MOVE(DataStream, 1);
 753               		.loc 3 71 4 is_stmt 1 view .LVU182
 754 0098 8881      		ld r24,Y
 755               	.LVL60:
 756               	.LBB278:
 757               	.LBI278:
 622:../lufa-LUFA-111009/LUFA/Drivers/USB/Core/AVR8/../AVR8/../AVR8/Endpoint_AVR8.h **** 			{
 758               		.loc 2 622 23 view .LVU183
 759               	.LBB279:
 624:../lufa-LUFA-111009/LUFA/Drivers/USB/Core/AVR8/../AVR8/../AVR8/Endpoint_AVR8.h **** 			}
 760               		.loc 2 624 5 view .LVU184
 624:../lufa-LUFA-111009/LUFA/Drivers/USB/Core/AVR8/../AVR8/../AVR8/Endpoint_AVR8.h **** 			}
 761               		.loc 2 624 12 is_stmt 0 view .LVU185
 762 009a 8093 F100 		sts 241,r24
 763               	.LVL61:
 624:../lufa-LUFA-111009/LUFA/Drivers/USB/Core/AVR8/../AVR8/../AVR8/Endpoint_AVR8.h **** 			}
 764               		.loc 2 624 12 view .LVU186
 765               	.LBE279:
 766               	.LBE278:
  72:../lufa-LUFA-111009/LUFA/Drivers/USB/Core/AVR8/Template/Template_Endpoint_RW.c **** 			Length--;
 767               		.loc 3 72 4 is_stmt 1 view .LVU187
 768 009e 2197      		sbiw r28,1
 769               	.LVL62:
  73:../lufa-LUFA-111009/LUFA/Drivers/USB/Core/AVR8/Template/Template_Endpoint_RW.c **** 			BytesInTransfer++;
 770               		.loc 3 73 4 view .LVU188
  73:../lufa-LUFA-111009/LUFA/Drivers/USB/Core/AVR8/Template/Template_Endpoint_RW.c **** 			BytesInTransfer++;
 771               		.loc 3 73 10 is_stmt 0 view .LVU189
 772 00a0 0150      		subi r16,1
 773 00a2 1109      		sbc r17,__zero_reg__
 774               	.LVL63:
  74:../lufa-LUFA-111009/LUFA/Drivers/USB/Core/AVR8/Template/Template_Endpoint_RW.c **** 		}
 775               		.loc 3 74 4 is_stmt 1 view .LVU190
  74:../lufa-LUFA-111009/LUFA/Drivers/USB/Core/AVR8/Template/Template_Endpoint_RW.c **** 		}
 776               		.loc 3 74 19 is_stmt 0 view .LVU191
 777 00a4 FFEF      		ldi r31,-1
 778 00a6 AF1A      		sub r10,r31
 779 00a8 BF0A      		sbc r11,r31
 780               	.LVL64:
  74:../lufa-LUFA-111009/LUFA/Drivers/USB/Core/AVR8/Template/Template_Endpoint_RW.c **** 		}
 781               		.loc 3 74 19 view .LVU192
 782 00aa 00C0      		rjmp .L40
 783               		.cfi_endproc
 784               	.LFE88:
 786               		.section	.text.Endpoint_Read_Stream_LE,"ax",@progbits
 787               	.global	Endpoint_Read_Stream_LE
 789               	Endpoint_Read_Stream_LE:
 790               	.LVL65:
 791               	.LFB89:
  36:../lufa-LUFA-111009/LUFA/Drivers/USB/Core/AVR8/Template/Template_Endpoint_RW.c **** 	uint8_t* DataStream      = ((uint8_t*)Buffer + TEMPLATE_BUFFER_OFFSET(Length));
 792               		.loc 3 36 1 is_stmt 1 view -0
 793               		.cfi_startproc
  36:../lufa-LUFA-111009/LUFA/Drivers/USB/Core/AVR8/Template/Template_Endpoint_RW.c **** 	uint8_t* DataStream      = ((uint8_t*)Buffer + TEMPLATE_BUFFER_OFFSET(Length));
 794               		.loc 3 36 1 is_stmt 0 view .LVU194
 795 0000 AF92      		push r10
 796               	.LCFI32:
 797               		.cfi_def_cfa_offset 3
 798               		.cfi_offset 10, -2
 799 0002 BF92      		push r11
 800               	.LCFI33:
 801               		.cfi_def_cfa_offset 4
 802               		.cfi_offset 11, -3
 803 0004 CF92      		push r12
 804               	.LCFI34:
 805               		.cfi_def_cfa_offset 5
 806               		.cfi_offset 12, -4
 807 0006 DF92      		push r13
 808               	.LCFI35:
 809               		.cfi_def_cfa_offset 6
 810               		.cfi_offset 13, -5
 811 0008 FF92      		push r15
 812               	.LCFI36:
 813               		.cfi_def_cfa_offset 7
 814               		.cfi_offset 15, -6
 815 000a 0F93      		push r16
 816               	.LCFI37:
 817               		.cfi_def_cfa_offset 8
 818               		.cfi_offset 16, -7
 819 000c 1F93      		push r17
 820               	.LCFI38:
 821               		.cfi_def_cfa_offset 9
 822               		.cfi_offset 17, -8
 823 000e CF93      		push r28
 824               	.LCFI39:
 825               		.cfi_def_cfa_offset 10
 826               		.cfi_offset 28, -9
 827 0010 DF93      		push r29
 828               	.LCFI40:
 829               		.cfi_def_cfa_offset 11
 830               		.cfi_offset 29, -10
 831               	/* prologue: function */
 832               	/* frame size = 0 */
 833               	/* stack size = 9 */
 834               	.L__stack_usage = 9
 835 0012 6C01      		movw r12,r24
 836 0014 EB01      		movw r28,r22
 837 0016 8A01      		movw r16,r20
  37:../lufa-LUFA-111009/LUFA/Drivers/USB/Core/AVR8/Template/Template_Endpoint_RW.c **** 	uint16_t BytesInTransfer = 0;
 838               		.loc 3 37 2 is_stmt 1 view .LVU195
 839               	.LVL66:
  38:../lufa-LUFA-111009/LUFA/Drivers/USB/Core/AVR8/Template/Template_Endpoint_RW.c **** 	uint8_t  ErrorCode;
 840               		.loc 3 38 2 view .LVU196
  39:../lufa-LUFA-111009/LUFA/Drivers/USB/Core/AVR8/Template/Template_Endpoint_RW.c **** 
 841               		.loc 3 39 2 view .LVU197
  41:../lufa-LUFA-111009/LUFA/Drivers/USB/Core/AVR8/Template/Template_Endpoint_RW.c **** 	  return ErrorCode;
 842               		.loc 3 41 2 view .LVU198
  41:../lufa-LUFA-111009/LUFA/Drivers/USB/Core/AVR8/Template/Template_Endpoint_RW.c **** 	  return ErrorCode;
 843               		.loc 3 41 19 is_stmt 0 view .LVU199
 844 0018 0E94 0000 		call Endpoint_WaitUntilReady
 845               	.LVL67:
  41:../lufa-LUFA-111009/LUFA/Drivers/USB/Core/AVR8/Template/Template_Endpoint_RW.c **** 	  return ErrorCode;
 846               		.loc 3 41 19 view .LVU200
 847 001c F82E      		mov r15,r24
 848               	.LVL68:
  41:../lufa-LUFA-111009/LUFA/Drivers/USB/Core/AVR8/Template/Template_Endpoint_RW.c **** 	  return ErrorCode;
 849               		.loc 3 41 5 view .LVU201
 850 001e 8111      		cpse r24,__zero_reg__
 851 0020 00C0      		rjmp .L49
  44:../lufa-LUFA-111009/LUFA/Drivers/USB/Core/AVR8/Template/Template_Endpoint_RW.c **** 	{
 852               		.loc 3 44 2 is_stmt 1 view .LVU202
  44:../lufa-LUFA-111009/LUFA/Drivers/USB/Core/AVR8/Template/Template_Endpoint_RW.c **** 	{
 853               		.loc 3 44 5 is_stmt 0 view .LVU203
 854 0022 0115      		cp r16,__zero_reg__
 855 0024 1105      		cpc r17,__zero_reg__
 856 0026 01F0      		breq .L51
  46:../lufa-LUFA-111009/LUFA/Drivers/USB/Core/AVR8/Template/Template_Endpoint_RW.c **** 		TEMPLATE_BUFFER_MOVE(DataStream, *BytesProcessed);
 857               		.loc 3 46 3 is_stmt 1 view .LVU204
  46:../lufa-LUFA-111009/LUFA/Drivers/USB/Core/AVR8/Template/Template_Endpoint_RW.c **** 		TEMPLATE_BUFFER_MOVE(DataStream, *BytesProcessed);
 858               		.loc 3 46 13 is_stmt 0 view .LVU205
 859 0028 F801      		movw r30,r16
 860 002a 8081      		ld r24,Z
 861 002c 9181      		ldd r25,Z+1
  46:../lufa-LUFA-111009/LUFA/Drivers/USB/Core/AVR8/Template/Template_Endpoint_RW.c **** 		TEMPLATE_BUFFER_MOVE(DataStream, *BytesProcessed);
 862               		.loc 3 46 10 view .LVU206
 863 002e C81B      		sub r28,r24
 864 0030 D90B      		sbc r29,r25
 865               	.LVL69:
  47:../lufa-LUFA-111009/LUFA/Drivers/USB/Core/AVR8/Template/Template_Endpoint_RW.c **** 	}
 866               		.loc 3 47 3 is_stmt 1 view .LVU207
 867 0032 C80E      		add r12,r24
 868 0034 D91E      		adc r13,r25
 869               	.LVL70:
 870               	.L51:
  36:../lufa-LUFA-111009/LUFA/Drivers/USB/Core/AVR8/Template/Template_Endpoint_RW.c **** 	uint8_t* DataStream      = ((uint8_t*)Buffer + TEMPLATE_BUFFER_OFFSET(Length));
 871               		.loc 3 36 1 is_stmt 0 view .LVU208
 872 0036 A12C      		mov r10,__zero_reg__
 873 0038 B12C      		mov r11,__zero_reg__
 874               	.LVL71:
 875               	.L52:
  50:../lufa-LUFA-111009/LUFA/Drivers/USB/Core/AVR8/Template/Template_Endpoint_RW.c **** 	{
 876               		.loc 3 50 9 is_stmt 1 view .LVU209
 877 003a 2097      		sbiw r28,0
 878 003c 01F0      		breq .L49
 879               	.LVL72:
 880               	.L55:
  52:../lufa-LUFA-111009/LUFA/Drivers/USB/Core/AVR8/Template/Template_Endpoint_RW.c **** 		{
 881               		.loc 3 52 3 view .LVU210
 882               	.LBB280:
 883               	.LBI280:
 418:../lufa-LUFA-111009/LUFA/Drivers/USB/Core/AVR8/../AVR8/../AVR8/Endpoint_AVR8.h **** 			{
 884               		.loc 2 418 23 view .LVU211
 885               	.LBB281:
 420:../lufa-LUFA-111009/LUFA/Drivers/USB/Core/AVR8/../AVR8/../AVR8/Endpoint_AVR8.h **** 			}
 886               		.loc 2 420 5 view .LVU212
 420:../lufa-LUFA-111009/LUFA/Drivers/USB/Core/AVR8/../AVR8/../AVR8/Endpoint_AVR8.h **** 			}
 887               		.loc 2 420 14 is_stmt 0 view .LVU213
 888 003e 8091 E800 		lds r24,232
 889               	.LBE281:
 890               	.LBE280:
  52:../lufa-LUFA-111009/LUFA/Drivers/USB/Core/AVR8/Template/Template_Endpoint_RW.c **** 		{
 891               		.loc 3 52 6 view .LVU214
 892 0042 85FD      		sbrc r24,5
 893 0044 00C0      		rjmp .L53
  54:../lufa-LUFA-111009/LUFA/Drivers/USB/Core/AVR8/Template/Template_Endpoint_RW.c **** 
 894               		.loc 3 54 4 is_stmt 1 view .LVU215
 895               	.LBB282:
 896               	.LBI282:
 528:../lufa-LUFA-111009/LUFA/Drivers/USB/Core/AVR8/../AVR8/../AVR8/Endpoint_AVR8.h **** 			{
 897               		.loc 2 528 23 view .LVU216
 898               	.LBB283:
 531:../lufa-LUFA-111009/LUFA/Drivers/USB/Core/AVR8/../AVR8/../AVR8/Endpoint_AVR8.h **** 				#else
 899               		.loc 2 531 6 view .LVU217
 531:../lufa-LUFA-111009/LUFA/Drivers/USB/Core/AVR8/../AVR8/../AVR8/Endpoint_AVR8.h **** 				#else
 900               		.loc 2 531 13 is_stmt 0 view .LVU218
 901 0046 8091 E800 		lds r24,232
 902 004a 8B77      		andi r24,lo8(123)
 903 004c 8093 E800 		sts 232,r24
 904               	.LBE283:
 905               	.LBE282:
  57:../lufa-LUFA-111009/LUFA/Drivers/USB/Core/AVR8/Template/Template_Endpoint_RW.c **** 			#endif
 906               		.loc 3 57 4 is_stmt 1 view .LVU219
 907 0050 0E94 0000 		call USB_USBTask
 908               	.LVL73:
  60:../lufa-LUFA-111009/LUFA/Drivers/USB/Core/AVR8/Template/Template_Endpoint_RW.c **** 			{
 909               		.loc 3 60 4 view .LVU220
  60:../lufa-LUFA-111009/LUFA/Drivers/USB/Core/AVR8/Template/Template_Endpoint_RW.c **** 			{
 910               		.loc 3 60 7 is_stmt 0 view .LVU221
 911 0054 0115      		cp r16,__zero_reg__
 912 0056 1105      		cpc r17,__zero_reg__
 913 0058 01F0      		breq .L54
  62:../lufa-LUFA-111009/LUFA/Drivers/USB/Core/AVR8/Template/Template_Endpoint_RW.c **** 				return ENDPOINT_RWSTREAM_IncompleteTransfer;
 914               		.loc 3 62 5 is_stmt 1 view .LVU222
  62:../lufa-LUFA-111009/LUFA/Drivers/USB/Core/AVR8/Template/Template_Endpoint_RW.c **** 				return ENDPOINT_RWSTREAM_IncompleteTransfer;
 915               		.loc 3 62 21 is_stmt 0 view .LVU223
 916 005a F801      		movw r30,r16
 917 005c 8081      		ld r24,Z
 918 005e 9181      		ldd r25,Z+1
 919 0060 8A0D      		add r24,r10
 920 0062 9B1D      		adc r25,r11
 921 0064 9183      		std Z+1,r25
 922 0066 8083      		st Z,r24
  63:../lufa-LUFA-111009/LUFA/Drivers/USB/Core/AVR8/Template/Template_Endpoint_RW.c **** 			}
 923               		.loc 3 63 5 is_stmt 1 view .LVU224
  63:../lufa-LUFA-111009/LUFA/Drivers/USB/Core/AVR8/Template/Template_Endpoint_RW.c **** 			}
 924               		.loc 3 63 12 is_stmt 0 view .LVU225
 925 0068 85E0      		ldi r24,lo8(5)
 926 006a F82E      		mov r15,r24
 927               	.L49:
 928               		.loc 3 79 1 view .LVU226
 929 006c 8F2D      		mov r24,r15
 930               	/* epilogue start */
 931 006e DF91      		pop r29
 932 0070 CF91      		pop r28
 933 0072 1F91      		pop r17
 934 0074 0F91      		pop r16
 935               	.LVL74:
 936               		.loc 3 79 1 view .LVU227
 937 0076 FF90      		pop r15
 938 0078 DF90      		pop r13
 939 007a CF90      		pop r12
 940 007c BF90      		pop r11
 941 007e AF90      		pop r10
 942 0080 0895      		ret
 943               	.LVL75:
 944               	.L54:
  66:../lufa-LUFA-111009/LUFA/Drivers/USB/Core/AVR8/Template/Template_Endpoint_RW.c **** 			  return ErrorCode;
 945               		.loc 3 66 4 is_stmt 1 view .LVU228
  66:../lufa-LUFA-111009/LUFA/Drivers/USB/Core/AVR8/Template/Template_Endpoint_RW.c **** 			  return ErrorCode;
 946               		.loc 3 66 21 is_stmt 0 view .LVU229
 947 0082 0E94 0000 		call Endpoint_WaitUntilReady
 948               	.LVL76:
  66:../lufa-LUFA-111009/LUFA/Drivers/USB/Core/AVR8/Template/Template_Endpoint_RW.c **** 			  return ErrorCode;
 949               		.loc 3 66 7 view .LVU230
 950 0086 8115      		cp r24, __zero_reg__
 951 0088 01F0      		breq .L55
  67:../lufa-LUFA-111009/LUFA/Drivers/USB/Core/AVR8/Template/Template_Endpoint_RW.c **** 		}
 952               		.loc 3 67 13 view .LVU231
 953 008a F82E      		mov r15,r24
 954 008c 00C0      		rjmp .L49
 955               	.LVL77:
 956               	.L53:
  71:../lufa-LUFA-111009/LUFA/Drivers/USB/Core/AVR8/Template/Template_Endpoint_RW.c **** 			TEMPLATE_BUFFER_MOVE(DataStream, 1);
 957               		.loc 3 71 4 is_stmt 1 view .LVU232
 958               	.LBB284:
 959               	.LBI284:
 610:../lufa-LUFA-111009/LUFA/Drivers/USB/Core/AVR8/../AVR8/../AVR8/Endpoint_AVR8.h **** 			{
 960               		.loc 2 610 26 view .LVU233
 961               	.LBB285:
 612:../lufa-LUFA-111009/LUFA/Drivers/USB/Core/AVR8/../AVR8/../AVR8/Endpoint_AVR8.h **** 			}
 962               		.loc 2 612 5 view .LVU234
 612:../lufa-LUFA-111009/LUFA/Drivers/USB/Core/AVR8/../AVR8/../AVR8/Endpoint_AVR8.h **** 			}
 963               		.loc 2 612 12 is_stmt 0 view .LVU235
 964 008e 8091 F100 		lds r24,241
 965               	.LBE285:
 966               	.LBE284:
  71:../lufa-LUFA-111009/LUFA/Drivers/USB/Core/AVR8/Template/Template_Endpoint_RW.c **** 			TEMPLATE_BUFFER_MOVE(DataStream, 1);
 967               		.loc 3 71 4 view .LVU236
 968 0092 F601      		movw r30,r12
 969 0094 8193      		st Z+,r24
 970 0096 6F01      		movw r12,r30
  72:../lufa-LUFA-111009/LUFA/Drivers/USB/Core/AVR8/Template/Template_Endpoint_RW.c **** 			Length--;
 971               		.loc 3 72 4 is_stmt 1 view .LVU237
 972               	.LVL78:
  73:../lufa-LUFA-111009/LUFA/Drivers/USB/Core/AVR8/Template/Template_Endpoint_RW.c **** 			BytesInTransfer++;
 973               		.loc 3 73 4 view .LVU238
  73:../lufa-LUFA-111009/LUFA/Drivers/USB/Core/AVR8/Template/Template_Endpoint_RW.c **** 			BytesInTransfer++;
 974               		.loc 3 73 10 is_stmt 0 view .LVU239
 975 0098 2197      		sbiw r28,1
 976               	.LVL79:
  74:../lufa-LUFA-111009/LUFA/Drivers/USB/Core/AVR8/Template/Template_Endpoint_RW.c **** 		}
 977               		.loc 3 74 4 is_stmt 1 view .LVU240
  74:../lufa-LUFA-111009/LUFA/Drivers/USB/Core/AVR8/Template/Template_Endpoint_RW.c **** 		}
 978               		.loc 3 74 19 is_stmt 0 view .LVU241
 979 009a FFEF      		ldi r31,-1
 980 009c AF1A      		sub r10,r31
 981 009e BF0A      		sbc r11,r31
 982               	.LVL80:
  74:../lufa-LUFA-111009/LUFA/Drivers/USB/Core/AVR8/Template/Template_Endpoint_RW.c **** 		}
 983               		.loc 3 74 19 view .LVU242
 984 00a0 00C0      		rjmp .L52
 985               		.cfi_endproc
 986               	.LFE89:
 988               		.section	.text.Endpoint_Read_Stream_BE,"ax",@progbits
 989               	.global	Endpoint_Read_Stream_BE
 991               	Endpoint_Read_Stream_BE:
 992               	.LVL81:
 993               	.LFB90:
  36:../lufa-LUFA-111009/LUFA/Drivers/USB/Core/AVR8/Template/Template_Endpoint_RW.c **** 	uint8_t* DataStream      = ((uint8_t*)Buffer + TEMPLATE_BUFFER_OFFSET(Length));
 994               		.loc 3 36 1 is_stmt 1 view -0
 995               		.cfi_startproc
  36:../lufa-LUFA-111009/LUFA/Drivers/USB/Core/AVR8/Template/Template_Endpoint_RW.c **** 	uint8_t* DataStream      = ((uint8_t*)Buffer + TEMPLATE_BUFFER_OFFSET(Length));
 996               		.loc 3 36 1 is_stmt 0 view .LVU244
 997 0000 AF92      		push r10
 998               	.LCFI41:
 999               		.cfi_def_cfa_offset 3
 1000               		.cfi_offset 10, -2
 1001 0002 BF92      		push r11
 1002               	.LCFI42:
 1003               		.cfi_def_cfa_offset 4
 1004               		.cfi_offset 11, -3
 1005 0004 DF92      		push r13
 1006               	.LCFI43:
 1007               		.cfi_def_cfa_offset 5
 1008               		.cfi_offset 13, -4
 1009 0006 EF92      		push r14
 1010               	.LCFI44:
 1011               		.cfi_def_cfa_offset 6
 1012               		.cfi_offset 14, -5
 1013 0008 FF92      		push r15
 1014               	.LCFI45:
 1015               		.cfi_def_cfa_offset 7
 1016               		.cfi_offset 15, -6
 1017 000a 0F93      		push r16
 1018               	.LCFI46:
 1019               		.cfi_def_cfa_offset 8
 1020               		.cfi_offset 16, -7
 1021 000c 1F93      		push r17
 1022               	.LCFI47:
 1023               		.cfi_def_cfa_offset 9
 1024               		.cfi_offset 17, -8
 1025 000e CF93      		push r28
 1026               	.LCFI48:
 1027               		.cfi_def_cfa_offset 10
 1028               		.cfi_offset 28, -9
 1029 0010 DF93      		push r29
 1030               	.LCFI49:
 1031               		.cfi_def_cfa_offset 11
 1032               		.cfi_offset 29, -10
 1033               	/* prologue: function */
 1034               	/* frame size = 0 */
 1035               	/* stack size = 9 */
 1036               	.L__stack_usage = 9
 1037 0012 EC01      		movw r28,r24
 1038 0014 8B01      		movw r16,r22
 1039 0016 7A01      		movw r14,r20
  37:../lufa-LUFA-111009/LUFA/Drivers/USB/Core/AVR8/Template/Template_Endpoint_RW.c **** 	uint16_t BytesInTransfer = 0;
 1040               		.loc 3 37 2 is_stmt 1 view .LVU245
 1041               	.LVL82:
  38:../lufa-LUFA-111009/LUFA/Drivers/USB/Core/AVR8/Template/Template_Endpoint_RW.c **** 	uint8_t  ErrorCode;
 1042               		.loc 3 38 2 view .LVU246
  39:../lufa-LUFA-111009/LUFA/Drivers/USB/Core/AVR8/Template/Template_Endpoint_RW.c **** 
 1043               		.loc 3 39 2 view .LVU247
  41:../lufa-LUFA-111009/LUFA/Drivers/USB/Core/AVR8/Template/Template_Endpoint_RW.c **** 	  return ErrorCode;
 1044               		.loc 3 41 2 view .LVU248
  41:../lufa-LUFA-111009/LUFA/Drivers/USB/Core/AVR8/Template/Template_Endpoint_RW.c **** 	  return ErrorCode;
 1045               		.loc 3 41 19 is_stmt 0 view .LVU249
 1046 0018 0E94 0000 		call Endpoint_WaitUntilReady
 1047               	.LVL83:
  41:../lufa-LUFA-111009/LUFA/Drivers/USB/Core/AVR8/Template/Template_Endpoint_RW.c **** 	  return ErrorCode;
 1048               		.loc 3 41 19 view .LVU250
 1049 001c D82E      		mov r13,r24
 1050               	.LVL84:
  41:../lufa-LUFA-111009/LUFA/Drivers/USB/Core/AVR8/Template/Template_Endpoint_RW.c **** 	  return ErrorCode;
 1051               		.loc 3 41 5 view .LVU251
 1052 001e 8111      		cpse r24,__zero_reg__
 1053 0020 00C0      		rjmp .L61
  37:../lufa-LUFA-111009/LUFA/Drivers/USB/Core/AVR8/Template/Template_Endpoint_RW.c **** 	uint16_t BytesInTransfer = 0;
 1054               		.loc 3 37 47 view .LVU252
 1055 0022 C801      		movw r24,r16
 1056 0024 0197      		sbiw r24,1
 1057               	.LVL85:
  37:../lufa-LUFA-111009/LUFA/Drivers/USB/Core/AVR8/Template/Template_Endpoint_RW.c **** 	uint16_t BytesInTransfer = 0;
 1058               		.loc 3 37 11 view .LVU253
 1059 0026 C80F      		add r28,r24
 1060 0028 D91F      		adc r29,r25
 1061               	.LVL86:
  44:../lufa-LUFA-111009/LUFA/Drivers/USB/Core/AVR8/Template/Template_Endpoint_RW.c **** 	{
 1062               		.loc 3 44 2 is_stmt 1 view .LVU254
  44:../lufa-LUFA-111009/LUFA/Drivers/USB/Core/AVR8/Template/Template_Endpoint_RW.c **** 	{
 1063               		.loc 3 44 5 is_stmt 0 view .LVU255
 1064 002a E114      		cp r14,__zero_reg__
 1065 002c F104      		cpc r15,__zero_reg__
 1066 002e 01F0      		breq .L63
  46:../lufa-LUFA-111009/LUFA/Drivers/USB/Core/AVR8/Template/Template_Endpoint_RW.c **** 		TEMPLATE_BUFFER_MOVE(DataStream, *BytesProcessed);
 1067               		.loc 3 46 3 is_stmt 1 view .LVU256
  46:../lufa-LUFA-111009/LUFA/Drivers/USB/Core/AVR8/Template/Template_Endpoint_RW.c **** 		TEMPLATE_BUFFER_MOVE(DataStream, *BytesProcessed);
 1068               		.loc 3 46 13 is_stmt 0 view .LVU257
 1069 0030 F701      		movw r30,r14
 1070 0032 8081      		ld r24,Z
 1071 0034 9181      		ldd r25,Z+1
 1072               	.LVL87:
  46:../lufa-LUFA-111009/LUFA/Drivers/USB/Core/AVR8/Template/Template_Endpoint_RW.c **** 		TEMPLATE_BUFFER_MOVE(DataStream, *BytesProcessed);
 1073               		.loc 3 46 10 view .LVU258
 1074 0036 081B      		sub r16,r24
 1075 0038 190B      		sbc r17,r25
 1076               	.LVL88:
  47:../lufa-LUFA-111009/LUFA/Drivers/USB/Core/AVR8/Template/Template_Endpoint_RW.c **** 	}
 1077               		.loc 3 47 3 is_stmt 1 view .LVU259
 1078 003a C81B      		sub r28,r24
 1079 003c D90B      		sbc r29,r25
 1080               	.LVL89:
 1081               	.L63:
  36:../lufa-LUFA-111009/LUFA/Drivers/USB/Core/AVR8/Template/Template_Endpoint_RW.c **** 	uint8_t* DataStream      = ((uint8_t*)Buffer + TEMPLATE_BUFFER_OFFSET(Length));
 1082               		.loc 3 36 1 is_stmt 0 view .LVU260
 1083 003e A12C      		mov r10,__zero_reg__
 1084 0040 B12C      		mov r11,__zero_reg__
 1085               	.LVL90:
 1086               	.L64:
  50:../lufa-LUFA-111009/LUFA/Drivers/USB/Core/AVR8/Template/Template_Endpoint_RW.c **** 	{
 1087               		.loc 3 50 9 is_stmt 1 view .LVU261
 1088 0042 0115      		cp r16,__zero_reg__
 1089 0044 1105      		cpc r17,__zero_reg__
 1090 0046 01F0      		breq .L61
 1091               	.LVL91:
 1092               	.L67:
  52:../lufa-LUFA-111009/LUFA/Drivers/USB/Core/AVR8/Template/Template_Endpoint_RW.c **** 		{
 1093               		.loc 3 52 3 view .LVU262
 1094               	.LBB286:
 1095               	.LBI286:
 418:../lufa-LUFA-111009/LUFA/Drivers/USB/Core/AVR8/../AVR8/../AVR8/Endpoint_AVR8.h **** 			{
 1096               		.loc 2 418 23 view .LVU263
 1097               	.LBB287:
 420:../lufa-LUFA-111009/LUFA/Drivers/USB/Core/AVR8/../AVR8/../AVR8/Endpoint_AVR8.h **** 			}
 1098               		.loc 2 420 5 view .LVU264
 420:../lufa-LUFA-111009/LUFA/Drivers/USB/Core/AVR8/../AVR8/../AVR8/Endpoint_AVR8.h **** 			}
 1099               		.loc 2 420 14 is_stmt 0 view .LVU265
 1100 0048 8091 E800 		lds r24,232
 1101               	.LBE287:
 1102               	.LBE286:
  52:../lufa-LUFA-111009/LUFA/Drivers/USB/Core/AVR8/Template/Template_Endpoint_RW.c **** 		{
 1103               		.loc 3 52 6 view .LVU266
 1104 004c 85FD      		sbrc r24,5
 1105 004e 00C0      		rjmp .L65
  54:../lufa-LUFA-111009/LUFA/Drivers/USB/Core/AVR8/Template/Template_Endpoint_RW.c **** 
 1106               		.loc 3 54 4 is_stmt 1 view .LVU267
 1107               	.LBB288:
 1108               	.LBI288:
 528:../lufa-LUFA-111009/LUFA/Drivers/USB/Core/AVR8/../AVR8/../AVR8/Endpoint_AVR8.h **** 			{
 1109               		.loc 2 528 23 view .LVU268
 1110               	.LBB289:
 531:../lufa-LUFA-111009/LUFA/Drivers/USB/Core/AVR8/../AVR8/../AVR8/Endpoint_AVR8.h **** 				#else
 1111               		.loc 2 531 6 view .LVU269
 531:../lufa-LUFA-111009/LUFA/Drivers/USB/Core/AVR8/../AVR8/../AVR8/Endpoint_AVR8.h **** 				#else
 1112               		.loc 2 531 13 is_stmt 0 view .LVU270
 1113 0050 8091 E800 		lds r24,232
 1114 0054 8B77      		andi r24,lo8(123)
 1115 0056 8093 E800 		sts 232,r24
 1116               	.LBE289:
 1117               	.LBE288:
  57:../lufa-LUFA-111009/LUFA/Drivers/USB/Core/AVR8/Template/Template_Endpoint_RW.c **** 			#endif
 1118               		.loc 3 57 4 is_stmt 1 view .LVU271
 1119 005a 0E94 0000 		call USB_USBTask
 1120               	.LVL92:
  60:../lufa-LUFA-111009/LUFA/Drivers/USB/Core/AVR8/Template/Template_Endpoint_RW.c **** 			{
 1121               		.loc 3 60 4 view .LVU272
  60:../lufa-LUFA-111009/LUFA/Drivers/USB/Core/AVR8/Template/Template_Endpoint_RW.c **** 			{
 1122               		.loc 3 60 7 is_stmt 0 view .LVU273
 1123 005e E114      		cp r14,__zero_reg__
 1124 0060 F104      		cpc r15,__zero_reg__
 1125 0062 01F0      		breq .L66
  62:../lufa-LUFA-111009/LUFA/Drivers/USB/Core/AVR8/Template/Template_Endpoint_RW.c **** 				return ENDPOINT_RWSTREAM_IncompleteTransfer;
 1126               		.loc 3 62 5 is_stmt 1 view .LVU274
  62:../lufa-LUFA-111009/LUFA/Drivers/USB/Core/AVR8/Template/Template_Endpoint_RW.c **** 				return ENDPOINT_RWSTREAM_IncompleteTransfer;
 1127               		.loc 3 62 21 is_stmt 0 view .LVU275
 1128 0064 F701      		movw r30,r14
 1129 0066 8081      		ld r24,Z
 1130 0068 9181      		ldd r25,Z+1
 1131 006a 8A0D      		add r24,r10
 1132 006c 9B1D      		adc r25,r11
 1133 006e 9183      		std Z+1,r25
 1134 0070 8083      		st Z,r24
  63:../lufa-LUFA-111009/LUFA/Drivers/USB/Core/AVR8/Template/Template_Endpoint_RW.c **** 			}
 1135               		.loc 3 63 5 is_stmt 1 view .LVU276
  63:../lufa-LUFA-111009/LUFA/Drivers/USB/Core/AVR8/Template/Template_Endpoint_RW.c **** 			}
 1136               		.loc 3 63 12 is_stmt 0 view .LVU277
 1137 0072 85E0      		ldi r24,lo8(5)
 1138 0074 D82E      		mov r13,r24
 1139               	.L61:
 1140               		.loc 3 79 1 view .LVU278
 1141 0076 8D2D      		mov r24,r13
 1142               	/* epilogue start */
 1143 0078 DF91      		pop r29
 1144 007a CF91      		pop r28
 1145 007c 1F91      		pop r17
 1146 007e 0F91      		pop r16
 1147 0080 FF90      		pop r15
 1148 0082 EF90      		pop r14
 1149               	.LVL93:
 1150               		.loc 3 79 1 view .LVU279
 1151 0084 DF90      		pop r13
 1152 0086 BF90      		pop r11
 1153 0088 AF90      		pop r10
 1154 008a 0895      		ret
 1155               	.LVL94:
 1156               	.L66:
  66:../lufa-LUFA-111009/LUFA/Drivers/USB/Core/AVR8/Template/Template_Endpoint_RW.c **** 			  return ErrorCode;
 1157               		.loc 3 66 4 is_stmt 1 view .LVU280
  66:../lufa-LUFA-111009/LUFA/Drivers/USB/Core/AVR8/Template/Template_Endpoint_RW.c **** 			  return ErrorCode;
 1158               		.loc 3 66 21 is_stmt 0 view .LVU281
 1159 008c 0E94 0000 		call Endpoint_WaitUntilReady
 1160               	.LVL95:
  66:../lufa-LUFA-111009/LUFA/Drivers/USB/Core/AVR8/Template/Template_Endpoint_RW.c **** 			  return ErrorCode;
 1161               		.loc 3 66 7 view .LVU282
 1162 0090 8115      		cp r24, __zero_reg__
 1163 0092 01F0      		breq .L67
  67:../lufa-LUFA-111009/LUFA/Drivers/USB/Core/AVR8/Template/Template_Endpoint_RW.c **** 		}
 1164               		.loc 3 67 13 view .LVU283
 1165 0094 D82E      		mov r13,r24
 1166 0096 00C0      		rjmp .L61
 1167               	.LVL96:
 1168               	.L65:
  71:../lufa-LUFA-111009/LUFA/Drivers/USB/Core/AVR8/Template/Template_Endpoint_RW.c **** 			TEMPLATE_BUFFER_MOVE(DataStream, 1);
 1169               		.loc 3 71 4 is_stmt 1 view .LVU284
 1170               	.LBB290:
 1171               	.LBI290:
 610:../lufa-LUFA-111009/LUFA/Drivers/USB/Core/AVR8/../AVR8/../AVR8/Endpoint_AVR8.h **** 			{
 1172               		.loc 2 610 26 view .LVU285
 1173               	.LBB291:
 612:../lufa-LUFA-111009/LUFA/Drivers/USB/Core/AVR8/../AVR8/../AVR8/Endpoint_AVR8.h **** 			}
 1174               		.loc 2 612 5 view .LVU286
 612:../lufa-LUFA-111009/LUFA/Drivers/USB/Core/AVR8/../AVR8/../AVR8/Endpoint_AVR8.h **** 			}
 1175               		.loc 2 612 12 is_stmt 0 view .LVU287
 1176 0098 8091 F100 		lds r24,241
 1177               	.LBE291:
 1178               	.LBE290:
  71:../lufa-LUFA-111009/LUFA/Drivers/USB/Core/AVR8/Template/Template_Endpoint_RW.c **** 			TEMPLATE_BUFFER_MOVE(DataStream, 1);
 1179               		.loc 3 71 4 view .LVU288
 1180 009c 8883      		st Y,r24
  72:../lufa-LUFA-111009/LUFA/Drivers/USB/Core/AVR8/Template/Template_Endpoint_RW.c **** 			Length--;
 1181               		.loc 3 72 4 is_stmt 1 view .LVU289
 1182 009e 2197      		sbiw r28,1
 1183               	.LVL97:
  73:../lufa-LUFA-111009/LUFA/Drivers/USB/Core/AVR8/Template/Template_Endpoint_RW.c **** 			BytesInTransfer++;
 1184               		.loc 3 73 4 view .LVU290
  73:../lufa-LUFA-111009/LUFA/Drivers/USB/Core/AVR8/Template/Template_Endpoint_RW.c **** 			BytesInTransfer++;
 1185               		.loc 3 73 10 is_stmt 0 view .LVU291
 1186 00a0 0150      		subi r16,1
 1187 00a2 1109      		sbc r17,__zero_reg__
 1188               	.LVL98:
  74:../lufa-LUFA-111009/LUFA/Drivers/USB/Core/AVR8/Template/Template_Endpoint_RW.c **** 		}
 1189               		.loc 3 74 4 is_stmt 1 view .LVU292
  74:../lufa-LUFA-111009/LUFA/Drivers/USB/Core/AVR8/Template/Template_Endpoint_RW.c **** 		}
 1190               		.loc 3 74 19 is_stmt 0 view .LVU293
 1191 00a4 FFEF      		ldi r31,-1
 1192 00a6 AF1A      		sub r10,r31
 1193 00a8 BF0A      		sbc r11,r31
 1194               	.LVL99:
  74:../lufa-LUFA-111009/LUFA/Drivers/USB/Core/AVR8/Template/Template_Endpoint_RW.c **** 		}
 1195               		.loc 3 74 19 view .LVU294
 1196 00aa 00C0      		rjmp .L64
 1197               		.cfi_endproc
 1198               	.LFE90:
 1200               		.section	.text.Endpoint_Write_PStream_LE,"ax",@progbits
 1201               	.global	Endpoint_Write_PStream_LE
 1203               	Endpoint_Write_PStream_LE:
 1204               	.LVL100:
 1205               	.LFB91:
  36:../lufa-LUFA-111009/LUFA/Drivers/USB/Core/AVR8/Template/Template_Endpoint_RW.c **** 	uint8_t* DataStream      = ((uint8_t*)Buffer + TEMPLATE_BUFFER_OFFSET(Length));
 1206               		.loc 3 36 1 is_stmt 1 view -0
 1207               		.cfi_startproc
  36:../lufa-LUFA-111009/LUFA/Drivers/USB/Core/AVR8/Template/Template_Endpoint_RW.c **** 	uint8_t* DataStream      = ((uint8_t*)Buffer + TEMPLATE_BUFFER_OFFSET(Length));
 1208               		.loc 3 36 1 is_stmt 0 view .LVU296
 1209 0000 AF92      		push r10
 1210               	.LCFI50:
 1211               		.cfi_def_cfa_offset 3
 1212               		.cfi_offset 10, -2
 1213 0002 BF92      		push r11
 1214               	.LCFI51:
 1215               		.cfi_def_cfa_offset 4
 1216               		.cfi_offset 11, -3
 1217 0004 DF92      		push r13
 1218               	.LCFI52:
 1219               		.cfi_def_cfa_offset 5
 1220               		.cfi_offset 13, -4
 1221 0006 EF92      		push r14
 1222               	.LCFI53:
 1223               		.cfi_def_cfa_offset 6
 1224               		.cfi_offset 14, -5
 1225 0008 FF92      		push r15
 1226               	.LCFI54:
 1227               		.cfi_def_cfa_offset 7
 1228               		.cfi_offset 15, -6
 1229 000a 0F93      		push r16
 1230               	.LCFI55:
 1231               		.cfi_def_cfa_offset 8
 1232               		.cfi_offset 16, -7
 1233 000c 1F93      		push r17
 1234               	.LCFI56:
 1235               		.cfi_def_cfa_offset 9
 1236               		.cfi_offset 17, -8
 1237 000e CF93      		push r28
 1238               	.LCFI57:
 1239               		.cfi_def_cfa_offset 10
 1240               		.cfi_offset 28, -9
 1241 0010 DF93      		push r29
 1242               	.LCFI58:
 1243               		.cfi_def_cfa_offset 11
 1244               		.cfi_offset 29, -10
 1245               	/* prologue: function */
 1246               	/* frame size = 0 */
 1247               	/* stack size = 9 */
 1248               	.L__stack_usage = 9
 1249 0012 8C01      		movw r16,r24
 1250 0014 EB01      		movw r28,r22
 1251 0016 7A01      		movw r14,r20
  37:../lufa-LUFA-111009/LUFA/Drivers/USB/Core/AVR8/Template/Template_Endpoint_RW.c **** 	uint16_t BytesInTransfer = 0;
 1252               		.loc 3 37 2 is_stmt 1 view .LVU297
 1253               	.LVL101:
  38:../lufa-LUFA-111009/LUFA/Drivers/USB/Core/AVR8/Template/Template_Endpoint_RW.c **** 	uint8_t  ErrorCode;
 1254               		.loc 3 38 2 view .LVU298
  39:../lufa-LUFA-111009/LUFA/Drivers/USB/Core/AVR8/Template/Template_Endpoint_RW.c **** 
 1255               		.loc 3 39 2 view .LVU299
  41:../lufa-LUFA-111009/LUFA/Drivers/USB/Core/AVR8/Template/Template_Endpoint_RW.c **** 	  return ErrorCode;
 1256               		.loc 3 41 2 view .LVU300
  41:../lufa-LUFA-111009/LUFA/Drivers/USB/Core/AVR8/Template/Template_Endpoint_RW.c **** 	  return ErrorCode;
 1257               		.loc 3 41 19 is_stmt 0 view .LVU301
 1258 0018 0E94 0000 		call Endpoint_WaitUntilReady
 1259               	.LVL102:
  41:../lufa-LUFA-111009/LUFA/Drivers/USB/Core/AVR8/Template/Template_Endpoint_RW.c **** 	  return ErrorCode;
 1260               		.loc 3 41 19 view .LVU302
 1261 001c D82E      		mov r13,r24
 1262               	.LVL103:
  41:../lufa-LUFA-111009/LUFA/Drivers/USB/Core/AVR8/Template/Template_Endpoint_RW.c **** 	  return ErrorCode;
 1263               		.loc 3 41 5 view .LVU303
 1264 001e 8111      		cpse r24,__zero_reg__
 1265 0020 00C0      		rjmp .L73
  44:../lufa-LUFA-111009/LUFA/Drivers/USB/Core/AVR8/Template/Template_Endpoint_RW.c **** 	{
 1266               		.loc 3 44 2 is_stmt 1 view .LVU304
  44:../lufa-LUFA-111009/LUFA/Drivers/USB/Core/AVR8/Template/Template_Endpoint_RW.c **** 	{
 1267               		.loc 3 44 5 is_stmt 0 view .LVU305
 1268 0022 E114      		cp r14,__zero_reg__
 1269 0024 F104      		cpc r15,__zero_reg__
 1270 0026 01F0      		breq .L75
  46:../lufa-LUFA-111009/LUFA/Drivers/USB/Core/AVR8/Template/Template_Endpoint_RW.c **** 		TEMPLATE_BUFFER_MOVE(DataStream, *BytesProcessed);
 1271               		.loc 3 46 3 is_stmt 1 view .LVU306
  46:../lufa-LUFA-111009/LUFA/Drivers/USB/Core/AVR8/Template/Template_Endpoint_RW.c **** 		TEMPLATE_BUFFER_MOVE(DataStream, *BytesProcessed);
 1272               		.loc 3 46 13 is_stmt 0 view .LVU307
 1273 0028 F701      		movw r30,r14
 1274 002a 8081      		ld r24,Z
 1275 002c 9181      		ldd r25,Z+1
  46:../lufa-LUFA-111009/LUFA/Drivers/USB/Core/AVR8/Template/Template_Endpoint_RW.c **** 		TEMPLATE_BUFFER_MOVE(DataStream, *BytesProcessed);
 1276               		.loc 3 46 10 view .LVU308
 1277 002e C81B      		sub r28,r24
 1278 0030 D90B      		sbc r29,r25
 1279               	.LVL104:
  47:../lufa-LUFA-111009/LUFA/Drivers/USB/Core/AVR8/Template/Template_Endpoint_RW.c **** 	}
 1280               		.loc 3 47 3 is_stmt 1 view .LVU309
 1281 0032 080F      		add r16,r24
 1282 0034 191F      		adc r17,r25
 1283               	.LVL105:
 1284               	.L75:
  36:../lufa-LUFA-111009/LUFA/Drivers/USB/Core/AVR8/Template/Template_Endpoint_RW.c **** 	uint8_t* DataStream      = ((uint8_t*)Buffer + TEMPLATE_BUFFER_OFFSET(Length));
 1285               		.loc 3 36 1 is_stmt 0 view .LVU310
 1286 0036 A12C      		mov r10,__zero_reg__
 1287 0038 B12C      		mov r11,__zero_reg__
 1288               	.LVL106:
 1289               	.L76:
  50:../lufa-LUFA-111009/LUFA/Drivers/USB/Core/AVR8/Template/Template_Endpoint_RW.c **** 	{
 1290               		.loc 3 50 9 is_stmt 1 view .LVU311
 1291 003a 2097      		sbiw r28,0
 1292 003c 01F0      		breq .L73
 1293               	.LVL107:
 1294               	.L79:
  52:../lufa-LUFA-111009/LUFA/Drivers/USB/Core/AVR8/Template/Template_Endpoint_RW.c **** 		{
 1295               		.loc 3 52 3 view .LVU312
 1296               	.LBB292:
 1297               	.LBI292:
 418:../lufa-LUFA-111009/LUFA/Drivers/USB/Core/AVR8/../AVR8/../AVR8/Endpoint_AVR8.h **** 			{
 1298               		.loc 2 418 23 view .LVU313
 1299               	.LBB293:
 420:../lufa-LUFA-111009/LUFA/Drivers/USB/Core/AVR8/../AVR8/../AVR8/Endpoint_AVR8.h **** 			}
 1300               		.loc 2 420 5 view .LVU314
 420:../lufa-LUFA-111009/LUFA/Drivers/USB/Core/AVR8/../AVR8/../AVR8/Endpoint_AVR8.h **** 			}
 1301               		.loc 2 420 14 is_stmt 0 view .LVU315
 1302 003e 8091 E800 		lds r24,232
 1303               	.LBE293:
 1304               	.LBE292:
  52:../lufa-LUFA-111009/LUFA/Drivers/USB/Core/AVR8/Template/Template_Endpoint_RW.c **** 		{
 1305               		.loc 3 52 6 view .LVU316
 1306 0042 85FD      		sbrc r24,5
 1307 0044 00C0      		rjmp .L77
  54:../lufa-LUFA-111009/LUFA/Drivers/USB/Core/AVR8/Template/Template_Endpoint_RW.c **** 
 1308               		.loc 3 54 4 is_stmt 1 view .LVU317
 1309               	.LBB294:
 1310               	.LBI294:
 513:../lufa-LUFA-111009/LUFA/Drivers/USB/Core/AVR8/../AVR8/../AVR8/Endpoint_AVR8.h **** 			{
 1311               		.loc 2 513 23 view .LVU318
 1312               	.LBB295:
 516:../lufa-LUFA-111009/LUFA/Drivers/USB/Core/AVR8/../AVR8/../AVR8/Endpoint_AVR8.h **** 				#else
 1313               		.loc 2 516 6 view .LVU319
 516:../lufa-LUFA-111009/LUFA/Drivers/USB/Core/AVR8/../AVR8/../AVR8/Endpoint_AVR8.h **** 				#else
 1314               		.loc 2 516 13 is_stmt 0 view .LVU320
 1315 0046 8091 E800 		lds r24,232
 1316 004a 8E77      		andi r24,lo8(126)
 1317 004c 8093 E800 		sts 232,r24
 1318               	.LBE295:
 1319               	.LBE294:
  57:../lufa-LUFA-111009/LUFA/Drivers/USB/Core/AVR8/Template/Template_Endpoint_RW.c **** 			#endif
 1320               		.loc 3 57 4 is_stmt 1 view .LVU321
 1321 0050 0E94 0000 		call USB_USBTask
 1322               	.LVL108:
  60:../lufa-LUFA-111009/LUFA/Drivers/USB/Core/AVR8/Template/Template_Endpoint_RW.c **** 			{
 1323               		.loc 3 60 4 view .LVU322
  60:../lufa-LUFA-111009/LUFA/Drivers/USB/Core/AVR8/Template/Template_Endpoint_RW.c **** 			{
 1324               		.loc 3 60 7 is_stmt 0 view .LVU323
 1325 0054 E114      		cp r14,__zero_reg__
 1326 0056 F104      		cpc r15,__zero_reg__
 1327 0058 01F0      		breq .L78
  62:../lufa-LUFA-111009/LUFA/Drivers/USB/Core/AVR8/Template/Template_Endpoint_RW.c **** 				return ENDPOINT_RWSTREAM_IncompleteTransfer;
 1328               		.loc 3 62 5 is_stmt 1 view .LVU324
  62:../lufa-LUFA-111009/LUFA/Drivers/USB/Core/AVR8/Template/Template_Endpoint_RW.c **** 				return ENDPOINT_RWSTREAM_IncompleteTransfer;
 1329               		.loc 3 62 21 is_stmt 0 view .LVU325
 1330 005a F701      		movw r30,r14
 1331 005c 8081      		ld r24,Z
 1332 005e 9181      		ldd r25,Z+1
 1333 0060 8A0D      		add r24,r10
 1334 0062 9B1D      		adc r25,r11
 1335 0064 9183      		std Z+1,r25
 1336 0066 8083      		st Z,r24
  63:../lufa-LUFA-111009/LUFA/Drivers/USB/Core/AVR8/Template/Template_Endpoint_RW.c **** 			}
 1337               		.loc 3 63 5 is_stmt 1 view .LVU326
  63:../lufa-LUFA-111009/LUFA/Drivers/USB/Core/AVR8/Template/Template_Endpoint_RW.c **** 			}
 1338               		.loc 3 63 12 is_stmt 0 view .LVU327
 1339 0068 85E0      		ldi r24,lo8(5)
 1340 006a D82E      		mov r13,r24
 1341               	.L73:
 1342               		.loc 3 79 1 view .LVU328
 1343 006c 8D2D      		mov r24,r13
 1344               	/* epilogue start */
 1345 006e DF91      		pop r29
 1346 0070 CF91      		pop r28
 1347 0072 1F91      		pop r17
 1348 0074 0F91      		pop r16
 1349 0076 FF90      		pop r15
 1350 0078 EF90      		pop r14
 1351               	.LVL109:
 1352               		.loc 3 79 1 view .LVU329
 1353 007a DF90      		pop r13
 1354 007c BF90      		pop r11
 1355 007e AF90      		pop r10
 1356 0080 0895      		ret
 1357               	.LVL110:
 1358               	.L78:
  66:../lufa-LUFA-111009/LUFA/Drivers/USB/Core/AVR8/Template/Template_Endpoint_RW.c **** 			  return ErrorCode;
 1359               		.loc 3 66 4 is_stmt 1 view .LVU330
  66:../lufa-LUFA-111009/LUFA/Drivers/USB/Core/AVR8/Template/Template_Endpoint_RW.c **** 			  return ErrorCode;
 1360               		.loc 3 66 21 is_stmt 0 view .LVU331
 1361 0082 0E94 0000 		call Endpoint_WaitUntilReady
 1362               	.LVL111:
  66:../lufa-LUFA-111009/LUFA/Drivers/USB/Core/AVR8/Template/Template_Endpoint_RW.c **** 			  return ErrorCode;
 1363               		.loc 3 66 7 view .LVU332
 1364 0086 8115      		cp r24, __zero_reg__
 1365 0088 01F0      		breq .L79
  67:../lufa-LUFA-111009/LUFA/Drivers/USB/Core/AVR8/Template/Template_Endpoint_RW.c **** 		}
 1366               		.loc 3 67 13 view .LVU333
 1367 008a D82E      		mov r13,r24
 1368 008c 00C0      		rjmp .L73
 1369               	.LVL112:
 1370               	.L77:
  71:../lufa-LUFA-111009/LUFA/Drivers/USB/Core/AVR8/Template/Template_Endpoint_RW.c **** 			TEMPLATE_BUFFER_MOVE(DataStream, 1);
 1371               		.loc 3 71 4 is_stmt 1 view .LVU334
 1372               	.LBB296:
  71:../lufa-LUFA-111009/LUFA/Drivers/USB/Core/AVR8/Template/Template_Endpoint_RW.c **** 			TEMPLATE_BUFFER_MOVE(DataStream, 1);
 1373               		.loc 3 71 4 view .LVU335
  71:../lufa-LUFA-111009/LUFA/Drivers/USB/Core/AVR8/Template/Template_Endpoint_RW.c **** 			TEMPLATE_BUFFER_MOVE(DataStream, 1);
 1374               		.loc 3 71 4 view .LVU336
  71:../lufa-LUFA-111009/LUFA/Drivers/USB/Core/AVR8/Template/Template_Endpoint_RW.c **** 			TEMPLATE_BUFFER_MOVE(DataStream, 1);
 1375               		.loc 3 71 4 view .LVU337
 1376 008e F801      		movw r30,r16
 1377               	/* #APP */
 1378               	 ;  71 "../lufa-LUFA-111009/LUFA/Drivers/USB/Core/AVR8/Template/Template_Endpoint_RW.c" 1
 1379 0090 8491      		lpm r24, Z
 1380               		
 1381               	 ;  0 "" 2
 1382               	.LVL113:
  71:../lufa-LUFA-111009/LUFA/Drivers/USB/Core/AVR8/Template/Template_Endpoint_RW.c **** 			TEMPLATE_BUFFER_MOVE(DataStream, 1);
 1383               		.loc 3 71 4 view .LVU338
  71:../lufa-LUFA-111009/LUFA/Drivers/USB/Core/AVR8/Template/Template_Endpoint_RW.c **** 			TEMPLATE_BUFFER_MOVE(DataStream, 1);
 1384               		.loc 3 71 4 is_stmt 0 view .LVU339
 1385               	/* #NOAPP */
 1386               	.LBE296:
 1387               	.LBB297:
 1388               	.LBI297:
 622:../lufa-LUFA-111009/LUFA/Drivers/USB/Core/AVR8/../AVR8/../AVR8/Endpoint_AVR8.h **** 			{
 1389               		.loc 2 622 23 is_stmt 1 view .LVU340
 1390               	.LBB298:
 624:../lufa-LUFA-111009/LUFA/Drivers/USB/Core/AVR8/../AVR8/../AVR8/Endpoint_AVR8.h **** 			}
 1391               		.loc 2 624 5 view .LVU341
 624:../lufa-LUFA-111009/LUFA/Drivers/USB/Core/AVR8/../AVR8/../AVR8/Endpoint_AVR8.h **** 			}
 1392               		.loc 2 624 12 is_stmt 0 view .LVU342
 1393 0092 8093 F100 		sts 241,r24
 1394               	.LVL114:
 624:../lufa-LUFA-111009/LUFA/Drivers/USB/Core/AVR8/../AVR8/../AVR8/Endpoint_AVR8.h **** 			}
 1395               		.loc 2 624 12 view .LVU343
 1396               	.LBE298:
 1397               	.LBE297:
  72:../lufa-LUFA-111009/LUFA/Drivers/USB/Core/AVR8/Template/Template_Endpoint_RW.c **** 			Length--;
 1398               		.loc 3 72 4 is_stmt 1 view .LVU344
 1399 0096 0F5F      		subi r16,-1
 1400 0098 1F4F      		sbci r17,-1
 1401               	.LVL115:
  73:../lufa-LUFA-111009/LUFA/Drivers/USB/Core/AVR8/Template/Template_Endpoint_RW.c **** 			BytesInTransfer++;
 1402               		.loc 3 73 4 view .LVU345
  73:../lufa-LUFA-111009/LUFA/Drivers/USB/Core/AVR8/Template/Template_Endpoint_RW.c **** 			BytesInTransfer++;
 1403               		.loc 3 73 10 is_stmt 0 view .LVU346
 1404 009a 2197      		sbiw r28,1
 1405               	.LVL116:
  74:../lufa-LUFA-111009/LUFA/Drivers/USB/Core/AVR8/Template/Template_Endpoint_RW.c **** 		}
 1406               		.loc 3 74 4 is_stmt 1 view .LVU347
  74:../lufa-LUFA-111009/LUFA/Drivers/USB/Core/AVR8/Template/Template_Endpoint_RW.c **** 		}
 1407               		.loc 3 74 19 is_stmt 0 view .LVU348
 1408 009c FFEF      		ldi r31,-1
 1409 009e AF1A      		sub r10,r31
 1410 00a0 BF0A      		sbc r11,r31
 1411               	.LVL117:
  74:../lufa-LUFA-111009/LUFA/Drivers/USB/Core/AVR8/Template/Template_Endpoint_RW.c **** 		}
 1412               		.loc 3 74 19 view .LVU349
 1413 00a2 00C0      		rjmp .L76
 1414               		.cfi_endproc
 1415               	.LFE91:
 1417               		.section	.text.Endpoint_Write_PStream_BE,"ax",@progbits
 1418               	.global	Endpoint_Write_PStream_BE
 1420               	Endpoint_Write_PStream_BE:
 1421               	.LVL118:
 1422               	.LFB92:
  36:../lufa-LUFA-111009/LUFA/Drivers/USB/Core/AVR8/Template/Template_Endpoint_RW.c **** 	uint8_t* DataStream      = ((uint8_t*)Buffer + TEMPLATE_BUFFER_OFFSET(Length));
 1423               		.loc 3 36 1 is_stmt 1 view -0
 1424               		.cfi_startproc
  36:../lufa-LUFA-111009/LUFA/Drivers/USB/Core/AVR8/Template/Template_Endpoint_RW.c **** 	uint8_t* DataStream      = ((uint8_t*)Buffer + TEMPLATE_BUFFER_OFFSET(Length));
 1425               		.loc 3 36 1 is_stmt 0 view .LVU351
 1426 0000 AF92      		push r10
 1427               	.LCFI59:
 1428               		.cfi_def_cfa_offset 3
 1429               		.cfi_offset 10, -2
 1430 0002 BF92      		push r11
 1431               	.LCFI60:
 1432               		.cfi_def_cfa_offset 4
 1433               		.cfi_offset 11, -3
 1434 0004 DF92      		push r13
 1435               	.LCFI61:
 1436               		.cfi_def_cfa_offset 5
 1437               		.cfi_offset 13, -4
 1438 0006 EF92      		push r14
 1439               	.LCFI62:
 1440               		.cfi_def_cfa_offset 6
 1441               		.cfi_offset 14, -5
 1442 0008 FF92      		push r15
 1443               	.LCFI63:
 1444               		.cfi_def_cfa_offset 7
 1445               		.cfi_offset 15, -6
 1446 000a 0F93      		push r16
 1447               	.LCFI64:
 1448               		.cfi_def_cfa_offset 8
 1449               		.cfi_offset 16, -7
 1450 000c 1F93      		push r17
 1451               	.LCFI65:
 1452               		.cfi_def_cfa_offset 9
 1453               		.cfi_offset 17, -8
 1454 000e CF93      		push r28
 1455               	.LCFI66:
 1456               		.cfi_def_cfa_offset 10
 1457               		.cfi_offset 28, -9
 1458 0010 DF93      		push r29
 1459               	.LCFI67:
 1460               		.cfi_def_cfa_offset 11
 1461               		.cfi_offset 29, -10
 1462               	/* prologue: function */
 1463               	/* frame size = 0 */
 1464               	/* stack size = 9 */
 1465               	.L__stack_usage = 9
 1466 0012 EC01      		movw r28,r24
 1467 0014 8B01      		movw r16,r22
 1468 0016 7A01      		movw r14,r20
  37:../lufa-LUFA-111009/LUFA/Drivers/USB/Core/AVR8/Template/Template_Endpoint_RW.c **** 	uint16_t BytesInTransfer = 0;
 1469               		.loc 3 37 2 is_stmt 1 view .LVU352
 1470               	.LVL119:
  38:../lufa-LUFA-111009/LUFA/Drivers/USB/Core/AVR8/Template/Template_Endpoint_RW.c **** 	uint8_t  ErrorCode;
 1471               		.loc 3 38 2 view .LVU353
  39:../lufa-LUFA-111009/LUFA/Drivers/USB/Core/AVR8/Template/Template_Endpoint_RW.c **** 
 1472               		.loc 3 39 2 view .LVU354
  41:../lufa-LUFA-111009/LUFA/Drivers/USB/Core/AVR8/Template/Template_Endpoint_RW.c **** 	  return ErrorCode;
 1473               		.loc 3 41 2 view .LVU355
  41:../lufa-LUFA-111009/LUFA/Drivers/USB/Core/AVR8/Template/Template_Endpoint_RW.c **** 	  return ErrorCode;
 1474               		.loc 3 41 19 is_stmt 0 view .LVU356
 1475 0018 0E94 0000 		call Endpoint_WaitUntilReady
 1476               	.LVL120:
  41:../lufa-LUFA-111009/LUFA/Drivers/USB/Core/AVR8/Template/Template_Endpoint_RW.c **** 	  return ErrorCode;
 1477               		.loc 3 41 19 view .LVU357
 1478 001c D82E      		mov r13,r24
 1479               	.LVL121:
  41:../lufa-LUFA-111009/LUFA/Drivers/USB/Core/AVR8/Template/Template_Endpoint_RW.c **** 	  return ErrorCode;
 1480               		.loc 3 41 5 view .LVU358
 1481 001e 8111      		cpse r24,__zero_reg__
 1482 0020 00C0      		rjmp .L85
  37:../lufa-LUFA-111009/LUFA/Drivers/USB/Core/AVR8/Template/Template_Endpoint_RW.c **** 	uint16_t BytesInTransfer = 0;
 1483               		.loc 3 37 47 view .LVU359
 1484 0022 C801      		movw r24,r16
 1485 0024 0197      		sbiw r24,1
 1486               	.LVL122:
  37:../lufa-LUFA-111009/LUFA/Drivers/USB/Core/AVR8/Template/Template_Endpoint_RW.c **** 	uint16_t BytesInTransfer = 0;
 1487               		.loc 3 37 11 view .LVU360
 1488 0026 C80F      		add r28,r24
 1489 0028 D91F      		adc r29,r25
 1490               	.LVL123:
  44:../lufa-LUFA-111009/LUFA/Drivers/USB/Core/AVR8/Template/Template_Endpoint_RW.c **** 	{
 1491               		.loc 3 44 2 is_stmt 1 view .LVU361
  44:../lufa-LUFA-111009/LUFA/Drivers/USB/Core/AVR8/Template/Template_Endpoint_RW.c **** 	{
 1492               		.loc 3 44 5 is_stmt 0 view .LVU362
 1493 002a E114      		cp r14,__zero_reg__
 1494 002c F104      		cpc r15,__zero_reg__
 1495 002e 01F0      		breq .L87
  46:../lufa-LUFA-111009/LUFA/Drivers/USB/Core/AVR8/Template/Template_Endpoint_RW.c **** 		TEMPLATE_BUFFER_MOVE(DataStream, *BytesProcessed);
 1496               		.loc 3 46 3 is_stmt 1 view .LVU363
  46:../lufa-LUFA-111009/LUFA/Drivers/USB/Core/AVR8/Template/Template_Endpoint_RW.c **** 		TEMPLATE_BUFFER_MOVE(DataStream, *BytesProcessed);
 1497               		.loc 3 46 13 is_stmt 0 view .LVU364
 1498 0030 F701      		movw r30,r14
 1499 0032 8081      		ld r24,Z
 1500 0034 9181      		ldd r25,Z+1
 1501               	.LVL124:
  46:../lufa-LUFA-111009/LUFA/Drivers/USB/Core/AVR8/Template/Template_Endpoint_RW.c **** 		TEMPLATE_BUFFER_MOVE(DataStream, *BytesProcessed);
 1502               		.loc 3 46 10 view .LVU365
 1503 0036 081B      		sub r16,r24
 1504 0038 190B      		sbc r17,r25
 1505               	.LVL125:
  47:../lufa-LUFA-111009/LUFA/Drivers/USB/Core/AVR8/Template/Template_Endpoint_RW.c **** 	}
 1506               		.loc 3 47 3 is_stmt 1 view .LVU366
 1507 003a C81B      		sub r28,r24
 1508 003c D90B      		sbc r29,r25
 1509               	.LVL126:
 1510               	.L87:
  36:../lufa-LUFA-111009/LUFA/Drivers/USB/Core/AVR8/Template/Template_Endpoint_RW.c **** 	uint8_t* DataStream      = ((uint8_t*)Buffer + TEMPLATE_BUFFER_OFFSET(Length));
 1511               		.loc 3 36 1 is_stmt 0 view .LVU367
 1512 003e A12C      		mov r10,__zero_reg__
 1513 0040 B12C      		mov r11,__zero_reg__
 1514               	.LVL127:
 1515               	.L88:
  50:../lufa-LUFA-111009/LUFA/Drivers/USB/Core/AVR8/Template/Template_Endpoint_RW.c **** 	{
 1516               		.loc 3 50 9 is_stmt 1 view .LVU368
 1517 0042 0115      		cp r16,__zero_reg__
 1518 0044 1105      		cpc r17,__zero_reg__
 1519 0046 01F0      		breq .L85
 1520               	.LVL128:
 1521               	.L91:
  52:../lufa-LUFA-111009/LUFA/Drivers/USB/Core/AVR8/Template/Template_Endpoint_RW.c **** 		{
 1522               		.loc 3 52 3 view .LVU369
 1523               	.LBB299:
 1524               	.LBI299:
 418:../lufa-LUFA-111009/LUFA/Drivers/USB/Core/AVR8/../AVR8/../AVR8/Endpoint_AVR8.h **** 			{
 1525               		.loc 2 418 23 view .LVU370
 1526               	.LBB300:
 420:../lufa-LUFA-111009/LUFA/Drivers/USB/Core/AVR8/../AVR8/../AVR8/Endpoint_AVR8.h **** 			}
 1527               		.loc 2 420 5 view .LVU371
 420:../lufa-LUFA-111009/LUFA/Drivers/USB/Core/AVR8/../AVR8/../AVR8/Endpoint_AVR8.h **** 			}
 1528               		.loc 2 420 14 is_stmt 0 view .LVU372
 1529 0048 8091 E800 		lds r24,232
 1530               	.LBE300:
 1531               	.LBE299:
  52:../lufa-LUFA-111009/LUFA/Drivers/USB/Core/AVR8/Template/Template_Endpoint_RW.c **** 		{
 1532               		.loc 3 52 6 view .LVU373
 1533 004c 85FD      		sbrc r24,5
 1534 004e 00C0      		rjmp .L89
  54:../lufa-LUFA-111009/LUFA/Drivers/USB/Core/AVR8/Template/Template_Endpoint_RW.c **** 
 1535               		.loc 3 54 4 is_stmt 1 view .LVU374
 1536               	.LBB301:
 1537               	.LBI301:
 513:../lufa-LUFA-111009/LUFA/Drivers/USB/Core/AVR8/../AVR8/../AVR8/Endpoint_AVR8.h **** 			{
 1538               		.loc 2 513 23 view .LVU375
 1539               	.LBB302:
 516:../lufa-LUFA-111009/LUFA/Drivers/USB/Core/AVR8/../AVR8/../AVR8/Endpoint_AVR8.h **** 				#else
 1540               		.loc 2 516 6 view .LVU376
 516:../lufa-LUFA-111009/LUFA/Drivers/USB/Core/AVR8/../AVR8/../AVR8/Endpoint_AVR8.h **** 				#else
 1541               		.loc 2 516 13 is_stmt 0 view .LVU377
 1542 0050 8091 E800 		lds r24,232
 1543 0054 8E77      		andi r24,lo8(126)
 1544 0056 8093 E800 		sts 232,r24
 1545               	.LBE302:
 1546               	.LBE301:
  57:../lufa-LUFA-111009/LUFA/Drivers/USB/Core/AVR8/Template/Template_Endpoint_RW.c **** 			#endif
 1547               		.loc 3 57 4 is_stmt 1 view .LVU378
 1548 005a 0E94 0000 		call USB_USBTask
 1549               	.LVL129:
  60:../lufa-LUFA-111009/LUFA/Drivers/USB/Core/AVR8/Template/Template_Endpoint_RW.c **** 			{
 1550               		.loc 3 60 4 view .LVU379
  60:../lufa-LUFA-111009/LUFA/Drivers/USB/Core/AVR8/Template/Template_Endpoint_RW.c **** 			{
 1551               		.loc 3 60 7 is_stmt 0 view .LVU380
 1552 005e E114      		cp r14,__zero_reg__
 1553 0060 F104      		cpc r15,__zero_reg__
 1554 0062 01F0      		breq .L90
  62:../lufa-LUFA-111009/LUFA/Drivers/USB/Core/AVR8/Template/Template_Endpoint_RW.c **** 				return ENDPOINT_RWSTREAM_IncompleteTransfer;
 1555               		.loc 3 62 5 is_stmt 1 view .LVU381
  62:../lufa-LUFA-111009/LUFA/Drivers/USB/Core/AVR8/Template/Template_Endpoint_RW.c **** 				return ENDPOINT_RWSTREAM_IncompleteTransfer;
 1556               		.loc 3 62 21 is_stmt 0 view .LVU382
 1557 0064 F701      		movw r30,r14
 1558 0066 8081      		ld r24,Z
 1559 0068 9181      		ldd r25,Z+1
 1560 006a 8A0D      		add r24,r10
 1561 006c 9B1D      		adc r25,r11
 1562 006e 9183      		std Z+1,r25
 1563 0070 8083      		st Z,r24
  63:../lufa-LUFA-111009/LUFA/Drivers/USB/Core/AVR8/Template/Template_Endpoint_RW.c **** 			}
 1564               		.loc 3 63 5 is_stmt 1 view .LVU383
  63:../lufa-LUFA-111009/LUFA/Drivers/USB/Core/AVR8/Template/Template_Endpoint_RW.c **** 			}
 1565               		.loc 3 63 12 is_stmt 0 view .LVU384
 1566 0072 85E0      		ldi r24,lo8(5)
 1567 0074 D82E      		mov r13,r24
 1568               	.L85:
 1569               		.loc 3 79 1 view .LVU385
 1570 0076 8D2D      		mov r24,r13
 1571               	/* epilogue start */
 1572 0078 DF91      		pop r29
 1573 007a CF91      		pop r28
 1574 007c 1F91      		pop r17
 1575 007e 0F91      		pop r16
 1576 0080 FF90      		pop r15
 1577 0082 EF90      		pop r14
 1578               	.LVL130:
 1579               		.loc 3 79 1 view .LVU386
 1580 0084 DF90      		pop r13
 1581 0086 BF90      		pop r11
 1582 0088 AF90      		pop r10
 1583 008a 0895      		ret
 1584               	.LVL131:
 1585               	.L90:
  66:../lufa-LUFA-111009/LUFA/Drivers/USB/Core/AVR8/Template/Template_Endpoint_RW.c **** 			  return ErrorCode;
 1586               		.loc 3 66 4 is_stmt 1 view .LVU387
  66:../lufa-LUFA-111009/LUFA/Drivers/USB/Core/AVR8/Template/Template_Endpoint_RW.c **** 			  return ErrorCode;
 1587               		.loc 3 66 21 is_stmt 0 view .LVU388
 1588 008c 0E94 0000 		call Endpoint_WaitUntilReady
 1589               	.LVL132:
  66:../lufa-LUFA-111009/LUFA/Drivers/USB/Core/AVR8/Template/Template_Endpoint_RW.c **** 			  return ErrorCode;
 1590               		.loc 3 66 7 view .LVU389
 1591 0090 8115      		cp r24, __zero_reg__
 1592 0092 01F0      		breq .L91
  67:../lufa-LUFA-111009/LUFA/Drivers/USB/Core/AVR8/Template/Template_Endpoint_RW.c **** 		}
 1593               		.loc 3 67 13 view .LVU390
 1594 0094 D82E      		mov r13,r24
 1595 0096 00C0      		rjmp .L85
 1596               	.LVL133:
 1597               	.L89:
  71:../lufa-LUFA-111009/LUFA/Drivers/USB/Core/AVR8/Template/Template_Endpoint_RW.c **** 			TEMPLATE_BUFFER_MOVE(DataStream, 1);
 1598               		.loc 3 71 4 is_stmt 1 view .LVU391
 1599               	.LBB303:
  71:../lufa-LUFA-111009/LUFA/Drivers/USB/Core/AVR8/Template/Template_Endpoint_RW.c **** 			TEMPLATE_BUFFER_MOVE(DataStream, 1);
 1600               		.loc 3 71 4 view .LVU392
  71:../lufa-LUFA-111009/LUFA/Drivers/USB/Core/AVR8/Template/Template_Endpoint_RW.c **** 			TEMPLATE_BUFFER_MOVE(DataStream, 1);
 1601               		.loc 3 71 4 view .LVU393
  71:../lufa-LUFA-111009/LUFA/Drivers/USB/Core/AVR8/Template/Template_Endpoint_RW.c **** 			TEMPLATE_BUFFER_MOVE(DataStream, 1);
 1602               		.loc 3 71 4 view .LVU394
 1603 0098 FE01      		movw r30,r28
 1604               	/* #APP */
 1605               	 ;  71 "../lufa-LUFA-111009/LUFA/Drivers/USB/Core/AVR8/Template/Template_Endpoint_RW.c" 1
 1606 009a 8491      		lpm r24, Z
 1607               		
 1608               	 ;  0 "" 2
 1609               	.LVL134:
  71:../lufa-LUFA-111009/LUFA/Drivers/USB/Core/AVR8/Template/Template_Endpoint_RW.c **** 			TEMPLATE_BUFFER_MOVE(DataStream, 1);
 1610               		.loc 3 71 4 view .LVU395
  71:../lufa-LUFA-111009/LUFA/Drivers/USB/Core/AVR8/Template/Template_Endpoint_RW.c **** 			TEMPLATE_BUFFER_MOVE(DataStream, 1);
 1611               		.loc 3 71 4 is_stmt 0 view .LVU396
 1612               	/* #NOAPP */
 1613               	.LBE303:
 1614               	.LBB304:
 1615               	.LBI304:
 622:../lufa-LUFA-111009/LUFA/Drivers/USB/Core/AVR8/../AVR8/../AVR8/Endpoint_AVR8.h **** 			{
 1616               		.loc 2 622 23 is_stmt 1 view .LVU397
 1617               	.LBB305:
 624:../lufa-LUFA-111009/LUFA/Drivers/USB/Core/AVR8/../AVR8/../AVR8/Endpoint_AVR8.h **** 			}
 1618               		.loc 2 624 5 view .LVU398
 624:../lufa-LUFA-111009/LUFA/Drivers/USB/Core/AVR8/../AVR8/../AVR8/Endpoint_AVR8.h **** 			}
 1619               		.loc 2 624 12 is_stmt 0 view .LVU399
 1620 009c 8093 F100 		sts 241,r24
 1621               	.LVL135:
 624:../lufa-LUFA-111009/LUFA/Drivers/USB/Core/AVR8/../AVR8/../AVR8/Endpoint_AVR8.h **** 			}
 1622               		.loc 2 624 12 view .LVU400
 1623               	.LBE305:
 1624               	.LBE304:
  72:../lufa-LUFA-111009/LUFA/Drivers/USB/Core/AVR8/Template/Template_Endpoint_RW.c **** 			Length--;
 1625               		.loc 3 72 4 is_stmt 1 view .LVU401
 1626 00a0 2197      		sbiw r28,1
 1627               	.LVL136:
  73:../lufa-LUFA-111009/LUFA/Drivers/USB/Core/AVR8/Template/Template_Endpoint_RW.c **** 			BytesInTransfer++;
 1628               		.loc 3 73 4 view .LVU402
  73:../lufa-LUFA-111009/LUFA/Drivers/USB/Core/AVR8/Template/Template_Endpoint_RW.c **** 			BytesInTransfer++;
 1629               		.loc 3 73 10 is_stmt 0 view .LVU403
 1630 00a2 0150      		subi r16,1
 1631 00a4 1109      		sbc r17,__zero_reg__
 1632               	.LVL137:
  74:../lufa-LUFA-111009/LUFA/Drivers/USB/Core/AVR8/Template/Template_Endpoint_RW.c **** 		}
 1633               		.loc 3 74 4 is_stmt 1 view .LVU404
  74:../lufa-LUFA-111009/LUFA/Drivers/USB/Core/AVR8/Template/Template_Endpoint_RW.c **** 		}
 1634               		.loc 3 74 19 is_stmt 0 view .LVU405
 1635 00a6 FFEF      		ldi r31,-1
 1636 00a8 AF1A      		sub r10,r31
 1637 00aa BF0A      		sbc r11,r31
 1638               	.LVL138:
  74:../lufa-LUFA-111009/LUFA/Drivers/USB/Core/AVR8/Template/Template_Endpoint_RW.c **** 		}
 1639               		.loc 3 74 19 view .LVU406
 1640 00ac 00C0      		rjmp .L88
 1641               		.cfi_endproc
 1642               	.LFE92:
 1644               		.section	.text.Endpoint_Write_EStream_LE,"ax",@progbits
 1645               	.global	Endpoint_Write_EStream_LE
 1647               	Endpoint_Write_EStream_LE:
 1648               	.LVL139:
 1649               	.LFB93:
  36:../lufa-LUFA-111009/LUFA/Drivers/USB/Core/AVR8/Template/Template_Endpoint_RW.c **** 	uint8_t* DataStream      = ((uint8_t*)Buffer + TEMPLATE_BUFFER_OFFSET(Length));
 1650               		.loc 3 36 1 is_stmt 1 view -0
 1651               		.cfi_startproc
  36:../lufa-LUFA-111009/LUFA/Drivers/USB/Core/AVR8/Template/Template_Endpoint_RW.c **** 	uint8_t* DataStream      = ((uint8_t*)Buffer + TEMPLATE_BUFFER_OFFSET(Length));
 1652               		.loc 3 36 1 is_stmt 0 view .LVU408
 1653 0000 AF92      		push r10
 1654               	.LCFI68:
 1655               		.cfi_def_cfa_offset 3
 1656               		.cfi_offset 10, -2
 1657 0002 BF92      		push r11
 1658               	.LCFI69:
 1659               		.cfi_def_cfa_offset 4
 1660               		.cfi_offset 11, -3
 1661 0004 DF92      		push r13
 1662               	.LCFI70:
 1663               		.cfi_def_cfa_offset 5
 1664               		.cfi_offset 13, -4
 1665 0006 EF92      		push r14
 1666               	.LCFI71:
 1667               		.cfi_def_cfa_offset 6
 1668               		.cfi_offset 14, -5
 1669 0008 FF92      		push r15
 1670               	.LCFI72:
 1671               		.cfi_def_cfa_offset 7
 1672               		.cfi_offset 15, -6
 1673 000a 0F93      		push r16
 1674               	.LCFI73:
 1675               		.cfi_def_cfa_offset 8
 1676               		.cfi_offset 16, -7
 1677 000c 1F93      		push r17
 1678               	.LCFI74:
 1679               		.cfi_def_cfa_offset 9
 1680               		.cfi_offset 17, -8
 1681 000e CF93      		push r28
 1682               	.LCFI75:
 1683               		.cfi_def_cfa_offset 10
 1684               		.cfi_offset 28, -9
 1685 0010 DF93      		push r29
 1686               	.LCFI76:
 1687               		.cfi_def_cfa_offset 11
 1688               		.cfi_offset 29, -10
 1689               	/* prologue: function */
 1690               	/* frame size = 0 */
 1691               	/* stack size = 9 */
 1692               	.L__stack_usage = 9
 1693 0012 8C01      		movw r16,r24
 1694 0014 EB01      		movw r28,r22
 1695 0016 7A01      		movw r14,r20
  37:../lufa-LUFA-111009/LUFA/Drivers/USB/Core/AVR8/Template/Template_Endpoint_RW.c **** 	uint16_t BytesInTransfer = 0;
 1696               		.loc 3 37 2 is_stmt 1 view .LVU409
 1697               	.LVL140:
  38:../lufa-LUFA-111009/LUFA/Drivers/USB/Core/AVR8/Template/Template_Endpoint_RW.c **** 	uint8_t  ErrorCode;
 1698               		.loc 3 38 2 view .LVU410
  39:../lufa-LUFA-111009/LUFA/Drivers/USB/Core/AVR8/Template/Template_Endpoint_RW.c **** 
 1699               		.loc 3 39 2 view .LVU411
  41:../lufa-LUFA-111009/LUFA/Drivers/USB/Core/AVR8/Template/Template_Endpoint_RW.c **** 	  return ErrorCode;
 1700               		.loc 3 41 2 view .LVU412
  41:../lufa-LUFA-111009/LUFA/Drivers/USB/Core/AVR8/Template/Template_Endpoint_RW.c **** 	  return ErrorCode;
 1701               		.loc 3 41 19 is_stmt 0 view .LVU413
 1702 0018 0E94 0000 		call Endpoint_WaitUntilReady
 1703               	.LVL141:
  41:../lufa-LUFA-111009/LUFA/Drivers/USB/Core/AVR8/Template/Template_Endpoint_RW.c **** 	  return ErrorCode;
 1704               		.loc 3 41 19 view .LVU414
 1705 001c D82E      		mov r13,r24
 1706               	.LVL142:
  41:../lufa-LUFA-111009/LUFA/Drivers/USB/Core/AVR8/Template/Template_Endpoint_RW.c **** 	  return ErrorCode;
 1707               		.loc 3 41 5 view .LVU415
 1708 001e 8111      		cpse r24,__zero_reg__
 1709 0020 00C0      		rjmp .L97
  44:../lufa-LUFA-111009/LUFA/Drivers/USB/Core/AVR8/Template/Template_Endpoint_RW.c **** 	{
 1710               		.loc 3 44 2 is_stmt 1 view .LVU416
  44:../lufa-LUFA-111009/LUFA/Drivers/USB/Core/AVR8/Template/Template_Endpoint_RW.c **** 	{
 1711               		.loc 3 44 5 is_stmt 0 view .LVU417
 1712 0022 E114      		cp r14,__zero_reg__
 1713 0024 F104      		cpc r15,__zero_reg__
 1714 0026 01F0      		breq .L99
  46:../lufa-LUFA-111009/LUFA/Drivers/USB/Core/AVR8/Template/Template_Endpoint_RW.c **** 		TEMPLATE_BUFFER_MOVE(DataStream, *BytesProcessed);
 1715               		.loc 3 46 3 is_stmt 1 view .LVU418
  46:../lufa-LUFA-111009/LUFA/Drivers/USB/Core/AVR8/Template/Template_Endpoint_RW.c **** 		TEMPLATE_BUFFER_MOVE(DataStream, *BytesProcessed);
 1716               		.loc 3 46 13 is_stmt 0 view .LVU419
 1717 0028 F701      		movw r30,r14
 1718 002a 8081      		ld r24,Z
 1719 002c 9181      		ldd r25,Z+1
  46:../lufa-LUFA-111009/LUFA/Drivers/USB/Core/AVR8/Template/Template_Endpoint_RW.c **** 		TEMPLATE_BUFFER_MOVE(DataStream, *BytesProcessed);
 1720               		.loc 3 46 10 view .LVU420
 1721 002e C81B      		sub r28,r24
 1722 0030 D90B      		sbc r29,r25
 1723               	.LVL143:
  47:../lufa-LUFA-111009/LUFA/Drivers/USB/Core/AVR8/Template/Template_Endpoint_RW.c **** 	}
 1724               		.loc 3 47 3 is_stmt 1 view .LVU421
 1725 0032 080F      		add r16,r24
 1726 0034 191F      		adc r17,r25
 1727               	.LVL144:
 1728               	.L99:
  36:../lufa-LUFA-111009/LUFA/Drivers/USB/Core/AVR8/Template/Template_Endpoint_RW.c **** 	uint8_t* DataStream      = ((uint8_t*)Buffer + TEMPLATE_BUFFER_OFFSET(Length));
 1729               		.loc 3 36 1 is_stmt 0 view .LVU422
 1730 0036 A12C      		mov r10,__zero_reg__
 1731 0038 B12C      		mov r11,__zero_reg__
 1732               	.LVL145:
 1733               	.L100:
  50:../lufa-LUFA-111009/LUFA/Drivers/USB/Core/AVR8/Template/Template_Endpoint_RW.c **** 	{
 1734               		.loc 3 50 9 is_stmt 1 view .LVU423
 1735 003a 2097      		sbiw r28,0
 1736 003c 01F0      		breq .L97
 1737               	.LVL146:
 1738               	.L103:
  52:../lufa-LUFA-111009/LUFA/Drivers/USB/Core/AVR8/Template/Template_Endpoint_RW.c **** 		{
 1739               		.loc 3 52 3 view .LVU424
 1740               	.LBB306:
 1741               	.LBI306:
 418:../lufa-LUFA-111009/LUFA/Drivers/USB/Core/AVR8/../AVR8/../AVR8/Endpoint_AVR8.h **** 			{
 1742               		.loc 2 418 23 view .LVU425
 1743               	.LBB307:
 420:../lufa-LUFA-111009/LUFA/Drivers/USB/Core/AVR8/../AVR8/../AVR8/Endpoint_AVR8.h **** 			}
 1744               		.loc 2 420 5 view .LVU426
 420:../lufa-LUFA-111009/LUFA/Drivers/USB/Core/AVR8/../AVR8/../AVR8/Endpoint_AVR8.h **** 			}
 1745               		.loc 2 420 14 is_stmt 0 view .LVU427
 1746 003e 8091 E800 		lds r24,232
 1747               	.LBE307:
 1748               	.LBE306:
  52:../lufa-LUFA-111009/LUFA/Drivers/USB/Core/AVR8/Template/Template_Endpoint_RW.c **** 		{
 1749               		.loc 3 52 6 view .LVU428
 1750 0042 85FD      		sbrc r24,5
 1751 0044 00C0      		rjmp .L101
  54:../lufa-LUFA-111009/LUFA/Drivers/USB/Core/AVR8/Template/Template_Endpoint_RW.c **** 
 1752               		.loc 3 54 4 is_stmt 1 view .LVU429
 1753               	.LBB308:
 1754               	.LBI308:
 513:../lufa-LUFA-111009/LUFA/Drivers/USB/Core/AVR8/../AVR8/../AVR8/Endpoint_AVR8.h **** 			{
 1755               		.loc 2 513 23 view .LVU430
 1756               	.LBB309:
 516:../lufa-LUFA-111009/LUFA/Drivers/USB/Core/AVR8/../AVR8/../AVR8/Endpoint_AVR8.h **** 				#else
 1757               		.loc 2 516 6 view .LVU431
 516:../lufa-LUFA-111009/LUFA/Drivers/USB/Core/AVR8/../AVR8/../AVR8/Endpoint_AVR8.h **** 				#else
 1758               		.loc 2 516 13 is_stmt 0 view .LVU432
 1759 0046 8091 E800 		lds r24,232
 1760 004a 8E77      		andi r24,lo8(126)
 1761 004c 8093 E800 		sts 232,r24
 1762               	.LBE309:
 1763               	.LBE308:
  57:../lufa-LUFA-111009/LUFA/Drivers/USB/Core/AVR8/Template/Template_Endpoint_RW.c **** 			#endif
 1764               		.loc 3 57 4 is_stmt 1 view .LVU433
 1765 0050 0E94 0000 		call USB_USBTask
 1766               	.LVL147:
  60:../lufa-LUFA-111009/LUFA/Drivers/USB/Core/AVR8/Template/Template_Endpoint_RW.c **** 			{
 1767               		.loc 3 60 4 view .LVU434
  60:../lufa-LUFA-111009/LUFA/Drivers/USB/Core/AVR8/Template/Template_Endpoint_RW.c **** 			{
 1768               		.loc 3 60 7 is_stmt 0 view .LVU435
 1769 0054 E114      		cp r14,__zero_reg__
 1770 0056 F104      		cpc r15,__zero_reg__
 1771 0058 01F0      		breq .L102
  62:../lufa-LUFA-111009/LUFA/Drivers/USB/Core/AVR8/Template/Template_Endpoint_RW.c **** 				return ENDPOINT_RWSTREAM_IncompleteTransfer;
 1772               		.loc 3 62 5 is_stmt 1 view .LVU436
  62:../lufa-LUFA-111009/LUFA/Drivers/USB/Core/AVR8/Template/Template_Endpoint_RW.c **** 				return ENDPOINT_RWSTREAM_IncompleteTransfer;
 1773               		.loc 3 62 21 is_stmt 0 view .LVU437
 1774 005a F701      		movw r30,r14
 1775 005c 8081      		ld r24,Z
 1776 005e 9181      		ldd r25,Z+1
 1777 0060 8A0D      		add r24,r10
 1778 0062 9B1D      		adc r25,r11
 1779 0064 9183      		std Z+1,r25
 1780 0066 8083      		st Z,r24
  63:../lufa-LUFA-111009/LUFA/Drivers/USB/Core/AVR8/Template/Template_Endpoint_RW.c **** 			}
 1781               		.loc 3 63 5 is_stmt 1 view .LVU438
  63:../lufa-LUFA-111009/LUFA/Drivers/USB/Core/AVR8/Template/Template_Endpoint_RW.c **** 			}
 1782               		.loc 3 63 12 is_stmt 0 view .LVU439
 1783 0068 85E0      		ldi r24,lo8(5)
 1784 006a D82E      		mov r13,r24
 1785               	.L97:
 1786               		.loc 3 79 1 view .LVU440
 1787 006c 8D2D      		mov r24,r13
 1788               	/* epilogue start */
 1789 006e DF91      		pop r29
 1790 0070 CF91      		pop r28
 1791 0072 1F91      		pop r17
 1792 0074 0F91      		pop r16
 1793 0076 FF90      		pop r15
 1794 0078 EF90      		pop r14
 1795               	.LVL148:
 1796               		.loc 3 79 1 view .LVU441
 1797 007a DF90      		pop r13
 1798 007c BF90      		pop r11
 1799 007e AF90      		pop r10
 1800 0080 0895      		ret
 1801               	.LVL149:
 1802               	.L102:
  66:../lufa-LUFA-111009/LUFA/Drivers/USB/Core/AVR8/Template/Template_Endpoint_RW.c **** 			  return ErrorCode;
 1803               		.loc 3 66 4 is_stmt 1 view .LVU442
  66:../lufa-LUFA-111009/LUFA/Drivers/USB/Core/AVR8/Template/Template_Endpoint_RW.c **** 			  return ErrorCode;
 1804               		.loc 3 66 21 is_stmt 0 view .LVU443
 1805 0082 0E94 0000 		call Endpoint_WaitUntilReady
 1806               	.LVL150:
  66:../lufa-LUFA-111009/LUFA/Drivers/USB/Core/AVR8/Template/Template_Endpoint_RW.c **** 			  return ErrorCode;
 1807               		.loc 3 66 7 view .LVU444
 1808 0086 8115      		cp r24, __zero_reg__
 1809 0088 01F0      		breq .L103
  67:../lufa-LUFA-111009/LUFA/Drivers/USB/Core/AVR8/Template/Template_Endpoint_RW.c **** 		}
 1810               		.loc 3 67 13 view .LVU445
 1811 008a D82E      		mov r13,r24
 1812 008c 00C0      		rjmp .L97
 1813               	.LVL151:
 1814               	.L101:
  71:../lufa-LUFA-111009/LUFA/Drivers/USB/Core/AVR8/Template/Template_Endpoint_RW.c **** 			TEMPLATE_BUFFER_MOVE(DataStream, 1);
 1815               		.loc 3 71 4 is_stmt 1 view .LVU446
 1816 008e C801      		movw r24,r16
 1817 0090 0E94 0000 		call eeprom_read_byte
 1818               	.LVL152:
 1819               	.LBB310:
 1820               	.LBI310:
 622:../lufa-LUFA-111009/LUFA/Drivers/USB/Core/AVR8/../AVR8/../AVR8/Endpoint_AVR8.h **** 			{
 1821               		.loc 2 622 23 view .LVU447
 1822               	.LBB311:
 624:../lufa-LUFA-111009/LUFA/Drivers/USB/Core/AVR8/../AVR8/../AVR8/Endpoint_AVR8.h **** 			}
 1823               		.loc 2 624 5 view .LVU448
 624:../lufa-LUFA-111009/LUFA/Drivers/USB/Core/AVR8/../AVR8/../AVR8/Endpoint_AVR8.h **** 			}
 1824               		.loc 2 624 12 is_stmt 0 view .LVU449
 1825 0094 8093 F100 		sts 241,r24
 1826               	.LVL153:
 624:../lufa-LUFA-111009/LUFA/Drivers/USB/Core/AVR8/../AVR8/../AVR8/Endpoint_AVR8.h **** 			}
 1827               		.loc 2 624 12 view .LVU450
 1828               	.LBE311:
 1829               	.LBE310:
  72:../lufa-LUFA-111009/LUFA/Drivers/USB/Core/AVR8/Template/Template_Endpoint_RW.c **** 			Length--;
 1830               		.loc 3 72 4 is_stmt 1 view .LVU451
 1831 0098 0F5F      		subi r16,-1
 1832 009a 1F4F      		sbci r17,-1
 1833               	.LVL154:
  73:../lufa-LUFA-111009/LUFA/Drivers/USB/Core/AVR8/Template/Template_Endpoint_RW.c **** 			BytesInTransfer++;
 1834               		.loc 3 73 4 view .LVU452
  73:../lufa-LUFA-111009/LUFA/Drivers/USB/Core/AVR8/Template/Template_Endpoint_RW.c **** 			BytesInTransfer++;
 1835               		.loc 3 73 10 is_stmt 0 view .LVU453
 1836 009c 2197      		sbiw r28,1
 1837               	.LVL155:
  74:../lufa-LUFA-111009/LUFA/Drivers/USB/Core/AVR8/Template/Template_Endpoint_RW.c **** 		}
 1838               		.loc 3 74 4 is_stmt 1 view .LVU454
  74:../lufa-LUFA-111009/LUFA/Drivers/USB/Core/AVR8/Template/Template_Endpoint_RW.c **** 		}
 1839               		.loc 3 74 19 is_stmt 0 view .LVU455
 1840 009e FFEF      		ldi r31,-1
 1841 00a0 AF1A      		sub r10,r31
 1842 00a2 BF0A      		sbc r11,r31
 1843               	.LVL156:
  74:../lufa-LUFA-111009/LUFA/Drivers/USB/Core/AVR8/Template/Template_Endpoint_RW.c **** 		}
 1844               		.loc 3 74 19 view .LVU456
 1845 00a4 00C0      		rjmp .L100
 1846               		.cfi_endproc
 1847               	.LFE93:
 1849               		.section	.text.Endpoint_Write_EStream_BE,"ax",@progbits
 1850               	.global	Endpoint_Write_EStream_BE
 1852               	Endpoint_Write_EStream_BE:
 1853               	.LVL157:
 1854               	.LFB94:
  36:../lufa-LUFA-111009/LUFA/Drivers/USB/Core/AVR8/Template/Template_Endpoint_RW.c **** 	uint8_t* DataStream      = ((uint8_t*)Buffer + TEMPLATE_BUFFER_OFFSET(Length));
 1855               		.loc 3 36 1 is_stmt 1 view -0
 1856               		.cfi_startproc
  36:../lufa-LUFA-111009/LUFA/Drivers/USB/Core/AVR8/Template/Template_Endpoint_RW.c **** 	uint8_t* DataStream      = ((uint8_t*)Buffer + TEMPLATE_BUFFER_OFFSET(Length));
 1857               		.loc 3 36 1 is_stmt 0 view .LVU458
 1858 0000 AF92      		push r10
 1859               	.LCFI77:
 1860               		.cfi_def_cfa_offset 3
 1861               		.cfi_offset 10, -2
 1862 0002 BF92      		push r11
 1863               	.LCFI78:
 1864               		.cfi_def_cfa_offset 4
 1865               		.cfi_offset 11, -3
 1866 0004 DF92      		push r13
 1867               	.LCFI79:
 1868               		.cfi_def_cfa_offset 5
 1869               		.cfi_offset 13, -4
 1870 0006 EF92      		push r14
 1871               	.LCFI80:
 1872               		.cfi_def_cfa_offset 6
 1873               		.cfi_offset 14, -5
 1874 0008 FF92      		push r15
 1875               	.LCFI81:
 1876               		.cfi_def_cfa_offset 7
 1877               		.cfi_offset 15, -6
 1878 000a 0F93      		push r16
 1879               	.LCFI82:
 1880               		.cfi_def_cfa_offset 8
 1881               		.cfi_offset 16, -7
 1882 000c 1F93      		push r17
 1883               	.LCFI83:
 1884               		.cfi_def_cfa_offset 9
 1885               		.cfi_offset 17, -8
 1886 000e CF93      		push r28
 1887               	.LCFI84:
 1888               		.cfi_def_cfa_offset 10
 1889               		.cfi_offset 28, -9
 1890 0010 DF93      		push r29
 1891               	.LCFI85:
 1892               		.cfi_def_cfa_offset 11
 1893               		.cfi_offset 29, -10
 1894               	/* prologue: function */
 1895               	/* frame size = 0 */
 1896               	/* stack size = 9 */
 1897               	.L__stack_usage = 9
 1898 0012 EC01      		movw r28,r24
 1899 0014 8B01      		movw r16,r22
 1900 0016 7A01      		movw r14,r20
  37:../lufa-LUFA-111009/LUFA/Drivers/USB/Core/AVR8/Template/Template_Endpoint_RW.c **** 	uint16_t BytesInTransfer = 0;
 1901               		.loc 3 37 2 is_stmt 1 view .LVU459
 1902               	.LVL158:
  38:../lufa-LUFA-111009/LUFA/Drivers/USB/Core/AVR8/Template/Template_Endpoint_RW.c **** 	uint8_t  ErrorCode;
 1903               		.loc 3 38 2 view .LVU460
  39:../lufa-LUFA-111009/LUFA/Drivers/USB/Core/AVR8/Template/Template_Endpoint_RW.c **** 
 1904               		.loc 3 39 2 view .LVU461
  41:../lufa-LUFA-111009/LUFA/Drivers/USB/Core/AVR8/Template/Template_Endpoint_RW.c **** 	  return ErrorCode;
 1905               		.loc 3 41 2 view .LVU462
  41:../lufa-LUFA-111009/LUFA/Drivers/USB/Core/AVR8/Template/Template_Endpoint_RW.c **** 	  return ErrorCode;
 1906               		.loc 3 41 19 is_stmt 0 view .LVU463
 1907 0018 0E94 0000 		call Endpoint_WaitUntilReady
 1908               	.LVL159:
  41:../lufa-LUFA-111009/LUFA/Drivers/USB/Core/AVR8/Template/Template_Endpoint_RW.c **** 	  return ErrorCode;
 1909               		.loc 3 41 19 view .LVU464
 1910 001c D82E      		mov r13,r24
 1911               	.LVL160:
  41:../lufa-LUFA-111009/LUFA/Drivers/USB/Core/AVR8/Template/Template_Endpoint_RW.c **** 	  return ErrorCode;
 1912               		.loc 3 41 5 view .LVU465
 1913 001e 8111      		cpse r24,__zero_reg__
 1914 0020 00C0      		rjmp .L109
  37:../lufa-LUFA-111009/LUFA/Drivers/USB/Core/AVR8/Template/Template_Endpoint_RW.c **** 	uint16_t BytesInTransfer = 0;
 1915               		.loc 3 37 47 view .LVU466
 1916 0022 C801      		movw r24,r16
 1917 0024 0197      		sbiw r24,1
 1918               	.LVL161:
  37:../lufa-LUFA-111009/LUFA/Drivers/USB/Core/AVR8/Template/Template_Endpoint_RW.c **** 	uint16_t BytesInTransfer = 0;
 1919               		.loc 3 37 11 view .LVU467
 1920 0026 C80F      		add r28,r24
 1921 0028 D91F      		adc r29,r25
 1922               	.LVL162:
  44:../lufa-LUFA-111009/LUFA/Drivers/USB/Core/AVR8/Template/Template_Endpoint_RW.c **** 	{
 1923               		.loc 3 44 2 is_stmt 1 view .LVU468
  44:../lufa-LUFA-111009/LUFA/Drivers/USB/Core/AVR8/Template/Template_Endpoint_RW.c **** 	{
 1924               		.loc 3 44 5 is_stmt 0 view .LVU469
 1925 002a E114      		cp r14,__zero_reg__
 1926 002c F104      		cpc r15,__zero_reg__
 1927 002e 01F0      		breq .L111
  46:../lufa-LUFA-111009/LUFA/Drivers/USB/Core/AVR8/Template/Template_Endpoint_RW.c **** 		TEMPLATE_BUFFER_MOVE(DataStream, *BytesProcessed);
 1928               		.loc 3 46 3 is_stmt 1 view .LVU470
  46:../lufa-LUFA-111009/LUFA/Drivers/USB/Core/AVR8/Template/Template_Endpoint_RW.c **** 		TEMPLATE_BUFFER_MOVE(DataStream, *BytesProcessed);
 1929               		.loc 3 46 13 is_stmt 0 view .LVU471
 1930 0030 F701      		movw r30,r14
 1931 0032 8081      		ld r24,Z
 1932 0034 9181      		ldd r25,Z+1
 1933               	.LVL163:
  46:../lufa-LUFA-111009/LUFA/Drivers/USB/Core/AVR8/Template/Template_Endpoint_RW.c **** 		TEMPLATE_BUFFER_MOVE(DataStream, *BytesProcessed);
 1934               		.loc 3 46 10 view .LVU472
 1935 0036 081B      		sub r16,r24
 1936 0038 190B      		sbc r17,r25
 1937               	.LVL164:
  47:../lufa-LUFA-111009/LUFA/Drivers/USB/Core/AVR8/Template/Template_Endpoint_RW.c **** 	}
 1938               		.loc 3 47 3 is_stmt 1 view .LVU473
 1939 003a C81B      		sub r28,r24
 1940 003c D90B      		sbc r29,r25
 1941               	.LVL165:
 1942               	.L111:
  36:../lufa-LUFA-111009/LUFA/Drivers/USB/Core/AVR8/Template/Template_Endpoint_RW.c **** 	uint8_t* DataStream      = ((uint8_t*)Buffer + TEMPLATE_BUFFER_OFFSET(Length));
 1943               		.loc 3 36 1 is_stmt 0 view .LVU474
 1944 003e A12C      		mov r10,__zero_reg__
 1945 0040 B12C      		mov r11,__zero_reg__
 1946               	.LVL166:
 1947               	.L112:
  50:../lufa-LUFA-111009/LUFA/Drivers/USB/Core/AVR8/Template/Template_Endpoint_RW.c **** 	{
 1948               		.loc 3 50 9 is_stmt 1 view .LVU475
 1949 0042 0115      		cp r16,__zero_reg__
 1950 0044 1105      		cpc r17,__zero_reg__
 1951 0046 01F0      		breq .L109
 1952               	.LVL167:
 1953               	.L115:
  52:../lufa-LUFA-111009/LUFA/Drivers/USB/Core/AVR8/Template/Template_Endpoint_RW.c **** 		{
 1954               		.loc 3 52 3 view .LVU476
 1955               	.LBB312:
 1956               	.LBI312:
 418:../lufa-LUFA-111009/LUFA/Drivers/USB/Core/AVR8/../AVR8/../AVR8/Endpoint_AVR8.h **** 			{
 1957               		.loc 2 418 23 view .LVU477
 1958               	.LBB313:
 420:../lufa-LUFA-111009/LUFA/Drivers/USB/Core/AVR8/../AVR8/../AVR8/Endpoint_AVR8.h **** 			}
 1959               		.loc 2 420 5 view .LVU478
 420:../lufa-LUFA-111009/LUFA/Drivers/USB/Core/AVR8/../AVR8/../AVR8/Endpoint_AVR8.h **** 			}
 1960               		.loc 2 420 14 is_stmt 0 view .LVU479
 1961 0048 8091 E800 		lds r24,232
 1962               	.LBE313:
 1963               	.LBE312:
  52:../lufa-LUFA-111009/LUFA/Drivers/USB/Core/AVR8/Template/Template_Endpoint_RW.c **** 		{
 1964               		.loc 3 52 6 view .LVU480
 1965 004c 85FD      		sbrc r24,5
 1966 004e 00C0      		rjmp .L113
  54:../lufa-LUFA-111009/LUFA/Drivers/USB/Core/AVR8/Template/Template_Endpoint_RW.c **** 
 1967               		.loc 3 54 4 is_stmt 1 view .LVU481
 1968               	.LBB314:
 1969               	.LBI314:
 513:../lufa-LUFA-111009/LUFA/Drivers/USB/Core/AVR8/../AVR8/../AVR8/Endpoint_AVR8.h **** 			{
 1970               		.loc 2 513 23 view .LVU482
 1971               	.LBB315:
 516:../lufa-LUFA-111009/LUFA/Drivers/USB/Core/AVR8/../AVR8/../AVR8/Endpoint_AVR8.h **** 				#else
 1972               		.loc 2 516 6 view .LVU483
 516:../lufa-LUFA-111009/LUFA/Drivers/USB/Core/AVR8/../AVR8/../AVR8/Endpoint_AVR8.h **** 				#else
 1973               		.loc 2 516 13 is_stmt 0 view .LVU484
 1974 0050 8091 E800 		lds r24,232
 1975 0054 8E77      		andi r24,lo8(126)
 1976 0056 8093 E800 		sts 232,r24
 1977               	.LBE315:
 1978               	.LBE314:
  57:../lufa-LUFA-111009/LUFA/Drivers/USB/Core/AVR8/Template/Template_Endpoint_RW.c **** 			#endif
 1979               		.loc 3 57 4 is_stmt 1 view .LVU485
 1980 005a 0E94 0000 		call USB_USBTask
 1981               	.LVL168:
  60:../lufa-LUFA-111009/LUFA/Drivers/USB/Core/AVR8/Template/Template_Endpoint_RW.c **** 			{
 1982               		.loc 3 60 4 view .LVU486
  60:../lufa-LUFA-111009/LUFA/Drivers/USB/Core/AVR8/Template/Template_Endpoint_RW.c **** 			{
 1983               		.loc 3 60 7 is_stmt 0 view .LVU487
 1984 005e E114      		cp r14,__zero_reg__
 1985 0060 F104      		cpc r15,__zero_reg__
 1986 0062 01F0      		breq .L114
  62:../lufa-LUFA-111009/LUFA/Drivers/USB/Core/AVR8/Template/Template_Endpoint_RW.c **** 				return ENDPOINT_RWSTREAM_IncompleteTransfer;
 1987               		.loc 3 62 5 is_stmt 1 view .LVU488
  62:../lufa-LUFA-111009/LUFA/Drivers/USB/Core/AVR8/Template/Template_Endpoint_RW.c **** 				return ENDPOINT_RWSTREAM_IncompleteTransfer;
 1988               		.loc 3 62 21 is_stmt 0 view .LVU489
 1989 0064 F701      		movw r30,r14
 1990 0066 8081      		ld r24,Z
 1991 0068 9181      		ldd r25,Z+1
 1992 006a 8A0D      		add r24,r10
 1993 006c 9B1D      		adc r25,r11
 1994 006e 9183      		std Z+1,r25
 1995 0070 8083      		st Z,r24
  63:../lufa-LUFA-111009/LUFA/Drivers/USB/Core/AVR8/Template/Template_Endpoint_RW.c **** 			}
 1996               		.loc 3 63 5 is_stmt 1 view .LVU490
  63:../lufa-LUFA-111009/LUFA/Drivers/USB/Core/AVR8/Template/Template_Endpoint_RW.c **** 			}
 1997               		.loc 3 63 12 is_stmt 0 view .LVU491
 1998 0072 85E0      		ldi r24,lo8(5)
 1999 0074 D82E      		mov r13,r24
 2000               	.L109:
 2001               		.loc 3 79 1 view .LVU492
 2002 0076 8D2D      		mov r24,r13
 2003               	/* epilogue start */
 2004 0078 DF91      		pop r29
 2005 007a CF91      		pop r28
 2006 007c 1F91      		pop r17
 2007 007e 0F91      		pop r16
 2008 0080 FF90      		pop r15
 2009 0082 EF90      		pop r14
 2010               	.LVL169:
 2011               		.loc 3 79 1 view .LVU493
 2012 0084 DF90      		pop r13
 2013 0086 BF90      		pop r11
 2014 0088 AF90      		pop r10
 2015 008a 0895      		ret
 2016               	.LVL170:
 2017               	.L114:
  66:../lufa-LUFA-111009/LUFA/Drivers/USB/Core/AVR8/Template/Template_Endpoint_RW.c **** 			  return ErrorCode;
 2018               		.loc 3 66 4 is_stmt 1 view .LVU494
  66:../lufa-LUFA-111009/LUFA/Drivers/USB/Core/AVR8/Template/Template_Endpoint_RW.c **** 			  return ErrorCode;
 2019               		.loc 3 66 21 is_stmt 0 view .LVU495
 2020 008c 0E94 0000 		call Endpoint_WaitUntilReady
 2021               	.LVL171:
  66:../lufa-LUFA-111009/LUFA/Drivers/USB/Core/AVR8/Template/Template_Endpoint_RW.c **** 			  return ErrorCode;
 2022               		.loc 3 66 7 view .LVU496
 2023 0090 8115      		cp r24, __zero_reg__
 2024 0092 01F0      		breq .L115
  67:../lufa-LUFA-111009/LUFA/Drivers/USB/Core/AVR8/Template/Template_Endpoint_RW.c **** 		}
 2025               		.loc 3 67 13 view .LVU497
 2026 0094 D82E      		mov r13,r24
 2027 0096 00C0      		rjmp .L109
 2028               	.LVL172:
 2029               	.L113:
  71:../lufa-LUFA-111009/LUFA/Drivers/USB/Core/AVR8/Template/Template_Endpoint_RW.c **** 			TEMPLATE_BUFFER_MOVE(DataStream, 1);
 2030               		.loc 3 71 4 is_stmt 1 view .LVU498
 2031 0098 CE01      		movw r24,r28
 2032 009a 0E94 0000 		call eeprom_read_byte
 2033               	.LVL173:
 2034               	.LBB316:
 2035               	.LBI316:
 622:../lufa-LUFA-111009/LUFA/Drivers/USB/Core/AVR8/../AVR8/../AVR8/Endpoint_AVR8.h **** 			{
 2036               		.loc 2 622 23 view .LVU499
 2037               	.LBB317:
 624:../lufa-LUFA-111009/LUFA/Drivers/USB/Core/AVR8/../AVR8/../AVR8/Endpoint_AVR8.h **** 			}
 2038               		.loc 2 624 5 view .LVU500
 624:../lufa-LUFA-111009/LUFA/Drivers/USB/Core/AVR8/../AVR8/../AVR8/Endpoint_AVR8.h **** 			}
 2039               		.loc 2 624 12 is_stmt 0 view .LVU501
 2040 009e 8093 F100 		sts 241,r24
 2041               	.LVL174:
 624:../lufa-LUFA-111009/LUFA/Drivers/USB/Core/AVR8/../AVR8/../AVR8/Endpoint_AVR8.h **** 			}
 2042               		.loc 2 624 12 view .LVU502
 2043               	.LBE317:
 2044               	.LBE316:
  72:../lufa-LUFA-111009/LUFA/Drivers/USB/Core/AVR8/Template/Template_Endpoint_RW.c **** 			Length--;
 2045               		.loc 3 72 4 is_stmt 1 view .LVU503
 2046 00a2 2197      		sbiw r28,1
 2047               	.LVL175:
  73:../lufa-LUFA-111009/LUFA/Drivers/USB/Core/AVR8/Template/Template_Endpoint_RW.c **** 			BytesInTransfer++;
 2048               		.loc 3 73 4 view .LVU504
  73:../lufa-LUFA-111009/LUFA/Drivers/USB/Core/AVR8/Template/Template_Endpoint_RW.c **** 			BytesInTransfer++;
 2049               		.loc 3 73 10 is_stmt 0 view .LVU505
 2050 00a4 0150      		subi r16,1
 2051 00a6 1109      		sbc r17,__zero_reg__
 2052               	.LVL176:
  74:../lufa-LUFA-111009/LUFA/Drivers/USB/Core/AVR8/Template/Template_Endpoint_RW.c **** 		}
 2053               		.loc 3 74 4 is_stmt 1 view .LVU506
  74:../lufa-LUFA-111009/LUFA/Drivers/USB/Core/AVR8/Template/Template_Endpoint_RW.c **** 		}
 2054               		.loc 3 74 19 is_stmt 0 view .LVU507
 2055 00a8 FFEF      		ldi r31,-1
 2056 00aa AF1A      		sub r10,r31
 2057 00ac BF0A      		sbc r11,r31
 2058               	.LVL177:
  74:../lufa-LUFA-111009/LUFA/Drivers/USB/Core/AVR8/Template/Template_Endpoint_RW.c **** 		}
 2059               		.loc 3 74 19 view .LVU508
 2060 00ae 00C0      		rjmp .L112
 2061               		.cfi_endproc
 2062               	.LFE94:
 2064               		.section	.text.Endpoint_Read_EStream_LE,"ax",@progbits
 2065               	.global	Endpoint_Read_EStream_LE
 2067               	Endpoint_Read_EStream_LE:
 2068               	.LVL178:
 2069               	.LFB95:
  36:../lufa-LUFA-111009/LUFA/Drivers/USB/Core/AVR8/Template/Template_Endpoint_RW.c **** 	uint8_t* DataStream      = ((uint8_t*)Buffer + TEMPLATE_BUFFER_OFFSET(Length));
 2070               		.loc 3 36 1 is_stmt 1 view -0
 2071               		.cfi_startproc
  36:../lufa-LUFA-111009/LUFA/Drivers/USB/Core/AVR8/Template/Template_Endpoint_RW.c **** 	uint8_t* DataStream      = ((uint8_t*)Buffer + TEMPLATE_BUFFER_OFFSET(Length));
 2072               		.loc 3 36 1 is_stmt 0 view .LVU510
 2073 0000 AF92      		push r10
 2074               	.LCFI86:
 2075               		.cfi_def_cfa_offset 3
 2076               		.cfi_offset 10, -2
 2077 0002 BF92      		push r11
 2078               	.LCFI87:
 2079               		.cfi_def_cfa_offset 4
 2080               		.cfi_offset 11, -3
 2081 0004 DF92      		push r13
 2082               	.LCFI88:
 2083               		.cfi_def_cfa_offset 5
 2084               		.cfi_offset 13, -4
 2085 0006 EF92      		push r14
 2086               	.LCFI89:
 2087               		.cfi_def_cfa_offset 6
 2088               		.cfi_offset 14, -5
 2089 0008 FF92      		push r15
 2090               	.LCFI90:
 2091               		.cfi_def_cfa_offset 7
 2092               		.cfi_offset 15, -6
 2093 000a 0F93      		push r16
 2094               	.LCFI91:
 2095               		.cfi_def_cfa_offset 8
 2096               		.cfi_offset 16, -7
 2097 000c 1F93      		push r17
 2098               	.LCFI92:
 2099               		.cfi_def_cfa_offset 9
 2100               		.cfi_offset 17, -8
 2101 000e CF93      		push r28
 2102               	.LCFI93:
 2103               		.cfi_def_cfa_offset 10
 2104               		.cfi_offset 28, -9
 2105 0010 DF93      		push r29
 2106               	.LCFI94:
 2107               		.cfi_def_cfa_offset 11
 2108               		.cfi_offset 29, -10
 2109               	/* prologue: function */
 2110               	/* frame size = 0 */
 2111               	/* stack size = 9 */
 2112               	.L__stack_usage = 9
 2113 0012 8C01      		movw r16,r24
 2114 0014 EB01      		movw r28,r22
 2115 0016 7A01      		movw r14,r20
  37:../lufa-LUFA-111009/LUFA/Drivers/USB/Core/AVR8/Template/Template_Endpoint_RW.c **** 	uint16_t BytesInTransfer = 0;
 2116               		.loc 3 37 2 is_stmt 1 view .LVU511
 2117               	.LVL179:
  38:../lufa-LUFA-111009/LUFA/Drivers/USB/Core/AVR8/Template/Template_Endpoint_RW.c **** 	uint8_t  ErrorCode;
 2118               		.loc 3 38 2 view .LVU512
  39:../lufa-LUFA-111009/LUFA/Drivers/USB/Core/AVR8/Template/Template_Endpoint_RW.c **** 
 2119               		.loc 3 39 2 view .LVU513
  41:../lufa-LUFA-111009/LUFA/Drivers/USB/Core/AVR8/Template/Template_Endpoint_RW.c **** 	  return ErrorCode;
 2120               		.loc 3 41 2 view .LVU514
  41:../lufa-LUFA-111009/LUFA/Drivers/USB/Core/AVR8/Template/Template_Endpoint_RW.c **** 	  return ErrorCode;
 2121               		.loc 3 41 19 is_stmt 0 view .LVU515
 2122 0018 0E94 0000 		call Endpoint_WaitUntilReady
 2123               	.LVL180:
  41:../lufa-LUFA-111009/LUFA/Drivers/USB/Core/AVR8/Template/Template_Endpoint_RW.c **** 	  return ErrorCode;
 2124               		.loc 3 41 19 view .LVU516
 2125 001c D82E      		mov r13,r24
 2126               	.LVL181:
  41:../lufa-LUFA-111009/LUFA/Drivers/USB/Core/AVR8/Template/Template_Endpoint_RW.c **** 	  return ErrorCode;
 2127               		.loc 3 41 5 view .LVU517
 2128 001e 8111      		cpse r24,__zero_reg__
 2129 0020 00C0      		rjmp .L121
  44:../lufa-LUFA-111009/LUFA/Drivers/USB/Core/AVR8/Template/Template_Endpoint_RW.c **** 	{
 2130               		.loc 3 44 2 is_stmt 1 view .LVU518
  44:../lufa-LUFA-111009/LUFA/Drivers/USB/Core/AVR8/Template/Template_Endpoint_RW.c **** 	{
 2131               		.loc 3 44 5 is_stmt 0 view .LVU519
 2132 0022 E114      		cp r14,__zero_reg__
 2133 0024 F104      		cpc r15,__zero_reg__
 2134 0026 01F0      		breq .L123
  46:../lufa-LUFA-111009/LUFA/Drivers/USB/Core/AVR8/Template/Template_Endpoint_RW.c **** 		TEMPLATE_BUFFER_MOVE(DataStream, *BytesProcessed);
 2135               		.loc 3 46 3 is_stmt 1 view .LVU520
  46:../lufa-LUFA-111009/LUFA/Drivers/USB/Core/AVR8/Template/Template_Endpoint_RW.c **** 		TEMPLATE_BUFFER_MOVE(DataStream, *BytesProcessed);
 2136               		.loc 3 46 13 is_stmt 0 view .LVU521
 2137 0028 F701      		movw r30,r14
 2138 002a 8081      		ld r24,Z
 2139 002c 9181      		ldd r25,Z+1
  46:../lufa-LUFA-111009/LUFA/Drivers/USB/Core/AVR8/Template/Template_Endpoint_RW.c **** 		TEMPLATE_BUFFER_MOVE(DataStream, *BytesProcessed);
 2140               		.loc 3 46 10 view .LVU522
 2141 002e C81B      		sub r28,r24
 2142 0030 D90B      		sbc r29,r25
 2143               	.LVL182:
  47:../lufa-LUFA-111009/LUFA/Drivers/USB/Core/AVR8/Template/Template_Endpoint_RW.c **** 	}
 2144               		.loc 3 47 3 is_stmt 1 view .LVU523
 2145 0032 080F      		add r16,r24
 2146 0034 191F      		adc r17,r25
 2147               	.LVL183:
 2148               	.L123:
  36:../lufa-LUFA-111009/LUFA/Drivers/USB/Core/AVR8/Template/Template_Endpoint_RW.c **** 	uint8_t* DataStream      = ((uint8_t*)Buffer + TEMPLATE_BUFFER_OFFSET(Length));
 2149               		.loc 3 36 1 is_stmt 0 view .LVU524
 2150 0036 A12C      		mov r10,__zero_reg__
 2151 0038 B12C      		mov r11,__zero_reg__
 2152               	.LVL184:
 2153               	.L124:
  50:../lufa-LUFA-111009/LUFA/Drivers/USB/Core/AVR8/Template/Template_Endpoint_RW.c **** 	{
 2154               		.loc 3 50 9 is_stmt 1 view .LVU525
 2155 003a 2097      		sbiw r28,0
 2156 003c 01F0      		breq .L121
 2157               	.LVL185:
 2158               	.L127:
  52:../lufa-LUFA-111009/LUFA/Drivers/USB/Core/AVR8/Template/Template_Endpoint_RW.c **** 		{
 2159               		.loc 3 52 3 view .LVU526
 2160               	.LBB318:
 2161               	.LBI318:
 418:../lufa-LUFA-111009/LUFA/Drivers/USB/Core/AVR8/../AVR8/../AVR8/Endpoint_AVR8.h **** 			{
 2162               		.loc 2 418 23 view .LVU527
 2163               	.LBB319:
 420:../lufa-LUFA-111009/LUFA/Drivers/USB/Core/AVR8/../AVR8/../AVR8/Endpoint_AVR8.h **** 			}
 2164               		.loc 2 420 5 view .LVU528
 420:../lufa-LUFA-111009/LUFA/Drivers/USB/Core/AVR8/../AVR8/../AVR8/Endpoint_AVR8.h **** 			}
 2165               		.loc 2 420 14 is_stmt 0 view .LVU529
 2166 003e 8091 E800 		lds r24,232
 2167               	.LBE319:
 2168               	.LBE318:
  52:../lufa-LUFA-111009/LUFA/Drivers/USB/Core/AVR8/Template/Template_Endpoint_RW.c **** 		{
 2169               		.loc 3 52 6 view .LVU530
 2170 0042 85FD      		sbrc r24,5
 2171 0044 00C0      		rjmp .L125
  54:../lufa-LUFA-111009/LUFA/Drivers/USB/Core/AVR8/Template/Template_Endpoint_RW.c **** 
 2172               		.loc 3 54 4 is_stmt 1 view .LVU531
 2173               	.LBB320:
 2174               	.LBI320:
 528:../lufa-LUFA-111009/LUFA/Drivers/USB/Core/AVR8/../AVR8/../AVR8/Endpoint_AVR8.h **** 			{
 2175               		.loc 2 528 23 view .LVU532
 2176               	.LBB321:
 531:../lufa-LUFA-111009/LUFA/Drivers/USB/Core/AVR8/../AVR8/../AVR8/Endpoint_AVR8.h **** 				#else
 2177               		.loc 2 531 6 view .LVU533
 531:../lufa-LUFA-111009/LUFA/Drivers/USB/Core/AVR8/../AVR8/../AVR8/Endpoint_AVR8.h **** 				#else
 2178               		.loc 2 531 13 is_stmt 0 view .LVU534
 2179 0046 8091 E800 		lds r24,232
 2180 004a 8B77      		andi r24,lo8(123)
 2181 004c 8093 E800 		sts 232,r24
 2182               	.LBE321:
 2183               	.LBE320:
  57:../lufa-LUFA-111009/LUFA/Drivers/USB/Core/AVR8/Template/Template_Endpoint_RW.c **** 			#endif
 2184               		.loc 3 57 4 is_stmt 1 view .LVU535
 2185 0050 0E94 0000 		call USB_USBTask
 2186               	.LVL186:
  60:../lufa-LUFA-111009/LUFA/Drivers/USB/Core/AVR8/Template/Template_Endpoint_RW.c **** 			{
 2187               		.loc 3 60 4 view .LVU536
  60:../lufa-LUFA-111009/LUFA/Drivers/USB/Core/AVR8/Template/Template_Endpoint_RW.c **** 			{
 2188               		.loc 3 60 7 is_stmt 0 view .LVU537
 2189 0054 E114      		cp r14,__zero_reg__
 2190 0056 F104      		cpc r15,__zero_reg__
 2191 0058 01F0      		breq .L126
  62:../lufa-LUFA-111009/LUFA/Drivers/USB/Core/AVR8/Template/Template_Endpoint_RW.c **** 				return ENDPOINT_RWSTREAM_IncompleteTransfer;
 2192               		.loc 3 62 5 is_stmt 1 view .LVU538
  62:../lufa-LUFA-111009/LUFA/Drivers/USB/Core/AVR8/Template/Template_Endpoint_RW.c **** 				return ENDPOINT_RWSTREAM_IncompleteTransfer;
 2193               		.loc 3 62 21 is_stmt 0 view .LVU539
 2194 005a F701      		movw r30,r14
 2195 005c 8081      		ld r24,Z
 2196 005e 9181      		ldd r25,Z+1
 2197 0060 8A0D      		add r24,r10
 2198 0062 9B1D      		adc r25,r11
 2199 0064 9183      		std Z+1,r25
 2200 0066 8083      		st Z,r24
  63:../lufa-LUFA-111009/LUFA/Drivers/USB/Core/AVR8/Template/Template_Endpoint_RW.c **** 			}
 2201               		.loc 3 63 5 is_stmt 1 view .LVU540
  63:../lufa-LUFA-111009/LUFA/Drivers/USB/Core/AVR8/Template/Template_Endpoint_RW.c **** 			}
 2202               		.loc 3 63 12 is_stmt 0 view .LVU541
 2203 0068 85E0      		ldi r24,lo8(5)
 2204 006a D82E      		mov r13,r24
 2205               	.L121:
 2206               		.loc 3 79 1 view .LVU542
 2207 006c 8D2D      		mov r24,r13
 2208               	/* epilogue start */
 2209 006e DF91      		pop r29
 2210 0070 CF91      		pop r28
 2211 0072 1F91      		pop r17
 2212 0074 0F91      		pop r16
 2213 0076 FF90      		pop r15
 2214 0078 EF90      		pop r14
 2215               	.LVL187:
 2216               		.loc 3 79 1 view .LVU543
 2217 007a DF90      		pop r13
 2218 007c BF90      		pop r11
 2219 007e AF90      		pop r10
 2220 0080 0895      		ret
 2221               	.LVL188:
 2222               	.L126:
  66:../lufa-LUFA-111009/LUFA/Drivers/USB/Core/AVR8/Template/Template_Endpoint_RW.c **** 			  return ErrorCode;
 2223               		.loc 3 66 4 is_stmt 1 view .LVU544
  66:../lufa-LUFA-111009/LUFA/Drivers/USB/Core/AVR8/Template/Template_Endpoint_RW.c **** 			  return ErrorCode;
 2224               		.loc 3 66 21 is_stmt 0 view .LVU545
 2225 0082 0E94 0000 		call Endpoint_WaitUntilReady
 2226               	.LVL189:
  66:../lufa-LUFA-111009/LUFA/Drivers/USB/Core/AVR8/Template/Template_Endpoint_RW.c **** 			  return ErrorCode;
 2227               		.loc 3 66 7 view .LVU546
 2228 0086 8115      		cp r24, __zero_reg__
 2229 0088 01F0      		breq .L127
  67:../lufa-LUFA-111009/LUFA/Drivers/USB/Core/AVR8/Template/Template_Endpoint_RW.c **** 		}
 2230               		.loc 3 67 13 view .LVU547
 2231 008a D82E      		mov r13,r24
 2232 008c 00C0      		rjmp .L121
 2233               	.LVL190:
 2234               	.L125:
  71:../lufa-LUFA-111009/LUFA/Drivers/USB/Core/AVR8/Template/Template_Endpoint_RW.c **** 			TEMPLATE_BUFFER_MOVE(DataStream, 1);
 2235               		.loc 3 71 4 is_stmt 1 view .LVU548
 2236               	.LBB322:
 2237               	.LBI322:
 610:../lufa-LUFA-111009/LUFA/Drivers/USB/Core/AVR8/../AVR8/../AVR8/Endpoint_AVR8.h **** 			{
 2238               		.loc 2 610 26 view .LVU549
 2239               	.LBB323:
 612:../lufa-LUFA-111009/LUFA/Drivers/USB/Core/AVR8/../AVR8/../AVR8/Endpoint_AVR8.h **** 			}
 2240               		.loc 2 612 5 view .LVU550
 612:../lufa-LUFA-111009/LUFA/Drivers/USB/Core/AVR8/../AVR8/../AVR8/Endpoint_AVR8.h **** 			}
 2241               		.loc 2 612 12 is_stmt 0 view .LVU551
 2242 008e 6091 F100 		lds r22,241
 2243               	.LBE323:
 2244               	.LBE322:
  71:../lufa-LUFA-111009/LUFA/Drivers/USB/Core/AVR8/Template/Template_Endpoint_RW.c **** 			TEMPLATE_BUFFER_MOVE(DataStream, 1);
 2245               		.loc 3 71 4 view .LVU552
 2246 0092 C801      		movw r24,r16
 2247 0094 0E94 0000 		call eeprom_update_byte
 2248               	.LVL191:
  72:../lufa-LUFA-111009/LUFA/Drivers/USB/Core/AVR8/Template/Template_Endpoint_RW.c **** 			Length--;
 2249               		.loc 3 72 4 is_stmt 1 view .LVU553
 2250 0098 0F5F      		subi r16,-1
 2251 009a 1F4F      		sbci r17,-1
 2252               	.LVL192:
  73:../lufa-LUFA-111009/LUFA/Drivers/USB/Core/AVR8/Template/Template_Endpoint_RW.c **** 			BytesInTransfer++;
 2253               		.loc 3 73 4 view .LVU554
  73:../lufa-LUFA-111009/LUFA/Drivers/USB/Core/AVR8/Template/Template_Endpoint_RW.c **** 			BytesInTransfer++;
 2254               		.loc 3 73 10 is_stmt 0 view .LVU555
 2255 009c 2197      		sbiw r28,1
 2256               	.LVL193:
  74:../lufa-LUFA-111009/LUFA/Drivers/USB/Core/AVR8/Template/Template_Endpoint_RW.c **** 		}
 2257               		.loc 3 74 4 is_stmt 1 view .LVU556
  74:../lufa-LUFA-111009/LUFA/Drivers/USB/Core/AVR8/Template/Template_Endpoint_RW.c **** 		}
 2258               		.loc 3 74 19 is_stmt 0 view .LVU557
 2259 009e FFEF      		ldi r31,-1
 2260 00a0 AF1A      		sub r10,r31
 2261 00a2 BF0A      		sbc r11,r31
 2262               	.LVL194:
  74:../lufa-LUFA-111009/LUFA/Drivers/USB/Core/AVR8/Template/Template_Endpoint_RW.c **** 		}
 2263               		.loc 3 74 19 view .LVU558
 2264 00a4 00C0      		rjmp .L124
 2265               		.cfi_endproc
 2266               	.LFE95:
 2268               		.section	.text.Endpoint_Read_EStream_BE,"ax",@progbits
 2269               	.global	Endpoint_Read_EStream_BE
 2271               	Endpoint_Read_EStream_BE:
 2272               	.LVL195:
 2273               	.LFB96:
  36:../lufa-LUFA-111009/LUFA/Drivers/USB/Core/AVR8/Template/Template_Endpoint_RW.c **** 	uint8_t* DataStream      = ((uint8_t*)Buffer + TEMPLATE_BUFFER_OFFSET(Length));
 2274               		.loc 3 36 1 is_stmt 1 view -0
 2275               		.cfi_startproc
  36:../lufa-LUFA-111009/LUFA/Drivers/USB/Core/AVR8/Template/Template_Endpoint_RW.c **** 	uint8_t* DataStream      = ((uint8_t*)Buffer + TEMPLATE_BUFFER_OFFSET(Length));
 2276               		.loc 3 36 1 is_stmt 0 view .LVU560
 2277 0000 AF92      		push r10
 2278               	.LCFI95:
 2279               		.cfi_def_cfa_offset 3
 2280               		.cfi_offset 10, -2
 2281 0002 BF92      		push r11
 2282               	.LCFI96:
 2283               		.cfi_def_cfa_offset 4
 2284               		.cfi_offset 11, -3
 2285 0004 DF92      		push r13
 2286               	.LCFI97:
 2287               		.cfi_def_cfa_offset 5
 2288               		.cfi_offset 13, -4
 2289 0006 EF92      		push r14
 2290               	.LCFI98:
 2291               		.cfi_def_cfa_offset 6
 2292               		.cfi_offset 14, -5
 2293 0008 FF92      		push r15
 2294               	.LCFI99:
 2295               		.cfi_def_cfa_offset 7
 2296               		.cfi_offset 15, -6
 2297 000a 0F93      		push r16
 2298               	.LCFI100:
 2299               		.cfi_def_cfa_offset 8
 2300               		.cfi_offset 16, -7
 2301 000c 1F93      		push r17
 2302               	.LCFI101:
 2303               		.cfi_def_cfa_offset 9
 2304               		.cfi_offset 17, -8
 2305 000e CF93      		push r28
 2306               	.LCFI102:
 2307               		.cfi_def_cfa_offset 10
 2308               		.cfi_offset 28, -9
 2309 0010 DF93      		push r29
 2310               	.LCFI103:
 2311               		.cfi_def_cfa_offset 11
 2312               		.cfi_offset 29, -10
 2313               	/* prologue: function */
 2314               	/* frame size = 0 */
 2315               	/* stack size = 9 */
 2316               	.L__stack_usage = 9
 2317 0012 EC01      		movw r28,r24
 2318 0014 8B01      		movw r16,r22
 2319 0016 7A01      		movw r14,r20
  37:../lufa-LUFA-111009/LUFA/Drivers/USB/Core/AVR8/Template/Template_Endpoint_RW.c **** 	uint16_t BytesInTransfer = 0;
 2320               		.loc 3 37 2 is_stmt 1 view .LVU561
 2321               	.LVL196:
  38:../lufa-LUFA-111009/LUFA/Drivers/USB/Core/AVR8/Template/Template_Endpoint_RW.c **** 	uint8_t  ErrorCode;
 2322               		.loc 3 38 2 view .LVU562
  39:../lufa-LUFA-111009/LUFA/Drivers/USB/Core/AVR8/Template/Template_Endpoint_RW.c **** 
 2323               		.loc 3 39 2 view .LVU563
  41:../lufa-LUFA-111009/LUFA/Drivers/USB/Core/AVR8/Template/Template_Endpoint_RW.c **** 	  return ErrorCode;
 2324               		.loc 3 41 2 view .LVU564
  41:../lufa-LUFA-111009/LUFA/Drivers/USB/Core/AVR8/Template/Template_Endpoint_RW.c **** 	  return ErrorCode;
 2325               		.loc 3 41 19 is_stmt 0 view .LVU565
 2326 0018 0E94 0000 		call Endpoint_WaitUntilReady
 2327               	.LVL197:
  41:../lufa-LUFA-111009/LUFA/Drivers/USB/Core/AVR8/Template/Template_Endpoint_RW.c **** 	  return ErrorCode;
 2328               		.loc 3 41 19 view .LVU566
 2329 001c D82E      		mov r13,r24
 2330               	.LVL198:
  41:../lufa-LUFA-111009/LUFA/Drivers/USB/Core/AVR8/Template/Template_Endpoint_RW.c **** 	  return ErrorCode;
 2331               		.loc 3 41 5 view .LVU567
 2332 001e 8111      		cpse r24,__zero_reg__
 2333 0020 00C0      		rjmp .L133
  37:../lufa-LUFA-111009/LUFA/Drivers/USB/Core/AVR8/Template/Template_Endpoint_RW.c **** 	uint16_t BytesInTransfer = 0;
 2334               		.loc 3 37 47 view .LVU568
 2335 0022 C801      		movw r24,r16
 2336 0024 0197      		sbiw r24,1
 2337               	.LVL199:
  37:../lufa-LUFA-111009/LUFA/Drivers/USB/Core/AVR8/Template/Template_Endpoint_RW.c **** 	uint16_t BytesInTransfer = 0;
 2338               		.loc 3 37 11 view .LVU569
 2339 0026 C80F      		add r28,r24
 2340 0028 D91F      		adc r29,r25
 2341               	.LVL200:
  44:../lufa-LUFA-111009/LUFA/Drivers/USB/Core/AVR8/Template/Template_Endpoint_RW.c **** 	{
 2342               		.loc 3 44 2 is_stmt 1 view .LVU570
  44:../lufa-LUFA-111009/LUFA/Drivers/USB/Core/AVR8/Template/Template_Endpoint_RW.c **** 	{
 2343               		.loc 3 44 5 is_stmt 0 view .LVU571
 2344 002a E114      		cp r14,__zero_reg__
 2345 002c F104      		cpc r15,__zero_reg__
 2346 002e 01F0      		breq .L135
  46:../lufa-LUFA-111009/LUFA/Drivers/USB/Core/AVR8/Template/Template_Endpoint_RW.c **** 		TEMPLATE_BUFFER_MOVE(DataStream, *BytesProcessed);
 2347               		.loc 3 46 3 is_stmt 1 view .LVU572
  46:../lufa-LUFA-111009/LUFA/Drivers/USB/Core/AVR8/Template/Template_Endpoint_RW.c **** 		TEMPLATE_BUFFER_MOVE(DataStream, *BytesProcessed);
 2348               		.loc 3 46 13 is_stmt 0 view .LVU573
 2349 0030 F701      		movw r30,r14
 2350 0032 8081      		ld r24,Z
 2351 0034 9181      		ldd r25,Z+1
 2352               	.LVL201:
  46:../lufa-LUFA-111009/LUFA/Drivers/USB/Core/AVR8/Template/Template_Endpoint_RW.c **** 		TEMPLATE_BUFFER_MOVE(DataStream, *BytesProcessed);
 2353               		.loc 3 46 10 view .LVU574
 2354 0036 081B      		sub r16,r24
 2355 0038 190B      		sbc r17,r25
 2356               	.LVL202:
  47:../lufa-LUFA-111009/LUFA/Drivers/USB/Core/AVR8/Template/Template_Endpoint_RW.c **** 	}
 2357               		.loc 3 47 3 is_stmt 1 view .LVU575
 2358 003a C81B      		sub r28,r24
 2359 003c D90B      		sbc r29,r25
 2360               	.LVL203:
 2361               	.L135:
  36:../lufa-LUFA-111009/LUFA/Drivers/USB/Core/AVR8/Template/Template_Endpoint_RW.c **** 	uint8_t* DataStream      = ((uint8_t*)Buffer + TEMPLATE_BUFFER_OFFSET(Length));
 2362               		.loc 3 36 1 is_stmt 0 view .LVU576
 2363 003e A12C      		mov r10,__zero_reg__
 2364 0040 B12C      		mov r11,__zero_reg__
 2365               	.LVL204:
 2366               	.L136:
  50:../lufa-LUFA-111009/LUFA/Drivers/USB/Core/AVR8/Template/Template_Endpoint_RW.c **** 	{
 2367               		.loc 3 50 9 is_stmt 1 view .LVU577
 2368 0042 0115      		cp r16,__zero_reg__
 2369 0044 1105      		cpc r17,__zero_reg__
 2370 0046 01F0      		breq .L133
 2371               	.LVL205:
 2372               	.L139:
  52:../lufa-LUFA-111009/LUFA/Drivers/USB/Core/AVR8/Template/Template_Endpoint_RW.c **** 		{
 2373               		.loc 3 52 3 view .LVU578
 2374               	.LBB324:
 2375               	.LBI324:
 418:../lufa-LUFA-111009/LUFA/Drivers/USB/Core/AVR8/../AVR8/../AVR8/Endpoint_AVR8.h **** 			{
 2376               		.loc 2 418 23 view .LVU579
 2377               	.LBB325:
 420:../lufa-LUFA-111009/LUFA/Drivers/USB/Core/AVR8/../AVR8/../AVR8/Endpoint_AVR8.h **** 			}
 2378               		.loc 2 420 5 view .LVU580
 420:../lufa-LUFA-111009/LUFA/Drivers/USB/Core/AVR8/../AVR8/../AVR8/Endpoint_AVR8.h **** 			}
 2379               		.loc 2 420 14 is_stmt 0 view .LVU581
 2380 0048 8091 E800 		lds r24,232
 2381               	.LBE325:
 2382               	.LBE324:
  52:../lufa-LUFA-111009/LUFA/Drivers/USB/Core/AVR8/Template/Template_Endpoint_RW.c **** 		{
 2383               		.loc 3 52 6 view .LVU582
 2384 004c 85FD      		sbrc r24,5
 2385 004e 00C0      		rjmp .L137
  54:../lufa-LUFA-111009/LUFA/Drivers/USB/Core/AVR8/Template/Template_Endpoint_RW.c **** 
 2386               		.loc 3 54 4 is_stmt 1 view .LVU583
 2387               	.LBB326:
 2388               	.LBI326:
 528:../lufa-LUFA-111009/LUFA/Drivers/USB/Core/AVR8/../AVR8/../AVR8/Endpoint_AVR8.h **** 			{
 2389               		.loc 2 528 23 view .LVU584
 2390               	.LBB327:
 531:../lufa-LUFA-111009/LUFA/Drivers/USB/Core/AVR8/../AVR8/../AVR8/Endpoint_AVR8.h **** 				#else
 2391               		.loc 2 531 6 view .LVU585
 531:../lufa-LUFA-111009/LUFA/Drivers/USB/Core/AVR8/../AVR8/../AVR8/Endpoint_AVR8.h **** 				#else
 2392               		.loc 2 531 13 is_stmt 0 view .LVU586
 2393 0050 8091 E800 		lds r24,232
 2394 0054 8B77      		andi r24,lo8(123)
 2395 0056 8093 E800 		sts 232,r24
 2396               	.LBE327:
 2397               	.LBE326:
  57:../lufa-LUFA-111009/LUFA/Drivers/USB/Core/AVR8/Template/Template_Endpoint_RW.c **** 			#endif
 2398               		.loc 3 57 4 is_stmt 1 view .LVU587
 2399 005a 0E94 0000 		call USB_USBTask
 2400               	.LVL206:
  60:../lufa-LUFA-111009/LUFA/Drivers/USB/Core/AVR8/Template/Template_Endpoint_RW.c **** 			{
 2401               		.loc 3 60 4 view .LVU588
  60:../lufa-LUFA-111009/LUFA/Drivers/USB/Core/AVR8/Template/Template_Endpoint_RW.c **** 			{
 2402               		.loc 3 60 7 is_stmt 0 view .LVU589
 2403 005e E114      		cp r14,__zero_reg__
 2404 0060 F104      		cpc r15,__zero_reg__
 2405 0062 01F0      		breq .L138
  62:../lufa-LUFA-111009/LUFA/Drivers/USB/Core/AVR8/Template/Template_Endpoint_RW.c **** 				return ENDPOINT_RWSTREAM_IncompleteTransfer;
 2406               		.loc 3 62 5 is_stmt 1 view .LVU590
  62:../lufa-LUFA-111009/LUFA/Drivers/USB/Core/AVR8/Template/Template_Endpoint_RW.c **** 				return ENDPOINT_RWSTREAM_IncompleteTransfer;
 2407               		.loc 3 62 21 is_stmt 0 view .LVU591
 2408 0064 F701      		movw r30,r14
 2409 0066 8081      		ld r24,Z
 2410 0068 9181      		ldd r25,Z+1
 2411 006a 8A0D      		add r24,r10
 2412 006c 9B1D      		adc r25,r11
 2413 006e 9183      		std Z+1,r25
 2414 0070 8083      		st Z,r24
  63:../lufa-LUFA-111009/LUFA/Drivers/USB/Core/AVR8/Template/Template_Endpoint_RW.c **** 			}
 2415               		.loc 3 63 5 is_stmt 1 view .LVU592
  63:../lufa-LUFA-111009/LUFA/Drivers/USB/Core/AVR8/Template/Template_Endpoint_RW.c **** 			}
 2416               		.loc 3 63 12 is_stmt 0 view .LVU593
 2417 0072 85E0      		ldi r24,lo8(5)
 2418 0074 D82E      		mov r13,r24
 2419               	.L133:
 2420               		.loc 3 79 1 view .LVU594
 2421 0076 8D2D      		mov r24,r13
 2422               	/* epilogue start */
 2423 0078 DF91      		pop r29
 2424 007a CF91      		pop r28
 2425 007c 1F91      		pop r17
 2426 007e 0F91      		pop r16
 2427 0080 FF90      		pop r15
 2428 0082 EF90      		pop r14
 2429               	.LVL207:
 2430               		.loc 3 79 1 view .LVU595
 2431 0084 DF90      		pop r13
 2432 0086 BF90      		pop r11
 2433 0088 AF90      		pop r10
 2434 008a 0895      		ret
 2435               	.LVL208:
 2436               	.L138:
  66:../lufa-LUFA-111009/LUFA/Drivers/USB/Core/AVR8/Template/Template_Endpoint_RW.c **** 			  return ErrorCode;
 2437               		.loc 3 66 4 is_stmt 1 view .LVU596
  66:../lufa-LUFA-111009/LUFA/Drivers/USB/Core/AVR8/Template/Template_Endpoint_RW.c **** 			  return ErrorCode;
 2438               		.loc 3 66 21 is_stmt 0 view .LVU597
 2439 008c 0E94 0000 		call Endpoint_WaitUntilReady
 2440               	.LVL209:
  66:../lufa-LUFA-111009/LUFA/Drivers/USB/Core/AVR8/Template/Template_Endpoint_RW.c **** 			  return ErrorCode;
 2441               		.loc 3 66 7 view .LVU598
 2442 0090 8115      		cp r24, __zero_reg__
 2443 0092 01F0      		breq .L139
  67:../lufa-LUFA-111009/LUFA/Drivers/USB/Core/AVR8/Template/Template_Endpoint_RW.c **** 		}
 2444               		.loc 3 67 13 view .LVU599
 2445 0094 D82E      		mov r13,r24
 2446 0096 00C0      		rjmp .L133
 2447               	.LVL210:
 2448               	.L137:
  71:../lufa-LUFA-111009/LUFA/Drivers/USB/Core/AVR8/Template/Template_Endpoint_RW.c **** 			TEMPLATE_BUFFER_MOVE(DataStream, 1);
 2449               		.loc 3 71 4 is_stmt 1 view .LVU600
 2450               	.LBB328:
 2451               	.LBI328:
 610:../lufa-LUFA-111009/LUFA/Drivers/USB/Core/AVR8/../AVR8/../AVR8/Endpoint_AVR8.h **** 			{
 2452               		.loc 2 610 26 view .LVU601
 2453               	.LBB329:
 612:../lufa-LUFA-111009/LUFA/Drivers/USB/Core/AVR8/../AVR8/../AVR8/Endpoint_AVR8.h **** 			}
 2454               		.loc 2 612 5 view .LVU602
 612:../lufa-LUFA-111009/LUFA/Drivers/USB/Core/AVR8/../AVR8/../AVR8/Endpoint_AVR8.h **** 			}
 2455               		.loc 2 612 12 is_stmt 0 view .LVU603
 2456 0098 6091 F100 		lds r22,241
 2457               	.LBE329:
 2458               	.LBE328:
  71:../lufa-LUFA-111009/LUFA/Drivers/USB/Core/AVR8/Template/Template_Endpoint_RW.c **** 			TEMPLATE_BUFFER_MOVE(DataStream, 1);
 2459               		.loc 3 71 4 view .LVU604
 2460 009c CE01      		movw r24,r28
 2461 009e 0E94 0000 		call eeprom_update_byte
 2462               	.LVL211:
  72:../lufa-LUFA-111009/LUFA/Drivers/USB/Core/AVR8/Template/Template_Endpoint_RW.c **** 			Length--;
 2463               		.loc 3 72 4 is_stmt 1 view .LVU605
 2464 00a2 2197      		sbiw r28,1
 2465               	.LVL212:
  73:../lufa-LUFA-111009/LUFA/Drivers/USB/Core/AVR8/Template/Template_Endpoint_RW.c **** 			BytesInTransfer++;
 2466               		.loc 3 73 4 view .LVU606
  73:../lufa-LUFA-111009/LUFA/Drivers/USB/Core/AVR8/Template/Template_Endpoint_RW.c **** 			BytesInTransfer++;
 2467               		.loc 3 73 10 is_stmt 0 view .LVU607
 2468 00a4 0150      		subi r16,1
 2469 00a6 1109      		sbc r17,__zero_reg__
 2470               	.LVL213:
  74:../lufa-LUFA-111009/LUFA/Drivers/USB/Core/AVR8/Template/Template_Endpoint_RW.c **** 		}
 2471               		.loc 3 74 4 is_stmt 1 view .LVU608
  74:../lufa-LUFA-111009/LUFA/Drivers/USB/Core/AVR8/Template/Template_Endpoint_RW.c **** 		}
 2472               		.loc 3 74 19 is_stmt 0 view .LVU609
 2473 00a8 FFEF      		ldi r31,-1
 2474 00aa AF1A      		sub r10,r31
 2475 00ac BF0A      		sbc r11,r31
 2476               	.LVL214:
  74:../lufa-LUFA-111009/LUFA/Drivers/USB/Core/AVR8/Template/Template_Endpoint_RW.c **** 		}
 2477               		.loc 3 74 19 view .LVU610
 2478 00ae 00C0      		rjmp .L136
 2479               		.cfi_endproc
 2480               	.LFE96:
 2482               		.section	.text.Endpoint_Write_Control_Stream_LE,"ax",@progbits
 2483               	.global	Endpoint_Write_Control_Stream_LE
 2485               	Endpoint_Write_Control_Stream_LE:
 2486               	.LVL215:
 2487               	.LFB97:
 2488               		.file 4 "../lufa-LUFA-111009/LUFA/Drivers/USB/Core/AVR8/Template/Template_Endpoint_Control_W.c"
   1:../lufa-LUFA-111009/LUFA/Drivers/USB/Core/AVR8/Template/Template_Endpoint_Control_W.c **** /*
   2:../lufa-LUFA-111009/LUFA/Drivers/USB/Core/AVR8/Template/Template_Endpoint_Control_W.c ****              LUFA Library
   3:../lufa-LUFA-111009/LUFA/Drivers/USB/Core/AVR8/Template/Template_Endpoint_Control_W.c ****      Copyright (C) Dean Camera, 2011.
   4:../lufa-LUFA-111009/LUFA/Drivers/USB/Core/AVR8/Template/Template_Endpoint_Control_W.c **** 
   5:../lufa-LUFA-111009/LUFA/Drivers/USB/Core/AVR8/Template/Template_Endpoint_Control_W.c ****   dean [at] fourwalledcubicle [dot] com
   6:../lufa-LUFA-111009/LUFA/Drivers/USB/Core/AVR8/Template/Template_Endpoint_Control_W.c ****            www.lufa-lib.org
   7:../lufa-LUFA-111009/LUFA/Drivers/USB/Core/AVR8/Template/Template_Endpoint_Control_W.c **** */
   8:../lufa-LUFA-111009/LUFA/Drivers/USB/Core/AVR8/Template/Template_Endpoint_Control_W.c **** 
   9:../lufa-LUFA-111009/LUFA/Drivers/USB/Core/AVR8/Template/Template_Endpoint_Control_W.c **** /*
  10:../lufa-LUFA-111009/LUFA/Drivers/USB/Core/AVR8/Template/Template_Endpoint_Control_W.c ****   Copyright 2011  Dean Camera (dean [at] fourwalledcubicle [dot] com)
  11:../lufa-LUFA-111009/LUFA/Drivers/USB/Core/AVR8/Template/Template_Endpoint_Control_W.c **** 
  12:../lufa-LUFA-111009/LUFA/Drivers/USB/Core/AVR8/Template/Template_Endpoint_Control_W.c ****   Permission to use, copy, modify, distribute, and sell this
  13:../lufa-LUFA-111009/LUFA/Drivers/USB/Core/AVR8/Template/Template_Endpoint_Control_W.c ****   software and its documentation for any purpose is hereby granted
  14:../lufa-LUFA-111009/LUFA/Drivers/USB/Core/AVR8/Template/Template_Endpoint_Control_W.c ****   without fee, provided that the above copyright notice appear in
  15:../lufa-LUFA-111009/LUFA/Drivers/USB/Core/AVR8/Template/Template_Endpoint_Control_W.c ****   all copies and that both that the copyright notice and this
  16:../lufa-LUFA-111009/LUFA/Drivers/USB/Core/AVR8/Template/Template_Endpoint_Control_W.c ****   permission notice and warranty disclaimer appear in supporting
  17:../lufa-LUFA-111009/LUFA/Drivers/USB/Core/AVR8/Template/Template_Endpoint_Control_W.c ****   documentation, and that the name of the author not be used in
  18:../lufa-LUFA-111009/LUFA/Drivers/USB/Core/AVR8/Template/Template_Endpoint_Control_W.c ****   advertising or publicity pertaining to distribution of the
  19:../lufa-LUFA-111009/LUFA/Drivers/USB/Core/AVR8/Template/Template_Endpoint_Control_W.c ****   software without specific, written prior permission.
  20:../lufa-LUFA-111009/LUFA/Drivers/USB/Core/AVR8/Template/Template_Endpoint_Control_W.c **** 
  21:../lufa-LUFA-111009/LUFA/Drivers/USB/Core/AVR8/Template/Template_Endpoint_Control_W.c ****   The author disclaim all warranties with regard to this
  22:../lufa-LUFA-111009/LUFA/Drivers/USB/Core/AVR8/Template/Template_Endpoint_Control_W.c ****   software, including all implied warranties of merchantability
  23:../lufa-LUFA-111009/LUFA/Drivers/USB/Core/AVR8/Template/Template_Endpoint_Control_W.c ****   and fitness.  In no event shall the author be liable for any
  24:../lufa-LUFA-111009/LUFA/Drivers/USB/Core/AVR8/Template/Template_Endpoint_Control_W.c ****   special, indirect or consequential damages or any damages
  25:../lufa-LUFA-111009/LUFA/Drivers/USB/Core/AVR8/Template/Template_Endpoint_Control_W.c ****   whatsoever resulting from loss of use, data or profits, whether
  26:../lufa-LUFA-111009/LUFA/Drivers/USB/Core/AVR8/Template/Template_Endpoint_Control_W.c ****   in an action of contract, negligence or other tortious action,
  27:../lufa-LUFA-111009/LUFA/Drivers/USB/Core/AVR8/Template/Template_Endpoint_Control_W.c ****   arising out of or in connection with the use or performance of
  28:../lufa-LUFA-111009/LUFA/Drivers/USB/Core/AVR8/Template/Template_Endpoint_Control_W.c ****   this software.
  29:../lufa-LUFA-111009/LUFA/Drivers/USB/Core/AVR8/Template/Template_Endpoint_Control_W.c **** */
  30:../lufa-LUFA-111009/LUFA/Drivers/USB/Core/AVR8/Template/Template_Endpoint_Control_W.c **** 
  31:../lufa-LUFA-111009/LUFA/Drivers/USB/Core/AVR8/Template/Template_Endpoint_Control_W.c **** #if defined(TEMPLATE_FUNC_NAME)
  32:../lufa-LUFA-111009/LUFA/Drivers/USB/Core/AVR8/Template/Template_Endpoint_Control_W.c **** 
  33:../lufa-LUFA-111009/LUFA/Drivers/USB/Core/AVR8/Template/Template_Endpoint_Control_W.c **** uint8_t TEMPLATE_FUNC_NAME (const void* const Buffer,
  34:../lufa-LUFA-111009/LUFA/Drivers/USB/Core/AVR8/Template/Template_Endpoint_Control_W.c ****                             uint16_t Length)
  35:../lufa-LUFA-111009/LUFA/Drivers/USB/Core/AVR8/Template/Template_Endpoint_Control_W.c **** {
 2489               		.loc 4 35 1 is_stmt 1 view -0
 2490               		.cfi_startproc
 2491               	/* prologue: function */
 2492               	/* frame size = 0 */
 2493               	/* stack size = 0 */
 2494               	.L__stack_usage = 0
 2495               		.loc 4 35 1 is_stmt 0 view .LVU612
 2496 0000 FC01      		movw r30,r24
 2497 0002 9B01      		movw r18,r22
  36:../lufa-LUFA-111009/LUFA/Drivers/USB/Core/AVR8/Template/Template_Endpoint_Control_W.c **** 	uint8_t* DataStream     = ((uint8_t*)Buffer + TEMPLATE_BUFFER_OFFSET(Length));
 2498               		.loc 4 36 2 is_stmt 1 view .LVU613
 2499               	.LVL216:
  37:../lufa-LUFA-111009/LUFA/Drivers/USB/Core/AVR8/Template/Template_Endpoint_Control_W.c **** 	bool     LastPacketFull = false;
 2500               		.loc 4 37 2 view .LVU614
  38:../lufa-LUFA-111009/LUFA/Drivers/USB/Core/AVR8/Template/Template_Endpoint_Control_W.c **** 
  39:../lufa-LUFA-111009/LUFA/Drivers/USB/Core/AVR8/Template/Template_Endpoint_Control_W.c **** 	if (Length > USB_ControlRequest.wLength)
 2501               		.loc 4 39 2 view .LVU615
 2502               		.loc 4 39 33 is_stmt 0 view .LVU616
 2503 0004 8091 0000 		lds r24,USB_ControlRequest+6
 2504 0008 9091 0000 		lds r25,USB_ControlRequest+6+1
 2505               	.LVL217:
 2506               		.loc 4 39 5 view .LVU617
 2507 000c 8617      		cp r24,r22
 2508 000e 9707      		cpc r25,r23
 2509 0010 00F0      		brlo .L146
  40:../lufa-LUFA-111009/LUFA/Drivers/USB/Core/AVR8/Template/Template_Endpoint_Control_W.c **** 	  Length = USB_ControlRequest.wLength;
  41:../lufa-LUFA-111009/LUFA/Drivers/USB/Core/AVR8/Template/Template_Endpoint_Control_W.c **** 	else if (!(Length))
 2510               		.loc 4 41 7 is_stmt 1 view .LVU618
 2511               		.loc 4 41 10 is_stmt 0 view .LVU619
 2512 0012 672B      		or r22,r23
 2513 0014 01F0      		breq .L147
 2514               	.L148:
  35:../lufa-LUFA-111009/LUFA/Drivers/USB/Core/AVR8/Template/Template_Endpoint_Control_W.c **** 	uint8_t* DataStream     = ((uint8_t*)Buffer + TEMPLATE_BUFFER_OFFSET(Length));
 2515               		.loc 4 35 1 view .LVU620
 2516 0016 C901      		movw r24,r18
 2517               	.LVL218:
 2518               	.L146:
  35:../lufa-LUFA-111009/LUFA/Drivers/USB/Core/AVR8/Template/Template_Endpoint_Control_W.c **** 	uint8_t* DataStream     = ((uint8_t*)Buffer + TEMPLATE_BUFFER_OFFSET(Length));
 2519               		.loc 4 35 1 view .LVU621
 2520 0018 40E0      		ldi r20,0
 2521               	.LVL219:
 2522               	.L152:
  42:../lufa-LUFA-111009/LUFA/Drivers/USB/Core/AVR8/Template/Template_Endpoint_Control_W.c **** 	  Endpoint_ClearIN();
  43:../lufa-LUFA-111009/LUFA/Drivers/USB/Core/AVR8/Template/Template_Endpoint_Control_W.c **** 
  44:../lufa-LUFA-111009/LUFA/Drivers/USB/Core/AVR8/Template/Template_Endpoint_Control_W.c **** 	while (Length || LastPacketFull)
 2523               		.loc 4 44 16 is_stmt 1 view .LVU622
 2524 001a 0097      		sbiw r24,0
 2525 001c 01F4      		brne .L157
 2526               		.loc 4 44 16 is_stmt 0 discriminator 1 view .LVU623
 2527 001e 4111      		cpse r20,__zero_reg__
 2528 0020 00C0      		rjmp .L157
 2529               	.LVL220:
 2530               	.L169:
  45:../lufa-LUFA-111009/LUFA/Drivers/USB/Core/AVR8/Template/Template_Endpoint_Control_W.c **** 	{
  46:../lufa-LUFA-111009/LUFA/Drivers/USB/Core/AVR8/Template/Template_Endpoint_Control_W.c **** 		uint8_t USB_DeviceState_LCL = USB_DeviceState;
  47:../lufa-LUFA-111009/LUFA/Drivers/USB/Core/AVR8/Template/Template_Endpoint_Control_W.c **** 
  48:../lufa-LUFA-111009/LUFA/Drivers/USB/Core/AVR8/Template/Template_Endpoint_Control_W.c **** 		if (USB_DeviceState_LCL == DEVICE_STATE_Unattached)
  49:../lufa-LUFA-111009/LUFA/Drivers/USB/Core/AVR8/Template/Template_Endpoint_Control_W.c **** 		  return ENDPOINT_RWCSTREAM_DeviceDisconnected;
  50:../lufa-LUFA-111009/LUFA/Drivers/USB/Core/AVR8/Template/Template_Endpoint_Control_W.c **** 		else if (USB_DeviceState_LCL == DEVICE_STATE_Suspended)
  51:../lufa-LUFA-111009/LUFA/Drivers/USB/Core/AVR8/Template/Template_Endpoint_Control_W.c **** 		  return ENDPOINT_RWCSTREAM_BusSuspended;
  52:../lufa-LUFA-111009/LUFA/Drivers/USB/Core/AVR8/Template/Template_Endpoint_Control_W.c **** 		else if (Endpoint_IsSETUPReceived())
  53:../lufa-LUFA-111009/LUFA/Drivers/USB/Core/AVR8/Template/Template_Endpoint_Control_W.c **** 		  return ENDPOINT_RWCSTREAM_HostAborted;
  54:../lufa-LUFA-111009/LUFA/Drivers/USB/Core/AVR8/Template/Template_Endpoint_Control_W.c **** 		else if (Endpoint_IsOUTReceived())
  55:../lufa-LUFA-111009/LUFA/Drivers/USB/Core/AVR8/Template/Template_Endpoint_Control_W.c **** 		  break;
  56:../lufa-LUFA-111009/LUFA/Drivers/USB/Core/AVR8/Template/Template_Endpoint_Control_W.c **** 
  57:../lufa-LUFA-111009/LUFA/Drivers/USB/Core/AVR8/Template/Template_Endpoint_Control_W.c **** 		if (Endpoint_IsINReady())
  58:../lufa-LUFA-111009/LUFA/Drivers/USB/Core/AVR8/Template/Template_Endpoint_Control_W.c **** 		{
  59:../lufa-LUFA-111009/LUFA/Drivers/USB/Core/AVR8/Template/Template_Endpoint_Control_W.c **** 			uint16_t BytesInEndpoint = Endpoint_BytesInEndpoint();
  60:../lufa-LUFA-111009/LUFA/Drivers/USB/Core/AVR8/Template/Template_Endpoint_Control_W.c **** 
  61:../lufa-LUFA-111009/LUFA/Drivers/USB/Core/AVR8/Template/Template_Endpoint_Control_W.c **** 			while (Length && (BytesInEndpoint < USB_Device_ControlEndpointSize))
  62:../lufa-LUFA-111009/LUFA/Drivers/USB/Core/AVR8/Template/Template_Endpoint_Control_W.c **** 			{
  63:../lufa-LUFA-111009/LUFA/Drivers/USB/Core/AVR8/Template/Template_Endpoint_Control_W.c **** 				TEMPLATE_TRANSFER_BYTE(DataStream);
  64:../lufa-LUFA-111009/LUFA/Drivers/USB/Core/AVR8/Template/Template_Endpoint_Control_W.c **** 				TEMPLATE_BUFFER_MOVE(DataStream, 1);
  65:../lufa-LUFA-111009/LUFA/Drivers/USB/Core/AVR8/Template/Template_Endpoint_Control_W.c **** 				Length--;
  66:../lufa-LUFA-111009/LUFA/Drivers/USB/Core/AVR8/Template/Template_Endpoint_Control_W.c **** 				BytesInEndpoint++;
  67:../lufa-LUFA-111009/LUFA/Drivers/USB/Core/AVR8/Template/Template_Endpoint_Control_W.c **** 			}
  68:../lufa-LUFA-111009/LUFA/Drivers/USB/Core/AVR8/Template/Template_Endpoint_Control_W.c **** 
  69:../lufa-LUFA-111009/LUFA/Drivers/USB/Core/AVR8/Template/Template_Endpoint_Control_W.c **** 			LastPacketFull = (BytesInEndpoint == USB_Device_ControlEndpointSize);
  70:../lufa-LUFA-111009/LUFA/Drivers/USB/Core/AVR8/Template/Template_Endpoint_Control_W.c **** 			Endpoint_ClearIN();
  71:../lufa-LUFA-111009/LUFA/Drivers/USB/Core/AVR8/Template/Template_Endpoint_Control_W.c **** 		}
  72:../lufa-LUFA-111009/LUFA/Drivers/USB/Core/AVR8/Template/Template_Endpoint_Control_W.c **** 	}
  73:../lufa-LUFA-111009/LUFA/Drivers/USB/Core/AVR8/Template/Template_Endpoint_Control_W.c **** 
  74:../lufa-LUFA-111009/LUFA/Drivers/USB/Core/AVR8/Template/Template_Endpoint_Control_W.c **** 	while (!(Endpoint_IsOUTReceived()))
 2531               		.loc 4 74 9 is_stmt 1 view .LVU624
 2532               	.LBB330:
 2533               	.LBI330:
 477:../lufa-LUFA-111009/LUFA/Drivers/USB/Core/AVR8/../AVR8/../AVR8/Endpoint_AVR8.h **** 			{
 2534               		.loc 2 477 23 view .LVU625
 2535               	.LBB331:
 479:../lufa-LUFA-111009/LUFA/Drivers/USB/Core/AVR8/../AVR8/../AVR8/Endpoint_AVR8.h **** 			}
 2536               		.loc 2 479 5 view .LVU626
 479:../lufa-LUFA-111009/LUFA/Drivers/USB/Core/AVR8/../AVR8/../AVR8/Endpoint_AVR8.h **** 			}
 2537               		.loc 2 479 14 is_stmt 0 view .LVU627
 2538 0022 8091 E800 		lds r24,232
 2539               	.LBE331:
 2540               	.LBE330:
 2541               		.loc 4 74 9 view .LVU628
 2542 0026 82FF      		sbrs r24,2
 2543 0028 00C0      		rjmp .L158
  75:../lufa-LUFA-111009/LUFA/Drivers/USB/Core/AVR8/Template/Template_Endpoint_Control_W.c **** 	{
  76:../lufa-LUFA-111009/LUFA/Drivers/USB/Core/AVR8/Template/Template_Endpoint_Control_W.c **** 		uint8_t USB_DeviceState_LCL = USB_DeviceState;
  77:../lufa-LUFA-111009/LUFA/Drivers/USB/Core/AVR8/Template/Template_Endpoint_Control_W.c **** 
  78:../lufa-LUFA-111009/LUFA/Drivers/USB/Core/AVR8/Template/Template_Endpoint_Control_W.c **** 		if (USB_DeviceState_LCL == DEVICE_STATE_Unattached)
  79:../lufa-LUFA-111009/LUFA/Drivers/USB/Core/AVR8/Template/Template_Endpoint_Control_W.c **** 		  return ENDPOINT_RWCSTREAM_DeviceDisconnected;
  80:../lufa-LUFA-111009/LUFA/Drivers/USB/Core/AVR8/Template/Template_Endpoint_Control_W.c **** 		else if (USB_DeviceState_LCL == DEVICE_STATE_Suspended)
  81:../lufa-LUFA-111009/LUFA/Drivers/USB/Core/AVR8/Template/Template_Endpoint_Control_W.c **** 		  return ENDPOINT_RWCSTREAM_BusSuspended;
  82:../lufa-LUFA-111009/LUFA/Drivers/USB/Core/AVR8/Template/Template_Endpoint_Control_W.c **** 	}
  83:../lufa-LUFA-111009/LUFA/Drivers/USB/Core/AVR8/Template/Template_Endpoint_Control_W.c **** 
  84:../lufa-LUFA-111009/LUFA/Drivers/USB/Core/AVR8/Template/Template_Endpoint_Control_W.c **** 	return ENDPOINT_RWCSTREAM_NoError;
 2544               		.loc 4 84 9 view .LVU629
 2545 002a 80E0      		ldi r24,0
 2546 002c 0895      		ret
 2547               	.LVL221:
 2548               	.L147:
  42:../lufa-LUFA-111009/LUFA/Drivers/USB/Core/AVR8/Template/Template_Endpoint_Control_W.c **** 
 2549               		.loc 4 42 4 is_stmt 1 view .LVU630
 2550               	.LBB332:
 2551               	.LBI332:
 513:../lufa-LUFA-111009/LUFA/Drivers/USB/Core/AVR8/../AVR8/../AVR8/Endpoint_AVR8.h **** 			{
 2552               		.loc 2 513 23 view .LVU631
 2553               	.LBB333:
 516:../lufa-LUFA-111009/LUFA/Drivers/USB/Core/AVR8/../AVR8/../AVR8/Endpoint_AVR8.h **** 				#else
 2554               		.loc 2 516 6 view .LVU632
 516:../lufa-LUFA-111009/LUFA/Drivers/USB/Core/AVR8/../AVR8/../AVR8/Endpoint_AVR8.h **** 				#else
 2555               		.loc 2 516 13 is_stmt 0 view .LVU633
 2556 002e 8091 E800 		lds r24,232
 2557 0032 8E77      		andi r24,lo8(126)
 2558 0034 8093 E800 		sts 232,r24
 520:../lufa-LUFA-111009/LUFA/Drivers/USB/Core/AVR8/../AVR8/../AVR8/Endpoint_AVR8.h **** 
 2559               		.loc 2 520 4 view .LVU634
 2560 0038 00C0      		rjmp .L148
 2561               	.LVL222:
 2562               	.L157:
 520:../lufa-LUFA-111009/LUFA/Drivers/USB/Core/AVR8/../AVR8/../AVR8/Endpoint_AVR8.h **** 
 2563               		.loc 2 520 4 view .LVU635
 2564               	.LBE333:
 2565               	.LBE332:
 2566               	.LBB334:
  46:../lufa-LUFA-111009/LUFA/Drivers/USB/Core/AVR8/Template/Template_Endpoint_Control_W.c **** 
 2567               		.loc 4 46 3 is_stmt 1 view .LVU636
  46:../lufa-LUFA-111009/LUFA/Drivers/USB/Core/AVR8/Template/Template_Endpoint_Control_W.c **** 
 2568               		.loc 4 46 11 is_stmt 0 view .LVU637
 2569 003a 2EB3      		in r18,0x1e
 2570               	.LVL223:
  48:../lufa-LUFA-111009/LUFA/Drivers/USB/Core/AVR8/Template/Template_Endpoint_Control_W.c **** 		  return ENDPOINT_RWCSTREAM_DeviceDisconnected;
 2571               		.loc 4 48 3 is_stmt 1 view .LVU638
  48:../lufa-LUFA-111009/LUFA/Drivers/USB/Core/AVR8/Template/Template_Endpoint_Control_W.c **** 		  return ENDPOINT_RWCSTREAM_DeviceDisconnected;
 2572               		.loc 4 48 6 is_stmt 0 view .LVU639
 2573 003c 2115      		cp r18, __zero_reg__
 2574 003e 01F0      		breq .L162
  50:../lufa-LUFA-111009/LUFA/Drivers/USB/Core/AVR8/Template/Template_Endpoint_Control_W.c **** 		  return ENDPOINT_RWCSTREAM_BusSuspended;
 2575               		.loc 4 50 8 is_stmt 1 view .LVU640
  50:../lufa-LUFA-111009/LUFA/Drivers/USB/Core/AVR8/Template/Template_Endpoint_Control_W.c **** 		  return ENDPOINT_RWCSTREAM_BusSuspended;
 2576               		.loc 4 50 11 is_stmt 0 view .LVU641
 2577 0040 2530      		cpi r18,lo8(5)
 2578 0042 01F0      		breq .L163
  52:../lufa-LUFA-111009/LUFA/Drivers/USB/Core/AVR8/Template/Template_Endpoint_Control_W.c **** 		  return ENDPOINT_RWCSTREAM_HostAborted;
 2579               		.loc 4 52 8 is_stmt 1 view .LVU642
 2580               	.LBB335:
 2581               	.LBI335:
 489:../lufa-LUFA-111009/LUFA/Drivers/USB/Core/AVR8/../AVR8/../AVR8/Endpoint_AVR8.h **** 			{
 2582               		.loc 2 489 23 view .LVU643
 2583               	.LBB336:
 491:../lufa-LUFA-111009/LUFA/Drivers/USB/Core/AVR8/../AVR8/../AVR8/Endpoint_AVR8.h **** 			}
 2584               		.loc 2 491 5 view .LVU644
 491:../lufa-LUFA-111009/LUFA/Drivers/USB/Core/AVR8/../AVR8/../AVR8/Endpoint_AVR8.h **** 			}
 2585               		.loc 2 491 14 is_stmt 0 view .LVU645
 2586 0044 2091 E800 		lds r18,232
 2587               	.LVL224:
 491:../lufa-LUFA-111009/LUFA/Drivers/USB/Core/AVR8/../AVR8/../AVR8/Endpoint_AVR8.h **** 			}
 2588               		.loc 2 491 14 view .LVU646
 2589               	.LBE336:
 2590               	.LBE335:
  52:../lufa-LUFA-111009/LUFA/Drivers/USB/Core/AVR8/Template/Template_Endpoint_Control_W.c **** 		  return ENDPOINT_RWCSTREAM_HostAborted;
 2591               		.loc 4 52 11 view .LVU647
 2592 0048 23FD      		sbrc r18,3
 2593 004a 00C0      		rjmp .L161
  54:../lufa-LUFA-111009/LUFA/Drivers/USB/Core/AVR8/Template/Template_Endpoint_Control_W.c **** 		  break;
 2594               		.loc 4 54 8 is_stmt 1 view .LVU648
 2595               	.LBB337:
 2596               	.LBI337:
 477:../lufa-LUFA-111009/LUFA/Drivers/USB/Core/AVR8/../AVR8/../AVR8/Endpoint_AVR8.h **** 			{
 2597               		.loc 2 477 23 view .LVU649
 2598               	.LBB338:
 479:../lufa-LUFA-111009/LUFA/Drivers/USB/Core/AVR8/../AVR8/../AVR8/Endpoint_AVR8.h **** 			}
 2599               		.loc 2 479 5 view .LVU650
 479:../lufa-LUFA-111009/LUFA/Drivers/USB/Core/AVR8/../AVR8/../AVR8/Endpoint_AVR8.h **** 			}
 2600               		.loc 2 479 14 is_stmt 0 view .LVU651
 2601 004c 2091 E800 		lds r18,232
 2602               	.LBE338:
 2603               	.LBE337:
  54:../lufa-LUFA-111009/LUFA/Drivers/USB/Core/AVR8/Template/Template_Endpoint_Control_W.c **** 		  break;
 2604               		.loc 4 54 11 view .LVU652
 2605 0050 22FD      		sbrc r18,2
 2606 0052 00C0      		rjmp .L169
  57:../lufa-LUFA-111009/LUFA/Drivers/USB/Core/AVR8/Template/Template_Endpoint_Control_W.c **** 		{
 2607               		.loc 4 57 3 is_stmt 1 view .LVU653
 2608               	.LBB339:
 2609               	.LBI339:
 465:../lufa-LUFA-111009/LUFA/Drivers/USB/Core/AVR8/../AVR8/../AVR8/Endpoint_AVR8.h **** 			{
 2610               		.loc 2 465 23 view .LVU654
 2611               	.LBB340:
 467:../lufa-LUFA-111009/LUFA/Drivers/USB/Core/AVR8/../AVR8/../AVR8/Endpoint_AVR8.h **** 			}
 2612               		.loc 2 467 5 view .LVU655
 467:../lufa-LUFA-111009/LUFA/Drivers/USB/Core/AVR8/../AVR8/../AVR8/Endpoint_AVR8.h **** 			}
 2613               		.loc 2 467 14 is_stmt 0 view .LVU656
 2614 0054 2091 E800 		lds r18,232
 2615               	.LBE340:
 2616               	.LBE339:
  57:../lufa-LUFA-111009/LUFA/Drivers/USB/Core/AVR8/Template/Template_Endpoint_Control_W.c **** 		{
 2617               		.loc 4 57 6 view .LVU657
 2618 0058 20FF      		sbrs r18,0
 2619 005a 00C0      		rjmp .L152
 2620               	.LBB341:
  59:../lufa-LUFA-111009/LUFA/Drivers/USB/Core/AVR8/Template/Template_Endpoint_Control_W.c **** 
 2621               		.loc 4 59 4 is_stmt 1 view .LVU658
 2622               	.LBB342:
 2623               	.LBI342:
 290:../lufa-LUFA-111009/LUFA/Drivers/USB/Core/AVR8/../AVR8/../AVR8/Endpoint_AVR8.h **** 			{
 2624               		.loc 2 290 27 view .LVU659
 2625               	.LBB343:
 295:../lufa-LUFA-111009/LUFA/Drivers/USB/Core/AVR8/../AVR8/../AVR8/Endpoint_AVR8.h **** 				#elif defined(USB_SERIES_2_AVR)
 2626               		.loc 2 295 6 view .LVU660
 295:../lufa-LUFA-111009/LUFA/Drivers/USB/Core/AVR8/../AVR8/../AVR8/Endpoint_AVR8.h **** 				#elif defined(USB_SERIES_2_AVR)
 2627               		.loc 2 295 25 is_stmt 0 view .LVU661
 2628 005c 3091 F300 		lds r19,243
 295:../lufa-LUFA-111009/LUFA/Drivers/USB/Core/AVR8/../AVR8/../AVR8/Endpoint_AVR8.h **** 				#elif defined(USB_SERIES_2_AVR)
 2629               		.loc 2 295 40 view .LVU662
 2630 0060 2091 F200 		lds r18,242
 2631               	.LVL225:
 295:../lufa-LUFA-111009/LUFA/Drivers/USB/Core/AVR8/../AVR8/../AVR8/Endpoint_AVR8.h **** 				#elif defined(USB_SERIES_2_AVR)
 2632               		.loc 2 295 40 view .LVU663
 2633               	.LBE343:
 2634               	.LBE342:
  61:../lufa-LUFA-111009/LUFA/Drivers/USB/Core/AVR8/Template/Template_Endpoint_Control_W.c **** 			{
 2635               		.loc 4 61 4 is_stmt 1 view .LVU664
 2636               	.L153:
  61:../lufa-LUFA-111009/LUFA/Drivers/USB/Core/AVR8/Template/Template_Endpoint_Control_W.c **** 			{
 2637               		.loc 4 61 18 view .LVU665
 2638 0064 0097      		sbiw r24,0
 2639 0066 01F0      		breq .L154
  61:../lufa-LUFA-111009/LUFA/Drivers/USB/Core/AVR8/Template/Template_Endpoint_Control_W.c **** 			{
 2640               		.loc 4 61 18 is_stmt 0 discriminator 1 view .LVU666
 2641 0068 2830      		cpi r18,8
 2642 006a 3105      		cpc r19,__zero_reg__
 2643 006c 00F0      		brlo .L155
 2644               	.L154:
  69:../lufa-LUFA-111009/LUFA/Drivers/USB/Core/AVR8/Template/Template_Endpoint_Control_W.c **** 			Endpoint_ClearIN();
 2645               		.loc 4 69 4 is_stmt 1 view .LVU667
  69:../lufa-LUFA-111009/LUFA/Drivers/USB/Core/AVR8/Template/Template_Endpoint_Control_W.c **** 			Endpoint_ClearIN();
 2646               		.loc 4 69 19 is_stmt 0 view .LVU668
 2647 006e 41E0      		ldi r20,lo8(1)
 2648 0070 2830      		cpi r18,8
 2649 0072 3105      		cpc r19,__zero_reg__
 2650 0074 01F0      		breq .L156
 2651 0076 40E0      		ldi r20,0
 2652               	.L156:
 2653               	.LVL226:
  70:../lufa-LUFA-111009/LUFA/Drivers/USB/Core/AVR8/Template/Template_Endpoint_Control_W.c **** 		}
 2654               		.loc 4 70 4 is_stmt 1 view .LVU669
 2655               	.LBB344:
 2656               	.LBI344:
 513:../lufa-LUFA-111009/LUFA/Drivers/USB/Core/AVR8/../AVR8/../AVR8/Endpoint_AVR8.h **** 			{
 2657               		.loc 2 513 23 view .LVU670
 2658               	.LBB345:
 516:../lufa-LUFA-111009/LUFA/Drivers/USB/Core/AVR8/../AVR8/../AVR8/Endpoint_AVR8.h **** 				#else
 2659               		.loc 2 516 6 view .LVU671
 516:../lufa-LUFA-111009/LUFA/Drivers/USB/Core/AVR8/../AVR8/../AVR8/Endpoint_AVR8.h **** 				#else
 2660               		.loc 2 516 13 is_stmt 0 view .LVU672
 2661 0078 2091 E800 		lds r18,232
 2662               	.LVL227:
 516:../lufa-LUFA-111009/LUFA/Drivers/USB/Core/AVR8/../AVR8/../AVR8/Endpoint_AVR8.h **** 				#else
 2663               		.loc 2 516 13 view .LVU673
 2664 007c 2E77      		andi r18,lo8(126)
 2665 007e 2093 E800 		sts 232,r18
 2666               	.LVL228:
 520:../lufa-LUFA-111009/LUFA/Drivers/USB/Core/AVR8/../AVR8/../AVR8/Endpoint_AVR8.h **** 
 2667               		.loc 2 520 4 view .LVU674
 2668 0082 00C0      		rjmp .L152
 2669               	.LVL229:
 2670               	.L155:
 520:../lufa-LUFA-111009/LUFA/Drivers/USB/Core/AVR8/../AVR8/../AVR8/Endpoint_AVR8.h **** 
 2671               		.loc 2 520 4 view .LVU675
 2672               	.LBE345:
 2673               	.LBE344:
  63:../lufa-LUFA-111009/LUFA/Drivers/USB/Core/AVR8/Template/Template_Endpoint_Control_W.c **** 				TEMPLATE_BUFFER_MOVE(DataStream, 1);
 2674               		.loc 4 63 5 is_stmt 1 view .LVU676
 2675 0084 4191      		ld r20,Z+
 2676               	.LVL230:
 2677               	.LBB346:
 2678               	.LBI346:
 622:../lufa-LUFA-111009/LUFA/Drivers/USB/Core/AVR8/../AVR8/../AVR8/Endpoint_AVR8.h **** 			{
 2679               		.loc 2 622 23 view .LVU677
 2680               	.LBB347:
 624:../lufa-LUFA-111009/LUFA/Drivers/USB/Core/AVR8/../AVR8/../AVR8/Endpoint_AVR8.h **** 			}
 2681               		.loc 2 624 5 view .LVU678
 624:../lufa-LUFA-111009/LUFA/Drivers/USB/Core/AVR8/../AVR8/../AVR8/Endpoint_AVR8.h **** 			}
 2682               		.loc 2 624 12 is_stmt 0 view .LVU679
 2683 0086 4093 F100 		sts 241,r20
 2684               	.LVL231:
 624:../lufa-LUFA-111009/LUFA/Drivers/USB/Core/AVR8/../AVR8/../AVR8/Endpoint_AVR8.h **** 			}
 2685               		.loc 2 624 12 view .LVU680
 2686               	.LBE347:
 2687               	.LBE346:
  64:../lufa-LUFA-111009/LUFA/Drivers/USB/Core/AVR8/Template/Template_Endpoint_Control_W.c **** 				Length--;
 2688               		.loc 4 64 5 is_stmt 1 view .LVU681
  65:../lufa-LUFA-111009/LUFA/Drivers/USB/Core/AVR8/Template/Template_Endpoint_Control_W.c **** 				BytesInEndpoint++;
 2689               		.loc 4 65 5 view .LVU682
  65:../lufa-LUFA-111009/LUFA/Drivers/USB/Core/AVR8/Template/Template_Endpoint_Control_W.c **** 				BytesInEndpoint++;
 2690               		.loc 4 65 11 is_stmt 0 view .LVU683
 2691 008a 0197      		sbiw r24,1
 2692               	.LVL232:
  66:../lufa-LUFA-111009/LUFA/Drivers/USB/Core/AVR8/Template/Template_Endpoint_Control_W.c **** 			}
 2693               		.loc 4 66 5 is_stmt 1 view .LVU684
  66:../lufa-LUFA-111009/LUFA/Drivers/USB/Core/AVR8/Template/Template_Endpoint_Control_W.c **** 			}
 2694               		.loc 4 66 20 is_stmt 0 view .LVU685
 2695 008c 2F5F      		subi r18,-1
 2696 008e 3F4F      		sbci r19,-1
 2697               	.LVL233:
  66:../lufa-LUFA-111009/LUFA/Drivers/USB/Core/AVR8/Template/Template_Endpoint_Control_W.c **** 			}
 2698               		.loc 4 66 20 view .LVU686
 2699 0090 00C0      		rjmp .L153
 2700               	.LVL234:
 2701               	.L158:
  66:../lufa-LUFA-111009/LUFA/Drivers/USB/Core/AVR8/Template/Template_Endpoint_Control_W.c **** 			}
 2702               		.loc 4 66 20 view .LVU687
 2703               	.LBE341:
 2704               	.LBE334:
 2705               	.LBB348:
  76:../lufa-LUFA-111009/LUFA/Drivers/USB/Core/AVR8/Template/Template_Endpoint_Control_W.c **** 
 2706               		.loc 4 76 3 is_stmt 1 view .LVU688
  76:../lufa-LUFA-111009/LUFA/Drivers/USB/Core/AVR8/Template/Template_Endpoint_Control_W.c **** 
 2707               		.loc 4 76 11 is_stmt 0 view .LVU689
 2708 0092 8EB3      		in r24,0x1e
 2709               	.LVL235:
  78:../lufa-LUFA-111009/LUFA/Drivers/USB/Core/AVR8/Template/Template_Endpoint_Control_W.c **** 		  return ENDPOINT_RWCSTREAM_DeviceDisconnected;
 2710               		.loc 4 78 3 is_stmt 1 view .LVU690
  78:../lufa-LUFA-111009/LUFA/Drivers/USB/Core/AVR8/Template/Template_Endpoint_Control_W.c **** 		  return ENDPOINT_RWCSTREAM_DeviceDisconnected;
 2711               		.loc 4 78 6 is_stmt 0 view .LVU691
 2712 0094 8115      		cp r24, __zero_reg__
 2713 0096 01F0      		breq .L162
  80:../lufa-LUFA-111009/LUFA/Drivers/USB/Core/AVR8/Template/Template_Endpoint_Control_W.c **** 		  return ENDPOINT_RWCSTREAM_BusSuspended;
 2714               		.loc 4 80 8 is_stmt 1 view .LVU692
  80:../lufa-LUFA-111009/LUFA/Drivers/USB/Core/AVR8/Template/Template_Endpoint_Control_W.c **** 		  return ENDPOINT_RWCSTREAM_BusSuspended;
 2715               		.loc 4 80 11 is_stmt 0 view .LVU693
 2716 0098 8530      		cpi r24,lo8(5)
 2717 009a 01F4      		brne .L169
 2718               	.LVL236:
 2719               	.L163:
  80:../lufa-LUFA-111009/LUFA/Drivers/USB/Core/AVR8/Template/Template_Endpoint_Control_W.c **** 		  return ENDPOINT_RWCSTREAM_BusSuspended;
 2720               		.loc 4 80 11 view .LVU694
 2721               	.LBE348:
 2722               	.LBB349:
  51:../lufa-LUFA-111009/LUFA/Drivers/USB/Core/AVR8/Template/Template_Endpoint_Control_W.c **** 		else if (Endpoint_IsSETUPReceived())
 2723               		.loc 4 51 12 view .LVU695
 2724 009c 83E0      		ldi r24,lo8(3)
 2725               	/* epilogue start */
 2726               	.LBE349:
  85:../lufa-LUFA-111009/LUFA/Drivers/USB/Core/AVR8/Template/Template_Endpoint_Control_W.c **** }
 2727               		.loc 4 85 1 view .LVU696
 2728 009e 0895      		ret
 2729               	.LVL237:
 2730               	.L161:
 2731               	.LBB350:
  53:../lufa-LUFA-111009/LUFA/Drivers/USB/Core/AVR8/Template/Template_Endpoint_Control_W.c **** 		else if (Endpoint_IsOUTReceived())
 2732               		.loc 4 53 12 view .LVU697
 2733 00a0 81E0      		ldi r24,lo8(1)
 2734               	.LVL238:
  53:../lufa-LUFA-111009/LUFA/Drivers/USB/Core/AVR8/Template/Template_Endpoint_Control_W.c **** 		else if (Endpoint_IsOUTReceived())
 2735               		.loc 4 53 12 view .LVU698
 2736 00a2 0895      		ret
 2737               	.LVL239:
 2738               	.L162:
  49:../lufa-LUFA-111009/LUFA/Drivers/USB/Core/AVR8/Template/Template_Endpoint_Control_W.c **** 		else if (USB_DeviceState_LCL == DEVICE_STATE_Suspended)
 2739               		.loc 4 49 12 view .LVU699
 2740 00a4 82E0      		ldi r24,lo8(2)
 2741 00a6 0895      		ret
 2742               	.LBE350:
 2743               		.cfi_endproc
 2744               	.LFE97:
 2746               		.section	.text.Endpoint_Write_Control_Stream_BE,"ax",@progbits
 2747               	.global	Endpoint_Write_Control_Stream_BE
 2749               	Endpoint_Write_Control_Stream_BE:
 2750               	.LVL240:
 2751               	.LFB98:
  35:../lufa-LUFA-111009/LUFA/Drivers/USB/Core/AVR8/Template/Template_Endpoint_Control_W.c **** 	uint8_t* DataStream     = ((uint8_t*)Buffer + TEMPLATE_BUFFER_OFFSET(Length));
 2752               		.loc 4 35 1 is_stmt 1 view -0
 2753               		.cfi_startproc
 2754               	/* prologue: function */
 2755               	/* frame size = 0 */
 2756               	/* stack size = 0 */
 2757               	.L__stack_usage = 0
  35:../lufa-LUFA-111009/LUFA/Drivers/USB/Core/AVR8/Template/Template_Endpoint_Control_W.c **** 	uint8_t* DataStream     = ((uint8_t*)Buffer + TEMPLATE_BUFFER_OFFSET(Length));
 2758               		.loc 4 35 1 is_stmt 0 view .LVU701
 2759 0000 AB01      		movw r20,r22
  36:../lufa-LUFA-111009/LUFA/Drivers/USB/Core/AVR8/Template/Template_Endpoint_Control_W.c **** 	bool     LastPacketFull = false;
 2760               		.loc 4 36 2 is_stmt 1 view .LVU702
  36:../lufa-LUFA-111009/LUFA/Drivers/USB/Core/AVR8/Template/Template_Endpoint_Control_W.c **** 	bool     LastPacketFull = false;
 2761               		.loc 4 36 46 is_stmt 0 view .LVU703
 2762 0002 FB01      		movw r30,r22
 2763 0004 3197      		sbiw r30,1
  36:../lufa-LUFA-111009/LUFA/Drivers/USB/Core/AVR8/Template/Template_Endpoint_Control_W.c **** 	bool     LastPacketFull = false;
 2764               		.loc 4 36 11 view .LVU704
 2765 0006 E80F      		add r30,r24
 2766 0008 F91F      		adc r31,r25
 2767               	.LVL241:
  37:../lufa-LUFA-111009/LUFA/Drivers/USB/Core/AVR8/Template/Template_Endpoint_Control_W.c **** 
 2768               		.loc 4 37 2 is_stmt 1 view .LVU705
  39:../lufa-LUFA-111009/LUFA/Drivers/USB/Core/AVR8/Template/Template_Endpoint_Control_W.c **** 	  Length = USB_ControlRequest.wLength;
 2769               		.loc 4 39 2 view .LVU706
  39:../lufa-LUFA-111009/LUFA/Drivers/USB/Core/AVR8/Template/Template_Endpoint_Control_W.c **** 	  Length = USB_ControlRequest.wLength;
 2770               		.loc 4 39 33 is_stmt 0 view .LVU707
 2771 000a 2091 0000 		lds r18,USB_ControlRequest+6
 2772 000e 3091 0000 		lds r19,USB_ControlRequest+6+1
  39:../lufa-LUFA-111009/LUFA/Drivers/USB/Core/AVR8/Template/Template_Endpoint_Control_W.c **** 	  Length = USB_ControlRequest.wLength;
 2773               		.loc 4 39 5 view .LVU708
 2774 0012 2617      		cp r18,r22
 2775 0014 3707      		cpc r19,r23
 2776 0016 00F0      		brlo .L174
  41:../lufa-LUFA-111009/LUFA/Drivers/USB/Core/AVR8/Template/Template_Endpoint_Control_W.c **** 	  Endpoint_ClearIN();
 2777               		.loc 4 41 7 is_stmt 1 view .LVU709
  41:../lufa-LUFA-111009/LUFA/Drivers/USB/Core/AVR8/Template/Template_Endpoint_Control_W.c **** 	  Endpoint_ClearIN();
 2778               		.loc 4 41 10 is_stmt 0 view .LVU710
 2779 0018 672B      		or r22,r23
 2780 001a 01F0      		breq .L175
 2781               	.LVL242:
 2782               	.L176:
  35:../lufa-LUFA-111009/LUFA/Drivers/USB/Core/AVR8/Template/Template_Endpoint_Control_W.c **** 	uint8_t* DataStream     = ((uint8_t*)Buffer + TEMPLATE_BUFFER_OFFSET(Length));
 2783               		.loc 4 35 1 view .LVU711
 2784 001c 9A01      		movw r18,r20
 2785               	.LVL243:
 2786               	.L174:
  35:../lufa-LUFA-111009/LUFA/Drivers/USB/Core/AVR8/Template/Template_Endpoint_Control_W.c **** 	uint8_t* DataStream     = ((uint8_t*)Buffer + TEMPLATE_BUFFER_OFFSET(Length));
 2787               		.loc 4 35 1 view .LVU712
 2788 001e 80E0      		ldi r24,0
 2789               	.LVL244:
 2790               	.L180:
  44:../lufa-LUFA-111009/LUFA/Drivers/USB/Core/AVR8/Template/Template_Endpoint_Control_W.c **** 	{
 2791               		.loc 4 44 16 is_stmt 1 view .LVU713
 2792 0020 2115      		cp r18,__zero_reg__
 2793 0022 3105      		cpc r19,__zero_reg__
 2794 0024 01F4      		brne .L185
  44:../lufa-LUFA-111009/LUFA/Drivers/USB/Core/AVR8/Template/Template_Endpoint_Control_W.c **** 	{
 2795               		.loc 4 44 16 is_stmt 0 discriminator 1 view .LVU714
 2796 0026 8111      		cpse r24,__zero_reg__
 2797 0028 00C0      		rjmp .L185
 2798               	.LVL245:
 2799               	.L197:
  74:../lufa-LUFA-111009/LUFA/Drivers/USB/Core/AVR8/Template/Template_Endpoint_Control_W.c **** 	{
 2800               		.loc 4 74 9 is_stmt 1 view .LVU715
 2801               	.LBB351:
 2802               	.LBI351:
 477:../lufa-LUFA-111009/LUFA/Drivers/USB/Core/AVR8/../AVR8/../AVR8/Endpoint_AVR8.h **** 			{
 2803               		.loc 2 477 23 view .LVU716
 2804               	.LBB352:
 479:../lufa-LUFA-111009/LUFA/Drivers/USB/Core/AVR8/../AVR8/../AVR8/Endpoint_AVR8.h **** 			}
 2805               		.loc 2 479 5 view .LVU717
 479:../lufa-LUFA-111009/LUFA/Drivers/USB/Core/AVR8/../AVR8/../AVR8/Endpoint_AVR8.h **** 			}
 2806               		.loc 2 479 14 is_stmt 0 view .LVU718
 2807 002a 8091 E800 		lds r24,232
 2808               	.LBE352:
 2809               	.LBE351:
  74:../lufa-LUFA-111009/LUFA/Drivers/USB/Core/AVR8/Template/Template_Endpoint_Control_W.c **** 	{
 2810               		.loc 4 74 9 view .LVU719
 2811 002e 82FF      		sbrs r24,2
 2812 0030 00C0      		rjmp .L186
  84:../lufa-LUFA-111009/LUFA/Drivers/USB/Core/AVR8/Template/Template_Endpoint_Control_W.c **** }
 2813               		.loc 4 84 9 view .LVU720
 2814 0032 80E0      		ldi r24,0
 2815 0034 0895      		ret
 2816               	.LVL246:
 2817               	.L175:
  42:../lufa-LUFA-111009/LUFA/Drivers/USB/Core/AVR8/Template/Template_Endpoint_Control_W.c **** 
 2818               		.loc 4 42 4 is_stmt 1 view .LVU721
 2819               	.LBB353:
 2820               	.LBI353:
 513:../lufa-LUFA-111009/LUFA/Drivers/USB/Core/AVR8/../AVR8/../AVR8/Endpoint_AVR8.h **** 			{
 2821               		.loc 2 513 23 view .LVU722
 2822               	.LBB354:
 516:../lufa-LUFA-111009/LUFA/Drivers/USB/Core/AVR8/../AVR8/../AVR8/Endpoint_AVR8.h **** 				#else
 2823               		.loc 2 516 6 view .LVU723
 516:../lufa-LUFA-111009/LUFA/Drivers/USB/Core/AVR8/../AVR8/../AVR8/Endpoint_AVR8.h **** 				#else
 2824               		.loc 2 516 13 is_stmt 0 view .LVU724
 2825 0036 8091 E800 		lds r24,232
 2826               	.LVL247:
 516:../lufa-LUFA-111009/LUFA/Drivers/USB/Core/AVR8/../AVR8/../AVR8/Endpoint_AVR8.h **** 				#else
 2827               		.loc 2 516 13 view .LVU725
 2828 003a 8E77      		andi r24,lo8(126)
 2829 003c 8093 E800 		sts 232,r24
 520:../lufa-LUFA-111009/LUFA/Drivers/USB/Core/AVR8/../AVR8/../AVR8/Endpoint_AVR8.h **** 
 2830               		.loc 2 520 4 view .LVU726
 2831 0040 00C0      		rjmp .L176
 2832               	.LVL248:
 2833               	.L185:
 520:../lufa-LUFA-111009/LUFA/Drivers/USB/Core/AVR8/../AVR8/../AVR8/Endpoint_AVR8.h **** 
 2834               		.loc 2 520 4 view .LVU727
 2835               	.LBE354:
 2836               	.LBE353:
 2837               	.LBB355:
  46:../lufa-LUFA-111009/LUFA/Drivers/USB/Core/AVR8/Template/Template_Endpoint_Control_W.c **** 
 2838               		.loc 4 46 3 is_stmt 1 view .LVU728
  46:../lufa-LUFA-111009/LUFA/Drivers/USB/Core/AVR8/Template/Template_Endpoint_Control_W.c **** 
 2839               		.loc 4 46 11 is_stmt 0 view .LVU729
 2840 0042 9EB3      		in r25,0x1e
 2841               	.LVL249:
  48:../lufa-LUFA-111009/LUFA/Drivers/USB/Core/AVR8/Template/Template_Endpoint_Control_W.c **** 		  return ENDPOINT_RWCSTREAM_DeviceDisconnected;
 2842               		.loc 4 48 3 is_stmt 1 view .LVU730
  48:../lufa-LUFA-111009/LUFA/Drivers/USB/Core/AVR8/Template/Template_Endpoint_Control_W.c **** 		  return ENDPOINT_RWCSTREAM_DeviceDisconnected;
 2843               		.loc 4 48 6 is_stmt 0 view .LVU731
 2844 0044 9115      		cp r25, __zero_reg__
 2845 0046 01F0      		breq .L190
  50:../lufa-LUFA-111009/LUFA/Drivers/USB/Core/AVR8/Template/Template_Endpoint_Control_W.c **** 		  return ENDPOINT_RWCSTREAM_BusSuspended;
 2846               		.loc 4 50 8 is_stmt 1 view .LVU732
  50:../lufa-LUFA-111009/LUFA/Drivers/USB/Core/AVR8/Template/Template_Endpoint_Control_W.c **** 		  return ENDPOINT_RWCSTREAM_BusSuspended;
 2847               		.loc 4 50 11 is_stmt 0 view .LVU733
 2848 0048 9530      		cpi r25,lo8(5)
 2849 004a 01F0      		breq .L191
  52:../lufa-LUFA-111009/LUFA/Drivers/USB/Core/AVR8/Template/Template_Endpoint_Control_W.c **** 		  return ENDPOINT_RWCSTREAM_HostAborted;
 2850               		.loc 4 52 8 is_stmt 1 view .LVU734
 2851               	.LBB356:
 2852               	.LBI356:
 489:../lufa-LUFA-111009/LUFA/Drivers/USB/Core/AVR8/../AVR8/../AVR8/Endpoint_AVR8.h **** 			{
 2853               		.loc 2 489 23 view .LVU735
 2854               	.LBB357:
 491:../lufa-LUFA-111009/LUFA/Drivers/USB/Core/AVR8/../AVR8/../AVR8/Endpoint_AVR8.h **** 			}
 2855               		.loc 2 491 5 view .LVU736
 491:../lufa-LUFA-111009/LUFA/Drivers/USB/Core/AVR8/../AVR8/../AVR8/Endpoint_AVR8.h **** 			}
 2856               		.loc 2 491 14 is_stmt 0 view .LVU737
 2857 004c 9091 E800 		lds r25,232
 2858               	.LVL250:
 491:../lufa-LUFA-111009/LUFA/Drivers/USB/Core/AVR8/../AVR8/../AVR8/Endpoint_AVR8.h **** 			}
 2859               		.loc 2 491 14 view .LVU738
 2860               	.LBE357:
 2861               	.LBE356:
  52:../lufa-LUFA-111009/LUFA/Drivers/USB/Core/AVR8/Template/Template_Endpoint_Control_W.c **** 		  return ENDPOINT_RWCSTREAM_HostAborted;
 2862               		.loc 4 52 11 view .LVU739
 2863 0050 93FD      		sbrc r25,3
 2864 0052 00C0      		rjmp .L189
  54:../lufa-LUFA-111009/LUFA/Drivers/USB/Core/AVR8/Template/Template_Endpoint_Control_W.c **** 		  break;
 2865               		.loc 4 54 8 is_stmt 1 view .LVU740
 2866               	.LBB358:
 2867               	.LBI358:
 477:../lufa-LUFA-111009/LUFA/Drivers/USB/Core/AVR8/../AVR8/../AVR8/Endpoint_AVR8.h **** 			{
 2868               		.loc 2 477 23 view .LVU741
 2869               	.LBB359:
 479:../lufa-LUFA-111009/LUFA/Drivers/USB/Core/AVR8/../AVR8/../AVR8/Endpoint_AVR8.h **** 			}
 2870               		.loc 2 479 5 view .LVU742
 479:../lufa-LUFA-111009/LUFA/Drivers/USB/Core/AVR8/../AVR8/../AVR8/Endpoint_AVR8.h **** 			}
 2871               		.loc 2 479 14 is_stmt 0 view .LVU743
 2872 0054 9091 E800 		lds r25,232
 2873               	.LBE359:
 2874               	.LBE358:
  54:../lufa-LUFA-111009/LUFA/Drivers/USB/Core/AVR8/Template/Template_Endpoint_Control_W.c **** 		  break;
 2875               		.loc 4 54 11 view .LVU744
 2876 0058 92FD      		sbrc r25,2
 2877 005a 00C0      		rjmp .L197
  57:../lufa-LUFA-111009/LUFA/Drivers/USB/Core/AVR8/Template/Template_Endpoint_Control_W.c **** 		{
 2878               		.loc 4 57 3 is_stmt 1 view .LVU745
 2879               	.LBB360:
 2880               	.LBI360:
 465:../lufa-LUFA-111009/LUFA/Drivers/USB/Core/AVR8/../AVR8/../AVR8/Endpoint_AVR8.h **** 			{
 2881               		.loc 2 465 23 view .LVU746
 2882               	.LBB361:
 467:../lufa-LUFA-111009/LUFA/Drivers/USB/Core/AVR8/../AVR8/../AVR8/Endpoint_AVR8.h **** 			}
 2883               		.loc 2 467 5 view .LVU747
 467:../lufa-LUFA-111009/LUFA/Drivers/USB/Core/AVR8/../AVR8/../AVR8/Endpoint_AVR8.h **** 			}
 2884               		.loc 2 467 14 is_stmt 0 view .LVU748
 2885 005c 9091 E800 		lds r25,232
 2886               	.LBE361:
 2887               	.LBE360:
  57:../lufa-LUFA-111009/LUFA/Drivers/USB/Core/AVR8/Template/Template_Endpoint_Control_W.c **** 		{
 2888               		.loc 4 57 6 view .LVU749
 2889 0060 90FF      		sbrs r25,0
 2890 0062 00C0      		rjmp .L180
 2891               	.LBB362:
  59:../lufa-LUFA-111009/LUFA/Drivers/USB/Core/AVR8/Template/Template_Endpoint_Control_W.c **** 
 2892               		.loc 4 59 4 is_stmt 1 view .LVU750
 2893               	.LBB363:
 2894               	.LBI363:
 290:../lufa-LUFA-111009/LUFA/Drivers/USB/Core/AVR8/../AVR8/../AVR8/Endpoint_AVR8.h **** 			{
 2895               		.loc 2 290 27 view .LVU751
 2896               	.LBB364:
 295:../lufa-LUFA-111009/LUFA/Drivers/USB/Core/AVR8/../AVR8/../AVR8/Endpoint_AVR8.h **** 				#elif defined(USB_SERIES_2_AVR)
 2897               		.loc 2 295 6 view .LVU752
 295:../lufa-LUFA-111009/LUFA/Drivers/USB/Core/AVR8/../AVR8/../AVR8/Endpoint_AVR8.h **** 				#elif defined(USB_SERIES_2_AVR)
 2898               		.loc 2 295 25 is_stmt 0 view .LVU753
 2899 0064 8091 F300 		lds r24,243
 2900               	.LVL251:
 295:../lufa-LUFA-111009/LUFA/Drivers/USB/Core/AVR8/../AVR8/../AVR8/Endpoint_AVR8.h **** 				#elif defined(USB_SERIES_2_AVR)
 2901               		.loc 2 295 40 view .LVU754
 2902 0068 4091 F200 		lds r20,242
 295:../lufa-LUFA-111009/LUFA/Drivers/USB/Core/AVR8/../AVR8/../AVR8/Endpoint_AVR8.h **** 				#elif defined(USB_SERIES_2_AVR)
 2903               		.loc 2 295 38 view .LVU755
 2904 006c 582F      		mov r21,r24
 2905               	.LVL252:
 295:../lufa-LUFA-111009/LUFA/Drivers/USB/Core/AVR8/../AVR8/../AVR8/Endpoint_AVR8.h **** 				#elif defined(USB_SERIES_2_AVR)
 2906               		.loc 2 295 38 view .LVU756
 2907               	.LBE364:
 2908               	.LBE363:
  61:../lufa-LUFA-111009/LUFA/Drivers/USB/Core/AVR8/Template/Template_Endpoint_Control_W.c **** 			{
 2909               		.loc 4 61 4 is_stmt 1 view .LVU757
 2910               	.L181:
  61:../lufa-LUFA-111009/LUFA/Drivers/USB/Core/AVR8/Template/Template_Endpoint_Control_W.c **** 			{
 2911               		.loc 4 61 18 view .LVU758
 2912 006e 2115      		cp r18,__zero_reg__
 2913 0070 3105      		cpc r19,__zero_reg__
 2914 0072 01F0      		breq .L182
  61:../lufa-LUFA-111009/LUFA/Drivers/USB/Core/AVR8/Template/Template_Endpoint_Control_W.c **** 			{
 2915               		.loc 4 61 18 is_stmt 0 discriminator 1 view .LVU759
 2916 0074 4830      		cpi r20,8
 2917 0076 5105      		cpc r21,__zero_reg__
 2918 0078 00F0      		brlo .L183
 2919               	.L182:
  69:../lufa-LUFA-111009/LUFA/Drivers/USB/Core/AVR8/Template/Template_Endpoint_Control_W.c **** 			Endpoint_ClearIN();
 2920               		.loc 4 69 4 is_stmt 1 view .LVU760
  69:../lufa-LUFA-111009/LUFA/Drivers/USB/Core/AVR8/Template/Template_Endpoint_Control_W.c **** 			Endpoint_ClearIN();
 2921               		.loc 4 69 19 is_stmt 0 view .LVU761
 2922 007a 81E0      		ldi r24,lo8(1)
 2923 007c 4830      		cpi r20,8
 2924 007e 5105      		cpc r21,__zero_reg__
 2925 0080 01F0      		breq .L184
 2926 0082 80E0      		ldi r24,0
 2927               	.L184:
 2928               	.LVL253:
  70:../lufa-LUFA-111009/LUFA/Drivers/USB/Core/AVR8/Template/Template_Endpoint_Control_W.c **** 		}
 2929               		.loc 4 70 4 is_stmt 1 view .LVU762
 2930               	.LBB365:
 2931               	.LBI365:
 513:../lufa-LUFA-111009/LUFA/Drivers/USB/Core/AVR8/../AVR8/../AVR8/Endpoint_AVR8.h **** 			{
 2932               		.loc 2 513 23 view .LVU763
 2933               	.LBB366:
 516:../lufa-LUFA-111009/LUFA/Drivers/USB/Core/AVR8/../AVR8/../AVR8/Endpoint_AVR8.h **** 				#else
 2934               		.loc 2 516 6 view .LVU764
 516:../lufa-LUFA-111009/LUFA/Drivers/USB/Core/AVR8/../AVR8/../AVR8/Endpoint_AVR8.h **** 				#else
 2935               		.loc 2 516 13 is_stmt 0 view .LVU765
 2936 0084 9091 E800 		lds r25,232
 2937 0088 9E77      		andi r25,lo8(126)
 2938 008a 9093 E800 		sts 232,r25
 2939               	.LVL254:
 520:../lufa-LUFA-111009/LUFA/Drivers/USB/Core/AVR8/../AVR8/../AVR8/Endpoint_AVR8.h **** 
 2940               		.loc 2 520 4 view .LVU766
 2941 008e 00C0      		rjmp .L180
 2942               	.LVL255:
 2943               	.L183:
 520:../lufa-LUFA-111009/LUFA/Drivers/USB/Core/AVR8/../AVR8/../AVR8/Endpoint_AVR8.h **** 
 2944               		.loc 2 520 4 view .LVU767
 2945               	.LBE366:
 2946               	.LBE365:
  63:../lufa-LUFA-111009/LUFA/Drivers/USB/Core/AVR8/Template/Template_Endpoint_Control_W.c **** 				TEMPLATE_BUFFER_MOVE(DataStream, 1);
 2947               		.loc 4 63 5 is_stmt 1 view .LVU768
 2948 0090 8081      		ld r24,Z
 2949               	.LVL256:
 2950               	.LBB367:
 2951               	.LBI367:
 622:../lufa-LUFA-111009/LUFA/Drivers/USB/Core/AVR8/../AVR8/../AVR8/Endpoint_AVR8.h **** 			{
 2952               		.loc 2 622 23 view .LVU769
 2953               	.LBB368:
 624:../lufa-LUFA-111009/LUFA/Drivers/USB/Core/AVR8/../AVR8/../AVR8/Endpoint_AVR8.h **** 			}
 2954               		.loc 2 624 5 view .LVU770
 624:../lufa-LUFA-111009/LUFA/Drivers/USB/Core/AVR8/../AVR8/../AVR8/Endpoint_AVR8.h **** 			}
 2955               		.loc 2 624 12 is_stmt 0 view .LVU771
 2956 0092 8093 F100 		sts 241,r24
 2957               	.LVL257:
 624:../lufa-LUFA-111009/LUFA/Drivers/USB/Core/AVR8/../AVR8/../AVR8/Endpoint_AVR8.h **** 			}
 2958               		.loc 2 624 12 view .LVU772
 2959               	.LBE368:
 2960               	.LBE367:
  64:../lufa-LUFA-111009/LUFA/Drivers/USB/Core/AVR8/Template/Template_Endpoint_Control_W.c **** 				Length--;
 2961               		.loc 4 64 5 is_stmt 1 view .LVU773
 2962 0096 3197      		sbiw r30,1
 2963               	.LVL258:
  65:../lufa-LUFA-111009/LUFA/Drivers/USB/Core/AVR8/Template/Template_Endpoint_Control_W.c **** 				BytesInEndpoint++;
 2964               		.loc 4 65 5 view .LVU774
  65:../lufa-LUFA-111009/LUFA/Drivers/USB/Core/AVR8/Template/Template_Endpoint_Control_W.c **** 				BytesInEndpoint++;
 2965               		.loc 4 65 11 is_stmt 0 view .LVU775
 2966 0098 2150      		subi r18,1
 2967 009a 3109      		sbc r19,__zero_reg__
 2968               	.LVL259:
  66:../lufa-LUFA-111009/LUFA/Drivers/USB/Core/AVR8/Template/Template_Endpoint_Control_W.c **** 			}
 2969               		.loc 4 66 5 is_stmt 1 view .LVU776
  66:../lufa-LUFA-111009/LUFA/Drivers/USB/Core/AVR8/Template/Template_Endpoint_Control_W.c **** 			}
 2970               		.loc 4 66 20 is_stmt 0 view .LVU777
 2971 009c 4F5F      		subi r20,-1
 2972 009e 5F4F      		sbci r21,-1
 2973               	.LVL260:
  66:../lufa-LUFA-111009/LUFA/Drivers/USB/Core/AVR8/Template/Template_Endpoint_Control_W.c **** 			}
 2974               		.loc 4 66 20 view .LVU778
 2975 00a0 00C0      		rjmp .L181
 2976               	.LVL261:
 2977               	.L186:
  66:../lufa-LUFA-111009/LUFA/Drivers/USB/Core/AVR8/Template/Template_Endpoint_Control_W.c **** 			}
 2978               		.loc 4 66 20 view .LVU779
 2979               	.LBE362:
 2980               	.LBE355:
 2981               	.LBB369:
  76:../lufa-LUFA-111009/LUFA/Drivers/USB/Core/AVR8/Template/Template_Endpoint_Control_W.c **** 
 2982               		.loc 4 76 3 is_stmt 1 view .LVU780
  76:../lufa-LUFA-111009/LUFA/Drivers/USB/Core/AVR8/Template/Template_Endpoint_Control_W.c **** 
 2983               		.loc 4 76 11 is_stmt 0 view .LVU781
 2984 00a2 8EB3      		in r24,0x1e
 2985               	.LVL262:
  78:../lufa-LUFA-111009/LUFA/Drivers/USB/Core/AVR8/Template/Template_Endpoint_Control_W.c **** 		  return ENDPOINT_RWCSTREAM_DeviceDisconnected;
 2986               		.loc 4 78 3 is_stmt 1 view .LVU782
  78:../lufa-LUFA-111009/LUFA/Drivers/USB/Core/AVR8/Template/Template_Endpoint_Control_W.c **** 		  return ENDPOINT_RWCSTREAM_DeviceDisconnected;
 2987               		.loc 4 78 6 is_stmt 0 view .LVU783
 2988 00a4 8115      		cp r24, __zero_reg__
 2989 00a6 01F0      		breq .L190
  80:../lufa-LUFA-111009/LUFA/Drivers/USB/Core/AVR8/Template/Template_Endpoint_Control_W.c **** 		  return ENDPOINT_RWCSTREAM_BusSuspended;
 2990               		.loc 4 80 8 is_stmt 1 view .LVU784
  80:../lufa-LUFA-111009/LUFA/Drivers/USB/Core/AVR8/Template/Template_Endpoint_Control_W.c **** 		  return ENDPOINT_RWCSTREAM_BusSuspended;
 2991               		.loc 4 80 11 is_stmt 0 view .LVU785
 2992 00a8 8530      		cpi r24,lo8(5)
 2993 00aa 01F0      		breq .+2
 2994 00ac 00C0      		rjmp .L197
 2995               	.LVL263:
 2996               	.L191:
  80:../lufa-LUFA-111009/LUFA/Drivers/USB/Core/AVR8/Template/Template_Endpoint_Control_W.c **** 		  return ENDPOINT_RWCSTREAM_BusSuspended;
 2997               		.loc 4 80 11 view .LVU786
 2998               	.LBE369:
 2999               	.LBB370:
  51:../lufa-LUFA-111009/LUFA/Drivers/USB/Core/AVR8/Template/Template_Endpoint_Control_W.c **** 		else if (Endpoint_IsSETUPReceived())
 3000               		.loc 4 51 12 view .LVU787
 3001 00ae 83E0      		ldi r24,lo8(3)
 3002               	/* epilogue start */
 3003               	.LBE370:
 3004               		.loc 4 85 1 view .LVU788
 3005 00b0 0895      		ret
 3006               	.LVL264:
 3007               	.L189:
 3008               	.LBB371:
  53:../lufa-LUFA-111009/LUFA/Drivers/USB/Core/AVR8/Template/Template_Endpoint_Control_W.c **** 		else if (Endpoint_IsOUTReceived())
 3009               		.loc 4 53 12 view .LVU789
 3010 00b2 81E0      		ldi r24,lo8(1)
 3011               	.LVL265:
  53:../lufa-LUFA-111009/LUFA/Drivers/USB/Core/AVR8/Template/Template_Endpoint_Control_W.c **** 		else if (Endpoint_IsOUTReceived())
 3012               		.loc 4 53 12 view .LVU790
 3013 00b4 0895      		ret
 3014               	.LVL266:
 3015               	.L190:
  49:../lufa-LUFA-111009/LUFA/Drivers/USB/Core/AVR8/Template/Template_Endpoint_Control_W.c **** 		else if (USB_DeviceState_LCL == DEVICE_STATE_Suspended)
 3016               		.loc 4 49 12 view .LVU791
 3017 00b6 82E0      		ldi r24,lo8(2)
 3018 00b8 0895      		ret
 3019               	.LBE371:
 3020               		.cfi_endproc
 3021               	.LFE98:
 3023               		.section	.text.Endpoint_Read_Control_Stream_LE,"ax",@progbits
 3024               	.global	Endpoint_Read_Control_Stream_LE
 3026               	Endpoint_Read_Control_Stream_LE:
 3027               	.LVL267:
 3028               	.LFB99:
 3029               		.file 5 "../lufa-LUFA-111009/LUFA/Drivers/USB/Core/AVR8/Template/Template_Endpoint_Control_R.c"
   1:../lufa-LUFA-111009/LUFA/Drivers/USB/Core/AVR8/Template/Template_Endpoint_Control_R.c **** /*
   2:../lufa-LUFA-111009/LUFA/Drivers/USB/Core/AVR8/Template/Template_Endpoint_Control_R.c ****              LUFA Library
   3:../lufa-LUFA-111009/LUFA/Drivers/USB/Core/AVR8/Template/Template_Endpoint_Control_R.c ****      Copyright (C) Dean Camera, 2011.
   4:../lufa-LUFA-111009/LUFA/Drivers/USB/Core/AVR8/Template/Template_Endpoint_Control_R.c **** 
   5:../lufa-LUFA-111009/LUFA/Drivers/USB/Core/AVR8/Template/Template_Endpoint_Control_R.c ****   dean [at] fourwalledcubicle [dot] com
   6:../lufa-LUFA-111009/LUFA/Drivers/USB/Core/AVR8/Template/Template_Endpoint_Control_R.c ****            www.lufa-lib.org
   7:../lufa-LUFA-111009/LUFA/Drivers/USB/Core/AVR8/Template/Template_Endpoint_Control_R.c **** */
   8:../lufa-LUFA-111009/LUFA/Drivers/USB/Core/AVR8/Template/Template_Endpoint_Control_R.c **** 
   9:../lufa-LUFA-111009/LUFA/Drivers/USB/Core/AVR8/Template/Template_Endpoint_Control_R.c **** /*
  10:../lufa-LUFA-111009/LUFA/Drivers/USB/Core/AVR8/Template/Template_Endpoint_Control_R.c ****   Copyright 2011  Dean Camera (dean [at] fourwalledcubicle [dot] com)
  11:../lufa-LUFA-111009/LUFA/Drivers/USB/Core/AVR8/Template/Template_Endpoint_Control_R.c **** 
  12:../lufa-LUFA-111009/LUFA/Drivers/USB/Core/AVR8/Template/Template_Endpoint_Control_R.c ****   Permission to use, copy, modify, distribute, and sell this
  13:../lufa-LUFA-111009/LUFA/Drivers/USB/Core/AVR8/Template/Template_Endpoint_Control_R.c ****   software and its documentation for any purpose is hereby granted
  14:../lufa-LUFA-111009/LUFA/Drivers/USB/Core/AVR8/Template/Template_Endpoint_Control_R.c ****   without fee, provided that the above copyright notice appear in
  15:../lufa-LUFA-111009/LUFA/Drivers/USB/Core/AVR8/Template/Template_Endpoint_Control_R.c ****   all copies and that both that the copyright notice and this
  16:../lufa-LUFA-111009/LUFA/Drivers/USB/Core/AVR8/Template/Template_Endpoint_Control_R.c ****   permission notice and warranty disclaimer appear in supporting
  17:../lufa-LUFA-111009/LUFA/Drivers/USB/Core/AVR8/Template/Template_Endpoint_Control_R.c ****   documentation, and that the name of the author not be used in
  18:../lufa-LUFA-111009/LUFA/Drivers/USB/Core/AVR8/Template/Template_Endpoint_Control_R.c ****   advertising or publicity pertaining to distribution of the
  19:../lufa-LUFA-111009/LUFA/Drivers/USB/Core/AVR8/Template/Template_Endpoint_Control_R.c ****   software without specific, written prior permission.
  20:../lufa-LUFA-111009/LUFA/Drivers/USB/Core/AVR8/Template/Template_Endpoint_Control_R.c **** 
  21:../lufa-LUFA-111009/LUFA/Drivers/USB/Core/AVR8/Template/Template_Endpoint_Control_R.c ****   The author disclaim all warranties with regard to this
  22:../lufa-LUFA-111009/LUFA/Drivers/USB/Core/AVR8/Template/Template_Endpoint_Control_R.c ****   software, including all implied warranties of merchantability
  23:../lufa-LUFA-111009/LUFA/Drivers/USB/Core/AVR8/Template/Template_Endpoint_Control_R.c ****   and fitness.  In no event shall the author be liable for any
  24:../lufa-LUFA-111009/LUFA/Drivers/USB/Core/AVR8/Template/Template_Endpoint_Control_R.c ****   special, indirect or consequential damages or any damages
  25:../lufa-LUFA-111009/LUFA/Drivers/USB/Core/AVR8/Template/Template_Endpoint_Control_R.c ****   whatsoever resulting from loss of use, data or profits, whether
  26:../lufa-LUFA-111009/LUFA/Drivers/USB/Core/AVR8/Template/Template_Endpoint_Control_R.c ****   in an action of contract, negligence or other tortious action,
  27:../lufa-LUFA-111009/LUFA/Drivers/USB/Core/AVR8/Template/Template_Endpoint_Control_R.c ****   arising out of or in connection with the use or performance of
  28:../lufa-LUFA-111009/LUFA/Drivers/USB/Core/AVR8/Template/Template_Endpoint_Control_R.c ****   this software.
  29:../lufa-LUFA-111009/LUFA/Drivers/USB/Core/AVR8/Template/Template_Endpoint_Control_R.c **** */
  30:../lufa-LUFA-111009/LUFA/Drivers/USB/Core/AVR8/Template/Template_Endpoint_Control_R.c **** 
  31:../lufa-LUFA-111009/LUFA/Drivers/USB/Core/AVR8/Template/Template_Endpoint_Control_R.c **** #if defined(TEMPLATE_FUNC_NAME)
  32:../lufa-LUFA-111009/LUFA/Drivers/USB/Core/AVR8/Template/Template_Endpoint_Control_R.c **** 
  33:../lufa-LUFA-111009/LUFA/Drivers/USB/Core/AVR8/Template/Template_Endpoint_Control_R.c **** uint8_t TEMPLATE_FUNC_NAME (void* const Buffer,
  34:../lufa-LUFA-111009/LUFA/Drivers/USB/Core/AVR8/Template/Template_Endpoint_Control_R.c ****                             uint16_t Length)
  35:../lufa-LUFA-111009/LUFA/Drivers/USB/Core/AVR8/Template/Template_Endpoint_Control_R.c **** {
 3030               		.loc 5 35 1 is_stmt 1 view -0
 3031               		.cfi_startproc
 3032               	/* prologue: function */
 3033               	/* frame size = 0 */
 3034               	/* stack size = 0 */
 3035               	.L__stack_usage = 0
 3036               		.loc 5 35 1 is_stmt 0 view .LVU793
 3037 0000 FC01      		movw r30,r24
 3038 0002 CB01      		movw r24,r22
 3039               	.LVL268:
  36:../lufa-LUFA-111009/LUFA/Drivers/USB/Core/AVR8/Template/Template_Endpoint_Control_R.c **** 	uint8_t* DataStream = ((uint8_t*)Buffer + TEMPLATE_BUFFER_OFFSET(Length));
 3040               		.loc 5 36 2 is_stmt 1 view .LVU794
  37:../lufa-LUFA-111009/LUFA/Drivers/USB/Core/AVR8/Template/Template_Endpoint_Control_R.c **** 
  38:../lufa-LUFA-111009/LUFA/Drivers/USB/Core/AVR8/Template/Template_Endpoint_Control_R.c **** 	if (!(Length))
 3041               		.loc 5 38 2 view .LVU795
 3042               		.loc 5 38 5 is_stmt 0 view .LVU796
 3043 0004 0097      		sbiw r24,0
 3044 0006 01F4      		brne .L206
 3045               	.LVL269:
 3046               	.L207:
 3047               	.LBB372:
  39:../lufa-LUFA-111009/LUFA/Drivers/USB/Core/AVR8/Template/Template_Endpoint_Control_R.c **** 	  Endpoint_ClearOUT();
  40:../lufa-LUFA-111009/LUFA/Drivers/USB/Core/AVR8/Template/Template_Endpoint_Control_R.c **** 
  41:../lufa-LUFA-111009/LUFA/Drivers/USB/Core/AVR8/Template/Template_Endpoint_Control_R.c **** 	while (Length)
  42:../lufa-LUFA-111009/LUFA/Drivers/USB/Core/AVR8/Template/Template_Endpoint_Control_R.c **** 	{
  43:../lufa-LUFA-111009/LUFA/Drivers/USB/Core/AVR8/Template/Template_Endpoint_Control_R.c **** 		uint8_t USB_DeviceState_LCL = USB_DeviceState;
  44:../lufa-LUFA-111009/LUFA/Drivers/USB/Core/AVR8/Template/Template_Endpoint_Control_R.c **** 
  45:../lufa-LUFA-111009/LUFA/Drivers/USB/Core/AVR8/Template/Template_Endpoint_Control_R.c **** 		if (USB_DeviceState_LCL == DEVICE_STATE_Unattached)
  46:../lufa-LUFA-111009/LUFA/Drivers/USB/Core/AVR8/Template/Template_Endpoint_Control_R.c **** 		  return ENDPOINT_RWCSTREAM_DeviceDisconnected;
  47:../lufa-LUFA-111009/LUFA/Drivers/USB/Core/AVR8/Template/Template_Endpoint_Control_R.c **** 		else if (USB_DeviceState_LCL == DEVICE_STATE_Suspended)
  48:../lufa-LUFA-111009/LUFA/Drivers/USB/Core/AVR8/Template/Template_Endpoint_Control_R.c **** 		  return ENDPOINT_RWCSTREAM_BusSuspended;
  49:../lufa-LUFA-111009/LUFA/Drivers/USB/Core/AVR8/Template/Template_Endpoint_Control_R.c **** 		else if (Endpoint_IsSETUPReceived())
  50:../lufa-LUFA-111009/LUFA/Drivers/USB/Core/AVR8/Template/Template_Endpoint_Control_R.c **** 		  return ENDPOINT_RWCSTREAM_HostAborted;
  51:../lufa-LUFA-111009/LUFA/Drivers/USB/Core/AVR8/Template/Template_Endpoint_Control_R.c **** 
  52:../lufa-LUFA-111009/LUFA/Drivers/USB/Core/AVR8/Template/Template_Endpoint_Control_R.c **** 		if (Endpoint_IsOUTReceived())
  53:../lufa-LUFA-111009/LUFA/Drivers/USB/Core/AVR8/Template/Template_Endpoint_Control_R.c **** 		{
  54:../lufa-LUFA-111009/LUFA/Drivers/USB/Core/AVR8/Template/Template_Endpoint_Control_R.c **** 			while (Length && Endpoint_BytesInEndpoint())
  55:../lufa-LUFA-111009/LUFA/Drivers/USB/Core/AVR8/Template/Template_Endpoint_Control_R.c **** 			{
  56:../lufa-LUFA-111009/LUFA/Drivers/USB/Core/AVR8/Template/Template_Endpoint_Control_R.c **** 				TEMPLATE_TRANSFER_BYTE(DataStream);
  57:../lufa-LUFA-111009/LUFA/Drivers/USB/Core/AVR8/Template/Template_Endpoint_Control_R.c **** 				TEMPLATE_BUFFER_MOVE(DataStream, 1);
  58:../lufa-LUFA-111009/LUFA/Drivers/USB/Core/AVR8/Template/Template_Endpoint_Control_R.c **** 				Length--;
  59:../lufa-LUFA-111009/LUFA/Drivers/USB/Core/AVR8/Template/Template_Endpoint_Control_R.c **** 			}
  60:../lufa-LUFA-111009/LUFA/Drivers/USB/Core/AVR8/Template/Template_Endpoint_Control_R.c **** 
  61:../lufa-LUFA-111009/LUFA/Drivers/USB/Core/AVR8/Template/Template_Endpoint_Control_R.c **** 			Endpoint_ClearOUT();
 3048               		.loc 5 61 4 is_stmt 1 view .LVU797
 3049               	.LBB373:
 3050               	.LBI373:
 528:../lufa-LUFA-111009/LUFA/Drivers/USB/Core/AVR8/../AVR8/../AVR8/Endpoint_AVR8.h **** 			{
 3051               		.loc 2 528 23 view .LVU798
 3052               	.LBB374:
 531:../lufa-LUFA-111009/LUFA/Drivers/USB/Core/AVR8/../AVR8/../AVR8/Endpoint_AVR8.h **** 				#else
 3053               		.loc 2 531 6 view .LVU799
 531:../lufa-LUFA-111009/LUFA/Drivers/USB/Core/AVR8/../AVR8/../AVR8/Endpoint_AVR8.h **** 				#else
 3054               		.loc 2 531 13 is_stmt 0 view .LVU800
 3055 0008 2091 E800 		lds r18,232
 3056 000c 2B77      		andi r18,lo8(123)
 3057 000e 2093 E800 		sts 232,r18
 3058               	.LVL270:
 531:../lufa-LUFA-111009/LUFA/Drivers/USB/Core/AVR8/../AVR8/../AVR8/Endpoint_AVR8.h **** 				#else
 3059               		.loc 2 531 13 view .LVU801
 3060               	.LBE374:
 3061               	.LBE373:
 3062               	.LBE372:
  41:../lufa-LUFA-111009/LUFA/Drivers/USB/Core/AVR8/Template/Template_Endpoint_Control_R.c **** 	{
 3063               		.loc 5 41 9 is_stmt 1 view .LVU802
 3064 0012 0097      		sbiw r24,0
 3065 0014 01F4      		brne .L206
 3066               	.LVL271:
 3067               	.L209:
  62:../lufa-LUFA-111009/LUFA/Drivers/USB/Core/AVR8/Template/Template_Endpoint_Control_R.c **** 		}
  63:../lufa-LUFA-111009/LUFA/Drivers/USB/Core/AVR8/Template/Template_Endpoint_Control_R.c **** 	}
  64:../lufa-LUFA-111009/LUFA/Drivers/USB/Core/AVR8/Template/Template_Endpoint_Control_R.c **** 
  65:../lufa-LUFA-111009/LUFA/Drivers/USB/Core/AVR8/Template/Template_Endpoint_Control_R.c **** 	while (!(Endpoint_IsINReady()))
 3068               		.loc 5 65 9 view .LVU803
 3069               	.LBB383:
 3070               	.LBI383:
 465:../lufa-LUFA-111009/LUFA/Drivers/USB/Core/AVR8/../AVR8/../AVR8/Endpoint_AVR8.h **** 			{
 3071               		.loc 2 465 23 view .LVU804
 3072               	.LBB384:
 467:../lufa-LUFA-111009/LUFA/Drivers/USB/Core/AVR8/../AVR8/../AVR8/Endpoint_AVR8.h **** 			}
 3073               		.loc 2 467 5 view .LVU805
 467:../lufa-LUFA-111009/LUFA/Drivers/USB/Core/AVR8/../AVR8/../AVR8/Endpoint_AVR8.h **** 			}
 3074               		.loc 2 467 14 is_stmt 0 view .LVU806
 3075 0016 8091 E800 		lds r24,232
 3076               	.LBE384:
 3077               	.LBE383:
 3078               		.loc 5 65 9 view .LVU807
 3079 001a 80FF      		sbrs r24,0
 3080 001c 00C0      		rjmp .L210
  66:../lufa-LUFA-111009/LUFA/Drivers/USB/Core/AVR8/Template/Template_Endpoint_Control_R.c **** 	{
  67:../lufa-LUFA-111009/LUFA/Drivers/USB/Core/AVR8/Template/Template_Endpoint_Control_R.c **** 		uint8_t USB_DeviceState_LCL = USB_DeviceState;
  68:../lufa-LUFA-111009/LUFA/Drivers/USB/Core/AVR8/Template/Template_Endpoint_Control_R.c **** 
  69:../lufa-LUFA-111009/LUFA/Drivers/USB/Core/AVR8/Template/Template_Endpoint_Control_R.c **** 		if (USB_DeviceState_LCL == DEVICE_STATE_Unattached)
  70:../lufa-LUFA-111009/LUFA/Drivers/USB/Core/AVR8/Template/Template_Endpoint_Control_R.c **** 		  return ENDPOINT_RWCSTREAM_DeviceDisconnected;
  71:../lufa-LUFA-111009/LUFA/Drivers/USB/Core/AVR8/Template/Template_Endpoint_Control_R.c **** 		else if (USB_DeviceState_LCL == DEVICE_STATE_Suspended)
  72:../lufa-LUFA-111009/LUFA/Drivers/USB/Core/AVR8/Template/Template_Endpoint_Control_R.c **** 		  return ENDPOINT_RWCSTREAM_BusSuspended;
  73:../lufa-LUFA-111009/LUFA/Drivers/USB/Core/AVR8/Template/Template_Endpoint_Control_R.c **** 	}
  74:../lufa-LUFA-111009/LUFA/Drivers/USB/Core/AVR8/Template/Template_Endpoint_Control_R.c **** 
  75:../lufa-LUFA-111009/LUFA/Drivers/USB/Core/AVR8/Template/Template_Endpoint_Control_R.c **** 	return ENDPOINT_RWCSTREAM_NoError;
 3081               		.loc 5 75 9 view .LVU808
 3082 001e 80E0      		ldi r24,0
 3083 0020 0895      		ret
 3084               	.LVL272:
 3085               	.L206:
 3086               	.LBB385:
  43:../lufa-LUFA-111009/LUFA/Drivers/USB/Core/AVR8/Template/Template_Endpoint_Control_R.c **** 
 3087               		.loc 5 43 3 is_stmt 1 view .LVU809
  43:../lufa-LUFA-111009/LUFA/Drivers/USB/Core/AVR8/Template/Template_Endpoint_Control_R.c **** 
 3088               		.loc 5 43 11 is_stmt 0 view .LVU810
 3089 0022 2EB3      		in r18,0x1e
 3090               	.LVL273:
  45:../lufa-LUFA-111009/LUFA/Drivers/USB/Core/AVR8/Template/Template_Endpoint_Control_R.c **** 		  return ENDPOINT_RWCSTREAM_DeviceDisconnected;
 3091               		.loc 5 45 3 is_stmt 1 view .LVU811
  45:../lufa-LUFA-111009/LUFA/Drivers/USB/Core/AVR8/Template/Template_Endpoint_Control_R.c **** 		  return ENDPOINT_RWCSTREAM_DeviceDisconnected;
 3092               		.loc 5 45 6 is_stmt 0 view .LVU812
 3093 0024 2115      		cp r18, __zero_reg__
 3094 0026 01F0      		breq .L214
  47:../lufa-LUFA-111009/LUFA/Drivers/USB/Core/AVR8/Template/Template_Endpoint_Control_R.c **** 		  return ENDPOINT_RWCSTREAM_BusSuspended;
 3095               		.loc 5 47 8 is_stmt 1 view .LVU813
  47:../lufa-LUFA-111009/LUFA/Drivers/USB/Core/AVR8/Template/Template_Endpoint_Control_R.c **** 		  return ENDPOINT_RWCSTREAM_BusSuspended;
 3096               		.loc 5 47 11 is_stmt 0 view .LVU814
 3097 0028 2530      		cpi r18,lo8(5)
 3098 002a 01F0      		breq .L215
  49:../lufa-LUFA-111009/LUFA/Drivers/USB/Core/AVR8/Template/Template_Endpoint_Control_R.c **** 		  return ENDPOINT_RWCSTREAM_HostAborted;
 3099               		.loc 5 49 8 is_stmt 1 view .LVU815
 3100               	.LBB375:
 3101               	.LBI375:
 489:../lufa-LUFA-111009/LUFA/Drivers/USB/Core/AVR8/../AVR8/../AVR8/Endpoint_AVR8.h **** 			{
 3102               		.loc 2 489 23 view .LVU816
 3103               	.LBB376:
 491:../lufa-LUFA-111009/LUFA/Drivers/USB/Core/AVR8/../AVR8/../AVR8/Endpoint_AVR8.h **** 			}
 3104               		.loc 2 491 5 view .LVU817
 491:../lufa-LUFA-111009/LUFA/Drivers/USB/Core/AVR8/../AVR8/../AVR8/Endpoint_AVR8.h **** 			}
 3105               		.loc 2 491 14 is_stmt 0 view .LVU818
 3106 002c 2091 E800 		lds r18,232
 3107               	.LVL274:
 491:../lufa-LUFA-111009/LUFA/Drivers/USB/Core/AVR8/../AVR8/../AVR8/Endpoint_AVR8.h **** 			}
 3108               		.loc 2 491 14 view .LVU819
 3109               	.LBE376:
 3110               	.LBE375:
  49:../lufa-LUFA-111009/LUFA/Drivers/USB/Core/AVR8/Template/Template_Endpoint_Control_R.c **** 		  return ENDPOINT_RWCSTREAM_HostAborted;
 3111               		.loc 5 49 11 view .LVU820
 3112 0030 23FD      		sbrc r18,3
 3113 0032 00C0      		rjmp .L213
  52:../lufa-LUFA-111009/LUFA/Drivers/USB/Core/AVR8/Template/Template_Endpoint_Control_R.c **** 		{
 3114               		.loc 5 52 3 is_stmt 1 view .LVU821
 3115               	.LBB377:
 3116               	.LBI377:
 477:../lufa-LUFA-111009/LUFA/Drivers/USB/Core/AVR8/../AVR8/../AVR8/Endpoint_AVR8.h **** 			{
 3117               		.loc 2 477 23 view .LVU822
 3118               	.LBB378:
 479:../lufa-LUFA-111009/LUFA/Drivers/USB/Core/AVR8/../AVR8/../AVR8/Endpoint_AVR8.h **** 			}
 3119               		.loc 2 479 5 view .LVU823
 479:../lufa-LUFA-111009/LUFA/Drivers/USB/Core/AVR8/../AVR8/../AVR8/Endpoint_AVR8.h **** 			}
 3120               		.loc 2 479 14 is_stmt 0 view .LVU824
 3121 0034 2091 E800 		lds r18,232
 3122               	.LBE378:
 3123               	.LBE377:
  52:../lufa-LUFA-111009/LUFA/Drivers/USB/Core/AVR8/Template/Template_Endpoint_Control_R.c **** 		{
 3124               		.loc 5 52 6 view .LVU825
 3125 0038 22FF      		sbrs r18,2
 3126 003a 00C0      		rjmp .L206
 3127               	.L205:
 3128               	.LVL275:
 3129               	.LBB379:
 3130               	.LBI379:
 290:../lufa-LUFA-111009/LUFA/Drivers/USB/Core/AVR8/../AVR8/../AVR8/Endpoint_AVR8.h **** 			{
 3131               		.loc 2 290 27 is_stmt 1 view .LVU826
 3132               	.LBB380:
 295:../lufa-LUFA-111009/LUFA/Drivers/USB/Core/AVR8/../AVR8/../AVR8/Endpoint_AVR8.h **** 				#elif defined(USB_SERIES_2_AVR)
 3133               		.loc 2 295 6 view .LVU827
 295:../lufa-LUFA-111009/LUFA/Drivers/USB/Core/AVR8/../AVR8/../AVR8/Endpoint_AVR8.h **** 				#elif defined(USB_SERIES_2_AVR)
 3134               		.loc 2 295 25 is_stmt 0 view .LVU828
 3135 003c 3091 F300 		lds r19,243
 295:../lufa-LUFA-111009/LUFA/Drivers/USB/Core/AVR8/../AVR8/../AVR8/Endpoint_AVR8.h **** 				#elif defined(USB_SERIES_2_AVR)
 3136               		.loc 2 295 40 view .LVU829
 3137 0040 2091 F200 		lds r18,242
 3138               	.LBE380:
 3139               	.LBE379:
  54:../lufa-LUFA-111009/LUFA/Drivers/USB/Core/AVR8/Template/Template_Endpoint_Control_R.c **** 			{
 3140               		.loc 5 54 18 view .LVU830
 3141 0044 232B      		or r18,r19
 3142 0046 01F0      		breq .L207
  56:../lufa-LUFA-111009/LUFA/Drivers/USB/Core/AVR8/Template/Template_Endpoint_Control_R.c **** 				TEMPLATE_BUFFER_MOVE(DataStream, 1);
 3143               		.loc 5 56 5 is_stmt 1 view .LVU831
 3144               	.LBB381:
 3145               	.LBI381:
 610:../lufa-LUFA-111009/LUFA/Drivers/USB/Core/AVR8/../AVR8/../AVR8/Endpoint_AVR8.h **** 			{
 3146               		.loc 2 610 26 view .LVU832
 3147               	.LBB382:
 612:../lufa-LUFA-111009/LUFA/Drivers/USB/Core/AVR8/../AVR8/../AVR8/Endpoint_AVR8.h **** 			}
 3148               		.loc 2 612 5 view .LVU833
 612:../lufa-LUFA-111009/LUFA/Drivers/USB/Core/AVR8/../AVR8/../AVR8/Endpoint_AVR8.h **** 			}
 3149               		.loc 2 612 12 is_stmt 0 view .LVU834
 3150 0048 2091 F100 		lds r18,241
 3151               	.LBE382:
 3152               	.LBE381:
  56:../lufa-LUFA-111009/LUFA/Drivers/USB/Core/AVR8/Template/Template_Endpoint_Control_R.c **** 				TEMPLATE_BUFFER_MOVE(DataStream, 1);
 3153               		.loc 5 56 5 view .LVU835
 3154 004c 2193      		st Z+,r18
 3155               	.LVL276:
  57:../lufa-LUFA-111009/LUFA/Drivers/USB/Core/AVR8/Template/Template_Endpoint_Control_R.c **** 				Length--;
 3156               		.loc 5 57 5 is_stmt 1 view .LVU836
  58:../lufa-LUFA-111009/LUFA/Drivers/USB/Core/AVR8/Template/Template_Endpoint_Control_R.c **** 			}
 3157               		.loc 5 58 5 view .LVU837
  54:../lufa-LUFA-111009/LUFA/Drivers/USB/Core/AVR8/Template/Template_Endpoint_Control_R.c **** 			{
 3158               		.loc 5 54 18 is_stmt 0 view .LVU838
 3159 004e 0197      		sbiw r24, 1
 3160               	.LVL277:
  54:../lufa-LUFA-111009/LUFA/Drivers/USB/Core/AVR8/Template/Template_Endpoint_Control_R.c **** 			{
 3161               		.loc 5 54 18 view .LVU839
 3162 0050 01F0      		breq .L207
 3163 0052 00C0      		rjmp .L205
 3164               	.LVL278:
 3165               	.L210:
  54:../lufa-LUFA-111009/LUFA/Drivers/USB/Core/AVR8/Template/Template_Endpoint_Control_R.c **** 			{
 3166               		.loc 5 54 18 view .LVU840
 3167               	.LBE385:
 3168               	.LBB386:
  67:../lufa-LUFA-111009/LUFA/Drivers/USB/Core/AVR8/Template/Template_Endpoint_Control_R.c **** 
 3169               		.loc 5 67 3 is_stmt 1 view .LVU841
  67:../lufa-LUFA-111009/LUFA/Drivers/USB/Core/AVR8/Template/Template_Endpoint_Control_R.c **** 
 3170               		.loc 5 67 11 is_stmt 0 view .LVU842
 3171 0054 8EB3      		in r24,0x1e
 3172               	.LVL279:
  69:../lufa-LUFA-111009/LUFA/Drivers/USB/Core/AVR8/Template/Template_Endpoint_Control_R.c **** 		  return ENDPOINT_RWCSTREAM_DeviceDisconnected;
 3173               		.loc 5 69 3 is_stmt 1 view .LVU843
  69:../lufa-LUFA-111009/LUFA/Drivers/USB/Core/AVR8/Template/Template_Endpoint_Control_R.c **** 		  return ENDPOINT_RWCSTREAM_DeviceDisconnected;
 3174               		.loc 5 69 6 is_stmt 0 view .LVU844
 3175 0056 8115      		cp r24, __zero_reg__
 3176 0058 01F0      		breq .L214
  71:../lufa-LUFA-111009/LUFA/Drivers/USB/Core/AVR8/Template/Template_Endpoint_Control_R.c **** 		  return ENDPOINT_RWCSTREAM_BusSuspended;
 3177               		.loc 5 71 8 is_stmt 1 view .LVU845
  71:../lufa-LUFA-111009/LUFA/Drivers/USB/Core/AVR8/Template/Template_Endpoint_Control_R.c **** 		  return ENDPOINT_RWCSTREAM_BusSuspended;
 3178               		.loc 5 71 11 is_stmt 0 view .LVU846
 3179 005a 8530      		cpi r24,lo8(5)
 3180 005c 01F4      		brne .L209
 3181               	.LVL280:
 3182               	.L215:
  71:../lufa-LUFA-111009/LUFA/Drivers/USB/Core/AVR8/Template/Template_Endpoint_Control_R.c **** 		  return ENDPOINT_RWCSTREAM_BusSuspended;
 3183               		.loc 5 71 11 view .LVU847
 3184               	.LBE386:
 3185               	.LBB387:
  48:../lufa-LUFA-111009/LUFA/Drivers/USB/Core/AVR8/Template/Template_Endpoint_Control_R.c **** 		else if (Endpoint_IsSETUPReceived())
 3186               		.loc 5 48 12 view .LVU848
 3187 005e 83E0      		ldi r24,lo8(3)
 3188               	/* epilogue start */
 3189               	.LBE387:
  76:../lufa-LUFA-111009/LUFA/Drivers/USB/Core/AVR8/Template/Template_Endpoint_Control_R.c **** }
 3190               		.loc 5 76 1 view .LVU849
 3191 0060 0895      		ret
 3192               	.LVL281:
 3193               	.L213:
 3194               	.LBB388:
  50:../lufa-LUFA-111009/LUFA/Drivers/USB/Core/AVR8/Template/Template_Endpoint_Control_R.c **** 
 3195               		.loc 5 50 12 view .LVU850
 3196 0062 81E0      		ldi r24,lo8(1)
 3197 0064 0895      		ret
 3198               	.LVL282:
 3199               	.L214:
  46:../lufa-LUFA-111009/LUFA/Drivers/USB/Core/AVR8/Template/Template_Endpoint_Control_R.c **** 		else if (USB_DeviceState_LCL == DEVICE_STATE_Suspended)
 3200               		.loc 5 46 12 view .LVU851
 3201 0066 82E0      		ldi r24,lo8(2)
 3202 0068 0895      		ret
 3203               	.LBE388:
 3204               		.cfi_endproc
 3205               	.LFE99:
 3207               		.section	.text.Endpoint_Read_Control_Stream_BE,"ax",@progbits
 3208               	.global	Endpoint_Read_Control_Stream_BE
 3210               	Endpoint_Read_Control_Stream_BE:
 3211               	.LVL283:
 3212               	.LFB100:
  35:../lufa-LUFA-111009/LUFA/Drivers/USB/Core/AVR8/Template/Template_Endpoint_Control_R.c **** 	uint8_t* DataStream = ((uint8_t*)Buffer + TEMPLATE_BUFFER_OFFSET(Length));
 3213               		.loc 5 35 1 is_stmt 1 view -0
 3214               		.cfi_startproc
 3215               	/* prologue: function */
 3216               	/* frame size = 0 */
 3217               	/* stack size = 0 */
 3218               	.L__stack_usage = 0
  35:../lufa-LUFA-111009/LUFA/Drivers/USB/Core/AVR8/Template/Template_Endpoint_Control_R.c **** 	uint8_t* DataStream = ((uint8_t*)Buffer + TEMPLATE_BUFFER_OFFSET(Length));
 3219               		.loc 5 35 1 is_stmt 0 view .LVU853
 3220 0000 9B01      		movw r18,r22
  36:../lufa-LUFA-111009/LUFA/Drivers/USB/Core/AVR8/Template/Template_Endpoint_Control_R.c **** 
 3221               		.loc 5 36 2 is_stmt 1 view .LVU854
  36:../lufa-LUFA-111009/LUFA/Drivers/USB/Core/AVR8/Template/Template_Endpoint_Control_R.c **** 
 3222               		.loc 5 36 42 is_stmt 0 view .LVU855
 3223 0002 FB01      		movw r30,r22
 3224 0004 3197      		sbiw r30,1
  36:../lufa-LUFA-111009/LUFA/Drivers/USB/Core/AVR8/Template/Template_Endpoint_Control_R.c **** 
 3225               		.loc 5 36 11 view .LVU856
 3226 0006 E80F      		add r30,r24
 3227 0008 F91F      		adc r31,r25
 3228               	.LVL284:
  38:../lufa-LUFA-111009/LUFA/Drivers/USB/Core/AVR8/Template/Template_Endpoint_Control_R.c **** 	  Endpoint_ClearOUT();
 3229               		.loc 5 38 2 is_stmt 1 view .LVU857
  38:../lufa-LUFA-111009/LUFA/Drivers/USB/Core/AVR8/Template/Template_Endpoint_Control_R.c **** 	  Endpoint_ClearOUT();
 3230               		.loc 5 38 5 is_stmt 0 view .LVU858
 3231 000a 672B      		or r22,r23
 3232 000c 01F4      		brne .L226
 3233               	.LVL285:
 3234               	.L227:
 3235               	.LBB389:
  61:../lufa-LUFA-111009/LUFA/Drivers/USB/Core/AVR8/Template/Template_Endpoint_Control_R.c **** 		}
 3236               		.loc 5 61 4 is_stmt 1 view .LVU859
 3237               	.LBB390:
 3238               	.LBI390:
 528:../lufa-LUFA-111009/LUFA/Drivers/USB/Core/AVR8/../AVR8/../AVR8/Endpoint_AVR8.h **** 			{
 3239               		.loc 2 528 23 view .LVU860
 3240               	.LBB391:
 531:../lufa-LUFA-111009/LUFA/Drivers/USB/Core/AVR8/../AVR8/../AVR8/Endpoint_AVR8.h **** 				#else
 3241               		.loc 2 531 6 view .LVU861
 531:../lufa-LUFA-111009/LUFA/Drivers/USB/Core/AVR8/../AVR8/../AVR8/Endpoint_AVR8.h **** 				#else
 3242               		.loc 2 531 13 is_stmt 0 view .LVU862
 3243 000e 8091 E800 		lds r24,232
 3244 0012 8B77      		andi r24,lo8(123)
 3245 0014 8093 E800 		sts 232,r24
 3246               	.LVL286:
 531:../lufa-LUFA-111009/LUFA/Drivers/USB/Core/AVR8/../AVR8/../AVR8/Endpoint_AVR8.h **** 				#else
 3247               		.loc 2 531 13 view .LVU863
 3248               	.LBE391:
 3249               	.LBE390:
 3250               	.LBE389:
  41:../lufa-LUFA-111009/LUFA/Drivers/USB/Core/AVR8/Template/Template_Endpoint_Control_R.c **** 	{
 3251               		.loc 5 41 9 is_stmt 1 view .LVU864
 3252 0018 2115      		cp r18,__zero_reg__
 3253 001a 3105      		cpc r19,__zero_reg__
 3254 001c 01F4      		brne .L226
 3255               	.L229:
  65:../lufa-LUFA-111009/LUFA/Drivers/USB/Core/AVR8/Template/Template_Endpoint_Control_R.c **** 	{
 3256               		.loc 5 65 9 view .LVU865
 3257               	.LBB400:
 3258               	.LBI400:
 465:../lufa-LUFA-111009/LUFA/Drivers/USB/Core/AVR8/../AVR8/../AVR8/Endpoint_AVR8.h **** 			{
 3259               		.loc 2 465 23 view .LVU866
 3260               	.LBB401:
 467:../lufa-LUFA-111009/LUFA/Drivers/USB/Core/AVR8/../AVR8/../AVR8/Endpoint_AVR8.h **** 			}
 3261               		.loc 2 467 5 view .LVU867
 467:../lufa-LUFA-111009/LUFA/Drivers/USB/Core/AVR8/../AVR8/../AVR8/Endpoint_AVR8.h **** 			}
 3262               		.loc 2 467 14 is_stmt 0 view .LVU868
 3263 001e 8091 E800 		lds r24,232
 3264               	.LBE401:
 3265               	.LBE400:
  65:../lufa-LUFA-111009/LUFA/Drivers/USB/Core/AVR8/Template/Template_Endpoint_Control_R.c **** 	{
 3266               		.loc 5 65 9 view .LVU869
 3267 0022 80FF      		sbrs r24,0
 3268 0024 00C0      		rjmp .L230
  75:../lufa-LUFA-111009/LUFA/Drivers/USB/Core/AVR8/Template/Template_Endpoint_Control_R.c **** }
 3269               		.loc 5 75 9 view .LVU870
 3270 0026 80E0      		ldi r24,0
 3271 0028 0895      		ret
 3272               	.LVL287:
 3273               	.L226:
 3274               	.LBB402:
  43:../lufa-LUFA-111009/LUFA/Drivers/USB/Core/AVR8/Template/Template_Endpoint_Control_R.c **** 
 3275               		.loc 5 43 3 is_stmt 1 view .LVU871
  43:../lufa-LUFA-111009/LUFA/Drivers/USB/Core/AVR8/Template/Template_Endpoint_Control_R.c **** 
 3276               		.loc 5 43 11 is_stmt 0 view .LVU872
 3277 002a 8EB3      		in r24,0x1e
 3278               	.LVL288:
  45:../lufa-LUFA-111009/LUFA/Drivers/USB/Core/AVR8/Template/Template_Endpoint_Control_R.c **** 		  return ENDPOINT_RWCSTREAM_DeviceDisconnected;
 3279               		.loc 5 45 3 is_stmt 1 view .LVU873
  45:../lufa-LUFA-111009/LUFA/Drivers/USB/Core/AVR8/Template/Template_Endpoint_Control_R.c **** 		  return ENDPOINT_RWCSTREAM_DeviceDisconnected;
 3280               		.loc 5 45 6 is_stmt 0 view .LVU874
 3281 002c 8115      		cp r24, __zero_reg__
 3282 002e 01F0      		breq .L234
  47:../lufa-LUFA-111009/LUFA/Drivers/USB/Core/AVR8/Template/Template_Endpoint_Control_R.c **** 		  return ENDPOINT_RWCSTREAM_BusSuspended;
 3283               		.loc 5 47 8 is_stmt 1 view .LVU875
  47:../lufa-LUFA-111009/LUFA/Drivers/USB/Core/AVR8/Template/Template_Endpoint_Control_R.c **** 		  return ENDPOINT_RWCSTREAM_BusSuspended;
 3284               		.loc 5 47 11 is_stmt 0 view .LVU876
 3285 0030 8530      		cpi r24,lo8(5)
 3286 0032 01F0      		breq .L235
  49:../lufa-LUFA-111009/LUFA/Drivers/USB/Core/AVR8/Template/Template_Endpoint_Control_R.c **** 		  return ENDPOINT_RWCSTREAM_HostAborted;
 3287               		.loc 5 49 8 is_stmt 1 view .LVU877
 3288               	.LBB392:
 3289               	.LBI392:
 489:../lufa-LUFA-111009/LUFA/Drivers/USB/Core/AVR8/../AVR8/../AVR8/Endpoint_AVR8.h **** 			{
 3290               		.loc 2 489 23 view .LVU878
 3291               	.LBB393:
 491:../lufa-LUFA-111009/LUFA/Drivers/USB/Core/AVR8/../AVR8/../AVR8/Endpoint_AVR8.h **** 			}
 3292               		.loc 2 491 5 view .LVU879
 491:../lufa-LUFA-111009/LUFA/Drivers/USB/Core/AVR8/../AVR8/../AVR8/Endpoint_AVR8.h **** 			}
 3293               		.loc 2 491 14 is_stmt 0 view .LVU880
 3294 0034 8091 E800 		lds r24,232
 3295               	.LVL289:
 491:../lufa-LUFA-111009/LUFA/Drivers/USB/Core/AVR8/../AVR8/../AVR8/Endpoint_AVR8.h **** 			}
 3296               		.loc 2 491 14 view .LVU881
 3297               	.LBE393:
 3298               	.LBE392:
  49:../lufa-LUFA-111009/LUFA/Drivers/USB/Core/AVR8/Template/Template_Endpoint_Control_R.c **** 		  return ENDPOINT_RWCSTREAM_HostAborted;
 3299               		.loc 5 49 11 view .LVU882
 3300 0038 83FD      		sbrc r24,3
 3301 003a 00C0      		rjmp .L233
  52:../lufa-LUFA-111009/LUFA/Drivers/USB/Core/AVR8/Template/Template_Endpoint_Control_R.c **** 		{
 3302               		.loc 5 52 3 is_stmt 1 view .LVU883
 3303               	.LBB394:
 3304               	.LBI394:
 477:../lufa-LUFA-111009/LUFA/Drivers/USB/Core/AVR8/../AVR8/../AVR8/Endpoint_AVR8.h **** 			{
 3305               		.loc 2 477 23 view .LVU884
 3306               	.LBB395:
 479:../lufa-LUFA-111009/LUFA/Drivers/USB/Core/AVR8/../AVR8/../AVR8/Endpoint_AVR8.h **** 			}
 3307               		.loc 2 479 5 view .LVU885
 479:../lufa-LUFA-111009/LUFA/Drivers/USB/Core/AVR8/../AVR8/../AVR8/Endpoint_AVR8.h **** 			}
 3308               		.loc 2 479 14 is_stmt 0 view .LVU886
 3309 003c 8091 E800 		lds r24,232
 3310               	.LBE395:
 3311               	.LBE394:
  52:../lufa-LUFA-111009/LUFA/Drivers/USB/Core/AVR8/Template/Template_Endpoint_Control_R.c **** 		{
 3312               		.loc 5 52 6 view .LVU887
 3313 0040 82FF      		sbrs r24,2
 3314 0042 00C0      		rjmp .L226
 3315               	.L225:
 3316               	.LVL290:
 3317               	.LBB396:
 3318               	.LBI396:
 290:../lufa-LUFA-111009/LUFA/Drivers/USB/Core/AVR8/../AVR8/../AVR8/Endpoint_AVR8.h **** 			{
 3319               		.loc 2 290 27 is_stmt 1 view .LVU888
 3320               	.LBB397:
 295:../lufa-LUFA-111009/LUFA/Drivers/USB/Core/AVR8/../AVR8/../AVR8/Endpoint_AVR8.h **** 				#elif defined(USB_SERIES_2_AVR)
 3321               		.loc 2 295 6 view .LVU889
 295:../lufa-LUFA-111009/LUFA/Drivers/USB/Core/AVR8/../AVR8/../AVR8/Endpoint_AVR8.h **** 				#elif defined(USB_SERIES_2_AVR)
 3322               		.loc 2 295 25 is_stmt 0 view .LVU890
 3323 0044 9091 F300 		lds r25,243
 295:../lufa-LUFA-111009/LUFA/Drivers/USB/Core/AVR8/../AVR8/../AVR8/Endpoint_AVR8.h **** 				#elif defined(USB_SERIES_2_AVR)
 3324               		.loc 2 295 40 view .LVU891
 3325 0048 8091 F200 		lds r24,242
 3326               	.LBE397:
 3327               	.LBE396:
  54:../lufa-LUFA-111009/LUFA/Drivers/USB/Core/AVR8/Template/Template_Endpoint_Control_R.c **** 			{
 3328               		.loc 5 54 18 view .LVU892
 3329 004c 892B      		or r24,r25
 3330 004e 01F0      		breq .L227
  56:../lufa-LUFA-111009/LUFA/Drivers/USB/Core/AVR8/Template/Template_Endpoint_Control_R.c **** 				TEMPLATE_BUFFER_MOVE(DataStream, 1);
 3331               		.loc 5 56 5 is_stmt 1 view .LVU893
 3332               	.LBB398:
 3333               	.LBI398:
 610:../lufa-LUFA-111009/LUFA/Drivers/USB/Core/AVR8/../AVR8/../AVR8/Endpoint_AVR8.h **** 			{
 3334               		.loc 2 610 26 view .LVU894
 3335               	.LBB399:
 612:../lufa-LUFA-111009/LUFA/Drivers/USB/Core/AVR8/../AVR8/../AVR8/Endpoint_AVR8.h **** 			}
 3336               		.loc 2 612 5 view .LVU895
 612:../lufa-LUFA-111009/LUFA/Drivers/USB/Core/AVR8/../AVR8/../AVR8/Endpoint_AVR8.h **** 			}
 3337               		.loc 2 612 12 is_stmt 0 view .LVU896
 3338 0050 8091 F100 		lds r24,241
 3339               	.LBE399:
 3340               	.LBE398:
  56:../lufa-LUFA-111009/LUFA/Drivers/USB/Core/AVR8/Template/Template_Endpoint_Control_R.c **** 				TEMPLATE_BUFFER_MOVE(DataStream, 1);
 3341               		.loc 5 56 5 view .LVU897
 3342 0054 8083      		st Z,r24
  57:../lufa-LUFA-111009/LUFA/Drivers/USB/Core/AVR8/Template/Template_Endpoint_Control_R.c **** 				Length--;
 3343               		.loc 5 57 5 is_stmt 1 view .LVU898
 3344 0056 3197      		sbiw r30,1
 3345               	.LVL291:
  58:../lufa-LUFA-111009/LUFA/Drivers/USB/Core/AVR8/Template/Template_Endpoint_Control_R.c **** 			}
 3346               		.loc 5 58 5 view .LVU899
  54:../lufa-LUFA-111009/LUFA/Drivers/USB/Core/AVR8/Template/Template_Endpoint_Control_R.c **** 			{
 3347               		.loc 5 54 18 is_stmt 0 view .LVU900
 3348 0058 2150      		subi r18, 1
 3349 005a 3040      		sbci r19, 0
 3350               	.LVL292:
  54:../lufa-LUFA-111009/LUFA/Drivers/USB/Core/AVR8/Template/Template_Endpoint_Control_R.c **** 			{
 3351               		.loc 5 54 18 view .LVU901
 3352 005c 01F0      		breq .L227
 3353 005e 00C0      		rjmp .L225
 3354               	.LVL293:
 3355               	.L230:
  54:../lufa-LUFA-111009/LUFA/Drivers/USB/Core/AVR8/Template/Template_Endpoint_Control_R.c **** 			{
 3356               		.loc 5 54 18 view .LVU902
 3357               	.LBE402:
 3358               	.LBB403:
  67:../lufa-LUFA-111009/LUFA/Drivers/USB/Core/AVR8/Template/Template_Endpoint_Control_R.c **** 
 3359               		.loc 5 67 3 is_stmt 1 view .LVU903
  67:../lufa-LUFA-111009/LUFA/Drivers/USB/Core/AVR8/Template/Template_Endpoint_Control_R.c **** 
 3360               		.loc 5 67 11 is_stmt 0 view .LVU904
 3361 0060 8EB3      		in r24,0x1e
 3362               	.LVL294:
  69:../lufa-LUFA-111009/LUFA/Drivers/USB/Core/AVR8/Template/Template_Endpoint_Control_R.c **** 		  return ENDPOINT_RWCSTREAM_DeviceDisconnected;
 3363               		.loc 5 69 3 is_stmt 1 view .LVU905
  69:../lufa-LUFA-111009/LUFA/Drivers/USB/Core/AVR8/Template/Template_Endpoint_Control_R.c **** 		  return ENDPOINT_RWCSTREAM_DeviceDisconnected;
 3364               		.loc 5 69 6 is_stmt 0 view .LVU906
 3365 0062 8115      		cp r24, __zero_reg__
 3366 0064 01F0      		breq .L234
  71:../lufa-LUFA-111009/LUFA/Drivers/USB/Core/AVR8/Template/Template_Endpoint_Control_R.c **** 		  return ENDPOINT_RWCSTREAM_BusSuspended;
 3367               		.loc 5 71 8 is_stmt 1 view .LVU907
  71:../lufa-LUFA-111009/LUFA/Drivers/USB/Core/AVR8/Template/Template_Endpoint_Control_R.c **** 		  return ENDPOINT_RWCSTREAM_BusSuspended;
 3368               		.loc 5 71 11 is_stmt 0 view .LVU908
 3369 0066 8530      		cpi r24,lo8(5)
 3370 0068 01F4      		brne .L229
 3371               	.LVL295:
 3372               	.L235:
  71:../lufa-LUFA-111009/LUFA/Drivers/USB/Core/AVR8/Template/Template_Endpoint_Control_R.c **** 		  return ENDPOINT_RWCSTREAM_BusSuspended;
 3373               		.loc 5 71 11 view .LVU909
 3374               	.LBE403:
 3375               	.LBB404:
  48:../lufa-LUFA-111009/LUFA/Drivers/USB/Core/AVR8/Template/Template_Endpoint_Control_R.c **** 		else if (Endpoint_IsSETUPReceived())
 3376               		.loc 5 48 12 view .LVU910
 3377 006a 83E0      		ldi r24,lo8(3)
 3378               	/* epilogue start */
 3379               	.LBE404:
 3380               		.loc 5 76 1 view .LVU911
 3381 006c 0895      		ret
 3382               	.LVL296:
 3383               	.L233:
 3384               	.LBB405:
  50:../lufa-LUFA-111009/LUFA/Drivers/USB/Core/AVR8/Template/Template_Endpoint_Control_R.c **** 
 3385               		.loc 5 50 12 view .LVU912
 3386 006e 81E0      		ldi r24,lo8(1)
 3387 0070 0895      		ret
 3388               	.LVL297:
 3389               	.L234:
  46:../lufa-LUFA-111009/LUFA/Drivers/USB/Core/AVR8/Template/Template_Endpoint_Control_R.c **** 		else if (USB_DeviceState_LCL == DEVICE_STATE_Suspended)
 3390               		.loc 5 46 12 view .LVU913
 3391 0072 82E0      		ldi r24,lo8(2)
 3392 0074 0895      		ret
 3393               	.LBE405:
 3394               		.cfi_endproc
 3395               	.LFE100:
 3397               		.section	.text.Endpoint_Write_Control_PStream_LE,"ax",@progbits
 3398               	.global	Endpoint_Write_Control_PStream_LE
 3400               	Endpoint_Write_Control_PStream_LE:
 3401               	.LVL298:
 3402               	.LFB101:
  35:../lufa-LUFA-111009/LUFA/Drivers/USB/Core/AVR8/Template/Template_Endpoint_Control_W.c **** 	uint8_t* DataStream     = ((uint8_t*)Buffer + TEMPLATE_BUFFER_OFFSET(Length));
 3403               		.loc 4 35 1 is_stmt 1 view -0
 3404               		.cfi_startproc
 3405               	/* prologue: function */
 3406               	/* frame size = 0 */
 3407               	/* stack size = 0 */
 3408               	.L__stack_usage = 0
  35:../lufa-LUFA-111009/LUFA/Drivers/USB/Core/AVR8/Template/Template_Endpoint_Control_W.c **** 	uint8_t* DataStream     = ((uint8_t*)Buffer + TEMPLATE_BUFFER_OFFSET(Length));
 3409               		.loc 4 35 1 is_stmt 0 view .LVU915
 3410 0000 FC01      		movw r30,r24
 3411 0002 9B01      		movw r18,r22
  36:../lufa-LUFA-111009/LUFA/Drivers/USB/Core/AVR8/Template/Template_Endpoint_Control_W.c **** 	bool     LastPacketFull = false;
 3412               		.loc 4 36 2 is_stmt 1 view .LVU916
 3413               	.LVL299:
  37:../lufa-LUFA-111009/LUFA/Drivers/USB/Core/AVR8/Template/Template_Endpoint_Control_W.c **** 
 3414               		.loc 4 37 2 view .LVU917
  39:../lufa-LUFA-111009/LUFA/Drivers/USB/Core/AVR8/Template/Template_Endpoint_Control_W.c **** 	  Length = USB_ControlRequest.wLength;
 3415               		.loc 4 39 2 view .LVU918
  39:../lufa-LUFA-111009/LUFA/Drivers/USB/Core/AVR8/Template/Template_Endpoint_Control_W.c **** 	  Length = USB_ControlRequest.wLength;
 3416               		.loc 4 39 33 is_stmt 0 view .LVU919
 3417 0004 8091 0000 		lds r24,USB_ControlRequest+6
 3418 0008 9091 0000 		lds r25,USB_ControlRequest+6+1
 3419               	.LVL300:
  39:../lufa-LUFA-111009/LUFA/Drivers/USB/Core/AVR8/Template/Template_Endpoint_Control_W.c **** 	  Length = USB_ControlRequest.wLength;
 3420               		.loc 4 39 5 view .LVU920
 3421 000c 8617      		cp r24,r22
 3422 000e 9707      		cpc r25,r23
 3423 0010 00F0      		brlo .L242
  41:../lufa-LUFA-111009/LUFA/Drivers/USB/Core/AVR8/Template/Template_Endpoint_Control_W.c **** 	  Endpoint_ClearIN();
 3424               		.loc 4 41 7 is_stmt 1 view .LVU921
  41:../lufa-LUFA-111009/LUFA/Drivers/USB/Core/AVR8/Template/Template_Endpoint_Control_W.c **** 	  Endpoint_ClearIN();
 3425               		.loc 4 41 10 is_stmt 0 view .LVU922
 3426 0012 672B      		or r22,r23
 3427 0014 01F0      		breq .L243
 3428               	.L244:
  35:../lufa-LUFA-111009/LUFA/Drivers/USB/Core/AVR8/Template/Template_Endpoint_Control_W.c **** 	uint8_t* DataStream     = ((uint8_t*)Buffer + TEMPLATE_BUFFER_OFFSET(Length));
 3429               		.loc 4 35 1 view .LVU923
 3430 0016 C901      		movw r24,r18
 3431               	.LVL301:
 3432               	.L242:
  35:../lufa-LUFA-111009/LUFA/Drivers/USB/Core/AVR8/Template/Template_Endpoint_Control_W.c **** 	uint8_t* DataStream     = ((uint8_t*)Buffer + TEMPLATE_BUFFER_OFFSET(Length));
 3433               		.loc 4 35 1 view .LVU924
 3434 0018 40E0      		ldi r20,0
 3435               	.LVL302:
 3436               	.L248:
  44:../lufa-LUFA-111009/LUFA/Drivers/USB/Core/AVR8/Template/Template_Endpoint_Control_W.c **** 	{
 3437               		.loc 4 44 16 is_stmt 1 view .LVU925
 3438 001a 0097      		sbiw r24,0
 3439 001c 01F4      		brne .L253
  44:../lufa-LUFA-111009/LUFA/Drivers/USB/Core/AVR8/Template/Template_Endpoint_Control_W.c **** 	{
 3440               		.loc 4 44 16 is_stmt 0 discriminator 1 view .LVU926
 3441 001e 4111      		cpse r20,__zero_reg__
 3442 0020 00C0      		rjmp .L253
 3443               	.LVL303:
 3444               	.L265:
  74:../lufa-LUFA-111009/LUFA/Drivers/USB/Core/AVR8/Template/Template_Endpoint_Control_W.c **** 	{
 3445               		.loc 4 74 9 is_stmt 1 view .LVU927
 3446               	.LBB406:
 3447               	.LBI406:
 477:../lufa-LUFA-111009/LUFA/Drivers/USB/Core/AVR8/../AVR8/../AVR8/Endpoint_AVR8.h **** 			{
 3448               		.loc 2 477 23 view .LVU928
 3449               	.LBB407:
 479:../lufa-LUFA-111009/LUFA/Drivers/USB/Core/AVR8/../AVR8/../AVR8/Endpoint_AVR8.h **** 			}
 3450               		.loc 2 479 5 view .LVU929
 479:../lufa-LUFA-111009/LUFA/Drivers/USB/Core/AVR8/../AVR8/../AVR8/Endpoint_AVR8.h **** 			}
 3451               		.loc 2 479 14 is_stmt 0 view .LVU930
 3452 0022 8091 E800 		lds r24,232
 3453               	.LBE407:
 3454               	.LBE406:
  74:../lufa-LUFA-111009/LUFA/Drivers/USB/Core/AVR8/Template/Template_Endpoint_Control_W.c **** 	{
 3455               		.loc 4 74 9 view .LVU931
 3456 0026 82FF      		sbrs r24,2
 3457 0028 00C0      		rjmp .L254
  84:../lufa-LUFA-111009/LUFA/Drivers/USB/Core/AVR8/Template/Template_Endpoint_Control_W.c **** }
 3458               		.loc 4 84 9 view .LVU932
 3459 002a 80E0      		ldi r24,0
 3460 002c 0895      		ret
 3461               	.LVL304:
 3462               	.L243:
  42:../lufa-LUFA-111009/LUFA/Drivers/USB/Core/AVR8/Template/Template_Endpoint_Control_W.c **** 
 3463               		.loc 4 42 4 is_stmt 1 view .LVU933
 3464               	.LBB408:
 3465               	.LBI408:
 513:../lufa-LUFA-111009/LUFA/Drivers/USB/Core/AVR8/../AVR8/../AVR8/Endpoint_AVR8.h **** 			{
 3466               		.loc 2 513 23 view .LVU934
 3467               	.LBB409:
 516:../lufa-LUFA-111009/LUFA/Drivers/USB/Core/AVR8/../AVR8/../AVR8/Endpoint_AVR8.h **** 				#else
 3468               		.loc 2 516 6 view .LVU935
 516:../lufa-LUFA-111009/LUFA/Drivers/USB/Core/AVR8/../AVR8/../AVR8/Endpoint_AVR8.h **** 				#else
 3469               		.loc 2 516 13 is_stmt 0 view .LVU936
 3470 002e 8091 E800 		lds r24,232
 3471 0032 8E77      		andi r24,lo8(126)
 3472 0034 8093 E800 		sts 232,r24
 520:../lufa-LUFA-111009/LUFA/Drivers/USB/Core/AVR8/../AVR8/../AVR8/Endpoint_AVR8.h **** 
 3473               		.loc 2 520 4 view .LVU937
 3474 0038 00C0      		rjmp .L244
 3475               	.LVL305:
 3476               	.L253:
 520:../lufa-LUFA-111009/LUFA/Drivers/USB/Core/AVR8/../AVR8/../AVR8/Endpoint_AVR8.h **** 
 3477               		.loc 2 520 4 view .LVU938
 3478               	.LBE409:
 3479               	.LBE408:
 3480               	.LBB410:
  46:../lufa-LUFA-111009/LUFA/Drivers/USB/Core/AVR8/Template/Template_Endpoint_Control_W.c **** 
 3481               		.loc 4 46 3 is_stmt 1 view .LVU939
  46:../lufa-LUFA-111009/LUFA/Drivers/USB/Core/AVR8/Template/Template_Endpoint_Control_W.c **** 
 3482               		.loc 4 46 11 is_stmt 0 view .LVU940
 3483 003a 2EB3      		in r18,0x1e
 3484               	.LVL306:
  48:../lufa-LUFA-111009/LUFA/Drivers/USB/Core/AVR8/Template/Template_Endpoint_Control_W.c **** 		  return ENDPOINT_RWCSTREAM_DeviceDisconnected;
 3485               		.loc 4 48 3 is_stmt 1 view .LVU941
  48:../lufa-LUFA-111009/LUFA/Drivers/USB/Core/AVR8/Template/Template_Endpoint_Control_W.c **** 		  return ENDPOINT_RWCSTREAM_DeviceDisconnected;
 3486               		.loc 4 48 6 is_stmt 0 view .LVU942
 3487 003c 2115      		cp r18, __zero_reg__
 3488 003e 01F0      		breq .L258
  50:../lufa-LUFA-111009/LUFA/Drivers/USB/Core/AVR8/Template/Template_Endpoint_Control_W.c **** 		  return ENDPOINT_RWCSTREAM_BusSuspended;
 3489               		.loc 4 50 8 is_stmt 1 view .LVU943
  50:../lufa-LUFA-111009/LUFA/Drivers/USB/Core/AVR8/Template/Template_Endpoint_Control_W.c **** 		  return ENDPOINT_RWCSTREAM_BusSuspended;
 3490               		.loc 4 50 11 is_stmt 0 view .LVU944
 3491 0040 2530      		cpi r18,lo8(5)
 3492 0042 01F0      		breq .L259
  52:../lufa-LUFA-111009/LUFA/Drivers/USB/Core/AVR8/Template/Template_Endpoint_Control_W.c **** 		  return ENDPOINT_RWCSTREAM_HostAborted;
 3493               		.loc 4 52 8 is_stmt 1 view .LVU945
 3494               	.LBB411:
 3495               	.LBI411:
 489:../lufa-LUFA-111009/LUFA/Drivers/USB/Core/AVR8/../AVR8/../AVR8/Endpoint_AVR8.h **** 			{
 3496               		.loc 2 489 23 view .LVU946
 3497               	.LBB412:
 491:../lufa-LUFA-111009/LUFA/Drivers/USB/Core/AVR8/../AVR8/../AVR8/Endpoint_AVR8.h **** 			}
 3498               		.loc 2 491 5 view .LVU947
 491:../lufa-LUFA-111009/LUFA/Drivers/USB/Core/AVR8/../AVR8/../AVR8/Endpoint_AVR8.h **** 			}
 3499               		.loc 2 491 14 is_stmt 0 view .LVU948
 3500 0044 2091 E800 		lds r18,232
 3501               	.LVL307:
 491:../lufa-LUFA-111009/LUFA/Drivers/USB/Core/AVR8/../AVR8/../AVR8/Endpoint_AVR8.h **** 			}
 3502               		.loc 2 491 14 view .LVU949
 3503               	.LBE412:
 3504               	.LBE411:
  52:../lufa-LUFA-111009/LUFA/Drivers/USB/Core/AVR8/Template/Template_Endpoint_Control_W.c **** 		  return ENDPOINT_RWCSTREAM_HostAborted;
 3505               		.loc 4 52 11 view .LVU950
 3506 0048 23FD      		sbrc r18,3
 3507 004a 00C0      		rjmp .L257
  54:../lufa-LUFA-111009/LUFA/Drivers/USB/Core/AVR8/Template/Template_Endpoint_Control_W.c **** 		  break;
 3508               		.loc 4 54 8 is_stmt 1 view .LVU951
 3509               	.LBB413:
 3510               	.LBI413:
 477:../lufa-LUFA-111009/LUFA/Drivers/USB/Core/AVR8/../AVR8/../AVR8/Endpoint_AVR8.h **** 			{
 3511               		.loc 2 477 23 view .LVU952
 3512               	.LBB414:
 479:../lufa-LUFA-111009/LUFA/Drivers/USB/Core/AVR8/../AVR8/../AVR8/Endpoint_AVR8.h **** 			}
 3513               		.loc 2 479 5 view .LVU953
 479:../lufa-LUFA-111009/LUFA/Drivers/USB/Core/AVR8/../AVR8/../AVR8/Endpoint_AVR8.h **** 			}
 3514               		.loc 2 479 14 is_stmt 0 view .LVU954
 3515 004c 2091 E800 		lds r18,232
 3516               	.LBE414:
 3517               	.LBE413:
  54:../lufa-LUFA-111009/LUFA/Drivers/USB/Core/AVR8/Template/Template_Endpoint_Control_W.c **** 		  break;
 3518               		.loc 4 54 11 view .LVU955
 3519 0050 22FD      		sbrc r18,2
 3520 0052 00C0      		rjmp .L265
  57:../lufa-LUFA-111009/LUFA/Drivers/USB/Core/AVR8/Template/Template_Endpoint_Control_W.c **** 		{
 3521               		.loc 4 57 3 is_stmt 1 view .LVU956
 3522               	.LBB415:
 3523               	.LBI415:
 465:../lufa-LUFA-111009/LUFA/Drivers/USB/Core/AVR8/../AVR8/../AVR8/Endpoint_AVR8.h **** 			{
 3524               		.loc 2 465 23 view .LVU957
 3525               	.LBB416:
 467:../lufa-LUFA-111009/LUFA/Drivers/USB/Core/AVR8/../AVR8/../AVR8/Endpoint_AVR8.h **** 			}
 3526               		.loc 2 467 5 view .LVU958
 467:../lufa-LUFA-111009/LUFA/Drivers/USB/Core/AVR8/../AVR8/../AVR8/Endpoint_AVR8.h **** 			}
 3527               		.loc 2 467 14 is_stmt 0 view .LVU959
 3528 0054 2091 E800 		lds r18,232
 3529               	.LBE416:
 3530               	.LBE415:
  57:../lufa-LUFA-111009/LUFA/Drivers/USB/Core/AVR8/Template/Template_Endpoint_Control_W.c **** 		{
 3531               		.loc 4 57 6 view .LVU960
 3532 0058 20FF      		sbrs r18,0
 3533 005a 00C0      		rjmp .L248
 3534               	.LBB417:
  59:../lufa-LUFA-111009/LUFA/Drivers/USB/Core/AVR8/Template/Template_Endpoint_Control_W.c **** 
 3535               		.loc 4 59 4 is_stmt 1 view .LVU961
 3536               	.LBB418:
 3537               	.LBI418:
 290:../lufa-LUFA-111009/LUFA/Drivers/USB/Core/AVR8/../AVR8/../AVR8/Endpoint_AVR8.h **** 			{
 3538               		.loc 2 290 27 view .LVU962
 3539               	.LBB419:
 295:../lufa-LUFA-111009/LUFA/Drivers/USB/Core/AVR8/../AVR8/../AVR8/Endpoint_AVR8.h **** 				#elif defined(USB_SERIES_2_AVR)
 3540               		.loc 2 295 6 view .LVU963
 295:../lufa-LUFA-111009/LUFA/Drivers/USB/Core/AVR8/../AVR8/../AVR8/Endpoint_AVR8.h **** 				#elif defined(USB_SERIES_2_AVR)
 3541               		.loc 2 295 25 is_stmt 0 view .LVU964
 3542 005c 3091 F300 		lds r19,243
 295:../lufa-LUFA-111009/LUFA/Drivers/USB/Core/AVR8/../AVR8/../AVR8/Endpoint_AVR8.h **** 				#elif defined(USB_SERIES_2_AVR)
 3543               		.loc 2 295 40 view .LVU965
 3544 0060 2091 F200 		lds r18,242
 3545               	.LVL308:
 295:../lufa-LUFA-111009/LUFA/Drivers/USB/Core/AVR8/../AVR8/../AVR8/Endpoint_AVR8.h **** 				#elif defined(USB_SERIES_2_AVR)
 3546               		.loc 2 295 40 view .LVU966
 3547               	.LBE419:
 3548               	.LBE418:
  61:../lufa-LUFA-111009/LUFA/Drivers/USB/Core/AVR8/Template/Template_Endpoint_Control_W.c **** 			{
 3549               		.loc 4 61 4 is_stmt 1 view .LVU967
 3550               	.L249:
  61:../lufa-LUFA-111009/LUFA/Drivers/USB/Core/AVR8/Template/Template_Endpoint_Control_W.c **** 			{
 3551               		.loc 4 61 18 view .LVU968
 3552 0064 0097      		sbiw r24,0
 3553 0066 01F0      		breq .L250
  61:../lufa-LUFA-111009/LUFA/Drivers/USB/Core/AVR8/Template/Template_Endpoint_Control_W.c **** 			{
 3554               		.loc 4 61 18 is_stmt 0 discriminator 1 view .LVU969
 3555 0068 2830      		cpi r18,8
 3556 006a 3105      		cpc r19,__zero_reg__
 3557 006c 00F0      		brlo .L251
 3558               	.L250:
  69:../lufa-LUFA-111009/LUFA/Drivers/USB/Core/AVR8/Template/Template_Endpoint_Control_W.c **** 			Endpoint_ClearIN();
 3559               		.loc 4 69 4 is_stmt 1 view .LVU970
  69:../lufa-LUFA-111009/LUFA/Drivers/USB/Core/AVR8/Template/Template_Endpoint_Control_W.c **** 			Endpoint_ClearIN();
 3560               		.loc 4 69 19 is_stmt 0 view .LVU971
 3561 006e 41E0      		ldi r20,lo8(1)
 3562 0070 2830      		cpi r18,8
 3563 0072 3105      		cpc r19,__zero_reg__
 3564 0074 01F0      		breq .L252
 3565 0076 40E0      		ldi r20,0
 3566               	.L252:
 3567               	.LVL309:
  70:../lufa-LUFA-111009/LUFA/Drivers/USB/Core/AVR8/Template/Template_Endpoint_Control_W.c **** 		}
 3568               		.loc 4 70 4 is_stmt 1 view .LVU972
 3569               	.LBB420:
 3570               	.LBI420:
 513:../lufa-LUFA-111009/LUFA/Drivers/USB/Core/AVR8/../AVR8/../AVR8/Endpoint_AVR8.h **** 			{
 3571               		.loc 2 513 23 view .LVU973
 3572               	.LBB421:
 516:../lufa-LUFA-111009/LUFA/Drivers/USB/Core/AVR8/../AVR8/../AVR8/Endpoint_AVR8.h **** 				#else
 3573               		.loc 2 516 6 view .LVU974
 516:../lufa-LUFA-111009/LUFA/Drivers/USB/Core/AVR8/../AVR8/../AVR8/Endpoint_AVR8.h **** 				#else
 3574               		.loc 2 516 13 is_stmt 0 view .LVU975
 3575 0078 2091 E800 		lds r18,232
 3576               	.LVL310:
 516:../lufa-LUFA-111009/LUFA/Drivers/USB/Core/AVR8/../AVR8/../AVR8/Endpoint_AVR8.h **** 				#else
 3577               		.loc 2 516 13 view .LVU976
 3578 007c 2E77      		andi r18,lo8(126)
 3579 007e 2093 E800 		sts 232,r18
 3580               	.LVL311:
 520:../lufa-LUFA-111009/LUFA/Drivers/USB/Core/AVR8/../AVR8/../AVR8/Endpoint_AVR8.h **** 
 3581               		.loc 2 520 4 view .LVU977
 3582 0082 00C0      		rjmp .L248
 3583               	.LVL312:
 3584               	.L251:
 520:../lufa-LUFA-111009/LUFA/Drivers/USB/Core/AVR8/../AVR8/../AVR8/Endpoint_AVR8.h **** 
 3585               		.loc 2 520 4 view .LVU978
 3586               	.LBE421:
 3587               	.LBE420:
  63:../lufa-LUFA-111009/LUFA/Drivers/USB/Core/AVR8/Template/Template_Endpoint_Control_W.c **** 				TEMPLATE_BUFFER_MOVE(DataStream, 1);
 3588               		.loc 4 63 5 is_stmt 1 view .LVU979
 3589               	.LBB422:
  63:../lufa-LUFA-111009/LUFA/Drivers/USB/Core/AVR8/Template/Template_Endpoint_Control_W.c **** 				TEMPLATE_BUFFER_MOVE(DataStream, 1);
 3590               		.loc 4 63 5 view .LVU980
  63:../lufa-LUFA-111009/LUFA/Drivers/USB/Core/AVR8/Template/Template_Endpoint_Control_W.c **** 				TEMPLATE_BUFFER_MOVE(DataStream, 1);
 3591               		.loc 4 63 5 view .LVU981
  63:../lufa-LUFA-111009/LUFA/Drivers/USB/Core/AVR8/Template/Template_Endpoint_Control_W.c **** 				TEMPLATE_BUFFER_MOVE(DataStream, 1);
 3592               		.loc 4 63 5 view .LVU982
 3593               	/* #APP */
 3594               	 ;  63 "../lufa-LUFA-111009/LUFA/Drivers/USB/Core/AVR8/Template/Template_Endpoint_Control_W.c" 1
 3595 0084 4491      		lpm r20, Z
 3596               		
 3597               	 ;  0 "" 2
 3598               	.LVL313:
  63:../lufa-LUFA-111009/LUFA/Drivers/USB/Core/AVR8/Template/Template_Endpoint_Control_W.c **** 				TEMPLATE_BUFFER_MOVE(DataStream, 1);
 3599               		.loc 4 63 5 view .LVU983
  63:../lufa-LUFA-111009/LUFA/Drivers/USB/Core/AVR8/Template/Template_Endpoint_Control_W.c **** 				TEMPLATE_BUFFER_MOVE(DataStream, 1);
 3600               		.loc 4 63 5 is_stmt 0 view .LVU984
 3601               	/* #NOAPP */
 3602               	.LBE422:
 3603               	.LBB423:
 3604               	.LBI423:
 622:../lufa-LUFA-111009/LUFA/Drivers/USB/Core/AVR8/../AVR8/../AVR8/Endpoint_AVR8.h **** 			{
 3605               		.loc 2 622 23 is_stmt 1 view .LVU985
 3606               	.LBB424:
 624:../lufa-LUFA-111009/LUFA/Drivers/USB/Core/AVR8/../AVR8/../AVR8/Endpoint_AVR8.h **** 			}
 3607               		.loc 2 624 5 view .LVU986
 624:../lufa-LUFA-111009/LUFA/Drivers/USB/Core/AVR8/../AVR8/../AVR8/Endpoint_AVR8.h **** 			}
 3608               		.loc 2 624 12 is_stmt 0 view .LVU987
 3609 0086 4093 F100 		sts 241,r20
 3610               	.LVL314:
 624:../lufa-LUFA-111009/LUFA/Drivers/USB/Core/AVR8/../AVR8/../AVR8/Endpoint_AVR8.h **** 			}
 3611               		.loc 2 624 12 view .LVU988
 3612               	.LBE424:
 3613               	.LBE423:
  64:../lufa-LUFA-111009/LUFA/Drivers/USB/Core/AVR8/Template/Template_Endpoint_Control_W.c **** 				Length--;
 3614               		.loc 4 64 5 is_stmt 1 view .LVU989
 3615 008a 3196      		adiw r30,1
 3616               	.LVL315:
  65:../lufa-LUFA-111009/LUFA/Drivers/USB/Core/AVR8/Template/Template_Endpoint_Control_W.c **** 				BytesInEndpoint++;
 3617               		.loc 4 65 5 view .LVU990
  65:../lufa-LUFA-111009/LUFA/Drivers/USB/Core/AVR8/Template/Template_Endpoint_Control_W.c **** 				BytesInEndpoint++;
 3618               		.loc 4 65 11 is_stmt 0 view .LVU991
 3619 008c 0197      		sbiw r24,1
 3620               	.LVL316:
  66:../lufa-LUFA-111009/LUFA/Drivers/USB/Core/AVR8/Template/Template_Endpoint_Control_W.c **** 			}
 3621               		.loc 4 66 5 is_stmt 1 view .LVU992
  66:../lufa-LUFA-111009/LUFA/Drivers/USB/Core/AVR8/Template/Template_Endpoint_Control_W.c **** 			}
 3622               		.loc 4 66 20 is_stmt 0 view .LVU993
 3623 008e 2F5F      		subi r18,-1
 3624 0090 3F4F      		sbci r19,-1
 3625               	.LVL317:
  66:../lufa-LUFA-111009/LUFA/Drivers/USB/Core/AVR8/Template/Template_Endpoint_Control_W.c **** 			}
 3626               		.loc 4 66 20 view .LVU994
 3627 0092 00C0      		rjmp .L249
 3628               	.LVL318:
 3629               	.L254:
  66:../lufa-LUFA-111009/LUFA/Drivers/USB/Core/AVR8/Template/Template_Endpoint_Control_W.c **** 			}
 3630               		.loc 4 66 20 view .LVU995
 3631               	.LBE417:
 3632               	.LBE410:
 3633               	.LBB425:
  76:../lufa-LUFA-111009/LUFA/Drivers/USB/Core/AVR8/Template/Template_Endpoint_Control_W.c **** 
 3634               		.loc 4 76 3 is_stmt 1 view .LVU996
  76:../lufa-LUFA-111009/LUFA/Drivers/USB/Core/AVR8/Template/Template_Endpoint_Control_W.c **** 
 3635               		.loc 4 76 11 is_stmt 0 view .LVU997
 3636 0094 8EB3      		in r24,0x1e
 3637               	.LVL319:
  78:../lufa-LUFA-111009/LUFA/Drivers/USB/Core/AVR8/Template/Template_Endpoint_Control_W.c **** 		  return ENDPOINT_RWCSTREAM_DeviceDisconnected;
 3638               		.loc 4 78 3 is_stmt 1 view .LVU998
  78:../lufa-LUFA-111009/LUFA/Drivers/USB/Core/AVR8/Template/Template_Endpoint_Control_W.c **** 		  return ENDPOINT_RWCSTREAM_DeviceDisconnected;
 3639               		.loc 4 78 6 is_stmt 0 view .LVU999
 3640 0096 8115      		cp r24, __zero_reg__
 3641 0098 01F0      		breq .L258
  80:../lufa-LUFA-111009/LUFA/Drivers/USB/Core/AVR8/Template/Template_Endpoint_Control_W.c **** 		  return ENDPOINT_RWCSTREAM_BusSuspended;
 3642               		.loc 4 80 8 is_stmt 1 view .LVU1000
  80:../lufa-LUFA-111009/LUFA/Drivers/USB/Core/AVR8/Template/Template_Endpoint_Control_W.c **** 		  return ENDPOINT_RWCSTREAM_BusSuspended;
 3643               		.loc 4 80 11 is_stmt 0 view .LVU1001
 3644 009a 8530      		cpi r24,lo8(5)
 3645 009c 01F0      		breq .+2
 3646 009e 00C0      		rjmp .L265
 3647               	.LVL320:
 3648               	.L259:
  80:../lufa-LUFA-111009/LUFA/Drivers/USB/Core/AVR8/Template/Template_Endpoint_Control_W.c **** 		  return ENDPOINT_RWCSTREAM_BusSuspended;
 3649               		.loc 4 80 11 view .LVU1002
 3650               	.LBE425:
 3651               	.LBB426:
  51:../lufa-LUFA-111009/LUFA/Drivers/USB/Core/AVR8/Template/Template_Endpoint_Control_W.c **** 		else if (Endpoint_IsSETUPReceived())
 3652               		.loc 4 51 12 view .LVU1003
 3653 00a0 83E0      		ldi r24,lo8(3)
 3654               	/* epilogue start */
 3655               	.LBE426:
 3656               		.loc 4 85 1 view .LVU1004
 3657 00a2 0895      		ret
 3658               	.LVL321:
 3659               	.L257:
 3660               	.LBB427:
  53:../lufa-LUFA-111009/LUFA/Drivers/USB/Core/AVR8/Template/Template_Endpoint_Control_W.c **** 		else if (Endpoint_IsOUTReceived())
 3661               		.loc 4 53 12 view .LVU1005
 3662 00a4 81E0      		ldi r24,lo8(1)
 3663               	.LVL322:
  53:../lufa-LUFA-111009/LUFA/Drivers/USB/Core/AVR8/Template/Template_Endpoint_Control_W.c **** 		else if (Endpoint_IsOUTReceived())
 3664               		.loc 4 53 12 view .LVU1006
 3665 00a6 0895      		ret
 3666               	.LVL323:
 3667               	.L258:
  49:../lufa-LUFA-111009/LUFA/Drivers/USB/Core/AVR8/Template/Template_Endpoint_Control_W.c **** 		else if (USB_DeviceState_LCL == DEVICE_STATE_Suspended)
 3668               		.loc 4 49 12 view .LVU1007
 3669 00a8 82E0      		ldi r24,lo8(2)
 3670 00aa 0895      		ret
 3671               	.LBE427:
 3672               		.cfi_endproc
 3673               	.LFE101:
 3675               		.section	.text.Endpoint_Write_Control_PStream_BE,"ax",@progbits
 3676               	.global	Endpoint_Write_Control_PStream_BE
 3678               	Endpoint_Write_Control_PStream_BE:
 3679               	.LVL324:
 3680               	.LFB102:
  35:../lufa-LUFA-111009/LUFA/Drivers/USB/Core/AVR8/Template/Template_Endpoint_Control_W.c **** 	uint8_t* DataStream     = ((uint8_t*)Buffer + TEMPLATE_BUFFER_OFFSET(Length));
 3681               		.loc 4 35 1 is_stmt 1 view -0
 3682               		.cfi_startproc
 3683               	/* prologue: function */
 3684               	/* frame size = 0 */
 3685               	/* stack size = 0 */
 3686               	.L__stack_usage = 0
  35:../lufa-LUFA-111009/LUFA/Drivers/USB/Core/AVR8/Template/Template_Endpoint_Control_W.c **** 	uint8_t* DataStream     = ((uint8_t*)Buffer + TEMPLATE_BUFFER_OFFSET(Length));
 3687               		.loc 4 35 1 is_stmt 0 view .LVU1009
 3688 0000 AB01      		movw r20,r22
  36:../lufa-LUFA-111009/LUFA/Drivers/USB/Core/AVR8/Template/Template_Endpoint_Control_W.c **** 	bool     LastPacketFull = false;
 3689               		.loc 4 36 2 is_stmt 1 view .LVU1010
  36:../lufa-LUFA-111009/LUFA/Drivers/USB/Core/AVR8/Template/Template_Endpoint_Control_W.c **** 	bool     LastPacketFull = false;
 3690               		.loc 4 36 46 is_stmt 0 view .LVU1011
 3691 0002 FB01      		movw r30,r22
 3692 0004 3197      		sbiw r30,1
  36:../lufa-LUFA-111009/LUFA/Drivers/USB/Core/AVR8/Template/Template_Endpoint_Control_W.c **** 	bool     LastPacketFull = false;
 3693               		.loc 4 36 11 view .LVU1012
 3694 0006 E80F      		add r30,r24
 3695 0008 F91F      		adc r31,r25
 3696               	.LVL325:
  37:../lufa-LUFA-111009/LUFA/Drivers/USB/Core/AVR8/Template/Template_Endpoint_Control_W.c **** 
 3697               		.loc 4 37 2 is_stmt 1 view .LVU1013
  39:../lufa-LUFA-111009/LUFA/Drivers/USB/Core/AVR8/Template/Template_Endpoint_Control_W.c **** 	  Length = USB_ControlRequest.wLength;
 3698               		.loc 4 39 2 view .LVU1014
  39:../lufa-LUFA-111009/LUFA/Drivers/USB/Core/AVR8/Template/Template_Endpoint_Control_W.c **** 	  Length = USB_ControlRequest.wLength;
 3699               		.loc 4 39 33 is_stmt 0 view .LVU1015
 3700 000a 2091 0000 		lds r18,USB_ControlRequest+6
 3701 000e 3091 0000 		lds r19,USB_ControlRequest+6+1
  39:../lufa-LUFA-111009/LUFA/Drivers/USB/Core/AVR8/Template/Template_Endpoint_Control_W.c **** 	  Length = USB_ControlRequest.wLength;
 3702               		.loc 4 39 5 view .LVU1016
 3703 0012 2617      		cp r18,r22
 3704 0014 3707      		cpc r19,r23
 3705 0016 00F0      		brlo .L270
  41:../lufa-LUFA-111009/LUFA/Drivers/USB/Core/AVR8/Template/Template_Endpoint_Control_W.c **** 	  Endpoint_ClearIN();
 3706               		.loc 4 41 7 is_stmt 1 view .LVU1017
  41:../lufa-LUFA-111009/LUFA/Drivers/USB/Core/AVR8/Template/Template_Endpoint_Control_W.c **** 	  Endpoint_ClearIN();
 3707               		.loc 4 41 10 is_stmt 0 view .LVU1018
 3708 0018 672B      		or r22,r23
 3709 001a 01F0      		breq .L271
 3710               	.LVL326:
 3711               	.L272:
  35:../lufa-LUFA-111009/LUFA/Drivers/USB/Core/AVR8/Template/Template_Endpoint_Control_W.c **** 	uint8_t* DataStream     = ((uint8_t*)Buffer + TEMPLATE_BUFFER_OFFSET(Length));
 3712               		.loc 4 35 1 view .LVU1019
 3713 001c 9A01      		movw r18,r20
 3714               	.LVL327:
 3715               	.L270:
  35:../lufa-LUFA-111009/LUFA/Drivers/USB/Core/AVR8/Template/Template_Endpoint_Control_W.c **** 	uint8_t* DataStream     = ((uint8_t*)Buffer + TEMPLATE_BUFFER_OFFSET(Length));
 3716               		.loc 4 35 1 view .LVU1020
 3717 001e 80E0      		ldi r24,0
 3718               	.LVL328:
 3719               	.L276:
  44:../lufa-LUFA-111009/LUFA/Drivers/USB/Core/AVR8/Template/Template_Endpoint_Control_W.c **** 	{
 3720               		.loc 4 44 16 is_stmt 1 view .LVU1021
 3721 0020 2115      		cp r18,__zero_reg__
 3722 0022 3105      		cpc r19,__zero_reg__
 3723 0024 01F4      		brne .L281
  44:../lufa-LUFA-111009/LUFA/Drivers/USB/Core/AVR8/Template/Template_Endpoint_Control_W.c **** 	{
 3724               		.loc 4 44 16 is_stmt 0 discriminator 1 view .LVU1022
 3725 0026 8111      		cpse r24,__zero_reg__
 3726 0028 00C0      		rjmp .L281
 3727               	.LVL329:
 3728               	.L293:
  74:../lufa-LUFA-111009/LUFA/Drivers/USB/Core/AVR8/Template/Template_Endpoint_Control_W.c **** 	{
 3729               		.loc 4 74 9 is_stmt 1 view .LVU1023
 3730               	.LBB428:
 3731               	.LBI428:
 477:../lufa-LUFA-111009/LUFA/Drivers/USB/Core/AVR8/../AVR8/../AVR8/Endpoint_AVR8.h **** 			{
 3732               		.loc 2 477 23 view .LVU1024
 3733               	.LBB429:
 479:../lufa-LUFA-111009/LUFA/Drivers/USB/Core/AVR8/../AVR8/../AVR8/Endpoint_AVR8.h **** 			}
 3734               		.loc 2 479 5 view .LVU1025
 479:../lufa-LUFA-111009/LUFA/Drivers/USB/Core/AVR8/../AVR8/../AVR8/Endpoint_AVR8.h **** 			}
 3735               		.loc 2 479 14 is_stmt 0 view .LVU1026
 3736 002a 8091 E800 		lds r24,232
 3737               	.LBE429:
 3738               	.LBE428:
  74:../lufa-LUFA-111009/LUFA/Drivers/USB/Core/AVR8/Template/Template_Endpoint_Control_W.c **** 	{
 3739               		.loc 4 74 9 view .LVU1027
 3740 002e 82FF      		sbrs r24,2
 3741 0030 00C0      		rjmp .L282
  84:../lufa-LUFA-111009/LUFA/Drivers/USB/Core/AVR8/Template/Template_Endpoint_Control_W.c **** }
 3742               		.loc 4 84 9 view .LVU1028
 3743 0032 80E0      		ldi r24,0
 3744 0034 0895      		ret
 3745               	.LVL330:
 3746               	.L271:
  42:../lufa-LUFA-111009/LUFA/Drivers/USB/Core/AVR8/Template/Template_Endpoint_Control_W.c **** 
 3747               		.loc 4 42 4 is_stmt 1 view .LVU1029
 3748               	.LBB430:
 3749               	.LBI430:
 513:../lufa-LUFA-111009/LUFA/Drivers/USB/Core/AVR8/../AVR8/../AVR8/Endpoint_AVR8.h **** 			{
 3750               		.loc 2 513 23 view .LVU1030
 3751               	.LBB431:
 516:../lufa-LUFA-111009/LUFA/Drivers/USB/Core/AVR8/../AVR8/../AVR8/Endpoint_AVR8.h **** 				#else
 3752               		.loc 2 516 6 view .LVU1031
 516:../lufa-LUFA-111009/LUFA/Drivers/USB/Core/AVR8/../AVR8/../AVR8/Endpoint_AVR8.h **** 				#else
 3753               		.loc 2 516 13 is_stmt 0 view .LVU1032
 3754 0036 8091 E800 		lds r24,232
 3755               	.LVL331:
 516:../lufa-LUFA-111009/LUFA/Drivers/USB/Core/AVR8/../AVR8/../AVR8/Endpoint_AVR8.h **** 				#else
 3756               		.loc 2 516 13 view .LVU1033
 3757 003a 8E77      		andi r24,lo8(126)
 3758 003c 8093 E800 		sts 232,r24
 520:../lufa-LUFA-111009/LUFA/Drivers/USB/Core/AVR8/../AVR8/../AVR8/Endpoint_AVR8.h **** 
 3759               		.loc 2 520 4 view .LVU1034
 3760 0040 00C0      		rjmp .L272
 3761               	.LVL332:
 3762               	.L281:
 520:../lufa-LUFA-111009/LUFA/Drivers/USB/Core/AVR8/../AVR8/../AVR8/Endpoint_AVR8.h **** 
 3763               		.loc 2 520 4 view .LVU1035
 3764               	.LBE431:
 3765               	.LBE430:
 3766               	.LBB432:
  46:../lufa-LUFA-111009/LUFA/Drivers/USB/Core/AVR8/Template/Template_Endpoint_Control_W.c **** 
 3767               		.loc 4 46 3 is_stmt 1 view .LVU1036
  46:../lufa-LUFA-111009/LUFA/Drivers/USB/Core/AVR8/Template/Template_Endpoint_Control_W.c **** 
 3768               		.loc 4 46 11 is_stmt 0 view .LVU1037
 3769 0042 9EB3      		in r25,0x1e
 3770               	.LVL333:
  48:../lufa-LUFA-111009/LUFA/Drivers/USB/Core/AVR8/Template/Template_Endpoint_Control_W.c **** 		  return ENDPOINT_RWCSTREAM_DeviceDisconnected;
 3771               		.loc 4 48 3 is_stmt 1 view .LVU1038
  48:../lufa-LUFA-111009/LUFA/Drivers/USB/Core/AVR8/Template/Template_Endpoint_Control_W.c **** 		  return ENDPOINT_RWCSTREAM_DeviceDisconnected;
 3772               		.loc 4 48 6 is_stmt 0 view .LVU1039
 3773 0044 9115      		cp r25, __zero_reg__
 3774 0046 01F0      		breq .L286
  50:../lufa-LUFA-111009/LUFA/Drivers/USB/Core/AVR8/Template/Template_Endpoint_Control_W.c **** 		  return ENDPOINT_RWCSTREAM_BusSuspended;
 3775               		.loc 4 50 8 is_stmt 1 view .LVU1040
  50:../lufa-LUFA-111009/LUFA/Drivers/USB/Core/AVR8/Template/Template_Endpoint_Control_W.c **** 		  return ENDPOINT_RWCSTREAM_BusSuspended;
 3776               		.loc 4 50 11 is_stmt 0 view .LVU1041
 3777 0048 9530      		cpi r25,lo8(5)
 3778 004a 01F0      		breq .L287
  52:../lufa-LUFA-111009/LUFA/Drivers/USB/Core/AVR8/Template/Template_Endpoint_Control_W.c **** 		  return ENDPOINT_RWCSTREAM_HostAborted;
 3779               		.loc 4 52 8 is_stmt 1 view .LVU1042
 3780               	.LBB433:
 3781               	.LBI433:
 489:../lufa-LUFA-111009/LUFA/Drivers/USB/Core/AVR8/../AVR8/../AVR8/Endpoint_AVR8.h **** 			{
 3782               		.loc 2 489 23 view .LVU1043
 3783               	.LBB434:
 491:../lufa-LUFA-111009/LUFA/Drivers/USB/Core/AVR8/../AVR8/../AVR8/Endpoint_AVR8.h **** 			}
 3784               		.loc 2 491 5 view .LVU1044
 491:../lufa-LUFA-111009/LUFA/Drivers/USB/Core/AVR8/../AVR8/../AVR8/Endpoint_AVR8.h **** 			}
 3785               		.loc 2 491 14 is_stmt 0 view .LVU1045
 3786 004c 9091 E800 		lds r25,232
 3787               	.LVL334:
 491:../lufa-LUFA-111009/LUFA/Drivers/USB/Core/AVR8/../AVR8/../AVR8/Endpoint_AVR8.h **** 			}
 3788               		.loc 2 491 14 view .LVU1046
 3789               	.LBE434:
 3790               	.LBE433:
  52:../lufa-LUFA-111009/LUFA/Drivers/USB/Core/AVR8/Template/Template_Endpoint_Control_W.c **** 		  return ENDPOINT_RWCSTREAM_HostAborted;
 3791               		.loc 4 52 11 view .LVU1047
 3792 0050 93FD      		sbrc r25,3
 3793 0052 00C0      		rjmp .L285
  54:../lufa-LUFA-111009/LUFA/Drivers/USB/Core/AVR8/Template/Template_Endpoint_Control_W.c **** 		  break;
 3794               		.loc 4 54 8 is_stmt 1 view .LVU1048
 3795               	.LBB435:
 3796               	.LBI435:
 477:../lufa-LUFA-111009/LUFA/Drivers/USB/Core/AVR8/../AVR8/../AVR8/Endpoint_AVR8.h **** 			{
 3797               		.loc 2 477 23 view .LVU1049
 3798               	.LBB436:
 479:../lufa-LUFA-111009/LUFA/Drivers/USB/Core/AVR8/../AVR8/../AVR8/Endpoint_AVR8.h **** 			}
 3799               		.loc 2 479 5 view .LVU1050
 479:../lufa-LUFA-111009/LUFA/Drivers/USB/Core/AVR8/../AVR8/../AVR8/Endpoint_AVR8.h **** 			}
 3800               		.loc 2 479 14 is_stmt 0 view .LVU1051
 3801 0054 9091 E800 		lds r25,232
 3802               	.LBE436:
 3803               	.LBE435:
  54:../lufa-LUFA-111009/LUFA/Drivers/USB/Core/AVR8/Template/Template_Endpoint_Control_W.c **** 		  break;
 3804               		.loc 4 54 11 view .LVU1052
 3805 0058 92FD      		sbrc r25,2
 3806 005a 00C0      		rjmp .L293
  57:../lufa-LUFA-111009/LUFA/Drivers/USB/Core/AVR8/Template/Template_Endpoint_Control_W.c **** 		{
 3807               		.loc 4 57 3 is_stmt 1 view .LVU1053
 3808               	.LBB437:
 3809               	.LBI437:
 465:../lufa-LUFA-111009/LUFA/Drivers/USB/Core/AVR8/../AVR8/../AVR8/Endpoint_AVR8.h **** 			{
 3810               		.loc 2 465 23 view .LVU1054
 3811               	.LBB438:
 467:../lufa-LUFA-111009/LUFA/Drivers/USB/Core/AVR8/../AVR8/../AVR8/Endpoint_AVR8.h **** 			}
 3812               		.loc 2 467 5 view .LVU1055
 467:../lufa-LUFA-111009/LUFA/Drivers/USB/Core/AVR8/../AVR8/../AVR8/Endpoint_AVR8.h **** 			}
 3813               		.loc 2 467 14 is_stmt 0 view .LVU1056
 3814 005c 9091 E800 		lds r25,232
 3815               	.LBE438:
 3816               	.LBE437:
  57:../lufa-LUFA-111009/LUFA/Drivers/USB/Core/AVR8/Template/Template_Endpoint_Control_W.c **** 		{
 3817               		.loc 4 57 6 view .LVU1057
 3818 0060 90FF      		sbrs r25,0
 3819 0062 00C0      		rjmp .L276
 3820               	.LBB439:
  59:../lufa-LUFA-111009/LUFA/Drivers/USB/Core/AVR8/Template/Template_Endpoint_Control_W.c **** 
 3821               		.loc 4 59 4 is_stmt 1 view .LVU1058
 3822               	.LBB440:
 3823               	.LBI440:
 290:../lufa-LUFA-111009/LUFA/Drivers/USB/Core/AVR8/../AVR8/../AVR8/Endpoint_AVR8.h **** 			{
 3824               		.loc 2 290 27 view .LVU1059
 3825               	.LBB441:
 295:../lufa-LUFA-111009/LUFA/Drivers/USB/Core/AVR8/../AVR8/../AVR8/Endpoint_AVR8.h **** 				#elif defined(USB_SERIES_2_AVR)
 3826               		.loc 2 295 6 view .LVU1060
 295:../lufa-LUFA-111009/LUFA/Drivers/USB/Core/AVR8/../AVR8/../AVR8/Endpoint_AVR8.h **** 				#elif defined(USB_SERIES_2_AVR)
 3827               		.loc 2 295 25 is_stmt 0 view .LVU1061
 3828 0064 8091 F300 		lds r24,243
 3829               	.LVL335:
 295:../lufa-LUFA-111009/LUFA/Drivers/USB/Core/AVR8/../AVR8/../AVR8/Endpoint_AVR8.h **** 				#elif defined(USB_SERIES_2_AVR)
 3830               		.loc 2 295 40 view .LVU1062
 3831 0068 4091 F200 		lds r20,242
 295:../lufa-LUFA-111009/LUFA/Drivers/USB/Core/AVR8/../AVR8/../AVR8/Endpoint_AVR8.h **** 				#elif defined(USB_SERIES_2_AVR)
 3832               		.loc 2 295 38 view .LVU1063
 3833 006c 582F      		mov r21,r24
 3834               	.LVL336:
 295:../lufa-LUFA-111009/LUFA/Drivers/USB/Core/AVR8/../AVR8/../AVR8/Endpoint_AVR8.h **** 				#elif defined(USB_SERIES_2_AVR)
 3835               		.loc 2 295 38 view .LVU1064
 3836               	.LBE441:
 3837               	.LBE440:
  61:../lufa-LUFA-111009/LUFA/Drivers/USB/Core/AVR8/Template/Template_Endpoint_Control_W.c **** 			{
 3838               		.loc 4 61 4 is_stmt 1 view .LVU1065
 3839               	.L277:
  61:../lufa-LUFA-111009/LUFA/Drivers/USB/Core/AVR8/Template/Template_Endpoint_Control_W.c **** 			{
 3840               		.loc 4 61 18 view .LVU1066
 3841 006e 2115      		cp r18,__zero_reg__
 3842 0070 3105      		cpc r19,__zero_reg__
 3843 0072 01F0      		breq .L278
  61:../lufa-LUFA-111009/LUFA/Drivers/USB/Core/AVR8/Template/Template_Endpoint_Control_W.c **** 			{
 3844               		.loc 4 61 18 is_stmt 0 discriminator 1 view .LVU1067
 3845 0074 4830      		cpi r20,8
 3846 0076 5105      		cpc r21,__zero_reg__
 3847 0078 00F0      		brlo .L279
 3848               	.L278:
  69:../lufa-LUFA-111009/LUFA/Drivers/USB/Core/AVR8/Template/Template_Endpoint_Control_W.c **** 			Endpoint_ClearIN();
 3849               		.loc 4 69 4 is_stmt 1 view .LVU1068
  69:../lufa-LUFA-111009/LUFA/Drivers/USB/Core/AVR8/Template/Template_Endpoint_Control_W.c **** 			Endpoint_ClearIN();
 3850               		.loc 4 69 19 is_stmt 0 view .LVU1069
 3851 007a 81E0      		ldi r24,lo8(1)
 3852 007c 4830      		cpi r20,8
 3853 007e 5105      		cpc r21,__zero_reg__
 3854 0080 01F0      		breq .L280
 3855 0082 80E0      		ldi r24,0
 3856               	.L280:
 3857               	.LVL337:
  70:../lufa-LUFA-111009/LUFA/Drivers/USB/Core/AVR8/Template/Template_Endpoint_Control_W.c **** 		}
 3858               		.loc 4 70 4 is_stmt 1 view .LVU1070
 3859               	.LBB442:
 3860               	.LBI442:
 513:../lufa-LUFA-111009/LUFA/Drivers/USB/Core/AVR8/../AVR8/../AVR8/Endpoint_AVR8.h **** 			{
 3861               		.loc 2 513 23 view .LVU1071
 3862               	.LBB443:
 516:../lufa-LUFA-111009/LUFA/Drivers/USB/Core/AVR8/../AVR8/../AVR8/Endpoint_AVR8.h **** 				#else
 3863               		.loc 2 516 6 view .LVU1072
 516:../lufa-LUFA-111009/LUFA/Drivers/USB/Core/AVR8/../AVR8/../AVR8/Endpoint_AVR8.h **** 				#else
 3864               		.loc 2 516 13 is_stmt 0 view .LVU1073
 3865 0084 9091 E800 		lds r25,232
 3866 0088 9E77      		andi r25,lo8(126)
 3867 008a 9093 E800 		sts 232,r25
 3868               	.LVL338:
 520:../lufa-LUFA-111009/LUFA/Drivers/USB/Core/AVR8/../AVR8/../AVR8/Endpoint_AVR8.h **** 
 3869               		.loc 2 520 4 view .LVU1074
 3870 008e 00C0      		rjmp .L276
 3871               	.LVL339:
 3872               	.L279:
 520:../lufa-LUFA-111009/LUFA/Drivers/USB/Core/AVR8/../AVR8/../AVR8/Endpoint_AVR8.h **** 
 3873               		.loc 2 520 4 view .LVU1075
 3874               	.LBE443:
 3875               	.LBE442:
  63:../lufa-LUFA-111009/LUFA/Drivers/USB/Core/AVR8/Template/Template_Endpoint_Control_W.c **** 				TEMPLATE_BUFFER_MOVE(DataStream, 1);
 3876               		.loc 4 63 5 is_stmt 1 view .LVU1076
 3877               	.LBB444:
  63:../lufa-LUFA-111009/LUFA/Drivers/USB/Core/AVR8/Template/Template_Endpoint_Control_W.c **** 				TEMPLATE_BUFFER_MOVE(DataStream, 1);
 3878               		.loc 4 63 5 view .LVU1077
  63:../lufa-LUFA-111009/LUFA/Drivers/USB/Core/AVR8/Template/Template_Endpoint_Control_W.c **** 				TEMPLATE_BUFFER_MOVE(DataStream, 1);
 3879               		.loc 4 63 5 view .LVU1078
  63:../lufa-LUFA-111009/LUFA/Drivers/USB/Core/AVR8/Template/Template_Endpoint_Control_W.c **** 				TEMPLATE_BUFFER_MOVE(DataStream, 1);
 3880               		.loc 4 63 5 view .LVU1079
 3881               	/* #APP */
 3882               	 ;  63 "../lufa-LUFA-111009/LUFA/Drivers/USB/Core/AVR8/Template/Template_Endpoint_Control_W.c" 1
 3883 0090 8491      		lpm r24, Z
 3884               		
 3885               	 ;  0 "" 2
 3886               	.LVL340:
  63:../lufa-LUFA-111009/LUFA/Drivers/USB/Core/AVR8/Template/Template_Endpoint_Control_W.c **** 				TEMPLATE_BUFFER_MOVE(DataStream, 1);
 3887               		.loc 4 63 5 view .LVU1080
  63:../lufa-LUFA-111009/LUFA/Drivers/USB/Core/AVR8/Template/Template_Endpoint_Control_W.c **** 				TEMPLATE_BUFFER_MOVE(DataStream, 1);
 3888               		.loc 4 63 5 is_stmt 0 view .LVU1081
 3889               	/* #NOAPP */
 3890               	.LBE444:
 3891               	.LBB445:
 3892               	.LBI445:
 622:../lufa-LUFA-111009/LUFA/Drivers/USB/Core/AVR8/../AVR8/../AVR8/Endpoint_AVR8.h **** 			{
 3893               		.loc 2 622 23 is_stmt 1 view .LVU1082
 3894               	.LBB446:
 624:../lufa-LUFA-111009/LUFA/Drivers/USB/Core/AVR8/../AVR8/../AVR8/Endpoint_AVR8.h **** 			}
 3895               		.loc 2 624 5 view .LVU1083
 624:../lufa-LUFA-111009/LUFA/Drivers/USB/Core/AVR8/../AVR8/../AVR8/Endpoint_AVR8.h **** 			}
 3896               		.loc 2 624 12 is_stmt 0 view .LVU1084
 3897 0092 8093 F100 		sts 241,r24
 3898               	.LVL341:
 624:../lufa-LUFA-111009/LUFA/Drivers/USB/Core/AVR8/../AVR8/../AVR8/Endpoint_AVR8.h **** 			}
 3899               		.loc 2 624 12 view .LVU1085
 3900               	.LBE446:
 3901               	.LBE445:
  64:../lufa-LUFA-111009/LUFA/Drivers/USB/Core/AVR8/Template/Template_Endpoint_Control_W.c **** 				Length--;
 3902               		.loc 4 64 5 is_stmt 1 view .LVU1086
 3903 0096 3197      		sbiw r30,1
 3904               	.LVL342:
  65:../lufa-LUFA-111009/LUFA/Drivers/USB/Core/AVR8/Template/Template_Endpoint_Control_W.c **** 				BytesInEndpoint++;
 3905               		.loc 4 65 5 view .LVU1087
  65:../lufa-LUFA-111009/LUFA/Drivers/USB/Core/AVR8/Template/Template_Endpoint_Control_W.c **** 				BytesInEndpoint++;
 3906               		.loc 4 65 11 is_stmt 0 view .LVU1088
 3907 0098 2150      		subi r18,1
 3908 009a 3109      		sbc r19,__zero_reg__
 3909               	.LVL343:
  66:../lufa-LUFA-111009/LUFA/Drivers/USB/Core/AVR8/Template/Template_Endpoint_Control_W.c **** 			}
 3910               		.loc 4 66 5 is_stmt 1 view .LVU1089
  66:../lufa-LUFA-111009/LUFA/Drivers/USB/Core/AVR8/Template/Template_Endpoint_Control_W.c **** 			}
 3911               		.loc 4 66 20 is_stmt 0 view .LVU1090
 3912 009c 4F5F      		subi r20,-1
 3913 009e 5F4F      		sbci r21,-1
 3914               	.LVL344:
  66:../lufa-LUFA-111009/LUFA/Drivers/USB/Core/AVR8/Template/Template_Endpoint_Control_W.c **** 			}
 3915               		.loc 4 66 20 view .LVU1091
 3916 00a0 00C0      		rjmp .L277
 3917               	.LVL345:
 3918               	.L282:
  66:../lufa-LUFA-111009/LUFA/Drivers/USB/Core/AVR8/Template/Template_Endpoint_Control_W.c **** 			}
 3919               		.loc 4 66 20 view .LVU1092
 3920               	.LBE439:
 3921               	.LBE432:
 3922               	.LBB447:
  76:../lufa-LUFA-111009/LUFA/Drivers/USB/Core/AVR8/Template/Template_Endpoint_Control_W.c **** 
 3923               		.loc 4 76 3 is_stmt 1 view .LVU1093
  76:../lufa-LUFA-111009/LUFA/Drivers/USB/Core/AVR8/Template/Template_Endpoint_Control_W.c **** 
 3924               		.loc 4 76 11 is_stmt 0 view .LVU1094
 3925 00a2 8EB3      		in r24,0x1e
 3926               	.LVL346:
  78:../lufa-LUFA-111009/LUFA/Drivers/USB/Core/AVR8/Template/Template_Endpoint_Control_W.c **** 		  return ENDPOINT_RWCSTREAM_DeviceDisconnected;
 3927               		.loc 4 78 3 is_stmt 1 view .LVU1095
  78:../lufa-LUFA-111009/LUFA/Drivers/USB/Core/AVR8/Template/Template_Endpoint_Control_W.c **** 		  return ENDPOINT_RWCSTREAM_DeviceDisconnected;
 3928               		.loc 4 78 6 is_stmt 0 view .LVU1096
 3929 00a4 8115      		cp r24, __zero_reg__
 3930 00a6 01F0      		breq .L286
  80:../lufa-LUFA-111009/LUFA/Drivers/USB/Core/AVR8/Template/Template_Endpoint_Control_W.c **** 		  return ENDPOINT_RWCSTREAM_BusSuspended;
 3931               		.loc 4 80 8 is_stmt 1 view .LVU1097
  80:../lufa-LUFA-111009/LUFA/Drivers/USB/Core/AVR8/Template/Template_Endpoint_Control_W.c **** 		  return ENDPOINT_RWCSTREAM_BusSuspended;
 3932               		.loc 4 80 11 is_stmt 0 view .LVU1098
 3933 00a8 8530      		cpi r24,lo8(5)
 3934 00aa 01F0      		breq .+2
 3935 00ac 00C0      		rjmp .L293
 3936               	.LVL347:
 3937               	.L287:
  80:../lufa-LUFA-111009/LUFA/Drivers/USB/Core/AVR8/Template/Template_Endpoint_Control_W.c **** 		  return ENDPOINT_RWCSTREAM_BusSuspended;
 3938               		.loc 4 80 11 view .LVU1099
 3939               	.LBE447:
 3940               	.LBB448:
  51:../lufa-LUFA-111009/LUFA/Drivers/USB/Core/AVR8/Template/Template_Endpoint_Control_W.c **** 		else if (Endpoint_IsSETUPReceived())
 3941               		.loc 4 51 12 view .LVU1100
 3942 00ae 83E0      		ldi r24,lo8(3)
 3943               	/* epilogue start */
 3944               	.LBE448:
 3945               		.loc 4 85 1 view .LVU1101
 3946 00b0 0895      		ret
 3947               	.LVL348:
 3948               	.L285:
 3949               	.LBB449:
  53:../lufa-LUFA-111009/LUFA/Drivers/USB/Core/AVR8/Template/Template_Endpoint_Control_W.c **** 		else if (Endpoint_IsOUTReceived())
 3950               		.loc 4 53 12 view .LVU1102
 3951 00b2 81E0      		ldi r24,lo8(1)
 3952               	.LVL349:
  53:../lufa-LUFA-111009/LUFA/Drivers/USB/Core/AVR8/Template/Template_Endpoint_Control_W.c **** 		else if (Endpoint_IsOUTReceived())
 3953               		.loc 4 53 12 view .LVU1103
 3954 00b4 0895      		ret
 3955               	.LVL350:
 3956               	.L286:
  49:../lufa-LUFA-111009/LUFA/Drivers/USB/Core/AVR8/Template/Template_Endpoint_Control_W.c **** 		else if (USB_DeviceState_LCL == DEVICE_STATE_Suspended)
 3957               		.loc 4 49 12 view .LVU1104
 3958 00b6 82E0      		ldi r24,lo8(2)
 3959 00b8 0895      		ret
 3960               	.LBE449:
 3961               		.cfi_endproc
 3962               	.LFE102:
 3964               		.section	.text.Endpoint_Write_Control_EStream_LE,"ax",@progbits
 3965               	.global	Endpoint_Write_Control_EStream_LE
 3967               	Endpoint_Write_Control_EStream_LE:
 3968               	.LVL351:
 3969               	.LFB103:
  35:../lufa-LUFA-111009/LUFA/Drivers/USB/Core/AVR8/Template/Template_Endpoint_Control_W.c **** 	uint8_t* DataStream     = ((uint8_t*)Buffer + TEMPLATE_BUFFER_OFFSET(Length));
 3970               		.loc 4 35 1 is_stmt 1 view -0
 3971               		.cfi_startproc
  35:../lufa-LUFA-111009/LUFA/Drivers/USB/Core/AVR8/Template/Template_Endpoint_Control_W.c **** 	uint8_t* DataStream     = ((uint8_t*)Buffer + TEMPLATE_BUFFER_OFFSET(Length));
 3972               		.loc 4 35 1 is_stmt 0 view .LVU1106
 3973 0000 EF92      		push r14
 3974               	.LCFI104:
 3975               		.cfi_def_cfa_offset 3
 3976               		.cfi_offset 14, -2
 3977 0002 FF92      		push r15
 3978               	.LCFI105:
 3979               		.cfi_def_cfa_offset 4
 3980               		.cfi_offset 15, -3
 3981 0004 0F93      		push r16
 3982               	.LCFI106:
 3983               		.cfi_def_cfa_offset 5
 3984               		.cfi_offset 16, -4
 3985 0006 1F93      		push r17
 3986               	.LCFI107:
 3987               		.cfi_def_cfa_offset 6
 3988               		.cfi_offset 17, -5
 3989 0008 CF93      		push r28
 3990               	.LCFI108:
 3991               		.cfi_def_cfa_offset 7
 3992               		.cfi_offset 28, -6
 3993 000a DF93      		push r29
 3994               	.LCFI109:
 3995               		.cfi_def_cfa_offset 8
 3996               		.cfi_offset 29, -7
 3997               	/* prologue: function */
 3998               	/* frame size = 0 */
 3999               	/* stack size = 6 */
 4000               	.L__stack_usage = 6
 4001 000c 7C01      		movw r14,r24
 4002 000e CB01      		movw r24,r22
 4003               	.LVL352:
  36:../lufa-LUFA-111009/LUFA/Drivers/USB/Core/AVR8/Template/Template_Endpoint_Control_W.c **** 	bool     LastPacketFull = false;
 4004               		.loc 4 36 2 is_stmt 1 view .LVU1107
  37:../lufa-LUFA-111009/LUFA/Drivers/USB/Core/AVR8/Template/Template_Endpoint_Control_W.c **** 
 4005               		.loc 4 37 2 view .LVU1108
  39:../lufa-LUFA-111009/LUFA/Drivers/USB/Core/AVR8/Template/Template_Endpoint_Control_W.c **** 	  Length = USB_ControlRequest.wLength;
 4006               		.loc 4 39 2 view .LVU1109
  39:../lufa-LUFA-111009/LUFA/Drivers/USB/Core/AVR8/Template/Template_Endpoint_Control_W.c **** 	  Length = USB_ControlRequest.wLength;
 4007               		.loc 4 39 33 is_stmt 0 view .LVU1110
 4008 0010 C091 0000 		lds r28,USB_ControlRequest+6
 4009 0014 D091 0000 		lds r29,USB_ControlRequest+6+1
  39:../lufa-LUFA-111009/LUFA/Drivers/USB/Core/AVR8/Template/Template_Endpoint_Control_W.c **** 	  Length = USB_ControlRequest.wLength;
 4010               		.loc 4 39 5 view .LVU1111
 4011 0018 C617      		cp r28,r22
 4012 001a D707      		cpc r29,r23
 4013 001c 00F0      		brlo .L298
  41:../lufa-LUFA-111009/LUFA/Drivers/USB/Core/AVR8/Template/Template_Endpoint_Control_W.c **** 	  Endpoint_ClearIN();
 4014               		.loc 4 41 7 is_stmt 1 view .LVU1112
  41:../lufa-LUFA-111009/LUFA/Drivers/USB/Core/AVR8/Template/Template_Endpoint_Control_W.c **** 	  Endpoint_ClearIN();
 4015               		.loc 4 41 10 is_stmt 0 view .LVU1113
 4016 001e 0097      		sbiw r24,0
 4017 0020 01F0      		breq .L299
 4018               	.L300:
  35:../lufa-LUFA-111009/LUFA/Drivers/USB/Core/AVR8/Template/Template_Endpoint_Control_W.c **** 	uint8_t* DataStream     = ((uint8_t*)Buffer + TEMPLATE_BUFFER_OFFSET(Length));
 4019               		.loc 4 35 1 view .LVU1114
 4020 0022 EC01      		movw r28,r24
 4021               	.L298:
  35:../lufa-LUFA-111009/LUFA/Drivers/USB/Core/AVR8/Template/Template_Endpoint_Control_W.c **** 	uint8_t* DataStream     = ((uint8_t*)Buffer + TEMPLATE_BUFFER_OFFSET(Length));
 4022               		.loc 4 35 1 view .LVU1115
 4023 0024 80E0      		ldi r24,0
 4024               	.LVL353:
 4025               	.L304:
  44:../lufa-LUFA-111009/LUFA/Drivers/USB/Core/AVR8/Template/Template_Endpoint_Control_W.c **** 	{
 4026               		.loc 4 44 16 is_stmt 1 view .LVU1116
 4027 0026 2097      		sbiw r28,0
 4028 0028 01F4      		brne .L309
  44:../lufa-LUFA-111009/LUFA/Drivers/USB/Core/AVR8/Template/Template_Endpoint_Control_W.c **** 	{
 4029               		.loc 4 44 16 is_stmt 0 discriminator 1 view .LVU1117
 4030 002a 8111      		cpse r24,__zero_reg__
 4031 002c 00C0      		rjmp .L309
 4032               	.LVL354:
 4033               	.L321:
  74:../lufa-LUFA-111009/LUFA/Drivers/USB/Core/AVR8/Template/Template_Endpoint_Control_W.c **** 	{
 4034               		.loc 4 74 9 is_stmt 1 view .LVU1118
 4035               	.LBB450:
 4036               	.LBI450:
 477:../lufa-LUFA-111009/LUFA/Drivers/USB/Core/AVR8/../AVR8/../AVR8/Endpoint_AVR8.h **** 			{
 4037               		.loc 2 477 23 view .LVU1119
 4038               	.LBB451:
 479:../lufa-LUFA-111009/LUFA/Drivers/USB/Core/AVR8/../AVR8/../AVR8/Endpoint_AVR8.h **** 			}
 4039               		.loc 2 479 5 view .LVU1120
 479:../lufa-LUFA-111009/LUFA/Drivers/USB/Core/AVR8/../AVR8/../AVR8/Endpoint_AVR8.h **** 			}
 4040               		.loc 2 479 14 is_stmt 0 view .LVU1121
 4041 002e 8091 E800 		lds r24,232
 4042               	.LBE451:
 4043               	.LBE450:
  74:../lufa-LUFA-111009/LUFA/Drivers/USB/Core/AVR8/Template/Template_Endpoint_Control_W.c **** 	{
 4044               		.loc 4 74 9 view .LVU1122
 4045 0032 82FF      		sbrs r24,2
 4046 0034 00C0      		rjmp .L310
  84:../lufa-LUFA-111009/LUFA/Drivers/USB/Core/AVR8/Template/Template_Endpoint_Control_W.c **** }
 4047               		.loc 4 84 9 view .LVU1123
 4048 0036 80E0      		ldi r24,0
 4049               	.L297:
 4050               	/* epilogue start */
 4051               		.loc 4 85 1 view .LVU1124
 4052 0038 DF91      		pop r29
 4053 003a CF91      		pop r28
 4054               	.LVL355:
 4055               		.loc 4 85 1 view .LVU1125
 4056 003c 1F91      		pop r17
 4057 003e 0F91      		pop r16
 4058 0040 FF90      		pop r15
 4059 0042 EF90      		pop r14
 4060               	.LVL356:
 4061               		.loc 4 85 1 view .LVU1126
 4062 0044 0895      		ret
 4063               	.LVL357:
 4064               	.L299:
  42:../lufa-LUFA-111009/LUFA/Drivers/USB/Core/AVR8/Template/Template_Endpoint_Control_W.c **** 
 4065               		.loc 4 42 4 is_stmt 1 view .LVU1127
 4066               	.LBB452:
 4067               	.LBI452:
 513:../lufa-LUFA-111009/LUFA/Drivers/USB/Core/AVR8/../AVR8/../AVR8/Endpoint_AVR8.h **** 			{
 4068               		.loc 2 513 23 view .LVU1128
 4069               	.LBB453:
 516:../lufa-LUFA-111009/LUFA/Drivers/USB/Core/AVR8/../AVR8/../AVR8/Endpoint_AVR8.h **** 				#else
 4070               		.loc 2 516 6 view .LVU1129
 516:../lufa-LUFA-111009/LUFA/Drivers/USB/Core/AVR8/../AVR8/../AVR8/Endpoint_AVR8.h **** 				#else
 4071               		.loc 2 516 13 is_stmt 0 view .LVU1130
 4072 0046 2091 E800 		lds r18,232
 4073 004a 2E77      		andi r18,lo8(126)
 4074 004c 2093 E800 		sts 232,r18
 520:../lufa-LUFA-111009/LUFA/Drivers/USB/Core/AVR8/../AVR8/../AVR8/Endpoint_AVR8.h **** 
 4075               		.loc 2 520 4 view .LVU1131
 4076 0050 00C0      		rjmp .L300
 4077               	.LVL358:
 4078               	.L309:
 520:../lufa-LUFA-111009/LUFA/Drivers/USB/Core/AVR8/../AVR8/../AVR8/Endpoint_AVR8.h **** 
 4079               		.loc 2 520 4 view .LVU1132
 4080               	.LBE453:
 4081               	.LBE452:
 4082               	.LBB454:
  46:../lufa-LUFA-111009/LUFA/Drivers/USB/Core/AVR8/Template/Template_Endpoint_Control_W.c **** 
 4083               		.loc 4 46 3 is_stmt 1 view .LVU1133
  46:../lufa-LUFA-111009/LUFA/Drivers/USB/Core/AVR8/Template/Template_Endpoint_Control_W.c **** 
 4084               		.loc 4 46 11 is_stmt 0 view .LVU1134
 4085 0052 9EB3      		in r25,0x1e
 4086               	.LVL359:
  48:../lufa-LUFA-111009/LUFA/Drivers/USB/Core/AVR8/Template/Template_Endpoint_Control_W.c **** 		  return ENDPOINT_RWCSTREAM_DeviceDisconnected;
 4087               		.loc 4 48 3 is_stmt 1 view .LVU1135
  48:../lufa-LUFA-111009/LUFA/Drivers/USB/Core/AVR8/Template/Template_Endpoint_Control_W.c **** 		  return ENDPOINT_RWCSTREAM_DeviceDisconnected;
 4088               		.loc 4 48 6 is_stmt 0 view .LVU1136
 4089 0054 9115      		cp r25, __zero_reg__
 4090 0056 01F0      		breq .L314
  50:../lufa-LUFA-111009/LUFA/Drivers/USB/Core/AVR8/Template/Template_Endpoint_Control_W.c **** 		  return ENDPOINT_RWCSTREAM_BusSuspended;
 4091               		.loc 4 50 8 is_stmt 1 view .LVU1137
  50:../lufa-LUFA-111009/LUFA/Drivers/USB/Core/AVR8/Template/Template_Endpoint_Control_W.c **** 		  return ENDPOINT_RWCSTREAM_BusSuspended;
 4092               		.loc 4 50 11 is_stmt 0 view .LVU1138
 4093 0058 9530      		cpi r25,lo8(5)
 4094 005a 01F0      		breq .L315
  52:../lufa-LUFA-111009/LUFA/Drivers/USB/Core/AVR8/Template/Template_Endpoint_Control_W.c **** 		  return ENDPOINT_RWCSTREAM_HostAborted;
 4095               		.loc 4 52 8 is_stmt 1 view .LVU1139
 4096               	.LBB455:
 4097               	.LBI455:
 489:../lufa-LUFA-111009/LUFA/Drivers/USB/Core/AVR8/../AVR8/../AVR8/Endpoint_AVR8.h **** 			{
 4098               		.loc 2 489 23 view .LVU1140
 4099               	.LBB456:
 491:../lufa-LUFA-111009/LUFA/Drivers/USB/Core/AVR8/../AVR8/../AVR8/Endpoint_AVR8.h **** 			}
 4100               		.loc 2 491 5 view .LVU1141
 491:../lufa-LUFA-111009/LUFA/Drivers/USB/Core/AVR8/../AVR8/../AVR8/Endpoint_AVR8.h **** 			}
 4101               		.loc 2 491 14 is_stmt 0 view .LVU1142
 4102 005c 9091 E800 		lds r25,232
 4103               	.LVL360:
 491:../lufa-LUFA-111009/LUFA/Drivers/USB/Core/AVR8/../AVR8/../AVR8/Endpoint_AVR8.h **** 			}
 4104               		.loc 2 491 14 view .LVU1143
 4105               	.LBE456:
 4106               	.LBE455:
  52:../lufa-LUFA-111009/LUFA/Drivers/USB/Core/AVR8/Template/Template_Endpoint_Control_W.c **** 		  return ENDPOINT_RWCSTREAM_HostAborted;
 4107               		.loc 4 52 11 view .LVU1144
 4108 0060 93FD      		sbrc r25,3
 4109 0062 00C0      		rjmp .L313
  54:../lufa-LUFA-111009/LUFA/Drivers/USB/Core/AVR8/Template/Template_Endpoint_Control_W.c **** 		  break;
 4110               		.loc 4 54 8 is_stmt 1 view .LVU1145
 4111               	.LBB457:
 4112               	.LBI457:
 477:../lufa-LUFA-111009/LUFA/Drivers/USB/Core/AVR8/../AVR8/../AVR8/Endpoint_AVR8.h **** 			{
 4113               		.loc 2 477 23 view .LVU1146
 4114               	.LBB458:
 479:../lufa-LUFA-111009/LUFA/Drivers/USB/Core/AVR8/../AVR8/../AVR8/Endpoint_AVR8.h **** 			}
 4115               		.loc 2 479 5 view .LVU1147
 479:../lufa-LUFA-111009/LUFA/Drivers/USB/Core/AVR8/../AVR8/../AVR8/Endpoint_AVR8.h **** 			}
 4116               		.loc 2 479 14 is_stmt 0 view .LVU1148
 4117 0064 9091 E800 		lds r25,232
 4118               	.LBE458:
 4119               	.LBE457:
  54:../lufa-LUFA-111009/LUFA/Drivers/USB/Core/AVR8/Template/Template_Endpoint_Control_W.c **** 		  break;
 4120               		.loc 4 54 11 view .LVU1149
 4121 0068 92FD      		sbrc r25,2
 4122 006a 00C0      		rjmp .L321
  57:../lufa-LUFA-111009/LUFA/Drivers/USB/Core/AVR8/Template/Template_Endpoint_Control_W.c **** 		{
 4123               		.loc 4 57 3 is_stmt 1 view .LVU1150
 4124               	.LBB459:
 4125               	.LBI459:
 465:../lufa-LUFA-111009/LUFA/Drivers/USB/Core/AVR8/../AVR8/../AVR8/Endpoint_AVR8.h **** 			{
 4126               		.loc 2 465 23 view .LVU1151
 4127               	.LBB460:
 467:../lufa-LUFA-111009/LUFA/Drivers/USB/Core/AVR8/../AVR8/../AVR8/Endpoint_AVR8.h **** 			}
 4128               		.loc 2 467 5 view .LVU1152
 467:../lufa-LUFA-111009/LUFA/Drivers/USB/Core/AVR8/../AVR8/../AVR8/Endpoint_AVR8.h **** 			}
 4129               		.loc 2 467 14 is_stmt 0 view .LVU1153
 4130 006c 9091 E800 		lds r25,232
 4131               	.LBE460:
 4132               	.LBE459:
  57:../lufa-LUFA-111009/LUFA/Drivers/USB/Core/AVR8/Template/Template_Endpoint_Control_W.c **** 		{
 4133               		.loc 4 57 6 view .LVU1154
 4134 0070 90FF      		sbrs r25,0
 4135 0072 00C0      		rjmp .L304
 4136               	.LBB461:
  59:../lufa-LUFA-111009/LUFA/Drivers/USB/Core/AVR8/Template/Template_Endpoint_Control_W.c **** 
 4137               		.loc 4 59 4 is_stmt 1 view .LVU1155
 4138               	.LBB462:
 4139               	.LBI462:
 290:../lufa-LUFA-111009/LUFA/Drivers/USB/Core/AVR8/../AVR8/../AVR8/Endpoint_AVR8.h **** 			{
 4140               		.loc 2 290 27 view .LVU1156
 4141               	.LBB463:
 295:../lufa-LUFA-111009/LUFA/Drivers/USB/Core/AVR8/../AVR8/../AVR8/Endpoint_AVR8.h **** 				#elif defined(USB_SERIES_2_AVR)
 4142               		.loc 2 295 6 view .LVU1157
 295:../lufa-LUFA-111009/LUFA/Drivers/USB/Core/AVR8/../AVR8/../AVR8/Endpoint_AVR8.h **** 				#elif defined(USB_SERIES_2_AVR)
 4143               		.loc 2 295 25 is_stmt 0 view .LVU1158
 4144 0074 8091 F300 		lds r24,243
 4145               	.LVL361:
 295:../lufa-LUFA-111009/LUFA/Drivers/USB/Core/AVR8/../AVR8/../AVR8/Endpoint_AVR8.h **** 				#elif defined(USB_SERIES_2_AVR)
 4146               		.loc 2 295 40 view .LVU1159
 4147 0078 0091 F200 		lds r16,242
 295:../lufa-LUFA-111009/LUFA/Drivers/USB/Core/AVR8/../AVR8/../AVR8/Endpoint_AVR8.h **** 				#elif defined(USB_SERIES_2_AVR)
 4148               		.loc 2 295 38 view .LVU1160
 4149 007c 182F      		mov r17,r24
 4150               	.LVL362:
 295:../lufa-LUFA-111009/LUFA/Drivers/USB/Core/AVR8/../AVR8/../AVR8/Endpoint_AVR8.h **** 				#elif defined(USB_SERIES_2_AVR)
 4151               		.loc 2 295 38 view .LVU1161
 4152               	.LBE463:
 4153               	.LBE462:
  61:../lufa-LUFA-111009/LUFA/Drivers/USB/Core/AVR8/Template/Template_Endpoint_Control_W.c **** 			{
 4154               		.loc 4 61 4 is_stmt 1 view .LVU1162
 4155               	.L305:
  61:../lufa-LUFA-111009/LUFA/Drivers/USB/Core/AVR8/Template/Template_Endpoint_Control_W.c **** 			{
 4156               		.loc 4 61 18 view .LVU1163
 4157 007e 2097      		sbiw r28,0
 4158 0080 01F0      		breq .L306
  61:../lufa-LUFA-111009/LUFA/Drivers/USB/Core/AVR8/Template/Template_Endpoint_Control_W.c **** 			{
 4159               		.loc 4 61 18 is_stmt 0 discriminator 1 view .LVU1164
 4160 0082 0830      		cpi r16,8
 4161 0084 1105      		cpc r17,__zero_reg__
 4162 0086 00F0      		brlo .L307
 4163               	.L306:
  69:../lufa-LUFA-111009/LUFA/Drivers/USB/Core/AVR8/Template/Template_Endpoint_Control_W.c **** 			Endpoint_ClearIN();
 4164               		.loc 4 69 4 is_stmt 1 view .LVU1165
  69:../lufa-LUFA-111009/LUFA/Drivers/USB/Core/AVR8/Template/Template_Endpoint_Control_W.c **** 			Endpoint_ClearIN();
 4165               		.loc 4 69 19 is_stmt 0 view .LVU1166
 4166 0088 81E0      		ldi r24,lo8(1)
 4167 008a 0830      		cpi r16,8
 4168 008c 1105      		cpc r17,__zero_reg__
 4169 008e 01F0      		breq .L308
 4170 0090 80E0      		ldi r24,0
 4171               	.L308:
 4172               	.LVL363:
  70:../lufa-LUFA-111009/LUFA/Drivers/USB/Core/AVR8/Template/Template_Endpoint_Control_W.c **** 		}
 4173               		.loc 4 70 4 is_stmt 1 view .LVU1167
 4174               	.LBB464:
 4175               	.LBI464:
 513:../lufa-LUFA-111009/LUFA/Drivers/USB/Core/AVR8/../AVR8/../AVR8/Endpoint_AVR8.h **** 			{
 4176               		.loc 2 513 23 view .LVU1168
 4177               	.LBB465:
 516:../lufa-LUFA-111009/LUFA/Drivers/USB/Core/AVR8/../AVR8/../AVR8/Endpoint_AVR8.h **** 				#else
 4178               		.loc 2 516 6 view .LVU1169
 516:../lufa-LUFA-111009/LUFA/Drivers/USB/Core/AVR8/../AVR8/../AVR8/Endpoint_AVR8.h **** 				#else
 4179               		.loc 2 516 13 is_stmt 0 view .LVU1170
 4180 0092 9091 E800 		lds r25,232
 4181 0096 9E77      		andi r25,lo8(126)
 4182 0098 9093 E800 		sts 232,r25
 4183               	.LVL364:
 520:../lufa-LUFA-111009/LUFA/Drivers/USB/Core/AVR8/../AVR8/../AVR8/Endpoint_AVR8.h **** 
 4184               		.loc 2 520 4 view .LVU1171
 4185 009c 00C0      		rjmp .L304
 4186               	.LVL365:
 4187               	.L307:
 520:../lufa-LUFA-111009/LUFA/Drivers/USB/Core/AVR8/../AVR8/../AVR8/Endpoint_AVR8.h **** 
 4188               		.loc 2 520 4 view .LVU1172
 4189               	.LBE465:
 4190               	.LBE464:
  63:../lufa-LUFA-111009/LUFA/Drivers/USB/Core/AVR8/Template/Template_Endpoint_Control_W.c **** 				TEMPLATE_BUFFER_MOVE(DataStream, 1);
 4191               		.loc 4 63 5 is_stmt 1 view .LVU1173
 4192 009e C701      		movw r24,r14
 4193 00a0 0E94 0000 		call eeprom_read_byte
 4194               	.LVL366:
 4195               	.LBB466:
 4196               	.LBI466:
 622:../lufa-LUFA-111009/LUFA/Drivers/USB/Core/AVR8/../AVR8/../AVR8/Endpoint_AVR8.h **** 			{
 4197               		.loc 2 622 23 view .LVU1174
 4198               	.LBB467:
 624:../lufa-LUFA-111009/LUFA/Drivers/USB/Core/AVR8/../AVR8/../AVR8/Endpoint_AVR8.h **** 			}
 4199               		.loc 2 624 5 view .LVU1175
 624:../lufa-LUFA-111009/LUFA/Drivers/USB/Core/AVR8/../AVR8/../AVR8/Endpoint_AVR8.h **** 			}
 4200               		.loc 2 624 12 is_stmt 0 view .LVU1176
 4201 00a4 8093 F100 		sts 241,r24
 4202               	.LVL367:
 624:../lufa-LUFA-111009/LUFA/Drivers/USB/Core/AVR8/../AVR8/../AVR8/Endpoint_AVR8.h **** 			}
 4203               		.loc 2 624 12 view .LVU1177
 4204               	.LBE467:
 4205               	.LBE466:
  64:../lufa-LUFA-111009/LUFA/Drivers/USB/Core/AVR8/Template/Template_Endpoint_Control_W.c **** 				Length--;
 4206               		.loc 4 64 5 is_stmt 1 view .LVU1178
 4207 00a8 8FEF      		ldi r24,-1
 4208 00aa E81A      		sub r14,r24
 4209 00ac F80A      		sbc r15,r24
 4210               	.LVL368:
  65:../lufa-LUFA-111009/LUFA/Drivers/USB/Core/AVR8/Template/Template_Endpoint_Control_W.c **** 				BytesInEndpoint++;
 4211               		.loc 4 65 5 view .LVU1179
  65:../lufa-LUFA-111009/LUFA/Drivers/USB/Core/AVR8/Template/Template_Endpoint_Control_W.c **** 				BytesInEndpoint++;
 4212               		.loc 4 65 11 is_stmt 0 view .LVU1180
 4213 00ae 2197      		sbiw r28,1
 4214               	.LVL369:
  66:../lufa-LUFA-111009/LUFA/Drivers/USB/Core/AVR8/Template/Template_Endpoint_Control_W.c **** 			}
 4215               		.loc 4 66 5 is_stmt 1 view .LVU1181
  66:../lufa-LUFA-111009/LUFA/Drivers/USB/Core/AVR8/Template/Template_Endpoint_Control_W.c **** 			}
 4216               		.loc 4 66 20 is_stmt 0 view .LVU1182
 4217 00b0 0F5F      		subi r16,-1
 4218 00b2 1F4F      		sbci r17,-1
 4219               	.LVL370:
  66:../lufa-LUFA-111009/LUFA/Drivers/USB/Core/AVR8/Template/Template_Endpoint_Control_W.c **** 			}
 4220               		.loc 4 66 20 view .LVU1183
 4221 00b4 00C0      		rjmp .L305
 4222               	.LVL371:
 4223               	.L310:
  66:../lufa-LUFA-111009/LUFA/Drivers/USB/Core/AVR8/Template/Template_Endpoint_Control_W.c **** 			}
 4224               		.loc 4 66 20 view .LVU1184
 4225               	.LBE461:
 4226               	.LBE454:
 4227               	.LBB468:
  76:../lufa-LUFA-111009/LUFA/Drivers/USB/Core/AVR8/Template/Template_Endpoint_Control_W.c **** 
 4228               		.loc 4 76 3 is_stmt 1 view .LVU1185
  76:../lufa-LUFA-111009/LUFA/Drivers/USB/Core/AVR8/Template/Template_Endpoint_Control_W.c **** 
 4229               		.loc 4 76 11 is_stmt 0 view .LVU1186
 4230 00b6 8EB3      		in r24,0x1e
 4231               	.LVL372:
  78:../lufa-LUFA-111009/LUFA/Drivers/USB/Core/AVR8/Template/Template_Endpoint_Control_W.c **** 		  return ENDPOINT_RWCSTREAM_DeviceDisconnected;
 4232               		.loc 4 78 3 is_stmt 1 view .LVU1187
  78:../lufa-LUFA-111009/LUFA/Drivers/USB/Core/AVR8/Template/Template_Endpoint_Control_W.c **** 		  return ENDPOINT_RWCSTREAM_DeviceDisconnected;
 4233               		.loc 4 78 6 is_stmt 0 view .LVU1188
 4234 00b8 8115      		cp r24, __zero_reg__
 4235 00ba 01F0      		breq .L314
  80:../lufa-LUFA-111009/LUFA/Drivers/USB/Core/AVR8/Template/Template_Endpoint_Control_W.c **** 		  return ENDPOINT_RWCSTREAM_BusSuspended;
 4236               		.loc 4 80 8 is_stmt 1 view .LVU1189
  80:../lufa-LUFA-111009/LUFA/Drivers/USB/Core/AVR8/Template/Template_Endpoint_Control_W.c **** 		  return ENDPOINT_RWCSTREAM_BusSuspended;
 4237               		.loc 4 80 11 is_stmt 0 view .LVU1190
 4238 00bc 8530      		cpi r24,lo8(5)
 4239 00be 01F0      		breq .+2
 4240 00c0 00C0      		rjmp .L321
 4241               	.LVL373:
 4242               	.L315:
  80:../lufa-LUFA-111009/LUFA/Drivers/USB/Core/AVR8/Template/Template_Endpoint_Control_W.c **** 		  return ENDPOINT_RWCSTREAM_BusSuspended;
 4243               		.loc 4 80 11 view .LVU1191
 4244               	.LBE468:
 4245               	.LBB469:
  51:../lufa-LUFA-111009/LUFA/Drivers/USB/Core/AVR8/Template/Template_Endpoint_Control_W.c **** 		else if (Endpoint_IsSETUPReceived())
 4246               		.loc 4 51 12 view .LVU1192
 4247 00c2 83E0      		ldi r24,lo8(3)
 4248 00c4 00C0      		rjmp .L297
 4249               	.LVL374:
 4250               	.L313:
  53:../lufa-LUFA-111009/LUFA/Drivers/USB/Core/AVR8/Template/Template_Endpoint_Control_W.c **** 		else if (Endpoint_IsOUTReceived())
 4251               		.loc 4 53 12 view .LVU1193
 4252 00c6 81E0      		ldi r24,lo8(1)
 4253               	.LVL375:
  53:../lufa-LUFA-111009/LUFA/Drivers/USB/Core/AVR8/Template/Template_Endpoint_Control_W.c **** 		else if (Endpoint_IsOUTReceived())
 4254               		.loc 4 53 12 view .LVU1194
 4255 00c8 00C0      		rjmp .L297
 4256               	.LVL376:
 4257               	.L314:
  49:../lufa-LUFA-111009/LUFA/Drivers/USB/Core/AVR8/Template/Template_Endpoint_Control_W.c **** 		else if (USB_DeviceState_LCL == DEVICE_STATE_Suspended)
 4258               		.loc 4 49 12 view .LVU1195
 4259 00ca 82E0      		ldi r24,lo8(2)
 4260 00cc 00C0      		rjmp .L297
 4261               	.LBE469:
 4262               		.cfi_endproc
 4263               	.LFE103:
 4265               		.section	.text.Endpoint_Write_Control_EStream_BE,"ax",@progbits
 4266               	.global	Endpoint_Write_Control_EStream_BE
 4268               	Endpoint_Write_Control_EStream_BE:
 4269               	.LVL377:
 4270               	.LFB104:
  35:../lufa-LUFA-111009/LUFA/Drivers/USB/Core/AVR8/Template/Template_Endpoint_Control_W.c **** 	uint8_t* DataStream     = ((uint8_t*)Buffer + TEMPLATE_BUFFER_OFFSET(Length));
 4271               		.loc 4 35 1 is_stmt 1 view -0
 4272               		.cfi_startproc
  35:../lufa-LUFA-111009/LUFA/Drivers/USB/Core/AVR8/Template/Template_Endpoint_Control_W.c **** 	uint8_t* DataStream     = ((uint8_t*)Buffer + TEMPLATE_BUFFER_OFFSET(Length));
 4273               		.loc 4 35 1 is_stmt 0 view .LVU1197
 4274 0000 EF92      		push r14
 4275               	.LCFI110:
 4276               		.cfi_def_cfa_offset 3
 4277               		.cfi_offset 14, -2
 4278 0002 FF92      		push r15
 4279               	.LCFI111:
 4280               		.cfi_def_cfa_offset 4
 4281               		.cfi_offset 15, -3
 4282 0004 0F93      		push r16
 4283               	.LCFI112:
 4284               		.cfi_def_cfa_offset 5
 4285               		.cfi_offset 16, -4
 4286 0006 1F93      		push r17
 4287               	.LCFI113:
 4288               		.cfi_def_cfa_offset 6
 4289               		.cfi_offset 17, -5
 4290 0008 CF93      		push r28
 4291               	.LCFI114:
 4292               		.cfi_def_cfa_offset 7
 4293               		.cfi_offset 28, -6
 4294 000a DF93      		push r29
 4295               	.LCFI115:
 4296               		.cfi_def_cfa_offset 8
 4297               		.cfi_offset 29, -7
 4298               	/* prologue: function */
 4299               	/* frame size = 0 */
 4300               	/* stack size = 6 */
 4301               	.L__stack_usage = 6
 4302 000c 9B01      		movw r18,r22
  36:../lufa-LUFA-111009/LUFA/Drivers/USB/Core/AVR8/Template/Template_Endpoint_Control_W.c **** 	bool     LastPacketFull = false;
 4303               		.loc 4 36 2 is_stmt 1 view .LVU1198
  36:../lufa-LUFA-111009/LUFA/Drivers/USB/Core/AVR8/Template/Template_Endpoint_Control_W.c **** 	bool     LastPacketFull = false;
 4304               		.loc 4 36 46 is_stmt 0 view .LVU1199
 4305 000e 7B01      		movw r14,r22
 4306 0010 41E0      		ldi r20,1
 4307 0012 E41A      		sub r14,r20
 4308 0014 F108      		sbc r15,__zero_reg__
  36:../lufa-LUFA-111009/LUFA/Drivers/USB/Core/AVR8/Template/Template_Endpoint_Control_W.c **** 	bool     LastPacketFull = false;
 4309               		.loc 4 36 11 view .LVU1200
 4310 0016 E80E      		add r14,r24
 4311 0018 F91E      		adc r15,r25
 4312               	.LVL378:
  37:../lufa-LUFA-111009/LUFA/Drivers/USB/Core/AVR8/Template/Template_Endpoint_Control_W.c **** 
 4313               		.loc 4 37 2 is_stmt 1 view .LVU1201
  39:../lufa-LUFA-111009/LUFA/Drivers/USB/Core/AVR8/Template/Template_Endpoint_Control_W.c **** 	  Length = USB_ControlRequest.wLength;
 4314               		.loc 4 39 2 view .LVU1202
  39:../lufa-LUFA-111009/LUFA/Drivers/USB/Core/AVR8/Template/Template_Endpoint_Control_W.c **** 	  Length = USB_ControlRequest.wLength;
 4315               		.loc 4 39 33 is_stmt 0 view .LVU1203
 4316 001a C091 0000 		lds r28,USB_ControlRequest+6
 4317 001e D091 0000 		lds r29,USB_ControlRequest+6+1
  39:../lufa-LUFA-111009/LUFA/Drivers/USB/Core/AVR8/Template/Template_Endpoint_Control_W.c **** 	  Length = USB_ControlRequest.wLength;
 4318               		.loc 4 39 5 view .LVU1204
 4319 0022 C617      		cp r28,r22
 4320 0024 D707      		cpc r29,r23
 4321 0026 00F0      		brlo .L326
  41:../lufa-LUFA-111009/LUFA/Drivers/USB/Core/AVR8/Template/Template_Endpoint_Control_W.c **** 	  Endpoint_ClearIN();
 4322               		.loc 4 41 7 is_stmt 1 view .LVU1205
  41:../lufa-LUFA-111009/LUFA/Drivers/USB/Core/AVR8/Template/Template_Endpoint_Control_W.c **** 	  Endpoint_ClearIN();
 4323               		.loc 4 41 10 is_stmt 0 view .LVU1206
 4324 0028 672B      		or r22,r23
 4325 002a 01F0      		breq .L327
 4326               	.LVL379:
 4327               	.L328:
  35:../lufa-LUFA-111009/LUFA/Drivers/USB/Core/AVR8/Template/Template_Endpoint_Control_W.c **** 	uint8_t* DataStream     = ((uint8_t*)Buffer + TEMPLATE_BUFFER_OFFSET(Length));
 4328               		.loc 4 35 1 view .LVU1207
 4329 002c E901      		movw r28,r18
 4330               	.LVL380:
 4331               	.L326:
  35:../lufa-LUFA-111009/LUFA/Drivers/USB/Core/AVR8/Template/Template_Endpoint_Control_W.c **** 	uint8_t* DataStream     = ((uint8_t*)Buffer + TEMPLATE_BUFFER_OFFSET(Length));
 4332               		.loc 4 35 1 view .LVU1208
 4333 002e 80E0      		ldi r24,0
 4334               	.LVL381:
 4335               	.L332:
  44:../lufa-LUFA-111009/LUFA/Drivers/USB/Core/AVR8/Template/Template_Endpoint_Control_W.c **** 	{
 4336               		.loc 4 44 16 is_stmt 1 view .LVU1209
 4337 0030 2097      		sbiw r28,0
 4338 0032 01F4      		brne .L337
  44:../lufa-LUFA-111009/LUFA/Drivers/USB/Core/AVR8/Template/Template_Endpoint_Control_W.c **** 	{
 4339               		.loc 4 44 16 is_stmt 0 discriminator 1 view .LVU1210
 4340 0034 8111      		cpse r24,__zero_reg__
 4341 0036 00C0      		rjmp .L337
 4342               	.LVL382:
 4343               	.L349:
  74:../lufa-LUFA-111009/LUFA/Drivers/USB/Core/AVR8/Template/Template_Endpoint_Control_W.c **** 	{
 4344               		.loc 4 74 9 is_stmt 1 view .LVU1211
 4345               	.LBB470:
 4346               	.LBI470:
 477:../lufa-LUFA-111009/LUFA/Drivers/USB/Core/AVR8/../AVR8/../AVR8/Endpoint_AVR8.h **** 			{
 4347               		.loc 2 477 23 view .LVU1212
 4348               	.LBB471:
 479:../lufa-LUFA-111009/LUFA/Drivers/USB/Core/AVR8/../AVR8/../AVR8/Endpoint_AVR8.h **** 			}
 4349               		.loc 2 479 5 view .LVU1213
 479:../lufa-LUFA-111009/LUFA/Drivers/USB/Core/AVR8/../AVR8/../AVR8/Endpoint_AVR8.h **** 			}
 4350               		.loc 2 479 14 is_stmt 0 view .LVU1214
 4351 0038 8091 E800 		lds r24,232
 4352               	.LBE471:
 4353               	.LBE470:
  74:../lufa-LUFA-111009/LUFA/Drivers/USB/Core/AVR8/Template/Template_Endpoint_Control_W.c **** 	{
 4354               		.loc 4 74 9 view .LVU1215
 4355 003c 82FF      		sbrs r24,2
 4356 003e 00C0      		rjmp .L338
  84:../lufa-LUFA-111009/LUFA/Drivers/USB/Core/AVR8/Template/Template_Endpoint_Control_W.c **** }
 4357               		.loc 4 84 9 view .LVU1216
 4358 0040 80E0      		ldi r24,0
 4359               	.L325:
 4360               	/* epilogue start */
 4361               		.loc 4 85 1 view .LVU1217
 4362 0042 DF91      		pop r29
 4363 0044 CF91      		pop r28
 4364               	.LVL383:
 4365               		.loc 4 85 1 view .LVU1218
 4366 0046 1F91      		pop r17
 4367 0048 0F91      		pop r16
 4368 004a FF90      		pop r15
 4369 004c EF90      		pop r14
 4370               	.LVL384:
 4371               		.loc 4 85 1 view .LVU1219
 4372 004e 0895      		ret
 4373               	.LVL385:
 4374               	.L327:
  42:../lufa-LUFA-111009/LUFA/Drivers/USB/Core/AVR8/Template/Template_Endpoint_Control_W.c **** 
 4375               		.loc 4 42 4 is_stmt 1 view .LVU1220
 4376               	.LBB472:
 4377               	.LBI472:
 513:../lufa-LUFA-111009/LUFA/Drivers/USB/Core/AVR8/../AVR8/../AVR8/Endpoint_AVR8.h **** 			{
 4378               		.loc 2 513 23 view .LVU1221
 4379               	.LBB473:
 516:../lufa-LUFA-111009/LUFA/Drivers/USB/Core/AVR8/../AVR8/../AVR8/Endpoint_AVR8.h **** 				#else
 4380               		.loc 2 516 6 view .LVU1222
 516:../lufa-LUFA-111009/LUFA/Drivers/USB/Core/AVR8/../AVR8/../AVR8/Endpoint_AVR8.h **** 				#else
 4381               		.loc 2 516 13 is_stmt 0 view .LVU1223
 4382 0050 8091 E800 		lds r24,232
 4383               	.LVL386:
 516:../lufa-LUFA-111009/LUFA/Drivers/USB/Core/AVR8/../AVR8/../AVR8/Endpoint_AVR8.h **** 				#else
 4384               		.loc 2 516 13 view .LVU1224
 4385 0054 8E77      		andi r24,lo8(126)
 4386 0056 8093 E800 		sts 232,r24
 520:../lufa-LUFA-111009/LUFA/Drivers/USB/Core/AVR8/../AVR8/../AVR8/Endpoint_AVR8.h **** 
 4387               		.loc 2 520 4 view .LVU1225
 4388 005a 00C0      		rjmp .L328
 4389               	.LVL387:
 4390               	.L337:
 520:../lufa-LUFA-111009/LUFA/Drivers/USB/Core/AVR8/../AVR8/../AVR8/Endpoint_AVR8.h **** 
 4391               		.loc 2 520 4 view .LVU1226
 4392               	.LBE473:
 4393               	.LBE472:
 4394               	.LBB474:
  46:../lufa-LUFA-111009/LUFA/Drivers/USB/Core/AVR8/Template/Template_Endpoint_Control_W.c **** 
 4395               		.loc 4 46 3 is_stmt 1 view .LVU1227
  46:../lufa-LUFA-111009/LUFA/Drivers/USB/Core/AVR8/Template/Template_Endpoint_Control_W.c **** 
 4396               		.loc 4 46 11 is_stmt 0 view .LVU1228
 4397 005c 9EB3      		in r25,0x1e
 4398               	.LVL388:
  48:../lufa-LUFA-111009/LUFA/Drivers/USB/Core/AVR8/Template/Template_Endpoint_Control_W.c **** 		  return ENDPOINT_RWCSTREAM_DeviceDisconnected;
 4399               		.loc 4 48 3 is_stmt 1 view .LVU1229
  48:../lufa-LUFA-111009/LUFA/Drivers/USB/Core/AVR8/Template/Template_Endpoint_Control_W.c **** 		  return ENDPOINT_RWCSTREAM_DeviceDisconnected;
 4400               		.loc 4 48 6 is_stmt 0 view .LVU1230
 4401 005e 9115      		cp r25, __zero_reg__
 4402 0060 01F0      		breq .L342
  50:../lufa-LUFA-111009/LUFA/Drivers/USB/Core/AVR8/Template/Template_Endpoint_Control_W.c **** 		  return ENDPOINT_RWCSTREAM_BusSuspended;
 4403               		.loc 4 50 8 is_stmt 1 view .LVU1231
  50:../lufa-LUFA-111009/LUFA/Drivers/USB/Core/AVR8/Template/Template_Endpoint_Control_W.c **** 		  return ENDPOINT_RWCSTREAM_BusSuspended;
 4404               		.loc 4 50 11 is_stmt 0 view .LVU1232
 4405 0062 9530      		cpi r25,lo8(5)
 4406 0064 01F0      		breq .L343
  52:../lufa-LUFA-111009/LUFA/Drivers/USB/Core/AVR8/Template/Template_Endpoint_Control_W.c **** 		  return ENDPOINT_RWCSTREAM_HostAborted;
 4407               		.loc 4 52 8 is_stmt 1 view .LVU1233
 4408               	.LBB475:
 4409               	.LBI475:
 489:../lufa-LUFA-111009/LUFA/Drivers/USB/Core/AVR8/../AVR8/../AVR8/Endpoint_AVR8.h **** 			{
 4410               		.loc 2 489 23 view .LVU1234
 4411               	.LBB476:
 491:../lufa-LUFA-111009/LUFA/Drivers/USB/Core/AVR8/../AVR8/../AVR8/Endpoint_AVR8.h **** 			}
 4412               		.loc 2 491 5 view .LVU1235
 491:../lufa-LUFA-111009/LUFA/Drivers/USB/Core/AVR8/../AVR8/../AVR8/Endpoint_AVR8.h **** 			}
 4413               		.loc 2 491 14 is_stmt 0 view .LVU1236
 4414 0066 9091 E800 		lds r25,232
 4415               	.LVL389:
 491:../lufa-LUFA-111009/LUFA/Drivers/USB/Core/AVR8/../AVR8/../AVR8/Endpoint_AVR8.h **** 			}
 4416               		.loc 2 491 14 view .LVU1237
 4417               	.LBE476:
 4418               	.LBE475:
  52:../lufa-LUFA-111009/LUFA/Drivers/USB/Core/AVR8/Template/Template_Endpoint_Control_W.c **** 		  return ENDPOINT_RWCSTREAM_HostAborted;
 4419               		.loc 4 52 11 view .LVU1238
 4420 006a 93FD      		sbrc r25,3
 4421 006c 00C0      		rjmp .L341
  54:../lufa-LUFA-111009/LUFA/Drivers/USB/Core/AVR8/Template/Template_Endpoint_Control_W.c **** 		  break;
 4422               		.loc 4 54 8 is_stmt 1 view .LVU1239
 4423               	.LBB477:
 4424               	.LBI477:
 477:../lufa-LUFA-111009/LUFA/Drivers/USB/Core/AVR8/../AVR8/../AVR8/Endpoint_AVR8.h **** 			{
 4425               		.loc 2 477 23 view .LVU1240
 4426               	.LBB478:
 479:../lufa-LUFA-111009/LUFA/Drivers/USB/Core/AVR8/../AVR8/../AVR8/Endpoint_AVR8.h **** 			}
 4427               		.loc 2 479 5 view .LVU1241
 479:../lufa-LUFA-111009/LUFA/Drivers/USB/Core/AVR8/../AVR8/../AVR8/Endpoint_AVR8.h **** 			}
 4428               		.loc 2 479 14 is_stmt 0 view .LVU1242
 4429 006e 9091 E800 		lds r25,232
 4430               	.LBE478:
 4431               	.LBE477:
  54:../lufa-LUFA-111009/LUFA/Drivers/USB/Core/AVR8/Template/Template_Endpoint_Control_W.c **** 		  break;
 4432               		.loc 4 54 11 view .LVU1243
 4433 0072 92FD      		sbrc r25,2
 4434 0074 00C0      		rjmp .L349
  57:../lufa-LUFA-111009/LUFA/Drivers/USB/Core/AVR8/Template/Template_Endpoint_Control_W.c **** 		{
 4435               		.loc 4 57 3 is_stmt 1 view .LVU1244
 4436               	.LBB479:
 4437               	.LBI479:
 465:../lufa-LUFA-111009/LUFA/Drivers/USB/Core/AVR8/../AVR8/../AVR8/Endpoint_AVR8.h **** 			{
 4438               		.loc 2 465 23 view .LVU1245
 4439               	.LBB480:
 467:../lufa-LUFA-111009/LUFA/Drivers/USB/Core/AVR8/../AVR8/../AVR8/Endpoint_AVR8.h **** 			}
 4440               		.loc 2 467 5 view .LVU1246
 467:../lufa-LUFA-111009/LUFA/Drivers/USB/Core/AVR8/../AVR8/../AVR8/Endpoint_AVR8.h **** 			}
 4441               		.loc 2 467 14 is_stmt 0 view .LVU1247
 4442 0076 9091 E800 		lds r25,232
 4443               	.LBE480:
 4444               	.LBE479:
  57:../lufa-LUFA-111009/LUFA/Drivers/USB/Core/AVR8/Template/Template_Endpoint_Control_W.c **** 		{
 4445               		.loc 4 57 6 view .LVU1248
 4446 007a 90FF      		sbrs r25,0
 4447 007c 00C0      		rjmp .L332
 4448               	.LBB481:
  59:../lufa-LUFA-111009/LUFA/Drivers/USB/Core/AVR8/Template/Template_Endpoint_Control_W.c **** 
 4449               		.loc 4 59 4 is_stmt 1 view .LVU1249
 4450               	.LBB482:
 4451               	.LBI482:
 290:../lufa-LUFA-111009/LUFA/Drivers/USB/Core/AVR8/../AVR8/../AVR8/Endpoint_AVR8.h **** 			{
 4452               		.loc 2 290 27 view .LVU1250
 4453               	.LBB483:
 295:../lufa-LUFA-111009/LUFA/Drivers/USB/Core/AVR8/../AVR8/../AVR8/Endpoint_AVR8.h **** 				#elif defined(USB_SERIES_2_AVR)
 4454               		.loc 2 295 6 view .LVU1251
 295:../lufa-LUFA-111009/LUFA/Drivers/USB/Core/AVR8/../AVR8/../AVR8/Endpoint_AVR8.h **** 				#elif defined(USB_SERIES_2_AVR)
 4455               		.loc 2 295 25 is_stmt 0 view .LVU1252
 4456 007e 8091 F300 		lds r24,243
 4457               	.LVL390:
 295:../lufa-LUFA-111009/LUFA/Drivers/USB/Core/AVR8/../AVR8/../AVR8/Endpoint_AVR8.h **** 				#elif defined(USB_SERIES_2_AVR)
 4458               		.loc 2 295 40 view .LVU1253
 4459 0082 0091 F200 		lds r16,242
 295:../lufa-LUFA-111009/LUFA/Drivers/USB/Core/AVR8/../AVR8/../AVR8/Endpoint_AVR8.h **** 				#elif defined(USB_SERIES_2_AVR)
 4460               		.loc 2 295 38 view .LVU1254
 4461 0086 182F      		mov r17,r24
 4462               	.LVL391:
 295:../lufa-LUFA-111009/LUFA/Drivers/USB/Core/AVR8/../AVR8/../AVR8/Endpoint_AVR8.h **** 				#elif defined(USB_SERIES_2_AVR)
 4463               		.loc 2 295 38 view .LVU1255
 4464               	.LBE483:
 4465               	.LBE482:
  61:../lufa-LUFA-111009/LUFA/Drivers/USB/Core/AVR8/Template/Template_Endpoint_Control_W.c **** 			{
 4466               		.loc 4 61 4 is_stmt 1 view .LVU1256
 4467               	.L333:
  61:../lufa-LUFA-111009/LUFA/Drivers/USB/Core/AVR8/Template/Template_Endpoint_Control_W.c **** 			{
 4468               		.loc 4 61 18 view .LVU1257
 4469 0088 2097      		sbiw r28,0
 4470 008a 01F0      		breq .L334
  61:../lufa-LUFA-111009/LUFA/Drivers/USB/Core/AVR8/Template/Template_Endpoint_Control_W.c **** 			{
 4471               		.loc 4 61 18 is_stmt 0 discriminator 1 view .LVU1258
 4472 008c 0830      		cpi r16,8
 4473 008e 1105      		cpc r17,__zero_reg__
 4474 0090 00F0      		brlo .L335
 4475               	.L334:
  69:../lufa-LUFA-111009/LUFA/Drivers/USB/Core/AVR8/Template/Template_Endpoint_Control_W.c **** 			Endpoint_ClearIN();
 4476               		.loc 4 69 4 is_stmt 1 view .LVU1259
  69:../lufa-LUFA-111009/LUFA/Drivers/USB/Core/AVR8/Template/Template_Endpoint_Control_W.c **** 			Endpoint_ClearIN();
 4477               		.loc 4 69 19 is_stmt 0 view .LVU1260
 4478 0092 81E0      		ldi r24,lo8(1)
 4479 0094 0830      		cpi r16,8
 4480 0096 1105      		cpc r17,__zero_reg__
 4481 0098 01F0      		breq .L336
 4482 009a 80E0      		ldi r24,0
 4483               	.L336:
 4484               	.LVL392:
  70:../lufa-LUFA-111009/LUFA/Drivers/USB/Core/AVR8/Template/Template_Endpoint_Control_W.c **** 		}
 4485               		.loc 4 70 4 is_stmt 1 view .LVU1261
 4486               	.LBB484:
 4487               	.LBI484:
 513:../lufa-LUFA-111009/LUFA/Drivers/USB/Core/AVR8/../AVR8/../AVR8/Endpoint_AVR8.h **** 			{
 4488               		.loc 2 513 23 view .LVU1262
 4489               	.LBB485:
 516:../lufa-LUFA-111009/LUFA/Drivers/USB/Core/AVR8/../AVR8/../AVR8/Endpoint_AVR8.h **** 				#else
 4490               		.loc 2 516 6 view .LVU1263
 516:../lufa-LUFA-111009/LUFA/Drivers/USB/Core/AVR8/../AVR8/../AVR8/Endpoint_AVR8.h **** 				#else
 4491               		.loc 2 516 13 is_stmt 0 view .LVU1264
 4492 009c 9091 E800 		lds r25,232
 4493 00a0 9E77      		andi r25,lo8(126)
 4494 00a2 9093 E800 		sts 232,r25
 4495               	.LVL393:
 520:../lufa-LUFA-111009/LUFA/Drivers/USB/Core/AVR8/../AVR8/../AVR8/Endpoint_AVR8.h **** 
 4496               		.loc 2 520 4 view .LVU1265
 4497 00a6 00C0      		rjmp .L332
 4498               	.LVL394:
 4499               	.L335:
 520:../lufa-LUFA-111009/LUFA/Drivers/USB/Core/AVR8/../AVR8/../AVR8/Endpoint_AVR8.h **** 
 4500               		.loc 2 520 4 view .LVU1266
 4501               	.LBE485:
 4502               	.LBE484:
  63:../lufa-LUFA-111009/LUFA/Drivers/USB/Core/AVR8/Template/Template_Endpoint_Control_W.c **** 				TEMPLATE_BUFFER_MOVE(DataStream, 1);
 4503               		.loc 4 63 5 is_stmt 1 view .LVU1267
 4504 00a8 C701      		movw r24,r14
 4505 00aa 0E94 0000 		call eeprom_read_byte
 4506               	.LVL395:
 4507               	.LBB486:
 4508               	.LBI486:
 622:../lufa-LUFA-111009/LUFA/Drivers/USB/Core/AVR8/../AVR8/../AVR8/Endpoint_AVR8.h **** 			{
 4509               		.loc 2 622 23 view .LVU1268
 4510               	.LBB487:
 624:../lufa-LUFA-111009/LUFA/Drivers/USB/Core/AVR8/../AVR8/../AVR8/Endpoint_AVR8.h **** 			}
 4511               		.loc 2 624 5 view .LVU1269
 624:../lufa-LUFA-111009/LUFA/Drivers/USB/Core/AVR8/../AVR8/../AVR8/Endpoint_AVR8.h **** 			}
 4512               		.loc 2 624 12 is_stmt 0 view .LVU1270
 4513 00ae 8093 F100 		sts 241,r24
 4514               	.LVL396:
 624:../lufa-LUFA-111009/LUFA/Drivers/USB/Core/AVR8/../AVR8/../AVR8/Endpoint_AVR8.h **** 			}
 4515               		.loc 2 624 12 view .LVU1271
 4516               	.LBE487:
 4517               	.LBE486:
  64:../lufa-LUFA-111009/LUFA/Drivers/USB/Core/AVR8/Template/Template_Endpoint_Control_W.c **** 				Length--;
 4518               		.loc 4 64 5 is_stmt 1 view .LVU1272
 4519 00b2 81E0      		ldi r24,1
 4520 00b4 E81A      		sub r14,r24
 4521 00b6 F108      		sbc r15,__zero_reg__
 4522               	.LVL397:
  65:../lufa-LUFA-111009/LUFA/Drivers/USB/Core/AVR8/Template/Template_Endpoint_Control_W.c **** 				BytesInEndpoint++;
 4523               		.loc 4 65 5 view .LVU1273
  65:../lufa-LUFA-111009/LUFA/Drivers/USB/Core/AVR8/Template/Template_Endpoint_Control_W.c **** 				BytesInEndpoint++;
 4524               		.loc 4 65 11 is_stmt 0 view .LVU1274
 4525 00b8 2197      		sbiw r28,1
 4526               	.LVL398:
  66:../lufa-LUFA-111009/LUFA/Drivers/USB/Core/AVR8/Template/Template_Endpoint_Control_W.c **** 			}
 4527               		.loc 4 66 5 is_stmt 1 view .LVU1275
  66:../lufa-LUFA-111009/LUFA/Drivers/USB/Core/AVR8/Template/Template_Endpoint_Control_W.c **** 			}
 4528               		.loc 4 66 20 is_stmt 0 view .LVU1276
 4529 00ba 0F5F      		subi r16,-1
 4530 00bc 1F4F      		sbci r17,-1
 4531               	.LVL399:
  66:../lufa-LUFA-111009/LUFA/Drivers/USB/Core/AVR8/Template/Template_Endpoint_Control_W.c **** 			}
 4532               		.loc 4 66 20 view .LVU1277
 4533 00be 00C0      		rjmp .L333
 4534               	.LVL400:
 4535               	.L338:
  66:../lufa-LUFA-111009/LUFA/Drivers/USB/Core/AVR8/Template/Template_Endpoint_Control_W.c **** 			}
 4536               		.loc 4 66 20 view .LVU1278
 4537               	.LBE481:
 4538               	.LBE474:
 4539               	.LBB488:
  76:../lufa-LUFA-111009/LUFA/Drivers/USB/Core/AVR8/Template/Template_Endpoint_Control_W.c **** 
 4540               		.loc 4 76 3 is_stmt 1 view .LVU1279
  76:../lufa-LUFA-111009/LUFA/Drivers/USB/Core/AVR8/Template/Template_Endpoint_Control_W.c **** 
 4541               		.loc 4 76 11 is_stmt 0 view .LVU1280
 4542 00c0 8EB3      		in r24,0x1e
 4543               	.LVL401:
  78:../lufa-LUFA-111009/LUFA/Drivers/USB/Core/AVR8/Template/Template_Endpoint_Control_W.c **** 		  return ENDPOINT_RWCSTREAM_DeviceDisconnected;
 4544               		.loc 4 78 3 is_stmt 1 view .LVU1281
  78:../lufa-LUFA-111009/LUFA/Drivers/USB/Core/AVR8/Template/Template_Endpoint_Control_W.c **** 		  return ENDPOINT_RWCSTREAM_DeviceDisconnected;
 4545               		.loc 4 78 6 is_stmt 0 view .LVU1282
 4546 00c2 8115      		cp r24, __zero_reg__
 4547 00c4 01F0      		breq .L342
  80:../lufa-LUFA-111009/LUFA/Drivers/USB/Core/AVR8/Template/Template_Endpoint_Control_W.c **** 		  return ENDPOINT_RWCSTREAM_BusSuspended;
 4548               		.loc 4 80 8 is_stmt 1 view .LVU1283
  80:../lufa-LUFA-111009/LUFA/Drivers/USB/Core/AVR8/Template/Template_Endpoint_Control_W.c **** 		  return ENDPOINT_RWCSTREAM_BusSuspended;
 4549               		.loc 4 80 11 is_stmt 0 view .LVU1284
 4550 00c6 8530      		cpi r24,lo8(5)
 4551 00c8 01F0      		breq .+2
 4552 00ca 00C0      		rjmp .L349
 4553               	.LVL402:
 4554               	.L343:
  80:../lufa-LUFA-111009/LUFA/Drivers/USB/Core/AVR8/Template/Template_Endpoint_Control_W.c **** 		  return ENDPOINT_RWCSTREAM_BusSuspended;
 4555               		.loc 4 80 11 view .LVU1285
 4556               	.LBE488:
 4557               	.LBB489:
  51:../lufa-LUFA-111009/LUFA/Drivers/USB/Core/AVR8/Template/Template_Endpoint_Control_W.c **** 		else if (Endpoint_IsSETUPReceived())
 4558               		.loc 4 51 12 view .LVU1286
 4559 00cc 83E0      		ldi r24,lo8(3)
 4560 00ce 00C0      		rjmp .L325
 4561               	.LVL403:
 4562               	.L341:
  53:../lufa-LUFA-111009/LUFA/Drivers/USB/Core/AVR8/Template/Template_Endpoint_Control_W.c **** 		else if (Endpoint_IsOUTReceived())
 4563               		.loc 4 53 12 view .LVU1287
 4564 00d0 81E0      		ldi r24,lo8(1)
 4565               	.LVL404:
  53:../lufa-LUFA-111009/LUFA/Drivers/USB/Core/AVR8/Template/Template_Endpoint_Control_W.c **** 		else if (Endpoint_IsOUTReceived())
 4566               		.loc 4 53 12 view .LVU1288
 4567 00d2 00C0      		rjmp .L325
 4568               	.LVL405:
 4569               	.L342:
  49:../lufa-LUFA-111009/LUFA/Drivers/USB/Core/AVR8/Template/Template_Endpoint_Control_W.c **** 		else if (USB_DeviceState_LCL == DEVICE_STATE_Suspended)
 4570               		.loc 4 49 12 view .LVU1289
 4571 00d4 82E0      		ldi r24,lo8(2)
 4572 00d6 00C0      		rjmp .L325
 4573               	.LBE489:
 4574               		.cfi_endproc
 4575               	.LFE104:
 4577               		.section	.text.Endpoint_Read_Control_EStream_LE,"ax",@progbits
 4578               	.global	Endpoint_Read_Control_EStream_LE
 4580               	Endpoint_Read_Control_EStream_LE:
 4581               	.LVL406:
 4582               	.LFB105:
  35:../lufa-LUFA-111009/LUFA/Drivers/USB/Core/AVR8/Template/Template_Endpoint_Control_R.c **** 	uint8_t* DataStream = ((uint8_t*)Buffer + TEMPLATE_BUFFER_OFFSET(Length));
 4583               		.loc 5 35 1 is_stmt 1 view -0
 4584               		.cfi_startproc
  35:../lufa-LUFA-111009/LUFA/Drivers/USB/Core/AVR8/Template/Template_Endpoint_Control_R.c **** 	uint8_t* DataStream = ((uint8_t*)Buffer + TEMPLATE_BUFFER_OFFSET(Length));
 4585               		.loc 5 35 1 is_stmt 0 view .LVU1291
 4586 0000 0F93      		push r16
 4587               	.LCFI116:
 4588               		.cfi_def_cfa_offset 3
 4589               		.cfi_offset 16, -2
 4590 0002 1F93      		push r17
 4591               	.LCFI117:
 4592               		.cfi_def_cfa_offset 4
 4593               		.cfi_offset 17, -3
 4594 0004 CF93      		push r28
 4595               	.LCFI118:
 4596               		.cfi_def_cfa_offset 5
 4597               		.cfi_offset 28, -4
 4598 0006 DF93      		push r29
 4599               	.LCFI119:
 4600               		.cfi_def_cfa_offset 6
 4601               		.cfi_offset 29, -5
 4602               	/* prologue: function */
 4603               	/* frame size = 0 */
 4604               	/* stack size = 4 */
 4605               	.L__stack_usage = 4
 4606 0008 8C01      		movw r16,r24
 4607 000a EB01      		movw r28,r22
  36:../lufa-LUFA-111009/LUFA/Drivers/USB/Core/AVR8/Template/Template_Endpoint_Control_R.c **** 
 4608               		.loc 5 36 2 is_stmt 1 view .LVU1292
 4609               	.LVL407:
  38:../lufa-LUFA-111009/LUFA/Drivers/USB/Core/AVR8/Template/Template_Endpoint_Control_R.c **** 	  Endpoint_ClearOUT();
 4610               		.loc 5 38 2 view .LVU1293
  38:../lufa-LUFA-111009/LUFA/Drivers/USB/Core/AVR8/Template/Template_Endpoint_Control_R.c **** 	  Endpoint_ClearOUT();
 4611               		.loc 5 38 5 is_stmt 0 view .LVU1294
 4612 000c 2097      		sbiw r28,0
 4613 000e 01F4      		brne .L358
 4614               	.LVL408:
 4615               	.L359:
 4616               	.LBB490:
  61:../lufa-LUFA-111009/LUFA/Drivers/USB/Core/AVR8/Template/Template_Endpoint_Control_R.c **** 		}
 4617               		.loc 5 61 4 is_stmt 1 view .LVU1295
 4618               	.LBB491:
 4619               	.LBI491:
 528:../lufa-LUFA-111009/LUFA/Drivers/USB/Core/AVR8/../AVR8/../AVR8/Endpoint_AVR8.h **** 			{
 4620               		.loc 2 528 23 view .LVU1296
 4621               	.LBB492:
 531:../lufa-LUFA-111009/LUFA/Drivers/USB/Core/AVR8/../AVR8/../AVR8/Endpoint_AVR8.h **** 				#else
 4622               		.loc 2 531 6 view .LVU1297
 531:../lufa-LUFA-111009/LUFA/Drivers/USB/Core/AVR8/../AVR8/../AVR8/Endpoint_AVR8.h **** 				#else
 4623               		.loc 2 531 13 is_stmt 0 view .LVU1298
 4624 0010 8091 E800 		lds r24,232
 4625 0014 8B77      		andi r24,lo8(123)
 4626 0016 8093 E800 		sts 232,r24
 4627               	.LVL409:
 531:../lufa-LUFA-111009/LUFA/Drivers/USB/Core/AVR8/../AVR8/../AVR8/Endpoint_AVR8.h **** 				#else
 4628               		.loc 2 531 13 view .LVU1299
 4629               	.LBE492:
 4630               	.LBE491:
 4631               	.LBE490:
  41:../lufa-LUFA-111009/LUFA/Drivers/USB/Core/AVR8/Template/Template_Endpoint_Control_R.c **** 	{
 4632               		.loc 5 41 9 is_stmt 1 view .LVU1300
 4633 001a 2097      		sbiw r28,0
 4634 001c 01F4      		brne .L358
 4635               	.L361:
  65:../lufa-LUFA-111009/LUFA/Drivers/USB/Core/AVR8/Template/Template_Endpoint_Control_R.c **** 	{
 4636               		.loc 5 65 9 view .LVU1301
 4637               	.LBB501:
 4638               	.LBI501:
 465:../lufa-LUFA-111009/LUFA/Drivers/USB/Core/AVR8/../AVR8/../AVR8/Endpoint_AVR8.h **** 			{
 4639               		.loc 2 465 23 view .LVU1302
 4640               	.LBB502:
 467:../lufa-LUFA-111009/LUFA/Drivers/USB/Core/AVR8/../AVR8/../AVR8/Endpoint_AVR8.h **** 			}
 4641               		.loc 2 467 5 view .LVU1303
 467:../lufa-LUFA-111009/LUFA/Drivers/USB/Core/AVR8/../AVR8/../AVR8/Endpoint_AVR8.h **** 			}
 4642               		.loc 2 467 14 is_stmt 0 view .LVU1304
 4643 001e 8091 E800 		lds r24,232
 4644               	.LBE502:
 4645               	.LBE501:
  65:../lufa-LUFA-111009/LUFA/Drivers/USB/Core/AVR8/Template/Template_Endpoint_Control_R.c **** 	{
 4646               		.loc 5 65 9 view .LVU1305
 4647 0022 80FF      		sbrs r24,0
 4648 0024 00C0      		rjmp .L362
  75:../lufa-LUFA-111009/LUFA/Drivers/USB/Core/AVR8/Template/Template_Endpoint_Control_R.c **** }
 4649               		.loc 5 75 9 view .LVU1306
 4650 0026 80E0      		ldi r24,0
 4651               	.LVL410:
 4652               	.L353:
 4653               	/* epilogue start */
 4654               		.loc 5 76 1 view .LVU1307
 4655 0028 DF91      		pop r29
 4656 002a CF91      		pop r28
 4657 002c 1F91      		pop r17
 4658 002e 0F91      		pop r16
 4659 0030 0895      		ret
 4660               	.L358:
 4661               	.LBB503:
  43:../lufa-LUFA-111009/LUFA/Drivers/USB/Core/AVR8/Template/Template_Endpoint_Control_R.c **** 
 4662               		.loc 5 43 3 is_stmt 1 view .LVU1308
  43:../lufa-LUFA-111009/LUFA/Drivers/USB/Core/AVR8/Template/Template_Endpoint_Control_R.c **** 
 4663               		.loc 5 43 11 is_stmt 0 view .LVU1309
 4664 0032 8EB3      		in r24,0x1e
 4665               	.LVL411:
  45:../lufa-LUFA-111009/LUFA/Drivers/USB/Core/AVR8/Template/Template_Endpoint_Control_R.c **** 		  return ENDPOINT_RWCSTREAM_DeviceDisconnected;
 4666               		.loc 5 45 3 is_stmt 1 view .LVU1310
  45:../lufa-LUFA-111009/LUFA/Drivers/USB/Core/AVR8/Template/Template_Endpoint_Control_R.c **** 		  return ENDPOINT_RWCSTREAM_DeviceDisconnected;
 4667               		.loc 5 45 6 is_stmt 0 view .LVU1311
 4668 0034 8115      		cp r24, __zero_reg__
 4669 0036 01F0      		breq .L366
  47:../lufa-LUFA-111009/LUFA/Drivers/USB/Core/AVR8/Template/Template_Endpoint_Control_R.c **** 		  return ENDPOINT_RWCSTREAM_BusSuspended;
 4670               		.loc 5 47 8 is_stmt 1 view .LVU1312
  47:../lufa-LUFA-111009/LUFA/Drivers/USB/Core/AVR8/Template/Template_Endpoint_Control_R.c **** 		  return ENDPOINT_RWCSTREAM_BusSuspended;
 4671               		.loc 5 47 11 is_stmt 0 view .LVU1313
 4672 0038 8530      		cpi r24,lo8(5)
 4673 003a 01F0      		breq .L367
  49:../lufa-LUFA-111009/LUFA/Drivers/USB/Core/AVR8/Template/Template_Endpoint_Control_R.c **** 		  return ENDPOINT_RWCSTREAM_HostAborted;
 4674               		.loc 5 49 8 is_stmt 1 view .LVU1314
 4675               	.LBB493:
 4676               	.LBI493:
 489:../lufa-LUFA-111009/LUFA/Drivers/USB/Core/AVR8/../AVR8/../AVR8/Endpoint_AVR8.h **** 			{
 4677               		.loc 2 489 23 view .LVU1315
 4678               	.LBB494:
 491:../lufa-LUFA-111009/LUFA/Drivers/USB/Core/AVR8/../AVR8/../AVR8/Endpoint_AVR8.h **** 			}
 4679               		.loc 2 491 5 view .LVU1316
 491:../lufa-LUFA-111009/LUFA/Drivers/USB/Core/AVR8/../AVR8/../AVR8/Endpoint_AVR8.h **** 			}
 4680               		.loc 2 491 14 is_stmt 0 view .LVU1317
 4681 003c 8091 E800 		lds r24,232
 4682               	.LVL412:
 491:../lufa-LUFA-111009/LUFA/Drivers/USB/Core/AVR8/../AVR8/../AVR8/Endpoint_AVR8.h **** 			}
 4683               		.loc 2 491 14 view .LVU1318
 4684               	.LBE494:
 4685               	.LBE493:
  49:../lufa-LUFA-111009/LUFA/Drivers/USB/Core/AVR8/Template/Template_Endpoint_Control_R.c **** 		  return ENDPOINT_RWCSTREAM_HostAborted;
 4686               		.loc 5 49 11 view .LVU1319
 4687 0040 83FD      		sbrc r24,3
 4688 0042 00C0      		rjmp .L365
  52:../lufa-LUFA-111009/LUFA/Drivers/USB/Core/AVR8/Template/Template_Endpoint_Control_R.c **** 		{
 4689               		.loc 5 52 3 is_stmt 1 view .LVU1320
 4690               	.LBB495:
 4691               	.LBI495:
 477:../lufa-LUFA-111009/LUFA/Drivers/USB/Core/AVR8/../AVR8/../AVR8/Endpoint_AVR8.h **** 			{
 4692               		.loc 2 477 23 view .LVU1321
 4693               	.LBB496:
 479:../lufa-LUFA-111009/LUFA/Drivers/USB/Core/AVR8/../AVR8/../AVR8/Endpoint_AVR8.h **** 			}
 4694               		.loc 2 479 5 view .LVU1322
 479:../lufa-LUFA-111009/LUFA/Drivers/USB/Core/AVR8/../AVR8/../AVR8/Endpoint_AVR8.h **** 			}
 4695               		.loc 2 479 14 is_stmt 0 view .LVU1323
 4696 0044 8091 E800 		lds r24,232
 4697               	.LBE496:
 4698               	.LBE495:
  52:../lufa-LUFA-111009/LUFA/Drivers/USB/Core/AVR8/Template/Template_Endpoint_Control_R.c **** 		{
 4699               		.loc 5 52 6 view .LVU1324
 4700 0048 82FF      		sbrs r24,2
 4701 004a 00C0      		rjmp .L358
 4702               	.L357:
 4703               	.LVL413:
 4704               	.LBB497:
 4705               	.LBI497:
 290:../lufa-LUFA-111009/LUFA/Drivers/USB/Core/AVR8/../AVR8/../AVR8/Endpoint_AVR8.h **** 			{
 4706               		.loc 2 290 27 is_stmt 1 view .LVU1325
 4707               	.LBB498:
 295:../lufa-LUFA-111009/LUFA/Drivers/USB/Core/AVR8/../AVR8/../AVR8/Endpoint_AVR8.h **** 				#elif defined(USB_SERIES_2_AVR)
 4708               		.loc 2 295 6 view .LVU1326
 295:../lufa-LUFA-111009/LUFA/Drivers/USB/Core/AVR8/../AVR8/../AVR8/Endpoint_AVR8.h **** 				#elif defined(USB_SERIES_2_AVR)
 4709               		.loc 2 295 25 is_stmt 0 view .LVU1327
 4710 004c 9091 F300 		lds r25,243
 295:../lufa-LUFA-111009/LUFA/Drivers/USB/Core/AVR8/../AVR8/../AVR8/Endpoint_AVR8.h **** 				#elif defined(USB_SERIES_2_AVR)
 4711               		.loc 2 295 40 view .LVU1328
 4712 0050 8091 F200 		lds r24,242
 4713               	.LBE498:
 4714               	.LBE497:
  54:../lufa-LUFA-111009/LUFA/Drivers/USB/Core/AVR8/Template/Template_Endpoint_Control_R.c **** 			{
 4715               		.loc 5 54 18 view .LVU1329
 4716 0054 892B      		or r24,r25
 4717 0056 01F0      		breq .L359
  56:../lufa-LUFA-111009/LUFA/Drivers/USB/Core/AVR8/Template/Template_Endpoint_Control_R.c **** 				TEMPLATE_BUFFER_MOVE(DataStream, 1);
 4718               		.loc 5 56 5 is_stmt 1 view .LVU1330
 4719               	.LBB499:
 4720               	.LBI499:
 610:../lufa-LUFA-111009/LUFA/Drivers/USB/Core/AVR8/../AVR8/../AVR8/Endpoint_AVR8.h **** 			{
 4721               		.loc 2 610 26 view .LVU1331
 4722               	.LBB500:
 612:../lufa-LUFA-111009/LUFA/Drivers/USB/Core/AVR8/../AVR8/../AVR8/Endpoint_AVR8.h **** 			}
 4723               		.loc 2 612 5 view .LVU1332
 612:../lufa-LUFA-111009/LUFA/Drivers/USB/Core/AVR8/../AVR8/../AVR8/Endpoint_AVR8.h **** 			}
 4724               		.loc 2 612 12 is_stmt 0 view .LVU1333
 4725 0058 6091 F100 		lds r22,241
 4726               	.LBE500:
 4727               	.LBE499:
  56:../lufa-LUFA-111009/LUFA/Drivers/USB/Core/AVR8/Template/Template_Endpoint_Control_R.c **** 				TEMPLATE_BUFFER_MOVE(DataStream, 1);
 4728               		.loc 5 56 5 view .LVU1334
 4729 005c C801      		movw r24,r16
 4730 005e 0E94 0000 		call eeprom_update_byte
 4731               	.LVL414:
  57:../lufa-LUFA-111009/LUFA/Drivers/USB/Core/AVR8/Template/Template_Endpoint_Control_R.c **** 				Length--;
 4732               		.loc 5 57 5 is_stmt 1 view .LVU1335
 4733 0062 0F5F      		subi r16,-1
 4734 0064 1F4F      		sbci r17,-1
 4735               	.LVL415:
  58:../lufa-LUFA-111009/LUFA/Drivers/USB/Core/AVR8/Template/Template_Endpoint_Control_R.c **** 			}
 4736               		.loc 5 58 5 view .LVU1336
  54:../lufa-LUFA-111009/LUFA/Drivers/USB/Core/AVR8/Template/Template_Endpoint_Control_R.c **** 			{
 4737               		.loc 5 54 18 is_stmt 0 view .LVU1337
 4738 0066 2197      		sbiw r28, 1
 4739               	.LVL416:
  54:../lufa-LUFA-111009/LUFA/Drivers/USB/Core/AVR8/Template/Template_Endpoint_Control_R.c **** 			{
 4740               		.loc 5 54 18 view .LVU1338
 4741 0068 01F0      		breq .L359
 4742 006a 00C0      		rjmp .L357
 4743               	.LVL417:
 4744               	.L362:
  54:../lufa-LUFA-111009/LUFA/Drivers/USB/Core/AVR8/Template/Template_Endpoint_Control_R.c **** 			{
 4745               		.loc 5 54 18 view .LVU1339
 4746               	.LBE503:
 4747               	.LBB504:
  67:../lufa-LUFA-111009/LUFA/Drivers/USB/Core/AVR8/Template/Template_Endpoint_Control_R.c **** 
 4748               		.loc 5 67 3 is_stmt 1 view .LVU1340
  67:../lufa-LUFA-111009/LUFA/Drivers/USB/Core/AVR8/Template/Template_Endpoint_Control_R.c **** 
 4749               		.loc 5 67 11 is_stmt 0 view .LVU1341
 4750 006c 8EB3      		in r24,0x1e
 4751               	.LVL418:
  69:../lufa-LUFA-111009/LUFA/Drivers/USB/Core/AVR8/Template/Template_Endpoint_Control_R.c **** 		  return ENDPOINT_RWCSTREAM_DeviceDisconnected;
 4752               		.loc 5 69 3 is_stmt 1 view .LVU1342
  69:../lufa-LUFA-111009/LUFA/Drivers/USB/Core/AVR8/Template/Template_Endpoint_Control_R.c **** 		  return ENDPOINT_RWCSTREAM_DeviceDisconnected;
 4753               		.loc 5 69 6 is_stmt 0 view .LVU1343
 4754 006e 8115      		cp r24, __zero_reg__
 4755 0070 01F0      		breq .L366
  71:../lufa-LUFA-111009/LUFA/Drivers/USB/Core/AVR8/Template/Template_Endpoint_Control_R.c **** 		  return ENDPOINT_RWCSTREAM_BusSuspended;
 4756               		.loc 5 71 8 is_stmt 1 view .LVU1344
  71:../lufa-LUFA-111009/LUFA/Drivers/USB/Core/AVR8/Template/Template_Endpoint_Control_R.c **** 		  return ENDPOINT_RWCSTREAM_BusSuspended;
 4757               		.loc 5 71 11 is_stmt 0 view .LVU1345
 4758 0072 8530      		cpi r24,lo8(5)
 4759 0074 01F4      		brne .L361
 4760               	.LVL419:
 4761               	.L367:
  71:../lufa-LUFA-111009/LUFA/Drivers/USB/Core/AVR8/Template/Template_Endpoint_Control_R.c **** 		  return ENDPOINT_RWCSTREAM_BusSuspended;
 4762               		.loc 5 71 11 view .LVU1346
 4763               	.LBE504:
 4764               	.LBB505:
  48:../lufa-LUFA-111009/LUFA/Drivers/USB/Core/AVR8/Template/Template_Endpoint_Control_R.c **** 		else if (Endpoint_IsSETUPReceived())
 4765               		.loc 5 48 12 view .LVU1347
 4766 0076 83E0      		ldi r24,lo8(3)
 4767 0078 00C0      		rjmp .L353
 4768               	.LVL420:
 4769               	.L365:
  50:../lufa-LUFA-111009/LUFA/Drivers/USB/Core/AVR8/Template/Template_Endpoint_Control_R.c **** 
 4770               		.loc 5 50 12 view .LVU1348
 4771 007a 81E0      		ldi r24,lo8(1)
 4772 007c 00C0      		rjmp .L353
 4773               	.LVL421:
 4774               	.L366:
  46:../lufa-LUFA-111009/LUFA/Drivers/USB/Core/AVR8/Template/Template_Endpoint_Control_R.c **** 		else if (USB_DeviceState_LCL == DEVICE_STATE_Suspended)
 4775               		.loc 5 46 12 view .LVU1349
 4776 007e 82E0      		ldi r24,lo8(2)
 4777 0080 00C0      		rjmp .L353
 4778               	.LBE505:
 4779               		.cfi_endproc
 4780               	.LFE105:
 4782               		.section	.text.Endpoint_Read_Control_EStream_BE,"ax",@progbits
 4783               	.global	Endpoint_Read_Control_EStream_BE
 4785               	Endpoint_Read_Control_EStream_BE:
 4786               	.LVL422:
 4787               	.LFB106:
  35:../lufa-LUFA-111009/LUFA/Drivers/USB/Core/AVR8/Template/Template_Endpoint_Control_R.c **** 	uint8_t* DataStream = ((uint8_t*)Buffer + TEMPLATE_BUFFER_OFFSET(Length));
 4788               		.loc 5 35 1 is_stmt 1 view -0
 4789               		.cfi_startproc
  35:../lufa-LUFA-111009/LUFA/Drivers/USB/Core/AVR8/Template/Template_Endpoint_Control_R.c **** 	uint8_t* DataStream = ((uint8_t*)Buffer + TEMPLATE_BUFFER_OFFSET(Length));
 4790               		.loc 5 35 1 is_stmt 0 view .LVU1351
 4791 0000 0F93      		push r16
 4792               	.LCFI120:
 4793               		.cfi_def_cfa_offset 3
 4794               		.cfi_offset 16, -2
 4795 0002 1F93      		push r17
 4796               	.LCFI121:
 4797               		.cfi_def_cfa_offset 4
 4798               		.cfi_offset 17, -3
 4799 0004 CF93      		push r28
 4800               	.LCFI122:
 4801               		.cfi_def_cfa_offset 5
 4802               		.cfi_offset 28, -4
 4803 0006 DF93      		push r29
 4804               	.LCFI123:
 4805               		.cfi_def_cfa_offset 6
 4806               		.cfi_offset 29, -5
 4807               	/* prologue: function */
 4808               	/* frame size = 0 */
 4809               	/* stack size = 4 */
 4810               	.L__stack_usage = 4
 4811 0008 EB01      		movw r28,r22
  36:../lufa-LUFA-111009/LUFA/Drivers/USB/Core/AVR8/Template/Template_Endpoint_Control_R.c **** 
 4812               		.loc 5 36 2 is_stmt 1 view .LVU1352
  36:../lufa-LUFA-111009/LUFA/Drivers/USB/Core/AVR8/Template/Template_Endpoint_Control_R.c **** 
 4813               		.loc 5 36 42 is_stmt 0 view .LVU1353
 4814 000a 8B01      		movw r16,r22
 4815 000c 0150      		subi r16,1
 4816 000e 1109      		sbc r17,__zero_reg__
  36:../lufa-LUFA-111009/LUFA/Drivers/USB/Core/AVR8/Template/Template_Endpoint_Control_R.c **** 
 4817               		.loc 5 36 11 view .LVU1354
 4818 0010 080F      		add r16,r24
 4819 0012 191F      		adc r17,r25
 4820               	.LVL423:
  38:../lufa-LUFA-111009/LUFA/Drivers/USB/Core/AVR8/Template/Template_Endpoint_Control_R.c **** 	  Endpoint_ClearOUT();
 4821               		.loc 5 38 2 is_stmt 1 view .LVU1355
  38:../lufa-LUFA-111009/LUFA/Drivers/USB/Core/AVR8/Template/Template_Endpoint_Control_R.c **** 	  Endpoint_ClearOUT();
 4822               		.loc 5 38 5 is_stmt 0 view .LVU1356
 4823 0014 2097      		sbiw r28,0
 4824 0016 01F4      		brne .L378
 4825               	.LVL424:
 4826               	.L379:
 4827               	.LBB506:
  61:../lufa-LUFA-111009/LUFA/Drivers/USB/Core/AVR8/Template/Template_Endpoint_Control_R.c **** 		}
 4828               		.loc 5 61 4 is_stmt 1 view .LVU1357
 4829               	.LBB507:
 4830               	.LBI507:
 528:../lufa-LUFA-111009/LUFA/Drivers/USB/Core/AVR8/../AVR8/../AVR8/Endpoint_AVR8.h **** 			{
 4831               		.loc 2 528 23 view .LVU1358
 4832               	.LBB508:
 531:../lufa-LUFA-111009/LUFA/Drivers/USB/Core/AVR8/../AVR8/../AVR8/Endpoint_AVR8.h **** 				#else
 4833               		.loc 2 531 6 view .LVU1359
 531:../lufa-LUFA-111009/LUFA/Drivers/USB/Core/AVR8/../AVR8/../AVR8/Endpoint_AVR8.h **** 				#else
 4834               		.loc 2 531 13 is_stmt 0 view .LVU1360
 4835 0018 8091 E800 		lds r24,232
 4836 001c 8B77      		andi r24,lo8(123)
 4837 001e 8093 E800 		sts 232,r24
 4838               	.LVL425:
 531:../lufa-LUFA-111009/LUFA/Drivers/USB/Core/AVR8/../AVR8/../AVR8/Endpoint_AVR8.h **** 				#else
 4839               		.loc 2 531 13 view .LVU1361
 4840               	.LBE508:
 4841               	.LBE507:
 4842               	.LBE506:
  41:../lufa-LUFA-111009/LUFA/Drivers/USB/Core/AVR8/Template/Template_Endpoint_Control_R.c **** 	{
 4843               		.loc 5 41 9 is_stmt 1 view .LVU1362
 4844 0022 2097      		sbiw r28,0
 4845 0024 01F4      		brne .L378
 4846               	.L381:
  65:../lufa-LUFA-111009/LUFA/Drivers/USB/Core/AVR8/Template/Template_Endpoint_Control_R.c **** 	{
 4847               		.loc 5 65 9 view .LVU1363
 4848               	.LBB517:
 4849               	.LBI517:
 465:../lufa-LUFA-111009/LUFA/Drivers/USB/Core/AVR8/../AVR8/../AVR8/Endpoint_AVR8.h **** 			{
 4850               		.loc 2 465 23 view .LVU1364
 4851               	.LBB518:
 467:../lufa-LUFA-111009/LUFA/Drivers/USB/Core/AVR8/../AVR8/../AVR8/Endpoint_AVR8.h **** 			}
 4852               		.loc 2 467 5 view .LVU1365
 467:../lufa-LUFA-111009/LUFA/Drivers/USB/Core/AVR8/../AVR8/../AVR8/Endpoint_AVR8.h **** 			}
 4853               		.loc 2 467 14 is_stmt 0 view .LVU1366
 4854 0026 8091 E800 		lds r24,232
 4855               	.LBE518:
 4856               	.LBE517:
  65:../lufa-LUFA-111009/LUFA/Drivers/USB/Core/AVR8/Template/Template_Endpoint_Control_R.c **** 	{
 4857               		.loc 5 65 9 view .LVU1367
 4858 002a 80FF      		sbrs r24,0
 4859 002c 00C0      		rjmp .L382
  75:../lufa-LUFA-111009/LUFA/Drivers/USB/Core/AVR8/Template/Template_Endpoint_Control_R.c **** }
 4860               		.loc 5 75 9 view .LVU1368
 4861 002e 80E0      		ldi r24,0
 4862               	.LVL426:
 4863               	.L373:
 4864               	/* epilogue start */
 4865               		.loc 5 76 1 view .LVU1369
 4866 0030 DF91      		pop r29
 4867 0032 CF91      		pop r28
 4868 0034 1F91      		pop r17
 4869 0036 0F91      		pop r16
 4870 0038 0895      		ret
 4871               	.L378:
 4872               	.LBB519:
  43:../lufa-LUFA-111009/LUFA/Drivers/USB/Core/AVR8/Template/Template_Endpoint_Control_R.c **** 
 4873               		.loc 5 43 3 is_stmt 1 view .LVU1370
  43:../lufa-LUFA-111009/LUFA/Drivers/USB/Core/AVR8/Template/Template_Endpoint_Control_R.c **** 
 4874               		.loc 5 43 11 is_stmt 0 view .LVU1371
 4875 003a 8EB3      		in r24,0x1e
 4876               	.LVL427:
  45:../lufa-LUFA-111009/LUFA/Drivers/USB/Core/AVR8/Template/Template_Endpoint_Control_R.c **** 		  return ENDPOINT_RWCSTREAM_DeviceDisconnected;
 4877               		.loc 5 45 3 is_stmt 1 view .LVU1372
  45:../lufa-LUFA-111009/LUFA/Drivers/USB/Core/AVR8/Template/Template_Endpoint_Control_R.c **** 		  return ENDPOINT_RWCSTREAM_DeviceDisconnected;
 4878               		.loc 5 45 6 is_stmt 0 view .LVU1373
 4879 003c 8115      		cp r24, __zero_reg__
 4880 003e 01F0      		breq .L386
  47:../lufa-LUFA-111009/LUFA/Drivers/USB/Core/AVR8/Template/Template_Endpoint_Control_R.c **** 		  return ENDPOINT_RWCSTREAM_BusSuspended;
 4881               		.loc 5 47 8 is_stmt 1 view .LVU1374
  47:../lufa-LUFA-111009/LUFA/Drivers/USB/Core/AVR8/Template/Template_Endpoint_Control_R.c **** 		  return ENDPOINT_RWCSTREAM_BusSuspended;
 4882               		.loc 5 47 11 is_stmt 0 view .LVU1375
 4883 0040 8530      		cpi r24,lo8(5)
 4884 0042 01F0      		breq .L387
  49:../lufa-LUFA-111009/LUFA/Drivers/USB/Core/AVR8/Template/Template_Endpoint_Control_R.c **** 		  return ENDPOINT_RWCSTREAM_HostAborted;
 4885               		.loc 5 49 8 is_stmt 1 view .LVU1376
 4886               	.LBB509:
 4887               	.LBI509:
 489:../lufa-LUFA-111009/LUFA/Drivers/USB/Core/AVR8/../AVR8/../AVR8/Endpoint_AVR8.h **** 			{
 4888               		.loc 2 489 23 view .LVU1377
 4889               	.LBB510:
 491:../lufa-LUFA-111009/LUFA/Drivers/USB/Core/AVR8/../AVR8/../AVR8/Endpoint_AVR8.h **** 			}
 4890               		.loc 2 491 5 view .LVU1378
 491:../lufa-LUFA-111009/LUFA/Drivers/USB/Core/AVR8/../AVR8/../AVR8/Endpoint_AVR8.h **** 			}
 4891               		.loc 2 491 14 is_stmt 0 view .LVU1379
 4892 0044 8091 E800 		lds r24,232
 4893               	.LVL428:
 491:../lufa-LUFA-111009/LUFA/Drivers/USB/Core/AVR8/../AVR8/../AVR8/Endpoint_AVR8.h **** 			}
 4894               		.loc 2 491 14 view .LVU1380
 4895               	.LBE510:
 4896               	.LBE509:
  49:../lufa-LUFA-111009/LUFA/Drivers/USB/Core/AVR8/Template/Template_Endpoint_Control_R.c **** 		  return ENDPOINT_RWCSTREAM_HostAborted;
 4897               		.loc 5 49 11 view .LVU1381
 4898 0048 83FD      		sbrc r24,3
 4899 004a 00C0      		rjmp .L385
  52:../lufa-LUFA-111009/LUFA/Drivers/USB/Core/AVR8/Template/Template_Endpoint_Control_R.c **** 		{
 4900               		.loc 5 52 3 is_stmt 1 view .LVU1382
 4901               	.LBB511:
 4902               	.LBI511:
 477:../lufa-LUFA-111009/LUFA/Drivers/USB/Core/AVR8/../AVR8/../AVR8/Endpoint_AVR8.h **** 			{
 4903               		.loc 2 477 23 view .LVU1383
 4904               	.LBB512:
 479:../lufa-LUFA-111009/LUFA/Drivers/USB/Core/AVR8/../AVR8/../AVR8/Endpoint_AVR8.h **** 			}
 4905               		.loc 2 479 5 view .LVU1384
 479:../lufa-LUFA-111009/LUFA/Drivers/USB/Core/AVR8/../AVR8/../AVR8/Endpoint_AVR8.h **** 			}
 4906               		.loc 2 479 14 is_stmt 0 view .LVU1385
 4907 004c 8091 E800 		lds r24,232
 4908               	.LBE512:
 4909               	.LBE511:
  52:../lufa-LUFA-111009/LUFA/Drivers/USB/Core/AVR8/Template/Template_Endpoint_Control_R.c **** 		{
 4910               		.loc 5 52 6 view .LVU1386
 4911 0050 82FF      		sbrs r24,2
 4912 0052 00C0      		rjmp .L378
 4913               	.L377:
 4914               	.LVL429:
 4915               	.LBB513:
 4916               	.LBI513:
 290:../lufa-LUFA-111009/LUFA/Drivers/USB/Core/AVR8/../AVR8/../AVR8/Endpoint_AVR8.h **** 			{
 4917               		.loc 2 290 27 is_stmt 1 view .LVU1387
 4918               	.LBB514:
 295:../lufa-LUFA-111009/LUFA/Drivers/USB/Core/AVR8/../AVR8/../AVR8/Endpoint_AVR8.h **** 				#elif defined(USB_SERIES_2_AVR)
 4919               		.loc 2 295 6 view .LVU1388
 295:../lufa-LUFA-111009/LUFA/Drivers/USB/Core/AVR8/../AVR8/../AVR8/Endpoint_AVR8.h **** 				#elif defined(USB_SERIES_2_AVR)
 4920               		.loc 2 295 25 is_stmt 0 view .LVU1389
 4921 0054 9091 F300 		lds r25,243
 295:../lufa-LUFA-111009/LUFA/Drivers/USB/Core/AVR8/../AVR8/../AVR8/Endpoint_AVR8.h **** 				#elif defined(USB_SERIES_2_AVR)
 4922               		.loc 2 295 40 view .LVU1390
 4923 0058 8091 F200 		lds r24,242
 4924               	.LBE514:
 4925               	.LBE513:
  54:../lufa-LUFA-111009/LUFA/Drivers/USB/Core/AVR8/Template/Template_Endpoint_Control_R.c **** 			{
 4926               		.loc 5 54 18 view .LVU1391
 4927 005c 892B      		or r24,r25
 4928 005e 01F0      		breq .L379
  56:../lufa-LUFA-111009/LUFA/Drivers/USB/Core/AVR8/Template/Template_Endpoint_Control_R.c **** 				TEMPLATE_BUFFER_MOVE(DataStream, 1);
 4929               		.loc 5 56 5 is_stmt 1 view .LVU1392
 4930               	.LBB515:
 4931               	.LBI515:
 610:../lufa-LUFA-111009/LUFA/Drivers/USB/Core/AVR8/../AVR8/../AVR8/Endpoint_AVR8.h **** 			{
 4932               		.loc 2 610 26 view .LVU1393
 4933               	.LBB516:
 612:../lufa-LUFA-111009/LUFA/Drivers/USB/Core/AVR8/../AVR8/../AVR8/Endpoint_AVR8.h **** 			}
 4934               		.loc 2 612 5 view .LVU1394
 612:../lufa-LUFA-111009/LUFA/Drivers/USB/Core/AVR8/../AVR8/../AVR8/Endpoint_AVR8.h **** 			}
 4935               		.loc 2 612 12 is_stmt 0 view .LVU1395
 4936 0060 6091 F100 		lds r22,241
 4937               	.LBE516:
 4938               	.LBE515:
  56:../lufa-LUFA-111009/LUFA/Drivers/USB/Core/AVR8/Template/Template_Endpoint_Control_R.c **** 				TEMPLATE_BUFFER_MOVE(DataStream, 1);
 4939               		.loc 5 56 5 view .LVU1396
 4940 0064 C801      		movw r24,r16
 4941 0066 0E94 0000 		call eeprom_update_byte
 4942               	.LVL430:
  57:../lufa-LUFA-111009/LUFA/Drivers/USB/Core/AVR8/Template/Template_Endpoint_Control_R.c **** 				Length--;
 4943               		.loc 5 57 5 is_stmt 1 view .LVU1397
 4944 006a 0150      		subi r16,1
 4945 006c 1109      		sbc r17,__zero_reg__
 4946               	.LVL431:
  58:../lufa-LUFA-111009/LUFA/Drivers/USB/Core/AVR8/Template/Template_Endpoint_Control_R.c **** 			}
 4947               		.loc 5 58 5 view .LVU1398
  54:../lufa-LUFA-111009/LUFA/Drivers/USB/Core/AVR8/Template/Template_Endpoint_Control_R.c **** 			{
 4948               		.loc 5 54 18 is_stmt 0 view .LVU1399
 4949 006e 2197      		sbiw r28, 1
 4950               	.LVL432:
  54:../lufa-LUFA-111009/LUFA/Drivers/USB/Core/AVR8/Template/Template_Endpoint_Control_R.c **** 			{
 4951               		.loc 5 54 18 view .LVU1400
 4952 0070 01F0      		breq .L379
 4953 0072 00C0      		rjmp .L377
 4954               	.LVL433:
 4955               	.L382:
  54:../lufa-LUFA-111009/LUFA/Drivers/USB/Core/AVR8/Template/Template_Endpoint_Control_R.c **** 			{
 4956               		.loc 5 54 18 view .LVU1401
 4957               	.LBE519:
 4958               	.LBB520:
  67:../lufa-LUFA-111009/LUFA/Drivers/USB/Core/AVR8/Template/Template_Endpoint_Control_R.c **** 
 4959               		.loc 5 67 3 is_stmt 1 view .LVU1402
  67:../lufa-LUFA-111009/LUFA/Drivers/USB/Core/AVR8/Template/Template_Endpoint_Control_R.c **** 
 4960               		.loc 5 67 11 is_stmt 0 view .LVU1403
 4961 0074 8EB3      		in r24,0x1e
 4962               	.LVL434:
  69:../lufa-LUFA-111009/LUFA/Drivers/USB/Core/AVR8/Template/Template_Endpoint_Control_R.c **** 		  return ENDPOINT_RWCSTREAM_DeviceDisconnected;
 4963               		.loc 5 69 3 is_stmt 1 view .LVU1404
  69:../lufa-LUFA-111009/LUFA/Drivers/USB/Core/AVR8/Template/Template_Endpoint_Control_R.c **** 		  return ENDPOINT_RWCSTREAM_DeviceDisconnected;
 4964               		.loc 5 69 6 is_stmt 0 view .LVU1405
 4965 0076 8115      		cp r24, __zero_reg__
 4966 0078 01F0      		breq .L386
  71:../lufa-LUFA-111009/LUFA/Drivers/USB/Core/AVR8/Template/Template_Endpoint_Control_R.c **** 		  return ENDPOINT_RWCSTREAM_BusSuspended;
 4967               		.loc 5 71 8 is_stmt 1 view .LVU1406
  71:../lufa-LUFA-111009/LUFA/Drivers/USB/Core/AVR8/Template/Template_Endpoint_Control_R.c **** 		  return ENDPOINT_RWCSTREAM_BusSuspended;
 4968               		.loc 5 71 11 is_stmt 0 view .LVU1407
 4969 007a 8530      		cpi r24,lo8(5)
 4970 007c 01F4      		brne .L381
 4971               	.LVL435:
 4972               	.L387:
  71:../lufa-LUFA-111009/LUFA/Drivers/USB/Core/AVR8/Template/Template_Endpoint_Control_R.c **** 		  return ENDPOINT_RWCSTREAM_BusSuspended;
 4973               		.loc 5 71 11 view .LVU1408
 4974               	.LBE520:
 4975               	.LBB521:
  48:../lufa-LUFA-111009/LUFA/Drivers/USB/Core/AVR8/Template/Template_Endpoint_Control_R.c **** 		else if (Endpoint_IsSETUPReceived())
 4976               		.loc 5 48 12 view .LVU1409
 4977 007e 83E0      		ldi r24,lo8(3)
 4978 0080 00C0      		rjmp .L373
 4979               	.LVL436:
 4980               	.L385:
  50:../lufa-LUFA-111009/LUFA/Drivers/USB/Core/AVR8/Template/Template_Endpoint_Control_R.c **** 
 4981               		.loc 5 50 12 view .LVU1410
 4982 0082 81E0      		ldi r24,lo8(1)
 4983 0084 00C0      		rjmp .L373
 4984               	.LVL437:
 4985               	.L386:
  46:../lufa-LUFA-111009/LUFA/Drivers/USB/Core/AVR8/Template/Template_Endpoint_Control_R.c **** 		else if (USB_DeviceState_LCL == DEVICE_STATE_Suspended)
 4986               		.loc 5 46 12 view .LVU1411
 4987 0086 82E0      		ldi r24,lo8(2)
 4988 0088 00C0      		rjmp .L373
 4989               	.LBE521:
 4990               		.cfi_endproc
 4991               	.LFE106:
 4993               		.text
 4994               	.Letext0:
 4995               		.file 6 "/usr/avr/sys-root/include/stdint.h"
 4996               		.file 7 "../lufa-LUFA-111009/LUFA/Drivers/USB/Core/AVR8/../AVR8/../StdRequestType.h"
 4997               		.file 8 "../lufa-LUFA-111009/LUFA/Drivers/USB/Core/AVR8/../AVR8/../Device.h"
 4998               		.file 9 "../lufa-LUFA-111009/LUFA/Drivers/USB/Core/AVR8/../AVR8/../EndpointStream.h"
 4999               		.file 10 "../lufa-LUFA-111009/LUFA/Drivers/USB/Core/AVR8/../USBTask.h"
 5000               		.file 11 "/usr/avr/sys-root/include/avr/eeprom.h"
DEFINED SYMBOLS
                            *ABS*:00000000 EndpointStream_AVR8.c
     /tmp/ccmHBv72.s:2      *ABS*:0000003e __SP_H__
     /tmp/ccmHBv72.s:3      *ABS*:0000003d __SP_L__
     /tmp/ccmHBv72.s:4      *ABS*:0000003f __SREG__
     /tmp/ccmHBv72.s:5      *ABS*:00000000 __tmp_reg__
     /tmp/ccmHBv72.s:6      *ABS*:00000001 __zero_reg__
     /tmp/ccmHBv72.s:14     .text.Endpoint_Discard_Stream:00000000 Endpoint_Discard_Stream
     /tmp/ccmHBv72.s:17     .text.Endpoint_Discard_Stream:00000000 .Loc.0
     /tmp/ccmHBv72.s:18     .text.Endpoint_Discard_Stream:00000000 L0
     /tmp/ccmHBv72.s:19     .text.Endpoint_Discard_Stream:00000000 .Loc.1
     /tmp/ccmHBv72.s:54     .text.Endpoint_Discard_Stream:00000012 .Loc.2
     /tmp/ccmHBv72.s:55     .text.Endpoint_Discard_Stream:00000012 .Loc.3
     /tmp/ccmHBv72.s:57     .text.Endpoint_Discard_Stream:00000012 .Loc.4
     /tmp/ccmHBv72.s:58     .text.Endpoint_Discard_Stream:00000012 .Loc.5
     /tmp/ccmHBv72.s:61     .text.Endpoint_Discard_Stream:00000016 .Loc.6
     /tmp/ccmHBv72.s:64     .text.Endpoint_Discard_Stream:00000018 .Loc.7
     /tmp/ccmHBv72.s:67     .text.Endpoint_Discard_Stream:0000001c .Loc.8
     /tmp/ccmHBv72.s:68     .text.Endpoint_Discard_Stream:0000001c .Loc.9
     /tmp/ccmHBv72.s:72     .text.Endpoint_Discard_Stream:00000022 .Loc.10
     /tmp/ccmHBv72.s:73     .text.Endpoint_Discard_Stream:00000022 .Loc.11
     /tmp/ccmHBv72.s:81     .text.Endpoint_Discard_Stream:0000002c .Loc.12
     /tmp/ccmHBv72.s:86     .text.Endpoint_Discard_Stream:00000030 .Loc.13
     /tmp/ccmHBv72.s:91     .text.Endpoint_Discard_Stream:00000034 .Loc.14
     /tmp/ccmHBv72.s:95     .text.Endpoint_Discard_Stream:00000034 .Loc.15
     /tmp/ccmHBv72.s:97     .text.Endpoint_Discard_Stream:00000034 .Loc.16
     /tmp/ccmHBv72.s:98     .text.Endpoint_Discard_Stream:00000034 .Loc.17
     /tmp/ccmHBv72.s:102    .text.Endpoint_Discard_Stream:00000038 .Loc.18
     /tmp/ccmHBv72.s:105    .text.Endpoint_Discard_Stream:0000003c .Loc.19
     /tmp/ccmHBv72.s:108    .text.Endpoint_Discard_Stream:0000003c .Loc.20
     /tmp/ccmHBv72.s:110    .text.Endpoint_Discard_Stream:0000003c .Loc.21
     /tmp/ccmHBv72.s:111    .text.Endpoint_Discard_Stream:0000003c .Loc.22
     /tmp/ccmHBv72.s:117    .text.Endpoint_Discard_Stream:00000046 .Loc.23
     /tmp/ccmHBv72.s:118    .text.Endpoint_Discard_Stream:00000046 .Loc.24
     /tmp/ccmHBv72.s:122    .text.Endpoint_Discard_Stream:0000004c .Loc.25
     /tmp/ccmHBv72.s:123    .text.Endpoint_Discard_Stream:0000004c .Loc.26
     /tmp/ccmHBv72.s:131    .text.Endpoint_Discard_Stream:0000005a .Loc.27
     /tmp/ccmHBv72.s:132    .text.Endpoint_Discard_Stream:0000005a .Loc.28
     /tmp/ccmHBv72.s:136    .text.Endpoint_Discard_Stream:0000005e .Loc.29
     /tmp/ccmHBv72.s:144    .text.Endpoint_Discard_Stream:00000068 .Loc.30
     /tmp/ccmHBv72.s:151    .text.Endpoint_Discard_Stream:00000070 .Loc.31
     /tmp/ccmHBv72.s:152    .text.Endpoint_Discard_Stream:00000070 .Loc.32
     /tmp/ccmHBv72.s:155    .text.Endpoint_Discard_Stream:00000074 .Loc.33
     /tmp/ccmHBv72.s:158    .text.Endpoint_Discard_Stream:00000078 .Loc.34
     /tmp/ccmHBv72.s:163    .text.Endpoint_Discard_Stream:0000007c .Loc.35
     /tmp/ccmHBv72.s:166    .text.Endpoint_Discard_Stream:0000007c .Loc.36
     /tmp/ccmHBv72.s:168    .text.Endpoint_Discard_Stream:0000007c .Loc.37
     /tmp/ccmHBv72.s:169    .text.Endpoint_Discard_Stream:0000007c .Loc.38
     /tmp/ccmHBv72.s:170    .text.Endpoint_Discard_Stream:0000007c .Loc.39
     /tmp/ccmHBv72.s:172    .text.Endpoint_Discard_Stream:00000080 .Loc.40
     /tmp/ccmHBv72.s:175    .text.Endpoint_Discard_Stream:00000080 .Loc.41
     /tmp/ccmHBv72.s:176    .text.Endpoint_Discard_Stream:00000080 .Loc.42
     /tmp/ccmHBv72.s:179    .text.Endpoint_Discard_Stream:00000082 .Loc.43
     /tmp/ccmHBv72.s:180    .text.Endpoint_Discard_Stream:00000082 .Loc.44
     /tmp/ccmHBv72.s:185    .text.Endpoint_Discard_Stream:00000088 .Loc.45
     /tmp/ccmHBv72.s:187    .text.Endpoint_Discard_Stream:0000008a L0
     /tmp/ccmHBv72.s:193    .text.Endpoint_Null_Stream:00000000 Endpoint_Null_Stream
     /tmp/ccmHBv72.s:196    .text.Endpoint_Null_Stream:00000000 .Loc.46
     /tmp/ccmHBv72.s:197    .text.Endpoint_Null_Stream:00000000 L0
     /tmp/ccmHBv72.s:198    .text.Endpoint_Null_Stream:00000000 .Loc.47
     /tmp/ccmHBv72.s:233    .text.Endpoint_Null_Stream:00000012 .Loc.48
     /tmp/ccmHBv72.s:234    .text.Endpoint_Null_Stream:00000012 .Loc.49
     /tmp/ccmHBv72.s:236    .text.Endpoint_Null_Stream:00000012 .Loc.50
     /tmp/ccmHBv72.s:237    .text.Endpoint_Null_Stream:00000012 .Loc.51
     /tmp/ccmHBv72.s:240    .text.Endpoint_Null_Stream:00000016 .Loc.52
     /tmp/ccmHBv72.s:243    .text.Endpoint_Null_Stream:00000018 .Loc.53
     /tmp/ccmHBv72.s:246    .text.Endpoint_Null_Stream:0000001c .Loc.54
     /tmp/ccmHBv72.s:247    .text.Endpoint_Null_Stream:0000001c .Loc.55
     /tmp/ccmHBv72.s:251    .text.Endpoint_Null_Stream:00000022 .Loc.56
     /tmp/ccmHBv72.s:252    .text.Endpoint_Null_Stream:00000022 .Loc.57
     /tmp/ccmHBv72.s:260    .text.Endpoint_Null_Stream:0000002c .Loc.58
     /tmp/ccmHBv72.s:265    .text.Endpoint_Null_Stream:00000030 .Loc.59
     /tmp/ccmHBv72.s:270    .text.Endpoint_Null_Stream:00000034 .Loc.60
     /tmp/ccmHBv72.s:273    .text.Endpoint_Null_Stream:00000034 .Loc.61
     /tmp/ccmHBv72.s:275    .text.Endpoint_Null_Stream:00000034 .Loc.62
     /tmp/ccmHBv72.s:276    .text.Endpoint_Null_Stream:00000034 .Loc.63
     /tmp/ccmHBv72.s:280    .text.Endpoint_Null_Stream:00000038 .Loc.64
     /tmp/ccmHBv72.s:283    .text.Endpoint_Null_Stream:0000003c .Loc.65
     /tmp/ccmHBv72.s:286    .text.Endpoint_Null_Stream:0000003c .Loc.66
     /tmp/ccmHBv72.s:288    .text.Endpoint_Null_Stream:0000003c .Loc.67
     /tmp/ccmHBv72.s:289    .text.Endpoint_Null_Stream:0000003c .Loc.68
     /tmp/ccmHBv72.s:295    .text.Endpoint_Null_Stream:00000046 .Loc.69
     /tmp/ccmHBv72.s:296    .text.Endpoint_Null_Stream:00000046 .Loc.70
     /tmp/ccmHBv72.s:300    .text.Endpoint_Null_Stream:0000004c .Loc.71
     /tmp/ccmHBv72.s:301    .text.Endpoint_Null_Stream:0000004c .Loc.72
     /tmp/ccmHBv72.s:309    .text.Endpoint_Null_Stream:0000005a .Loc.73
     /tmp/ccmHBv72.s:310    .text.Endpoint_Null_Stream:0000005a .Loc.74
     /tmp/ccmHBv72.s:314    .text.Endpoint_Null_Stream:0000005e .Loc.75
     /tmp/ccmHBv72.s:322    .text.Endpoint_Null_Stream:00000068 .Loc.76
     /tmp/ccmHBv72.s:329    .text.Endpoint_Null_Stream:00000070 .Loc.77
     /tmp/ccmHBv72.s:330    .text.Endpoint_Null_Stream:00000070 .Loc.78
     /tmp/ccmHBv72.s:333    .text.Endpoint_Null_Stream:00000074 .Loc.79
     /tmp/ccmHBv72.s:336    .text.Endpoint_Null_Stream:00000078 .Loc.80
     /tmp/ccmHBv72.s:341    .text.Endpoint_Null_Stream:0000007c .Loc.81
     /tmp/ccmHBv72.s:344    .text.Endpoint_Null_Stream:0000007c .Loc.82
     /tmp/ccmHBv72.s:346    .text.Endpoint_Null_Stream:0000007c .Loc.83
     /tmp/ccmHBv72.s:347    .text.Endpoint_Null_Stream:0000007c .Loc.84
     /tmp/ccmHBv72.s:350    .text.Endpoint_Null_Stream:00000080 .Loc.85
     /tmp/ccmHBv72.s:353    .text.Endpoint_Null_Stream:00000080 .Loc.86
     /tmp/ccmHBv72.s:354    .text.Endpoint_Null_Stream:00000080 .Loc.87
     /tmp/ccmHBv72.s:357    .text.Endpoint_Null_Stream:00000082 .Loc.88
     /tmp/ccmHBv72.s:358    .text.Endpoint_Null_Stream:00000082 .Loc.89
     /tmp/ccmHBv72.s:363    .text.Endpoint_Null_Stream:00000088 .Loc.90
     /tmp/ccmHBv72.s:365    .text.Endpoint_Null_Stream:0000008a L0
     /tmp/ccmHBv72.s:371    .text.Endpoint_Write_Stream_LE:00000000 Endpoint_Write_Stream_LE
     /tmp/ccmHBv72.s:375    .text.Endpoint_Write_Stream_LE:00000000 .Loc.91
     /tmp/ccmHBv72.s:376    .text.Endpoint_Write_Stream_LE:00000000 L0
     /tmp/ccmHBv72.s:377    .text.Endpoint_Write_Stream_LE:00000000 .Loc.92
     /tmp/ccmHBv72.s:421    .text.Endpoint_Write_Stream_LE:00000018 .Loc.93
     /tmp/ccmHBv72.s:423    .text.Endpoint_Write_Stream_LE:00000018 .Loc.94
     /tmp/ccmHBv72.s:424    .text.Endpoint_Write_Stream_LE:00000018 .Loc.95
     /tmp/ccmHBv72.s:425    .text.Endpoint_Write_Stream_LE:00000018 .Loc.96
     /tmp/ccmHBv72.s:426    .text.Endpoint_Write_Stream_LE:00000018 .Loc.97
     /tmp/ccmHBv72.s:429    .text.Endpoint_Write_Stream_LE:0000001c .Loc.98
     /tmp/ccmHBv72.s:432    .text.Endpoint_Write_Stream_LE:0000001e .Loc.99
     /tmp/ccmHBv72.s:435    .text.Endpoint_Write_Stream_LE:00000022 .Loc.100
     /tmp/ccmHBv72.s:436    .text.Endpoint_Write_Stream_LE:00000022 .Loc.101
     /tmp/ccmHBv72.s:440    .text.Endpoint_Write_Stream_LE:00000028 .Loc.102
     /tmp/ccmHBv72.s:441    .text.Endpoint_Write_Stream_LE:00000028 .Loc.103
     /tmp/ccmHBv72.s:445    .text.Endpoint_Write_Stream_LE:0000002e .Loc.104
     /tmp/ccmHBv72.s:449    .text.Endpoint_Write_Stream_LE:00000032 .Loc.105
     /tmp/ccmHBv72.s:454    .text.Endpoint_Write_Stream_LE:00000036 .Loc.106
     /tmp/ccmHBv72.s:459    .text.Endpoint_Write_Stream_LE:0000003a .Loc.107
     /tmp/ccmHBv72.s:464    .text.Endpoint_Write_Stream_LE:0000003e .Loc.108
     /tmp/ccmHBv72.s:467    .text.Endpoint_Write_Stream_LE:0000003e .Loc.109
     /tmp/ccmHBv72.s:469    .text.Endpoint_Write_Stream_LE:0000003e .Loc.110
     /tmp/ccmHBv72.s:470    .text.Endpoint_Write_Stream_LE:0000003e .Loc.111
     /tmp/ccmHBv72.s:474    .text.Endpoint_Write_Stream_LE:00000042 .Loc.112
     /tmp/ccmHBv72.s:477    .text.Endpoint_Write_Stream_LE:00000046 .Loc.113
     /tmp/ccmHBv72.s:480    .text.Endpoint_Write_Stream_LE:00000046 .Loc.114
     /tmp/ccmHBv72.s:482    .text.Endpoint_Write_Stream_LE:00000046 .Loc.115
     /tmp/ccmHBv72.s:483    .text.Endpoint_Write_Stream_LE:00000046 .Loc.116
     /tmp/ccmHBv72.s:489    .text.Endpoint_Write_Stream_LE:00000050 .Loc.117
     /tmp/ccmHBv72.s:492    .text.Endpoint_Write_Stream_LE:00000054 .Loc.118
     /tmp/ccmHBv72.s:493    .text.Endpoint_Write_Stream_LE:00000054 .Loc.119
     /tmp/ccmHBv72.s:497    .text.Endpoint_Write_Stream_LE:0000005a .Loc.120
     /tmp/ccmHBv72.s:498    .text.Endpoint_Write_Stream_LE:0000005a .Loc.121
     /tmp/ccmHBv72.s:506    .text.Endpoint_Write_Stream_LE:00000068 .Loc.122
     /tmp/ccmHBv72.s:507    .text.Endpoint_Write_Stream_LE:00000068 .Loc.123
     /tmp/ccmHBv72.s:511    .text.Endpoint_Write_Stream_LE:0000006c .Loc.124
     /tmp/ccmHBv72.s:519    .text.Endpoint_Write_Stream_LE:00000076 .Loc.125
     /tmp/ccmHBv72.s:528    .text.Endpoint_Write_Stream_LE:00000082 .Loc.126
     /tmp/ccmHBv72.s:529    .text.Endpoint_Write_Stream_LE:00000082 .Loc.127
     /tmp/ccmHBv72.s:532    .text.Endpoint_Write_Stream_LE:00000086 .Loc.128
     /tmp/ccmHBv72.s:535    .text.Endpoint_Write_Stream_LE:0000008a .Loc.129
     /tmp/ccmHBv72.s:540    .text.Endpoint_Write_Stream_LE:0000008e .Loc.130
     /tmp/ccmHBv72.s:547    .text.Endpoint_Write_Stream_LE:00000094 .Loc.131
     /tmp/ccmHBv72.s:549    .text.Endpoint_Write_Stream_LE:00000094 .Loc.132
     /tmp/ccmHBv72.s:550    .text.Endpoint_Write_Stream_LE:00000094 .Loc.133
     /tmp/ccmHBv72.s:553    .text.Endpoint_Write_Stream_LE:00000098 .Loc.134
     /tmp/ccmHBv72.s:556    .text.Endpoint_Write_Stream_LE:00000098 .Loc.135
     /tmp/ccmHBv72.s:557    .text.Endpoint_Write_Stream_LE:00000098 .Loc.136
     /tmp/ccmHBv72.s:558    .text.Endpoint_Write_Stream_LE:00000098 .Loc.137
     /tmp/ccmHBv72.s:561    .text.Endpoint_Write_Stream_LE:0000009a .Loc.138
     /tmp/ccmHBv72.s:562    .text.Endpoint_Write_Stream_LE:0000009a .Loc.139
     /tmp/ccmHBv72.s:567    .text.Endpoint_Write_Stream_LE:000000a0 .Loc.140
     /tmp/ccmHBv72.s:569    .text.Endpoint_Write_Stream_LE:000000a2 L0
     /tmp/ccmHBv72.s:575    .text.Endpoint_Write_Stream_BE:00000000 Endpoint_Write_Stream_BE
     /tmp/ccmHBv72.s:578    .text.Endpoint_Write_Stream_BE:00000000 .Loc.141
     /tmp/ccmHBv72.s:579    .text.Endpoint_Write_Stream_BE:00000000 L0
     /tmp/ccmHBv72.s:580    .text.Endpoint_Write_Stream_BE:00000000 .Loc.142
     /tmp/ccmHBv72.s:624    .text.Endpoint_Write_Stream_BE:00000018 .Loc.143
     /tmp/ccmHBv72.s:626    .text.Endpoint_Write_Stream_BE:00000018 .Loc.144
     /tmp/ccmHBv72.s:627    .text.Endpoint_Write_Stream_BE:00000018 .Loc.145
     /tmp/ccmHBv72.s:628    .text.Endpoint_Write_Stream_BE:00000018 .Loc.146
     /tmp/ccmHBv72.s:629    .text.Endpoint_Write_Stream_BE:00000018 .Loc.147
     /tmp/ccmHBv72.s:632    .text.Endpoint_Write_Stream_BE:0000001c .Loc.148
     /tmp/ccmHBv72.s:635    .text.Endpoint_Write_Stream_BE:0000001e .Loc.149
     /tmp/ccmHBv72.s:638    .text.Endpoint_Write_Stream_BE:00000022 .Loc.150
     /tmp/ccmHBv72.s:642    .text.Endpoint_Write_Stream_BE:00000026 .Loc.151
     /tmp/ccmHBv72.s:646    .text.Endpoint_Write_Stream_BE:0000002a .Loc.152
     /tmp/ccmHBv72.s:647    .text.Endpoint_Write_Stream_BE:0000002a .Loc.153
     /tmp/ccmHBv72.s:651    .text.Endpoint_Write_Stream_BE:00000030 .Loc.154
     /tmp/ccmHBv72.s:652    .text.Endpoint_Write_Stream_BE:00000030 .Loc.155
     /tmp/ccmHBv72.s:657    .text.Endpoint_Write_Stream_BE:00000036 .Loc.156
     /tmp/ccmHBv72.s:661    .text.Endpoint_Write_Stream_BE:0000003a .Loc.157
     /tmp/ccmHBv72.s:666    .text.Endpoint_Write_Stream_BE:0000003e .Loc.158
     /tmp/ccmHBv72.s:671    .text.Endpoint_Write_Stream_BE:00000042 .Loc.159
     /tmp/ccmHBv72.s:677    .text.Endpoint_Write_Stream_BE:00000048 .Loc.160
     /tmp/ccmHBv72.s:680    .text.Endpoint_Write_Stream_BE:00000048 .Loc.161
     /tmp/ccmHBv72.s:682    .text.Endpoint_Write_Stream_BE:00000048 .Loc.162
     /tmp/ccmHBv72.s:683    .text.Endpoint_Write_Stream_BE:00000048 .Loc.163
     /tmp/ccmHBv72.s:687    .text.Endpoint_Write_Stream_BE:0000004c .Loc.164
     /tmp/ccmHBv72.s:690    .text.Endpoint_Write_Stream_BE:00000050 .Loc.165
     /tmp/ccmHBv72.s:693    .text.Endpoint_Write_Stream_BE:00000050 .Loc.166
     /tmp/ccmHBv72.s:695    .text.Endpoint_Write_Stream_BE:00000050 .Loc.167
     /tmp/ccmHBv72.s:696    .text.Endpoint_Write_Stream_BE:00000050 .Loc.168
     /tmp/ccmHBv72.s:702    .text.Endpoint_Write_Stream_BE:0000005a .Loc.169
     /tmp/ccmHBv72.s:705    .text.Endpoint_Write_Stream_BE:0000005e .Loc.170
     /tmp/ccmHBv72.s:706    .text.Endpoint_Write_Stream_BE:0000005e .Loc.171
     /tmp/ccmHBv72.s:710    .text.Endpoint_Write_Stream_BE:00000064 .Loc.172
     /tmp/ccmHBv72.s:711    .text.Endpoint_Write_Stream_BE:00000064 .Loc.173
     /tmp/ccmHBv72.s:719    .text.Endpoint_Write_Stream_BE:00000072 .Loc.174
     /tmp/ccmHBv72.s:720    .text.Endpoint_Write_Stream_BE:00000072 .Loc.175
     /tmp/ccmHBv72.s:724    .text.Endpoint_Write_Stream_BE:00000076 .Loc.176
     /tmp/ccmHBv72.s:734    .text.Endpoint_Write_Stream_BE:00000084 .Loc.177
     /tmp/ccmHBv72.s:741    .text.Endpoint_Write_Stream_BE:0000008c .Loc.178
     /tmp/ccmHBv72.s:742    .text.Endpoint_Write_Stream_BE:0000008c .Loc.179
     /tmp/ccmHBv72.s:745    .text.Endpoint_Write_Stream_BE:00000090 .Loc.180
     /tmp/ccmHBv72.s:748    .text.Endpoint_Write_Stream_BE:00000094 .Loc.181
     /tmp/ccmHBv72.s:753    .text.Endpoint_Write_Stream_BE:00000098 .Loc.182
     /tmp/ccmHBv72.s:758    .text.Endpoint_Write_Stream_BE:0000009a .Loc.183
     /tmp/ccmHBv72.s:760    .text.Endpoint_Write_Stream_BE:0000009a .Loc.184
     /tmp/ccmHBv72.s:761    .text.Endpoint_Write_Stream_BE:0000009a .Loc.185
     /tmp/ccmHBv72.s:764    .text.Endpoint_Write_Stream_BE:0000009e .Loc.186
     /tmp/ccmHBv72.s:767    .text.Endpoint_Write_Stream_BE:0000009e .Loc.187
     /tmp/ccmHBv72.s:770    .text.Endpoint_Write_Stream_BE:000000a0 .Loc.188
     /tmp/ccmHBv72.s:771    .text.Endpoint_Write_Stream_BE:000000a0 .Loc.189
     /tmp/ccmHBv72.s:775    .text.Endpoint_Write_Stream_BE:000000a4 .Loc.190
     /tmp/ccmHBv72.s:776    .text.Endpoint_Write_Stream_BE:000000a4 .Loc.191
     /tmp/ccmHBv72.s:781    .text.Endpoint_Write_Stream_BE:000000aa .Loc.192
     /tmp/ccmHBv72.s:783    .text.Endpoint_Write_Stream_BE:000000ac L0
     /tmp/ccmHBv72.s:789    .text.Endpoint_Read_Stream_LE:00000000 Endpoint_Read_Stream_LE
     /tmp/ccmHBv72.s:792    .text.Endpoint_Read_Stream_LE:00000000 .Loc.193
     /tmp/ccmHBv72.s:793    .text.Endpoint_Read_Stream_LE:00000000 L0
     /tmp/ccmHBv72.s:794    .text.Endpoint_Read_Stream_LE:00000000 .Loc.194
     /tmp/ccmHBv72.s:838    .text.Endpoint_Read_Stream_LE:00000018 .Loc.195
     /tmp/ccmHBv72.s:840    .text.Endpoint_Read_Stream_LE:00000018 .Loc.196
     /tmp/ccmHBv72.s:841    .text.Endpoint_Read_Stream_LE:00000018 .Loc.197
     /tmp/ccmHBv72.s:842    .text.Endpoint_Read_Stream_LE:00000018 .Loc.198
     /tmp/ccmHBv72.s:843    .text.Endpoint_Read_Stream_LE:00000018 .Loc.199
     /tmp/ccmHBv72.s:846    .text.Endpoint_Read_Stream_LE:0000001c .Loc.200
     /tmp/ccmHBv72.s:849    .text.Endpoint_Read_Stream_LE:0000001e .Loc.201
     /tmp/ccmHBv72.s:852    .text.Endpoint_Read_Stream_LE:00000022 .Loc.202
     /tmp/ccmHBv72.s:853    .text.Endpoint_Read_Stream_LE:00000022 .Loc.203
     /tmp/ccmHBv72.s:857    .text.Endpoint_Read_Stream_LE:00000028 .Loc.204
     /tmp/ccmHBv72.s:858    .text.Endpoint_Read_Stream_LE:00000028 .Loc.205
     /tmp/ccmHBv72.s:862    .text.Endpoint_Read_Stream_LE:0000002e .Loc.206
     /tmp/ccmHBv72.s:866    .text.Endpoint_Read_Stream_LE:00000032 .Loc.207
     /tmp/ccmHBv72.s:871    .text.Endpoint_Read_Stream_LE:00000036 .Loc.208
     /tmp/ccmHBv72.s:876    .text.Endpoint_Read_Stream_LE:0000003a .Loc.209
     /tmp/ccmHBv72.s:881    .text.Endpoint_Read_Stream_LE:0000003e .Loc.210
     /tmp/ccmHBv72.s:884    .text.Endpoint_Read_Stream_LE:0000003e .Loc.211
     /tmp/ccmHBv72.s:886    .text.Endpoint_Read_Stream_LE:0000003e .Loc.212
     /tmp/ccmHBv72.s:887    .text.Endpoint_Read_Stream_LE:0000003e .Loc.213
     /tmp/ccmHBv72.s:891    .text.Endpoint_Read_Stream_LE:00000042 .Loc.214
     /tmp/ccmHBv72.s:894    .text.Endpoint_Read_Stream_LE:00000046 .Loc.215
     /tmp/ccmHBv72.s:897    .text.Endpoint_Read_Stream_LE:00000046 .Loc.216
     /tmp/ccmHBv72.s:899    .text.Endpoint_Read_Stream_LE:00000046 .Loc.217
     /tmp/ccmHBv72.s:900    .text.Endpoint_Read_Stream_LE:00000046 .Loc.218
     /tmp/ccmHBv72.s:906    .text.Endpoint_Read_Stream_LE:00000050 .Loc.219
     /tmp/ccmHBv72.s:909    .text.Endpoint_Read_Stream_LE:00000054 .Loc.220
     /tmp/ccmHBv72.s:910    .text.Endpoint_Read_Stream_LE:00000054 .Loc.221
     /tmp/ccmHBv72.s:914    .text.Endpoint_Read_Stream_LE:0000005a .Loc.222
     /tmp/ccmHBv72.s:915    .text.Endpoint_Read_Stream_LE:0000005a .Loc.223
     /tmp/ccmHBv72.s:923    .text.Endpoint_Read_Stream_LE:00000068 .Loc.224
     /tmp/ccmHBv72.s:924    .text.Endpoint_Read_Stream_LE:00000068 .Loc.225
     /tmp/ccmHBv72.s:928    .text.Endpoint_Read_Stream_LE:0000006c .Loc.226
     /tmp/ccmHBv72.s:936    .text.Endpoint_Read_Stream_LE:00000076 .Loc.227
     /tmp/ccmHBv72.s:945    .text.Endpoint_Read_Stream_LE:00000082 .Loc.228
     /tmp/ccmHBv72.s:946    .text.Endpoint_Read_Stream_LE:00000082 .Loc.229
     /tmp/ccmHBv72.s:949    .text.Endpoint_Read_Stream_LE:00000086 .Loc.230
     /tmp/ccmHBv72.s:952    .text.Endpoint_Read_Stream_LE:0000008a .Loc.231
     /tmp/ccmHBv72.s:957    .text.Endpoint_Read_Stream_LE:0000008e .Loc.232
     /tmp/ccmHBv72.s:960    .text.Endpoint_Read_Stream_LE:0000008e .Loc.233
     /tmp/ccmHBv72.s:962    .text.Endpoint_Read_Stream_LE:0000008e .Loc.234
     /tmp/ccmHBv72.s:963    .text.Endpoint_Read_Stream_LE:0000008e .Loc.235
     /tmp/ccmHBv72.s:967    .text.Endpoint_Read_Stream_LE:00000092 .Loc.236
     /tmp/ccmHBv72.s:971    .text.Endpoint_Read_Stream_LE:00000098 .Loc.237
     /tmp/ccmHBv72.s:973    .text.Endpoint_Read_Stream_LE:00000098 .Loc.238
     /tmp/ccmHBv72.s:974    .text.Endpoint_Read_Stream_LE:00000098 .Loc.239
     /tmp/ccmHBv72.s:977    .text.Endpoint_Read_Stream_LE:0000009a .Loc.240
     /tmp/ccmHBv72.s:978    .text.Endpoint_Read_Stream_LE:0000009a .Loc.241
     /tmp/ccmHBv72.s:983    .text.Endpoint_Read_Stream_LE:000000a0 .Loc.242
     /tmp/ccmHBv72.s:985    .text.Endpoint_Read_Stream_LE:000000a2 L0
     /tmp/ccmHBv72.s:991    .text.Endpoint_Read_Stream_BE:00000000 Endpoint_Read_Stream_BE
     /tmp/ccmHBv72.s:994    .text.Endpoint_Read_Stream_BE:00000000 .Loc.243
     /tmp/ccmHBv72.s:995    .text.Endpoint_Read_Stream_BE:00000000 L0
     /tmp/ccmHBv72.s:996    .text.Endpoint_Read_Stream_BE:00000000 .Loc.244
     /tmp/ccmHBv72.s:1040   .text.Endpoint_Read_Stream_BE:00000018 .Loc.245
     /tmp/ccmHBv72.s:1042   .text.Endpoint_Read_Stream_BE:00000018 .Loc.246
     /tmp/ccmHBv72.s:1043   .text.Endpoint_Read_Stream_BE:00000018 .Loc.247
     /tmp/ccmHBv72.s:1044   .text.Endpoint_Read_Stream_BE:00000018 .Loc.248
     /tmp/ccmHBv72.s:1045   .text.Endpoint_Read_Stream_BE:00000018 .Loc.249
     /tmp/ccmHBv72.s:1048   .text.Endpoint_Read_Stream_BE:0000001c .Loc.250
     /tmp/ccmHBv72.s:1051   .text.Endpoint_Read_Stream_BE:0000001e .Loc.251
     /tmp/ccmHBv72.s:1054   .text.Endpoint_Read_Stream_BE:00000022 .Loc.252
     /tmp/ccmHBv72.s:1058   .text.Endpoint_Read_Stream_BE:00000026 .Loc.253
     /tmp/ccmHBv72.s:1062   .text.Endpoint_Read_Stream_BE:0000002a .Loc.254
     /tmp/ccmHBv72.s:1063   .text.Endpoint_Read_Stream_BE:0000002a .Loc.255
     /tmp/ccmHBv72.s:1067   .text.Endpoint_Read_Stream_BE:00000030 .Loc.256
     /tmp/ccmHBv72.s:1068   .text.Endpoint_Read_Stream_BE:00000030 .Loc.257
     /tmp/ccmHBv72.s:1073   .text.Endpoint_Read_Stream_BE:00000036 .Loc.258
     /tmp/ccmHBv72.s:1077   .text.Endpoint_Read_Stream_BE:0000003a .Loc.259
     /tmp/ccmHBv72.s:1082   .text.Endpoint_Read_Stream_BE:0000003e .Loc.260
     /tmp/ccmHBv72.s:1087   .text.Endpoint_Read_Stream_BE:00000042 .Loc.261
     /tmp/ccmHBv72.s:1093   .text.Endpoint_Read_Stream_BE:00000048 .Loc.262
     /tmp/ccmHBv72.s:1096   .text.Endpoint_Read_Stream_BE:00000048 .Loc.263
     /tmp/ccmHBv72.s:1098   .text.Endpoint_Read_Stream_BE:00000048 .Loc.264
     /tmp/ccmHBv72.s:1099   .text.Endpoint_Read_Stream_BE:00000048 .Loc.265
     /tmp/ccmHBv72.s:1103   .text.Endpoint_Read_Stream_BE:0000004c .Loc.266
     /tmp/ccmHBv72.s:1106   .text.Endpoint_Read_Stream_BE:00000050 .Loc.267
     /tmp/ccmHBv72.s:1109   .text.Endpoint_Read_Stream_BE:00000050 .Loc.268
     /tmp/ccmHBv72.s:1111   .text.Endpoint_Read_Stream_BE:00000050 .Loc.269
     /tmp/ccmHBv72.s:1112   .text.Endpoint_Read_Stream_BE:00000050 .Loc.270
     /tmp/ccmHBv72.s:1118   .text.Endpoint_Read_Stream_BE:0000005a .Loc.271
     /tmp/ccmHBv72.s:1121   .text.Endpoint_Read_Stream_BE:0000005e .Loc.272
     /tmp/ccmHBv72.s:1122   .text.Endpoint_Read_Stream_BE:0000005e .Loc.273
     /tmp/ccmHBv72.s:1126   .text.Endpoint_Read_Stream_BE:00000064 .Loc.274
     /tmp/ccmHBv72.s:1127   .text.Endpoint_Read_Stream_BE:00000064 .Loc.275
     /tmp/ccmHBv72.s:1135   .text.Endpoint_Read_Stream_BE:00000072 .Loc.276
     /tmp/ccmHBv72.s:1136   .text.Endpoint_Read_Stream_BE:00000072 .Loc.277
     /tmp/ccmHBv72.s:1140   .text.Endpoint_Read_Stream_BE:00000076 .Loc.278
     /tmp/ccmHBv72.s:1150   .text.Endpoint_Read_Stream_BE:00000084 .Loc.279
     /tmp/ccmHBv72.s:1157   .text.Endpoint_Read_Stream_BE:0000008c .Loc.280
     /tmp/ccmHBv72.s:1158   .text.Endpoint_Read_Stream_BE:0000008c .Loc.281
     /tmp/ccmHBv72.s:1161   .text.Endpoint_Read_Stream_BE:00000090 .Loc.282
     /tmp/ccmHBv72.s:1164   .text.Endpoint_Read_Stream_BE:00000094 .Loc.283
     /tmp/ccmHBv72.s:1169   .text.Endpoint_Read_Stream_BE:00000098 .Loc.284
     /tmp/ccmHBv72.s:1172   .text.Endpoint_Read_Stream_BE:00000098 .Loc.285
     /tmp/ccmHBv72.s:1174   .text.Endpoint_Read_Stream_BE:00000098 .Loc.286
     /tmp/ccmHBv72.s:1175   .text.Endpoint_Read_Stream_BE:00000098 .Loc.287
     /tmp/ccmHBv72.s:1179   .text.Endpoint_Read_Stream_BE:0000009c .Loc.288
     /tmp/ccmHBv72.s:1181   .text.Endpoint_Read_Stream_BE:0000009e .Loc.289
     /tmp/ccmHBv72.s:1184   .text.Endpoint_Read_Stream_BE:000000a0 .Loc.290
     /tmp/ccmHBv72.s:1185   .text.Endpoint_Read_Stream_BE:000000a0 .Loc.291
     /tmp/ccmHBv72.s:1189   .text.Endpoint_Read_Stream_BE:000000a4 .Loc.292
     /tmp/ccmHBv72.s:1190   .text.Endpoint_Read_Stream_BE:000000a4 .Loc.293
     /tmp/ccmHBv72.s:1195   .text.Endpoint_Read_Stream_BE:000000aa .Loc.294
     /tmp/ccmHBv72.s:1197   .text.Endpoint_Read_Stream_BE:000000ac L0
     /tmp/ccmHBv72.s:1203   .text.Endpoint_Write_PStream_LE:00000000 Endpoint_Write_PStream_LE
     /tmp/ccmHBv72.s:1206   .text.Endpoint_Write_PStream_LE:00000000 .Loc.295
     /tmp/ccmHBv72.s:1207   .text.Endpoint_Write_PStream_LE:00000000 L0
     /tmp/ccmHBv72.s:1208   .text.Endpoint_Write_PStream_LE:00000000 .Loc.296
     /tmp/ccmHBv72.s:1252   .text.Endpoint_Write_PStream_LE:00000018 .Loc.297
     /tmp/ccmHBv72.s:1254   .text.Endpoint_Write_PStream_LE:00000018 .Loc.298
     /tmp/ccmHBv72.s:1255   .text.Endpoint_Write_PStream_LE:00000018 .Loc.299
     /tmp/ccmHBv72.s:1256   .text.Endpoint_Write_PStream_LE:00000018 .Loc.300
     /tmp/ccmHBv72.s:1257   .text.Endpoint_Write_PStream_LE:00000018 .Loc.301
     /tmp/ccmHBv72.s:1260   .text.Endpoint_Write_PStream_LE:0000001c .Loc.302
     /tmp/ccmHBv72.s:1263   .text.Endpoint_Write_PStream_LE:0000001e .Loc.303
     /tmp/ccmHBv72.s:1266   .text.Endpoint_Write_PStream_LE:00000022 .Loc.304
     /tmp/ccmHBv72.s:1267   .text.Endpoint_Write_PStream_LE:00000022 .Loc.305
     /tmp/ccmHBv72.s:1271   .text.Endpoint_Write_PStream_LE:00000028 .Loc.306
     /tmp/ccmHBv72.s:1272   .text.Endpoint_Write_PStream_LE:00000028 .Loc.307
     /tmp/ccmHBv72.s:1276   .text.Endpoint_Write_PStream_LE:0000002e .Loc.308
     /tmp/ccmHBv72.s:1280   .text.Endpoint_Write_PStream_LE:00000032 .Loc.309
     /tmp/ccmHBv72.s:1285   .text.Endpoint_Write_PStream_LE:00000036 .Loc.310
     /tmp/ccmHBv72.s:1290   .text.Endpoint_Write_PStream_LE:0000003a .Loc.311
     /tmp/ccmHBv72.s:1295   .text.Endpoint_Write_PStream_LE:0000003e .Loc.312
     /tmp/ccmHBv72.s:1298   .text.Endpoint_Write_PStream_LE:0000003e .Loc.313
     /tmp/ccmHBv72.s:1300   .text.Endpoint_Write_PStream_LE:0000003e .Loc.314
     /tmp/ccmHBv72.s:1301   .text.Endpoint_Write_PStream_LE:0000003e .Loc.315
     /tmp/ccmHBv72.s:1305   .text.Endpoint_Write_PStream_LE:00000042 .Loc.316
     /tmp/ccmHBv72.s:1308   .text.Endpoint_Write_PStream_LE:00000046 .Loc.317
     /tmp/ccmHBv72.s:1311   .text.Endpoint_Write_PStream_LE:00000046 .Loc.318
     /tmp/ccmHBv72.s:1313   .text.Endpoint_Write_PStream_LE:00000046 .Loc.319
     /tmp/ccmHBv72.s:1314   .text.Endpoint_Write_PStream_LE:00000046 .Loc.320
     /tmp/ccmHBv72.s:1320   .text.Endpoint_Write_PStream_LE:00000050 .Loc.321
     /tmp/ccmHBv72.s:1323   .text.Endpoint_Write_PStream_LE:00000054 .Loc.322
     /tmp/ccmHBv72.s:1324   .text.Endpoint_Write_PStream_LE:00000054 .Loc.323
     /tmp/ccmHBv72.s:1328   .text.Endpoint_Write_PStream_LE:0000005a .Loc.324
     /tmp/ccmHBv72.s:1329   .text.Endpoint_Write_PStream_LE:0000005a .Loc.325
     /tmp/ccmHBv72.s:1337   .text.Endpoint_Write_PStream_LE:00000068 .Loc.326
     /tmp/ccmHBv72.s:1338   .text.Endpoint_Write_PStream_LE:00000068 .Loc.327
     /tmp/ccmHBv72.s:1342   .text.Endpoint_Write_PStream_LE:0000006c .Loc.328
     /tmp/ccmHBv72.s:1352   .text.Endpoint_Write_PStream_LE:0000007a .Loc.329
     /tmp/ccmHBv72.s:1359   .text.Endpoint_Write_PStream_LE:00000082 .Loc.330
     /tmp/ccmHBv72.s:1360   .text.Endpoint_Write_PStream_LE:00000082 .Loc.331
     /tmp/ccmHBv72.s:1363   .text.Endpoint_Write_PStream_LE:00000086 .Loc.332
     /tmp/ccmHBv72.s:1366   .text.Endpoint_Write_PStream_LE:0000008a .Loc.333
     /tmp/ccmHBv72.s:1371   .text.Endpoint_Write_PStream_LE:0000008e .Loc.334
     /tmp/ccmHBv72.s:1373   .text.Endpoint_Write_PStream_LE:0000008e .Loc.335
     /tmp/ccmHBv72.s:1374   .text.Endpoint_Write_PStream_LE:0000008e .Loc.336
     /tmp/ccmHBv72.s:1375   .text.Endpoint_Write_PStream_LE:0000008e .Loc.337
     /tmp/ccmHBv72.s:1383   .text.Endpoint_Write_PStream_LE:00000092 .Loc.338
     /tmp/ccmHBv72.s:1384   .text.Endpoint_Write_PStream_LE:00000092 .Loc.339
     /tmp/ccmHBv72.s:1389   .text.Endpoint_Write_PStream_LE:00000092 .Loc.340
     /tmp/ccmHBv72.s:1391   .text.Endpoint_Write_PStream_LE:00000092 .Loc.341
     /tmp/ccmHBv72.s:1392   .text.Endpoint_Write_PStream_LE:00000092 .Loc.342
     /tmp/ccmHBv72.s:1395   .text.Endpoint_Write_PStream_LE:00000096 .Loc.343
     /tmp/ccmHBv72.s:1398   .text.Endpoint_Write_PStream_LE:00000096 .Loc.344
     /tmp/ccmHBv72.s:1402   .text.Endpoint_Write_PStream_LE:0000009a .Loc.345
     /tmp/ccmHBv72.s:1403   .text.Endpoint_Write_PStream_LE:0000009a .Loc.346
     /tmp/ccmHBv72.s:1406   .text.Endpoint_Write_PStream_LE:0000009c .Loc.347
     /tmp/ccmHBv72.s:1407   .text.Endpoint_Write_PStream_LE:0000009c .Loc.348
     /tmp/ccmHBv72.s:1412   .text.Endpoint_Write_PStream_LE:000000a2 .Loc.349
     /tmp/ccmHBv72.s:1414   .text.Endpoint_Write_PStream_LE:000000a4 L0
     /tmp/ccmHBv72.s:1420   .text.Endpoint_Write_PStream_BE:00000000 Endpoint_Write_PStream_BE
     /tmp/ccmHBv72.s:1423   .text.Endpoint_Write_PStream_BE:00000000 .Loc.350
     /tmp/ccmHBv72.s:1424   .text.Endpoint_Write_PStream_BE:00000000 L0
     /tmp/ccmHBv72.s:1425   .text.Endpoint_Write_PStream_BE:00000000 .Loc.351
     /tmp/ccmHBv72.s:1469   .text.Endpoint_Write_PStream_BE:00000018 .Loc.352
     /tmp/ccmHBv72.s:1471   .text.Endpoint_Write_PStream_BE:00000018 .Loc.353
     /tmp/ccmHBv72.s:1472   .text.Endpoint_Write_PStream_BE:00000018 .Loc.354
     /tmp/ccmHBv72.s:1473   .text.Endpoint_Write_PStream_BE:00000018 .Loc.355
     /tmp/ccmHBv72.s:1474   .text.Endpoint_Write_PStream_BE:00000018 .Loc.356
     /tmp/ccmHBv72.s:1477   .text.Endpoint_Write_PStream_BE:0000001c .Loc.357
     /tmp/ccmHBv72.s:1480   .text.Endpoint_Write_PStream_BE:0000001e .Loc.358
     /tmp/ccmHBv72.s:1483   .text.Endpoint_Write_PStream_BE:00000022 .Loc.359
     /tmp/ccmHBv72.s:1487   .text.Endpoint_Write_PStream_BE:00000026 .Loc.360
     /tmp/ccmHBv72.s:1491   .text.Endpoint_Write_PStream_BE:0000002a .Loc.361
     /tmp/ccmHBv72.s:1492   .text.Endpoint_Write_PStream_BE:0000002a .Loc.362
     /tmp/ccmHBv72.s:1496   .text.Endpoint_Write_PStream_BE:00000030 .Loc.363
     /tmp/ccmHBv72.s:1497   .text.Endpoint_Write_PStream_BE:00000030 .Loc.364
     /tmp/ccmHBv72.s:1502   .text.Endpoint_Write_PStream_BE:00000036 .Loc.365
     /tmp/ccmHBv72.s:1506   .text.Endpoint_Write_PStream_BE:0000003a .Loc.366
     /tmp/ccmHBv72.s:1511   .text.Endpoint_Write_PStream_BE:0000003e .Loc.367
     /tmp/ccmHBv72.s:1516   .text.Endpoint_Write_PStream_BE:00000042 .Loc.368
     /tmp/ccmHBv72.s:1522   .text.Endpoint_Write_PStream_BE:00000048 .Loc.369
     /tmp/ccmHBv72.s:1525   .text.Endpoint_Write_PStream_BE:00000048 .Loc.370
     /tmp/ccmHBv72.s:1527   .text.Endpoint_Write_PStream_BE:00000048 .Loc.371
     /tmp/ccmHBv72.s:1528   .text.Endpoint_Write_PStream_BE:00000048 .Loc.372
     /tmp/ccmHBv72.s:1532   .text.Endpoint_Write_PStream_BE:0000004c .Loc.373
     /tmp/ccmHBv72.s:1535   .text.Endpoint_Write_PStream_BE:00000050 .Loc.374
     /tmp/ccmHBv72.s:1538   .text.Endpoint_Write_PStream_BE:00000050 .Loc.375
     /tmp/ccmHBv72.s:1540   .text.Endpoint_Write_PStream_BE:00000050 .Loc.376
     /tmp/ccmHBv72.s:1541   .text.Endpoint_Write_PStream_BE:00000050 .Loc.377
     /tmp/ccmHBv72.s:1547   .text.Endpoint_Write_PStream_BE:0000005a .Loc.378
     /tmp/ccmHBv72.s:1550   .text.Endpoint_Write_PStream_BE:0000005e .Loc.379
     /tmp/ccmHBv72.s:1551   .text.Endpoint_Write_PStream_BE:0000005e .Loc.380
     /tmp/ccmHBv72.s:1555   .text.Endpoint_Write_PStream_BE:00000064 .Loc.381
     /tmp/ccmHBv72.s:1556   .text.Endpoint_Write_PStream_BE:00000064 .Loc.382
     /tmp/ccmHBv72.s:1564   .text.Endpoint_Write_PStream_BE:00000072 .Loc.383
     /tmp/ccmHBv72.s:1565   .text.Endpoint_Write_PStream_BE:00000072 .Loc.384
     /tmp/ccmHBv72.s:1569   .text.Endpoint_Write_PStream_BE:00000076 .Loc.385
     /tmp/ccmHBv72.s:1579   .text.Endpoint_Write_PStream_BE:00000084 .Loc.386
     /tmp/ccmHBv72.s:1586   .text.Endpoint_Write_PStream_BE:0000008c .Loc.387
     /tmp/ccmHBv72.s:1587   .text.Endpoint_Write_PStream_BE:0000008c .Loc.388
     /tmp/ccmHBv72.s:1590   .text.Endpoint_Write_PStream_BE:00000090 .Loc.389
     /tmp/ccmHBv72.s:1593   .text.Endpoint_Write_PStream_BE:00000094 .Loc.390
     /tmp/ccmHBv72.s:1598   .text.Endpoint_Write_PStream_BE:00000098 .Loc.391
     /tmp/ccmHBv72.s:1600   .text.Endpoint_Write_PStream_BE:00000098 .Loc.392
     /tmp/ccmHBv72.s:1601   .text.Endpoint_Write_PStream_BE:00000098 .Loc.393
     /tmp/ccmHBv72.s:1602   .text.Endpoint_Write_PStream_BE:00000098 .Loc.394
     /tmp/ccmHBv72.s:1610   .text.Endpoint_Write_PStream_BE:0000009c .Loc.395
     /tmp/ccmHBv72.s:1611   .text.Endpoint_Write_PStream_BE:0000009c .Loc.396
     /tmp/ccmHBv72.s:1616   .text.Endpoint_Write_PStream_BE:0000009c .Loc.397
     /tmp/ccmHBv72.s:1618   .text.Endpoint_Write_PStream_BE:0000009c .Loc.398
     /tmp/ccmHBv72.s:1619   .text.Endpoint_Write_PStream_BE:0000009c .Loc.399
     /tmp/ccmHBv72.s:1622   .text.Endpoint_Write_PStream_BE:000000a0 .Loc.400
     /tmp/ccmHBv72.s:1625   .text.Endpoint_Write_PStream_BE:000000a0 .Loc.401
     /tmp/ccmHBv72.s:1628   .text.Endpoint_Write_PStream_BE:000000a2 .Loc.402
     /tmp/ccmHBv72.s:1629   .text.Endpoint_Write_PStream_BE:000000a2 .Loc.403
     /tmp/ccmHBv72.s:1633   .text.Endpoint_Write_PStream_BE:000000a6 .Loc.404
     /tmp/ccmHBv72.s:1634   .text.Endpoint_Write_PStream_BE:000000a6 .Loc.405
     /tmp/ccmHBv72.s:1639   .text.Endpoint_Write_PStream_BE:000000ac .Loc.406
     /tmp/ccmHBv72.s:1641   .text.Endpoint_Write_PStream_BE:000000ae L0
     /tmp/ccmHBv72.s:1647   .text.Endpoint_Write_EStream_LE:00000000 Endpoint_Write_EStream_LE
     /tmp/ccmHBv72.s:1650   .text.Endpoint_Write_EStream_LE:00000000 .Loc.407
     /tmp/ccmHBv72.s:1651   .text.Endpoint_Write_EStream_LE:00000000 L0
     /tmp/ccmHBv72.s:1652   .text.Endpoint_Write_EStream_LE:00000000 .Loc.408
     /tmp/ccmHBv72.s:1696   .text.Endpoint_Write_EStream_LE:00000018 .Loc.409
     /tmp/ccmHBv72.s:1698   .text.Endpoint_Write_EStream_LE:00000018 .Loc.410
     /tmp/ccmHBv72.s:1699   .text.Endpoint_Write_EStream_LE:00000018 .Loc.411
     /tmp/ccmHBv72.s:1700   .text.Endpoint_Write_EStream_LE:00000018 .Loc.412
     /tmp/ccmHBv72.s:1701   .text.Endpoint_Write_EStream_LE:00000018 .Loc.413
     /tmp/ccmHBv72.s:1704   .text.Endpoint_Write_EStream_LE:0000001c .Loc.414
     /tmp/ccmHBv72.s:1707   .text.Endpoint_Write_EStream_LE:0000001e .Loc.415
     /tmp/ccmHBv72.s:1710   .text.Endpoint_Write_EStream_LE:00000022 .Loc.416
     /tmp/ccmHBv72.s:1711   .text.Endpoint_Write_EStream_LE:00000022 .Loc.417
     /tmp/ccmHBv72.s:1715   .text.Endpoint_Write_EStream_LE:00000028 .Loc.418
     /tmp/ccmHBv72.s:1716   .text.Endpoint_Write_EStream_LE:00000028 .Loc.419
     /tmp/ccmHBv72.s:1720   .text.Endpoint_Write_EStream_LE:0000002e .Loc.420
     /tmp/ccmHBv72.s:1724   .text.Endpoint_Write_EStream_LE:00000032 .Loc.421
     /tmp/ccmHBv72.s:1729   .text.Endpoint_Write_EStream_LE:00000036 .Loc.422
     /tmp/ccmHBv72.s:1734   .text.Endpoint_Write_EStream_LE:0000003a .Loc.423
     /tmp/ccmHBv72.s:1739   .text.Endpoint_Write_EStream_LE:0000003e .Loc.424
     /tmp/ccmHBv72.s:1742   .text.Endpoint_Write_EStream_LE:0000003e .Loc.425
     /tmp/ccmHBv72.s:1744   .text.Endpoint_Write_EStream_LE:0000003e .Loc.426
     /tmp/ccmHBv72.s:1745   .text.Endpoint_Write_EStream_LE:0000003e .Loc.427
     /tmp/ccmHBv72.s:1749   .text.Endpoint_Write_EStream_LE:00000042 .Loc.428
     /tmp/ccmHBv72.s:1752   .text.Endpoint_Write_EStream_LE:00000046 .Loc.429
     /tmp/ccmHBv72.s:1755   .text.Endpoint_Write_EStream_LE:00000046 .Loc.430
     /tmp/ccmHBv72.s:1757   .text.Endpoint_Write_EStream_LE:00000046 .Loc.431
     /tmp/ccmHBv72.s:1758   .text.Endpoint_Write_EStream_LE:00000046 .Loc.432
     /tmp/ccmHBv72.s:1764   .text.Endpoint_Write_EStream_LE:00000050 .Loc.433
     /tmp/ccmHBv72.s:1767   .text.Endpoint_Write_EStream_LE:00000054 .Loc.434
     /tmp/ccmHBv72.s:1768   .text.Endpoint_Write_EStream_LE:00000054 .Loc.435
     /tmp/ccmHBv72.s:1772   .text.Endpoint_Write_EStream_LE:0000005a .Loc.436
     /tmp/ccmHBv72.s:1773   .text.Endpoint_Write_EStream_LE:0000005a .Loc.437
     /tmp/ccmHBv72.s:1781   .text.Endpoint_Write_EStream_LE:00000068 .Loc.438
     /tmp/ccmHBv72.s:1782   .text.Endpoint_Write_EStream_LE:00000068 .Loc.439
     /tmp/ccmHBv72.s:1786   .text.Endpoint_Write_EStream_LE:0000006c .Loc.440
     /tmp/ccmHBv72.s:1796   .text.Endpoint_Write_EStream_LE:0000007a .Loc.441
     /tmp/ccmHBv72.s:1803   .text.Endpoint_Write_EStream_LE:00000082 .Loc.442
     /tmp/ccmHBv72.s:1804   .text.Endpoint_Write_EStream_LE:00000082 .Loc.443
     /tmp/ccmHBv72.s:1807   .text.Endpoint_Write_EStream_LE:00000086 .Loc.444
     /tmp/ccmHBv72.s:1810   .text.Endpoint_Write_EStream_LE:0000008a .Loc.445
     /tmp/ccmHBv72.s:1815   .text.Endpoint_Write_EStream_LE:0000008e .Loc.446
     /tmp/ccmHBv72.s:1821   .text.Endpoint_Write_EStream_LE:00000094 .Loc.447
     /tmp/ccmHBv72.s:1823   .text.Endpoint_Write_EStream_LE:00000094 .Loc.448
     /tmp/ccmHBv72.s:1824   .text.Endpoint_Write_EStream_LE:00000094 .Loc.449
     /tmp/ccmHBv72.s:1827   .text.Endpoint_Write_EStream_LE:00000098 .Loc.450
     /tmp/ccmHBv72.s:1830   .text.Endpoint_Write_EStream_LE:00000098 .Loc.451
     /tmp/ccmHBv72.s:1834   .text.Endpoint_Write_EStream_LE:0000009c .Loc.452
     /tmp/ccmHBv72.s:1835   .text.Endpoint_Write_EStream_LE:0000009c .Loc.453
     /tmp/ccmHBv72.s:1838   .text.Endpoint_Write_EStream_LE:0000009e .Loc.454
     /tmp/ccmHBv72.s:1839   .text.Endpoint_Write_EStream_LE:0000009e .Loc.455
     /tmp/ccmHBv72.s:1844   .text.Endpoint_Write_EStream_LE:000000a4 .Loc.456
     /tmp/ccmHBv72.s:1846   .text.Endpoint_Write_EStream_LE:000000a6 L0
     /tmp/ccmHBv72.s:1852   .text.Endpoint_Write_EStream_BE:00000000 Endpoint_Write_EStream_BE
     /tmp/ccmHBv72.s:1855   .text.Endpoint_Write_EStream_BE:00000000 .Loc.457
     /tmp/ccmHBv72.s:1856   .text.Endpoint_Write_EStream_BE:00000000 L0
     /tmp/ccmHBv72.s:1857   .text.Endpoint_Write_EStream_BE:00000000 .Loc.458
     /tmp/ccmHBv72.s:1901   .text.Endpoint_Write_EStream_BE:00000018 .Loc.459
     /tmp/ccmHBv72.s:1903   .text.Endpoint_Write_EStream_BE:00000018 .Loc.460
     /tmp/ccmHBv72.s:1904   .text.Endpoint_Write_EStream_BE:00000018 .Loc.461
     /tmp/ccmHBv72.s:1905   .text.Endpoint_Write_EStream_BE:00000018 .Loc.462
     /tmp/ccmHBv72.s:1906   .text.Endpoint_Write_EStream_BE:00000018 .Loc.463
     /tmp/ccmHBv72.s:1909   .text.Endpoint_Write_EStream_BE:0000001c .Loc.464
     /tmp/ccmHBv72.s:1912   .text.Endpoint_Write_EStream_BE:0000001e .Loc.465
     /tmp/ccmHBv72.s:1915   .text.Endpoint_Write_EStream_BE:00000022 .Loc.466
     /tmp/ccmHBv72.s:1919   .text.Endpoint_Write_EStream_BE:00000026 .Loc.467
     /tmp/ccmHBv72.s:1923   .text.Endpoint_Write_EStream_BE:0000002a .Loc.468
     /tmp/ccmHBv72.s:1924   .text.Endpoint_Write_EStream_BE:0000002a .Loc.469
     /tmp/ccmHBv72.s:1928   .text.Endpoint_Write_EStream_BE:00000030 .Loc.470
     /tmp/ccmHBv72.s:1929   .text.Endpoint_Write_EStream_BE:00000030 .Loc.471
     /tmp/ccmHBv72.s:1934   .text.Endpoint_Write_EStream_BE:00000036 .Loc.472
     /tmp/ccmHBv72.s:1938   .text.Endpoint_Write_EStream_BE:0000003a .Loc.473
     /tmp/ccmHBv72.s:1943   .text.Endpoint_Write_EStream_BE:0000003e .Loc.474
     /tmp/ccmHBv72.s:1948   .text.Endpoint_Write_EStream_BE:00000042 .Loc.475
     /tmp/ccmHBv72.s:1954   .text.Endpoint_Write_EStream_BE:00000048 .Loc.476
     /tmp/ccmHBv72.s:1957   .text.Endpoint_Write_EStream_BE:00000048 .Loc.477
     /tmp/ccmHBv72.s:1959   .text.Endpoint_Write_EStream_BE:00000048 .Loc.478
     /tmp/ccmHBv72.s:1960   .text.Endpoint_Write_EStream_BE:00000048 .Loc.479
     /tmp/ccmHBv72.s:1964   .text.Endpoint_Write_EStream_BE:0000004c .Loc.480
     /tmp/ccmHBv72.s:1967   .text.Endpoint_Write_EStream_BE:00000050 .Loc.481
     /tmp/ccmHBv72.s:1970   .text.Endpoint_Write_EStream_BE:00000050 .Loc.482
     /tmp/ccmHBv72.s:1972   .text.Endpoint_Write_EStream_BE:00000050 .Loc.483
     /tmp/ccmHBv72.s:1973   .text.Endpoint_Write_EStream_BE:00000050 .Loc.484
     /tmp/ccmHBv72.s:1979   .text.Endpoint_Write_EStream_BE:0000005a .Loc.485
     /tmp/ccmHBv72.s:1982   .text.Endpoint_Write_EStream_BE:0000005e .Loc.486
     /tmp/ccmHBv72.s:1983   .text.Endpoint_Write_EStream_BE:0000005e .Loc.487
     /tmp/ccmHBv72.s:1987   .text.Endpoint_Write_EStream_BE:00000064 .Loc.488
     /tmp/ccmHBv72.s:1988   .text.Endpoint_Write_EStream_BE:00000064 .Loc.489
     /tmp/ccmHBv72.s:1996   .text.Endpoint_Write_EStream_BE:00000072 .Loc.490
     /tmp/ccmHBv72.s:1997   .text.Endpoint_Write_EStream_BE:00000072 .Loc.491
     /tmp/ccmHBv72.s:2001   .text.Endpoint_Write_EStream_BE:00000076 .Loc.492
     /tmp/ccmHBv72.s:2011   .text.Endpoint_Write_EStream_BE:00000084 .Loc.493
     /tmp/ccmHBv72.s:2018   .text.Endpoint_Write_EStream_BE:0000008c .Loc.494
     /tmp/ccmHBv72.s:2019   .text.Endpoint_Write_EStream_BE:0000008c .Loc.495
     /tmp/ccmHBv72.s:2022   .text.Endpoint_Write_EStream_BE:00000090 .Loc.496
     /tmp/ccmHBv72.s:2025   .text.Endpoint_Write_EStream_BE:00000094 .Loc.497
     /tmp/ccmHBv72.s:2030   .text.Endpoint_Write_EStream_BE:00000098 .Loc.498
     /tmp/ccmHBv72.s:2036   .text.Endpoint_Write_EStream_BE:0000009e .Loc.499
     /tmp/ccmHBv72.s:2038   .text.Endpoint_Write_EStream_BE:0000009e .Loc.500
     /tmp/ccmHBv72.s:2039   .text.Endpoint_Write_EStream_BE:0000009e .Loc.501
     /tmp/ccmHBv72.s:2042   .text.Endpoint_Write_EStream_BE:000000a2 .Loc.502
     /tmp/ccmHBv72.s:2045   .text.Endpoint_Write_EStream_BE:000000a2 .Loc.503
     /tmp/ccmHBv72.s:2048   .text.Endpoint_Write_EStream_BE:000000a4 .Loc.504
     /tmp/ccmHBv72.s:2049   .text.Endpoint_Write_EStream_BE:000000a4 .Loc.505
     /tmp/ccmHBv72.s:2053   .text.Endpoint_Write_EStream_BE:000000a8 .Loc.506
     /tmp/ccmHBv72.s:2054   .text.Endpoint_Write_EStream_BE:000000a8 .Loc.507
     /tmp/ccmHBv72.s:2059   .text.Endpoint_Write_EStream_BE:000000ae .Loc.508
     /tmp/ccmHBv72.s:2061   .text.Endpoint_Write_EStream_BE:000000b0 L0
     /tmp/ccmHBv72.s:2067   .text.Endpoint_Read_EStream_LE:00000000 Endpoint_Read_EStream_LE
     /tmp/ccmHBv72.s:2070   .text.Endpoint_Read_EStream_LE:00000000 .Loc.509
     /tmp/ccmHBv72.s:2071   .text.Endpoint_Read_EStream_LE:00000000 L0
     /tmp/ccmHBv72.s:2072   .text.Endpoint_Read_EStream_LE:00000000 .Loc.510
     /tmp/ccmHBv72.s:2116   .text.Endpoint_Read_EStream_LE:00000018 .Loc.511
     /tmp/ccmHBv72.s:2118   .text.Endpoint_Read_EStream_LE:00000018 .Loc.512
     /tmp/ccmHBv72.s:2119   .text.Endpoint_Read_EStream_LE:00000018 .Loc.513
     /tmp/ccmHBv72.s:2120   .text.Endpoint_Read_EStream_LE:00000018 .Loc.514
     /tmp/ccmHBv72.s:2121   .text.Endpoint_Read_EStream_LE:00000018 .Loc.515
     /tmp/ccmHBv72.s:2124   .text.Endpoint_Read_EStream_LE:0000001c .Loc.516
     /tmp/ccmHBv72.s:2127   .text.Endpoint_Read_EStream_LE:0000001e .Loc.517
     /tmp/ccmHBv72.s:2130   .text.Endpoint_Read_EStream_LE:00000022 .Loc.518
     /tmp/ccmHBv72.s:2131   .text.Endpoint_Read_EStream_LE:00000022 .Loc.519
     /tmp/ccmHBv72.s:2135   .text.Endpoint_Read_EStream_LE:00000028 .Loc.520
     /tmp/ccmHBv72.s:2136   .text.Endpoint_Read_EStream_LE:00000028 .Loc.521
     /tmp/ccmHBv72.s:2140   .text.Endpoint_Read_EStream_LE:0000002e .Loc.522
     /tmp/ccmHBv72.s:2144   .text.Endpoint_Read_EStream_LE:00000032 .Loc.523
     /tmp/ccmHBv72.s:2149   .text.Endpoint_Read_EStream_LE:00000036 .Loc.524
     /tmp/ccmHBv72.s:2154   .text.Endpoint_Read_EStream_LE:0000003a .Loc.525
     /tmp/ccmHBv72.s:2159   .text.Endpoint_Read_EStream_LE:0000003e .Loc.526
     /tmp/ccmHBv72.s:2162   .text.Endpoint_Read_EStream_LE:0000003e .Loc.527
     /tmp/ccmHBv72.s:2164   .text.Endpoint_Read_EStream_LE:0000003e .Loc.528
     /tmp/ccmHBv72.s:2165   .text.Endpoint_Read_EStream_LE:0000003e .Loc.529
     /tmp/ccmHBv72.s:2169   .text.Endpoint_Read_EStream_LE:00000042 .Loc.530
     /tmp/ccmHBv72.s:2172   .text.Endpoint_Read_EStream_LE:00000046 .Loc.531
     /tmp/ccmHBv72.s:2175   .text.Endpoint_Read_EStream_LE:00000046 .Loc.532
     /tmp/ccmHBv72.s:2177   .text.Endpoint_Read_EStream_LE:00000046 .Loc.533
     /tmp/ccmHBv72.s:2178   .text.Endpoint_Read_EStream_LE:00000046 .Loc.534
     /tmp/ccmHBv72.s:2184   .text.Endpoint_Read_EStream_LE:00000050 .Loc.535
     /tmp/ccmHBv72.s:2187   .text.Endpoint_Read_EStream_LE:00000054 .Loc.536
     /tmp/ccmHBv72.s:2188   .text.Endpoint_Read_EStream_LE:00000054 .Loc.537
     /tmp/ccmHBv72.s:2192   .text.Endpoint_Read_EStream_LE:0000005a .Loc.538
     /tmp/ccmHBv72.s:2193   .text.Endpoint_Read_EStream_LE:0000005a .Loc.539
     /tmp/ccmHBv72.s:2201   .text.Endpoint_Read_EStream_LE:00000068 .Loc.540
     /tmp/ccmHBv72.s:2202   .text.Endpoint_Read_EStream_LE:00000068 .Loc.541
     /tmp/ccmHBv72.s:2206   .text.Endpoint_Read_EStream_LE:0000006c .Loc.542
     /tmp/ccmHBv72.s:2216   .text.Endpoint_Read_EStream_LE:0000007a .Loc.543
     /tmp/ccmHBv72.s:2223   .text.Endpoint_Read_EStream_LE:00000082 .Loc.544
     /tmp/ccmHBv72.s:2224   .text.Endpoint_Read_EStream_LE:00000082 .Loc.545
     /tmp/ccmHBv72.s:2227   .text.Endpoint_Read_EStream_LE:00000086 .Loc.546
     /tmp/ccmHBv72.s:2230   .text.Endpoint_Read_EStream_LE:0000008a .Loc.547
     /tmp/ccmHBv72.s:2235   .text.Endpoint_Read_EStream_LE:0000008e .Loc.548
     /tmp/ccmHBv72.s:2238   .text.Endpoint_Read_EStream_LE:0000008e .Loc.549
     /tmp/ccmHBv72.s:2240   .text.Endpoint_Read_EStream_LE:0000008e .Loc.550
     /tmp/ccmHBv72.s:2241   .text.Endpoint_Read_EStream_LE:0000008e .Loc.551
     /tmp/ccmHBv72.s:2245   .text.Endpoint_Read_EStream_LE:00000092 .Loc.552
     /tmp/ccmHBv72.s:2249   .text.Endpoint_Read_EStream_LE:00000098 .Loc.553
     /tmp/ccmHBv72.s:2253   .text.Endpoint_Read_EStream_LE:0000009c .Loc.554
     /tmp/ccmHBv72.s:2254   .text.Endpoint_Read_EStream_LE:0000009c .Loc.555
     /tmp/ccmHBv72.s:2257   .text.Endpoint_Read_EStream_LE:0000009e .Loc.556
     /tmp/ccmHBv72.s:2258   .text.Endpoint_Read_EStream_LE:0000009e .Loc.557
     /tmp/ccmHBv72.s:2263   .text.Endpoint_Read_EStream_LE:000000a4 .Loc.558
     /tmp/ccmHBv72.s:2265   .text.Endpoint_Read_EStream_LE:000000a6 L0
     /tmp/ccmHBv72.s:2271   .text.Endpoint_Read_EStream_BE:00000000 Endpoint_Read_EStream_BE
     /tmp/ccmHBv72.s:2274   .text.Endpoint_Read_EStream_BE:00000000 .Loc.559
     /tmp/ccmHBv72.s:2275   .text.Endpoint_Read_EStream_BE:00000000 L0
     /tmp/ccmHBv72.s:2276   .text.Endpoint_Read_EStream_BE:00000000 .Loc.560
     /tmp/ccmHBv72.s:2320   .text.Endpoint_Read_EStream_BE:00000018 .Loc.561
     /tmp/ccmHBv72.s:2322   .text.Endpoint_Read_EStream_BE:00000018 .Loc.562
     /tmp/ccmHBv72.s:2323   .text.Endpoint_Read_EStream_BE:00000018 .Loc.563
     /tmp/ccmHBv72.s:2324   .text.Endpoint_Read_EStream_BE:00000018 .Loc.564
     /tmp/ccmHBv72.s:2325   .text.Endpoint_Read_EStream_BE:00000018 .Loc.565
     /tmp/ccmHBv72.s:2328   .text.Endpoint_Read_EStream_BE:0000001c .Loc.566
     /tmp/ccmHBv72.s:2331   .text.Endpoint_Read_EStream_BE:0000001e .Loc.567
     /tmp/ccmHBv72.s:2334   .text.Endpoint_Read_EStream_BE:00000022 .Loc.568
     /tmp/ccmHBv72.s:2338   .text.Endpoint_Read_EStream_BE:00000026 .Loc.569
     /tmp/ccmHBv72.s:2342   .text.Endpoint_Read_EStream_BE:0000002a .Loc.570
     /tmp/ccmHBv72.s:2343   .text.Endpoint_Read_EStream_BE:0000002a .Loc.571
     /tmp/ccmHBv72.s:2347   .text.Endpoint_Read_EStream_BE:00000030 .Loc.572
     /tmp/ccmHBv72.s:2348   .text.Endpoint_Read_EStream_BE:00000030 .Loc.573
     /tmp/ccmHBv72.s:2353   .text.Endpoint_Read_EStream_BE:00000036 .Loc.574
     /tmp/ccmHBv72.s:2357   .text.Endpoint_Read_EStream_BE:0000003a .Loc.575
     /tmp/ccmHBv72.s:2362   .text.Endpoint_Read_EStream_BE:0000003e .Loc.576
     /tmp/ccmHBv72.s:2367   .text.Endpoint_Read_EStream_BE:00000042 .Loc.577
     /tmp/ccmHBv72.s:2373   .text.Endpoint_Read_EStream_BE:00000048 .Loc.578
     /tmp/ccmHBv72.s:2376   .text.Endpoint_Read_EStream_BE:00000048 .Loc.579
     /tmp/ccmHBv72.s:2378   .text.Endpoint_Read_EStream_BE:00000048 .Loc.580
     /tmp/ccmHBv72.s:2379   .text.Endpoint_Read_EStream_BE:00000048 .Loc.581
     /tmp/ccmHBv72.s:2383   .text.Endpoint_Read_EStream_BE:0000004c .Loc.582
     /tmp/ccmHBv72.s:2386   .text.Endpoint_Read_EStream_BE:00000050 .Loc.583
     /tmp/ccmHBv72.s:2389   .text.Endpoint_Read_EStream_BE:00000050 .Loc.584
     /tmp/ccmHBv72.s:2391   .text.Endpoint_Read_EStream_BE:00000050 .Loc.585
     /tmp/ccmHBv72.s:2392   .text.Endpoint_Read_EStream_BE:00000050 .Loc.586
     /tmp/ccmHBv72.s:2398   .text.Endpoint_Read_EStream_BE:0000005a .Loc.587
     /tmp/ccmHBv72.s:2401   .text.Endpoint_Read_EStream_BE:0000005e .Loc.588
     /tmp/ccmHBv72.s:2402   .text.Endpoint_Read_EStream_BE:0000005e .Loc.589
     /tmp/ccmHBv72.s:2406   .text.Endpoint_Read_EStream_BE:00000064 .Loc.590
     /tmp/ccmHBv72.s:2407   .text.Endpoint_Read_EStream_BE:00000064 .Loc.591
     /tmp/ccmHBv72.s:2415   .text.Endpoint_Read_EStream_BE:00000072 .Loc.592
     /tmp/ccmHBv72.s:2416   .text.Endpoint_Read_EStream_BE:00000072 .Loc.593
     /tmp/ccmHBv72.s:2420   .text.Endpoint_Read_EStream_BE:00000076 .Loc.594
     /tmp/ccmHBv72.s:2430   .text.Endpoint_Read_EStream_BE:00000084 .Loc.595
     /tmp/ccmHBv72.s:2437   .text.Endpoint_Read_EStream_BE:0000008c .Loc.596
     /tmp/ccmHBv72.s:2438   .text.Endpoint_Read_EStream_BE:0000008c .Loc.597
     /tmp/ccmHBv72.s:2441   .text.Endpoint_Read_EStream_BE:00000090 .Loc.598
     /tmp/ccmHBv72.s:2444   .text.Endpoint_Read_EStream_BE:00000094 .Loc.599
     /tmp/ccmHBv72.s:2449   .text.Endpoint_Read_EStream_BE:00000098 .Loc.600
     /tmp/ccmHBv72.s:2452   .text.Endpoint_Read_EStream_BE:00000098 .Loc.601
     /tmp/ccmHBv72.s:2454   .text.Endpoint_Read_EStream_BE:00000098 .Loc.602
     /tmp/ccmHBv72.s:2455   .text.Endpoint_Read_EStream_BE:00000098 .Loc.603
     /tmp/ccmHBv72.s:2459   .text.Endpoint_Read_EStream_BE:0000009c .Loc.604
     /tmp/ccmHBv72.s:2463   .text.Endpoint_Read_EStream_BE:000000a2 .Loc.605
     /tmp/ccmHBv72.s:2466   .text.Endpoint_Read_EStream_BE:000000a4 .Loc.606
     /tmp/ccmHBv72.s:2467   .text.Endpoint_Read_EStream_BE:000000a4 .Loc.607
     /tmp/ccmHBv72.s:2471   .text.Endpoint_Read_EStream_BE:000000a8 .Loc.608
     /tmp/ccmHBv72.s:2472   .text.Endpoint_Read_EStream_BE:000000a8 .Loc.609
     /tmp/ccmHBv72.s:2477   .text.Endpoint_Read_EStream_BE:000000ae .Loc.610
     /tmp/ccmHBv72.s:2479   .text.Endpoint_Read_EStream_BE:000000b0 L0
     /tmp/ccmHBv72.s:2485   .text.Endpoint_Write_Control_Stream_LE:00000000 Endpoint_Write_Control_Stream_LE
     /tmp/ccmHBv72.s:2489   .text.Endpoint_Write_Control_Stream_LE:00000000 .Loc.611
     /tmp/ccmHBv72.s:2490   .text.Endpoint_Write_Control_Stream_LE:00000000 L0
     /tmp/ccmHBv72.s:2495   .text.Endpoint_Write_Control_Stream_LE:00000000 .Loc.612
     /tmp/ccmHBv72.s:2498   .text.Endpoint_Write_Control_Stream_LE:00000004 .Loc.613
     /tmp/ccmHBv72.s:2500   .text.Endpoint_Write_Control_Stream_LE:00000004 .Loc.614
     /tmp/ccmHBv72.s:2501   .text.Endpoint_Write_Control_Stream_LE:00000004 .Loc.615
     /tmp/ccmHBv72.s:2502   .text.Endpoint_Write_Control_Stream_LE:00000004 .Loc.616
     /tmp/ccmHBv72.s:2506   .text.Endpoint_Write_Control_Stream_LE:0000000c .Loc.617
     /tmp/ccmHBv72.s:2510   .text.Endpoint_Write_Control_Stream_LE:00000012 .Loc.618
     /tmp/ccmHBv72.s:2511   .text.Endpoint_Write_Control_Stream_LE:00000012 .Loc.619
     /tmp/ccmHBv72.s:2515   .text.Endpoint_Write_Control_Stream_LE:00000016 .Loc.620
     /tmp/ccmHBv72.s:2519   .text.Endpoint_Write_Control_Stream_LE:00000018 .Loc.621
     /tmp/ccmHBv72.s:2523   .text.Endpoint_Write_Control_Stream_LE:0000001a .Loc.622
     /tmp/ccmHBv72.s:2526   .text.Endpoint_Write_Control_Stream_LE:0000001e .Loc.623
     /tmp/ccmHBv72.s:2531   .text.Endpoint_Write_Control_Stream_LE:00000022 .Loc.624
     /tmp/ccmHBv72.s:2534   .text.Endpoint_Write_Control_Stream_LE:00000022 .Loc.625
     /tmp/ccmHBv72.s:2536   .text.Endpoint_Write_Control_Stream_LE:00000022 .Loc.626
     /tmp/ccmHBv72.s:2537   .text.Endpoint_Write_Control_Stream_LE:00000022 .Loc.627
     /tmp/ccmHBv72.s:2541   .text.Endpoint_Write_Control_Stream_LE:00000026 .Loc.628
     /tmp/ccmHBv72.s:2544   .text.Endpoint_Write_Control_Stream_LE:0000002a .Loc.629
     /tmp/ccmHBv72.s:2549   .text.Endpoint_Write_Control_Stream_LE:0000002e .Loc.630
     /tmp/ccmHBv72.s:2552   .text.Endpoint_Write_Control_Stream_LE:0000002e .Loc.631
     /tmp/ccmHBv72.s:2554   .text.Endpoint_Write_Control_Stream_LE:0000002e .Loc.632
     /tmp/ccmHBv72.s:2555   .text.Endpoint_Write_Control_Stream_LE:0000002e .Loc.633
     /tmp/ccmHBv72.s:2559   .text.Endpoint_Write_Control_Stream_LE:00000038 .Loc.634
     /tmp/ccmHBv72.s:2563   .text.Endpoint_Write_Control_Stream_LE:0000003a .Loc.635
     /tmp/ccmHBv72.s:2567   .text.Endpoint_Write_Control_Stream_LE:0000003a .Loc.636
     /tmp/ccmHBv72.s:2568   .text.Endpoint_Write_Control_Stream_LE:0000003a .Loc.637
     /tmp/ccmHBv72.s:2571   .text.Endpoint_Write_Control_Stream_LE:0000003c .Loc.638
     /tmp/ccmHBv72.s:2572   .text.Endpoint_Write_Control_Stream_LE:0000003c .Loc.639
     /tmp/ccmHBv72.s:2575   .text.Endpoint_Write_Control_Stream_LE:00000040 .Loc.640
     /tmp/ccmHBv72.s:2576   .text.Endpoint_Write_Control_Stream_LE:00000040 .Loc.641
     /tmp/ccmHBv72.s:2579   .text.Endpoint_Write_Control_Stream_LE:00000044 .Loc.642
     /tmp/ccmHBv72.s:2582   .text.Endpoint_Write_Control_Stream_LE:00000044 .Loc.643
     /tmp/ccmHBv72.s:2584   .text.Endpoint_Write_Control_Stream_LE:00000044 .Loc.644
     /tmp/ccmHBv72.s:2585   .text.Endpoint_Write_Control_Stream_LE:00000044 .Loc.645
     /tmp/ccmHBv72.s:2588   .text.Endpoint_Write_Control_Stream_LE:00000048 .Loc.646
     /tmp/ccmHBv72.s:2591   .text.Endpoint_Write_Control_Stream_LE:00000048 .Loc.647
     /tmp/ccmHBv72.s:2594   .text.Endpoint_Write_Control_Stream_LE:0000004c .Loc.648
     /tmp/ccmHBv72.s:2597   .text.Endpoint_Write_Control_Stream_LE:0000004c .Loc.649
     /tmp/ccmHBv72.s:2599   .text.Endpoint_Write_Control_Stream_LE:0000004c .Loc.650
     /tmp/ccmHBv72.s:2600   .text.Endpoint_Write_Control_Stream_LE:0000004c .Loc.651
     /tmp/ccmHBv72.s:2604   .text.Endpoint_Write_Control_Stream_LE:00000050 .Loc.652
     /tmp/ccmHBv72.s:2607   .text.Endpoint_Write_Control_Stream_LE:00000054 .Loc.653
     /tmp/ccmHBv72.s:2610   .text.Endpoint_Write_Control_Stream_LE:00000054 .Loc.654
     /tmp/ccmHBv72.s:2612   .text.Endpoint_Write_Control_Stream_LE:00000054 .Loc.655
     /tmp/ccmHBv72.s:2613   .text.Endpoint_Write_Control_Stream_LE:00000054 .Loc.656
     /tmp/ccmHBv72.s:2617   .text.Endpoint_Write_Control_Stream_LE:00000058 .Loc.657
     /tmp/ccmHBv72.s:2621   .text.Endpoint_Write_Control_Stream_LE:0000005c .Loc.658
     /tmp/ccmHBv72.s:2624   .text.Endpoint_Write_Control_Stream_LE:0000005c .Loc.659
     /tmp/ccmHBv72.s:2626   .text.Endpoint_Write_Control_Stream_LE:0000005c .Loc.660
     /tmp/ccmHBv72.s:2627   .text.Endpoint_Write_Control_Stream_LE:0000005c .Loc.661
     /tmp/ccmHBv72.s:2629   .text.Endpoint_Write_Control_Stream_LE:00000060 .Loc.662
     /tmp/ccmHBv72.s:2632   .text.Endpoint_Write_Control_Stream_LE:00000064 .Loc.663
     /tmp/ccmHBv72.s:2635   .text.Endpoint_Write_Control_Stream_LE:00000064 .Loc.664
     /tmp/ccmHBv72.s:2637   .text.Endpoint_Write_Control_Stream_LE:00000064 .Loc.665
     /tmp/ccmHBv72.s:2640   .text.Endpoint_Write_Control_Stream_LE:00000068 .Loc.666
     /tmp/ccmHBv72.s:2645   .text.Endpoint_Write_Control_Stream_LE:0000006e .Loc.667
     /tmp/ccmHBv72.s:2646   .text.Endpoint_Write_Control_Stream_LE:0000006e .Loc.668
     /tmp/ccmHBv72.s:2654   .text.Endpoint_Write_Control_Stream_LE:00000078 .Loc.669
     /tmp/ccmHBv72.s:2657   .text.Endpoint_Write_Control_Stream_LE:00000078 .Loc.670
     /tmp/ccmHBv72.s:2659   .text.Endpoint_Write_Control_Stream_LE:00000078 .Loc.671
     /tmp/ccmHBv72.s:2660   .text.Endpoint_Write_Control_Stream_LE:00000078 .Loc.672
     /tmp/ccmHBv72.s:2663   .text.Endpoint_Write_Control_Stream_LE:0000007c .Loc.673
     /tmp/ccmHBv72.s:2667   .text.Endpoint_Write_Control_Stream_LE:00000082 .Loc.674
     /tmp/ccmHBv72.s:2671   .text.Endpoint_Write_Control_Stream_LE:00000084 .Loc.675
     /tmp/ccmHBv72.s:2674   .text.Endpoint_Write_Control_Stream_LE:00000084 .Loc.676
     /tmp/ccmHBv72.s:2679   .text.Endpoint_Write_Control_Stream_LE:00000086 .Loc.677
     /tmp/ccmHBv72.s:2681   .text.Endpoint_Write_Control_Stream_LE:00000086 .Loc.678
     /tmp/ccmHBv72.s:2682   .text.Endpoint_Write_Control_Stream_LE:00000086 .Loc.679
     /tmp/ccmHBv72.s:2685   .text.Endpoint_Write_Control_Stream_LE:0000008a .Loc.680
     /tmp/ccmHBv72.s:2688   .text.Endpoint_Write_Control_Stream_LE:0000008a .Loc.681
     /tmp/ccmHBv72.s:2689   .text.Endpoint_Write_Control_Stream_LE:0000008a .Loc.682
     /tmp/ccmHBv72.s:2690   .text.Endpoint_Write_Control_Stream_LE:0000008a .Loc.683
     /tmp/ccmHBv72.s:2693   .text.Endpoint_Write_Control_Stream_LE:0000008c .Loc.684
     /tmp/ccmHBv72.s:2694   .text.Endpoint_Write_Control_Stream_LE:0000008c .Loc.685
     /tmp/ccmHBv72.s:2698   .text.Endpoint_Write_Control_Stream_LE:00000090 .Loc.686
     /tmp/ccmHBv72.s:2702   .text.Endpoint_Write_Control_Stream_LE:00000092 .Loc.687
     /tmp/ccmHBv72.s:2706   .text.Endpoint_Write_Control_Stream_LE:00000092 .Loc.688
     /tmp/ccmHBv72.s:2707   .text.Endpoint_Write_Control_Stream_LE:00000092 .Loc.689
     /tmp/ccmHBv72.s:2710   .text.Endpoint_Write_Control_Stream_LE:00000094 .Loc.690
     /tmp/ccmHBv72.s:2711   .text.Endpoint_Write_Control_Stream_LE:00000094 .Loc.691
     /tmp/ccmHBv72.s:2714   .text.Endpoint_Write_Control_Stream_LE:00000098 .Loc.692
     /tmp/ccmHBv72.s:2715   .text.Endpoint_Write_Control_Stream_LE:00000098 .Loc.693
     /tmp/ccmHBv72.s:2720   .text.Endpoint_Write_Control_Stream_LE:0000009c .Loc.694
     /tmp/ccmHBv72.s:2723   .text.Endpoint_Write_Control_Stream_LE:0000009c .Loc.695
     /tmp/ccmHBv72.s:2727   .text.Endpoint_Write_Control_Stream_LE:0000009e .Loc.696
     /tmp/ccmHBv72.s:2732   .text.Endpoint_Write_Control_Stream_LE:000000a0 .Loc.697
     /tmp/ccmHBv72.s:2735   .text.Endpoint_Write_Control_Stream_LE:000000a2 .Loc.698
     /tmp/ccmHBv72.s:2739   .text.Endpoint_Write_Control_Stream_LE:000000a4 .Loc.699
     /tmp/ccmHBv72.s:2743   .text.Endpoint_Write_Control_Stream_LE:000000a8 L0
     /tmp/ccmHBv72.s:2749   .text.Endpoint_Write_Control_Stream_BE:00000000 Endpoint_Write_Control_Stream_BE
     /tmp/ccmHBv72.s:2752   .text.Endpoint_Write_Control_Stream_BE:00000000 .Loc.700
     /tmp/ccmHBv72.s:2753   .text.Endpoint_Write_Control_Stream_BE:00000000 L0
     /tmp/ccmHBv72.s:2758   .text.Endpoint_Write_Control_Stream_BE:00000000 .Loc.701
     /tmp/ccmHBv72.s:2760   .text.Endpoint_Write_Control_Stream_BE:00000002 .Loc.702
     /tmp/ccmHBv72.s:2761   .text.Endpoint_Write_Control_Stream_BE:00000002 .Loc.703
     /tmp/ccmHBv72.s:2764   .text.Endpoint_Write_Control_Stream_BE:00000006 .Loc.704
     /tmp/ccmHBv72.s:2768   .text.Endpoint_Write_Control_Stream_BE:0000000a .Loc.705
     /tmp/ccmHBv72.s:2769   .text.Endpoint_Write_Control_Stream_BE:0000000a .Loc.706
     /tmp/ccmHBv72.s:2770   .text.Endpoint_Write_Control_Stream_BE:0000000a .Loc.707
     /tmp/ccmHBv72.s:2773   .text.Endpoint_Write_Control_Stream_BE:00000012 .Loc.708
     /tmp/ccmHBv72.s:2777   .text.Endpoint_Write_Control_Stream_BE:00000018 .Loc.709
     /tmp/ccmHBv72.s:2778   .text.Endpoint_Write_Control_Stream_BE:00000018 .Loc.710
     /tmp/ccmHBv72.s:2783   .text.Endpoint_Write_Control_Stream_BE:0000001c .Loc.711
     /tmp/ccmHBv72.s:2787   .text.Endpoint_Write_Control_Stream_BE:0000001e .Loc.712
     /tmp/ccmHBv72.s:2791   .text.Endpoint_Write_Control_Stream_BE:00000020 .Loc.713
     /tmp/ccmHBv72.s:2795   .text.Endpoint_Write_Control_Stream_BE:00000026 .Loc.714
     /tmp/ccmHBv72.s:2800   .text.Endpoint_Write_Control_Stream_BE:0000002a .Loc.715
     /tmp/ccmHBv72.s:2803   .text.Endpoint_Write_Control_Stream_BE:0000002a .Loc.716
     /tmp/ccmHBv72.s:2805   .text.Endpoint_Write_Control_Stream_BE:0000002a .Loc.717
     /tmp/ccmHBv72.s:2806   .text.Endpoint_Write_Control_Stream_BE:0000002a .Loc.718
     /tmp/ccmHBv72.s:2810   .text.Endpoint_Write_Control_Stream_BE:0000002e .Loc.719
     /tmp/ccmHBv72.s:2813   .text.Endpoint_Write_Control_Stream_BE:00000032 .Loc.720
     /tmp/ccmHBv72.s:2818   .text.Endpoint_Write_Control_Stream_BE:00000036 .Loc.721
     /tmp/ccmHBv72.s:2821   .text.Endpoint_Write_Control_Stream_BE:00000036 .Loc.722
     /tmp/ccmHBv72.s:2823   .text.Endpoint_Write_Control_Stream_BE:00000036 .Loc.723
     /tmp/ccmHBv72.s:2824   .text.Endpoint_Write_Control_Stream_BE:00000036 .Loc.724
     /tmp/ccmHBv72.s:2827   .text.Endpoint_Write_Control_Stream_BE:0000003a .Loc.725
     /tmp/ccmHBv72.s:2830   .text.Endpoint_Write_Control_Stream_BE:00000040 .Loc.726
     /tmp/ccmHBv72.s:2834   .text.Endpoint_Write_Control_Stream_BE:00000042 .Loc.727
     /tmp/ccmHBv72.s:2838   .text.Endpoint_Write_Control_Stream_BE:00000042 .Loc.728
     /tmp/ccmHBv72.s:2839   .text.Endpoint_Write_Control_Stream_BE:00000042 .Loc.729
     /tmp/ccmHBv72.s:2842   .text.Endpoint_Write_Control_Stream_BE:00000044 .Loc.730
     /tmp/ccmHBv72.s:2843   .text.Endpoint_Write_Control_Stream_BE:00000044 .Loc.731
     /tmp/ccmHBv72.s:2846   .text.Endpoint_Write_Control_Stream_BE:00000048 .Loc.732
     /tmp/ccmHBv72.s:2847   .text.Endpoint_Write_Control_Stream_BE:00000048 .Loc.733
     /tmp/ccmHBv72.s:2850   .text.Endpoint_Write_Control_Stream_BE:0000004c .Loc.734
     /tmp/ccmHBv72.s:2853   .text.Endpoint_Write_Control_Stream_BE:0000004c .Loc.735
     /tmp/ccmHBv72.s:2855   .text.Endpoint_Write_Control_Stream_BE:0000004c .Loc.736
     /tmp/ccmHBv72.s:2856   .text.Endpoint_Write_Control_Stream_BE:0000004c .Loc.737
     /tmp/ccmHBv72.s:2859   .text.Endpoint_Write_Control_Stream_BE:00000050 .Loc.738
     /tmp/ccmHBv72.s:2862   .text.Endpoint_Write_Control_Stream_BE:00000050 .Loc.739
     /tmp/ccmHBv72.s:2865   .text.Endpoint_Write_Control_Stream_BE:00000054 .Loc.740
     /tmp/ccmHBv72.s:2868   .text.Endpoint_Write_Control_Stream_BE:00000054 .Loc.741
     /tmp/ccmHBv72.s:2870   .text.Endpoint_Write_Control_Stream_BE:00000054 .Loc.742
     /tmp/ccmHBv72.s:2871   .text.Endpoint_Write_Control_Stream_BE:00000054 .Loc.743
     /tmp/ccmHBv72.s:2875   .text.Endpoint_Write_Control_Stream_BE:00000058 .Loc.744
     /tmp/ccmHBv72.s:2878   .text.Endpoint_Write_Control_Stream_BE:0000005c .Loc.745
     /tmp/ccmHBv72.s:2881   .text.Endpoint_Write_Control_Stream_BE:0000005c .Loc.746
     /tmp/ccmHBv72.s:2883   .text.Endpoint_Write_Control_Stream_BE:0000005c .Loc.747
     /tmp/ccmHBv72.s:2884   .text.Endpoint_Write_Control_Stream_BE:0000005c .Loc.748
     /tmp/ccmHBv72.s:2888   .text.Endpoint_Write_Control_Stream_BE:00000060 .Loc.749
     /tmp/ccmHBv72.s:2892   .text.Endpoint_Write_Control_Stream_BE:00000064 .Loc.750
     /tmp/ccmHBv72.s:2895   .text.Endpoint_Write_Control_Stream_BE:00000064 .Loc.751
     /tmp/ccmHBv72.s:2897   .text.Endpoint_Write_Control_Stream_BE:00000064 .Loc.752
     /tmp/ccmHBv72.s:2898   .text.Endpoint_Write_Control_Stream_BE:00000064 .Loc.753
     /tmp/ccmHBv72.s:2901   .text.Endpoint_Write_Control_Stream_BE:00000068 .Loc.754
     /tmp/ccmHBv72.s:2903   .text.Endpoint_Write_Control_Stream_BE:0000006c .Loc.755
     /tmp/ccmHBv72.s:2906   .text.Endpoint_Write_Control_Stream_BE:0000006e .Loc.756
     /tmp/ccmHBv72.s:2909   .text.Endpoint_Write_Control_Stream_BE:0000006e .Loc.757
     /tmp/ccmHBv72.s:2911   .text.Endpoint_Write_Control_Stream_BE:0000006e .Loc.758
     /tmp/ccmHBv72.s:2915   .text.Endpoint_Write_Control_Stream_BE:00000074 .Loc.759
     /tmp/ccmHBv72.s:2920   .text.Endpoint_Write_Control_Stream_BE:0000007a .Loc.760
     /tmp/ccmHBv72.s:2921   .text.Endpoint_Write_Control_Stream_BE:0000007a .Loc.761
     /tmp/ccmHBv72.s:2929   .text.Endpoint_Write_Control_Stream_BE:00000084 .Loc.762
     /tmp/ccmHBv72.s:2932   .text.Endpoint_Write_Control_Stream_BE:00000084 .Loc.763
     /tmp/ccmHBv72.s:2934   .text.Endpoint_Write_Control_Stream_BE:00000084 .Loc.764
     /tmp/ccmHBv72.s:2935   .text.Endpoint_Write_Control_Stream_BE:00000084 .Loc.765
     /tmp/ccmHBv72.s:2940   .text.Endpoint_Write_Control_Stream_BE:0000008e .Loc.766
     /tmp/ccmHBv72.s:2944   .text.Endpoint_Write_Control_Stream_BE:00000090 .Loc.767
     /tmp/ccmHBv72.s:2947   .text.Endpoint_Write_Control_Stream_BE:00000090 .Loc.768
     /tmp/ccmHBv72.s:2952   .text.Endpoint_Write_Control_Stream_BE:00000092 .Loc.769
     /tmp/ccmHBv72.s:2954   .text.Endpoint_Write_Control_Stream_BE:00000092 .Loc.770
     /tmp/ccmHBv72.s:2955   .text.Endpoint_Write_Control_Stream_BE:00000092 .Loc.771
     /tmp/ccmHBv72.s:2958   .text.Endpoint_Write_Control_Stream_BE:00000096 .Loc.772
     /tmp/ccmHBv72.s:2961   .text.Endpoint_Write_Control_Stream_BE:00000096 .Loc.773
     /tmp/ccmHBv72.s:2964   .text.Endpoint_Write_Control_Stream_BE:00000098 .Loc.774
     /tmp/ccmHBv72.s:2965   .text.Endpoint_Write_Control_Stream_BE:00000098 .Loc.775
     /tmp/ccmHBv72.s:2969   .text.Endpoint_Write_Control_Stream_BE:0000009c .Loc.776
     /tmp/ccmHBv72.s:2970   .text.Endpoint_Write_Control_Stream_BE:0000009c .Loc.777
     /tmp/ccmHBv72.s:2974   .text.Endpoint_Write_Control_Stream_BE:000000a0 .Loc.778
     /tmp/ccmHBv72.s:2978   .text.Endpoint_Write_Control_Stream_BE:000000a2 .Loc.779
     /tmp/ccmHBv72.s:2982   .text.Endpoint_Write_Control_Stream_BE:000000a2 .Loc.780
     /tmp/ccmHBv72.s:2983   .text.Endpoint_Write_Control_Stream_BE:000000a2 .Loc.781
     /tmp/ccmHBv72.s:2986   .text.Endpoint_Write_Control_Stream_BE:000000a4 .Loc.782
     /tmp/ccmHBv72.s:2987   .text.Endpoint_Write_Control_Stream_BE:000000a4 .Loc.783
     /tmp/ccmHBv72.s:2990   .text.Endpoint_Write_Control_Stream_BE:000000a8 .Loc.784
     /tmp/ccmHBv72.s:2991   .text.Endpoint_Write_Control_Stream_BE:000000a8 .Loc.785
     /tmp/ccmHBv72.s:2993   .text.Endpoint_Write_Control_Stream_BE:000000ac L0
     /tmp/ccmHBv72.s:2997   .text.Endpoint_Write_Control_Stream_BE:000000ae .Loc.786
     /tmp/ccmHBv72.s:3000   .text.Endpoint_Write_Control_Stream_BE:000000ae .Loc.787
     /tmp/ccmHBv72.s:3004   .text.Endpoint_Write_Control_Stream_BE:000000b0 .Loc.788
     /tmp/ccmHBv72.s:3009   .text.Endpoint_Write_Control_Stream_BE:000000b2 .Loc.789
     /tmp/ccmHBv72.s:3012   .text.Endpoint_Write_Control_Stream_BE:000000b4 .Loc.790
     /tmp/ccmHBv72.s:3016   .text.Endpoint_Write_Control_Stream_BE:000000b6 .Loc.791
     /tmp/ccmHBv72.s:3020   .text.Endpoint_Write_Control_Stream_BE:000000ba L0
     /tmp/ccmHBv72.s:3026   .text.Endpoint_Read_Control_Stream_LE:00000000 Endpoint_Read_Control_Stream_LE
     /tmp/ccmHBv72.s:3030   .text.Endpoint_Read_Control_Stream_LE:00000000 .Loc.792
     /tmp/ccmHBv72.s:3031   .text.Endpoint_Read_Control_Stream_LE:00000000 L0
     /tmp/ccmHBv72.s:3036   .text.Endpoint_Read_Control_Stream_LE:00000000 .Loc.793
     /tmp/ccmHBv72.s:3040   .text.Endpoint_Read_Control_Stream_LE:00000004 .Loc.794
     /tmp/ccmHBv72.s:3041   .text.Endpoint_Read_Control_Stream_LE:00000004 .Loc.795
     /tmp/ccmHBv72.s:3042   .text.Endpoint_Read_Control_Stream_LE:00000004 .Loc.796
     /tmp/ccmHBv72.s:3048   .text.Endpoint_Read_Control_Stream_LE:00000008 .Loc.797
     /tmp/ccmHBv72.s:3051   .text.Endpoint_Read_Control_Stream_LE:00000008 .Loc.798
     /tmp/ccmHBv72.s:3053   .text.Endpoint_Read_Control_Stream_LE:00000008 .Loc.799
     /tmp/ccmHBv72.s:3054   .text.Endpoint_Read_Control_Stream_LE:00000008 .Loc.800
     /tmp/ccmHBv72.s:3059   .text.Endpoint_Read_Control_Stream_LE:00000012 .Loc.801
     /tmp/ccmHBv72.s:3063   .text.Endpoint_Read_Control_Stream_LE:00000012 .Loc.802
     /tmp/ccmHBv72.s:3068   .text.Endpoint_Read_Control_Stream_LE:00000016 .Loc.803
     /tmp/ccmHBv72.s:3071   .text.Endpoint_Read_Control_Stream_LE:00000016 .Loc.804
     /tmp/ccmHBv72.s:3073   .text.Endpoint_Read_Control_Stream_LE:00000016 .Loc.805
     /tmp/ccmHBv72.s:3074   .text.Endpoint_Read_Control_Stream_LE:00000016 .Loc.806
     /tmp/ccmHBv72.s:3078   .text.Endpoint_Read_Control_Stream_LE:0000001a .Loc.807
     /tmp/ccmHBv72.s:3081   .text.Endpoint_Read_Control_Stream_LE:0000001e .Loc.808
     /tmp/ccmHBv72.s:3087   .text.Endpoint_Read_Control_Stream_LE:00000022 .Loc.809
     /tmp/ccmHBv72.s:3088   .text.Endpoint_Read_Control_Stream_LE:00000022 .Loc.810
     /tmp/ccmHBv72.s:3091   .text.Endpoint_Read_Control_Stream_LE:00000024 .Loc.811
     /tmp/ccmHBv72.s:3092   .text.Endpoint_Read_Control_Stream_LE:00000024 .Loc.812
     /tmp/ccmHBv72.s:3095   .text.Endpoint_Read_Control_Stream_LE:00000028 .Loc.813
     /tmp/ccmHBv72.s:3096   .text.Endpoint_Read_Control_Stream_LE:00000028 .Loc.814
     /tmp/ccmHBv72.s:3099   .text.Endpoint_Read_Control_Stream_LE:0000002c .Loc.815
     /tmp/ccmHBv72.s:3102   .text.Endpoint_Read_Control_Stream_LE:0000002c .Loc.816
     /tmp/ccmHBv72.s:3104   .text.Endpoint_Read_Control_Stream_LE:0000002c .Loc.817
     /tmp/ccmHBv72.s:3105   .text.Endpoint_Read_Control_Stream_LE:0000002c .Loc.818
     /tmp/ccmHBv72.s:3108   .text.Endpoint_Read_Control_Stream_LE:00000030 .Loc.819
     /tmp/ccmHBv72.s:3111   .text.Endpoint_Read_Control_Stream_LE:00000030 .Loc.820
     /tmp/ccmHBv72.s:3114   .text.Endpoint_Read_Control_Stream_LE:00000034 .Loc.821
     /tmp/ccmHBv72.s:3117   .text.Endpoint_Read_Control_Stream_LE:00000034 .Loc.822
     /tmp/ccmHBv72.s:3119   .text.Endpoint_Read_Control_Stream_LE:00000034 .Loc.823
     /tmp/ccmHBv72.s:3120   .text.Endpoint_Read_Control_Stream_LE:00000034 .Loc.824
     /tmp/ccmHBv72.s:3124   .text.Endpoint_Read_Control_Stream_LE:00000038 .Loc.825
     /tmp/ccmHBv72.s:3131   .text.Endpoint_Read_Control_Stream_LE:0000003c .Loc.826
     /tmp/ccmHBv72.s:3133   .text.Endpoint_Read_Control_Stream_LE:0000003c .Loc.827
     /tmp/ccmHBv72.s:3134   .text.Endpoint_Read_Control_Stream_LE:0000003c .Loc.828
     /tmp/ccmHBv72.s:3136   .text.Endpoint_Read_Control_Stream_LE:00000040 .Loc.829
     /tmp/ccmHBv72.s:3140   .text.Endpoint_Read_Control_Stream_LE:00000044 .Loc.830
     /tmp/ccmHBv72.s:3143   .text.Endpoint_Read_Control_Stream_LE:00000048 .Loc.831
     /tmp/ccmHBv72.s:3146   .text.Endpoint_Read_Control_Stream_LE:00000048 .Loc.832
     /tmp/ccmHBv72.s:3148   .text.Endpoint_Read_Control_Stream_LE:00000048 .Loc.833
     /tmp/ccmHBv72.s:3149   .text.Endpoint_Read_Control_Stream_LE:00000048 .Loc.834
     /tmp/ccmHBv72.s:3153   .text.Endpoint_Read_Control_Stream_LE:0000004c .Loc.835
     /tmp/ccmHBv72.s:3156   .text.Endpoint_Read_Control_Stream_LE:0000004e .Loc.836
     /tmp/ccmHBv72.s:3157   .text.Endpoint_Read_Control_Stream_LE:0000004e .Loc.837
     /tmp/ccmHBv72.s:3158   .text.Endpoint_Read_Control_Stream_LE:0000004e .Loc.838
     /tmp/ccmHBv72.s:3161   .text.Endpoint_Read_Control_Stream_LE:00000050 .Loc.839
     /tmp/ccmHBv72.s:3166   .text.Endpoint_Read_Control_Stream_LE:00000054 .Loc.840
     /tmp/ccmHBv72.s:3169   .text.Endpoint_Read_Control_Stream_LE:00000054 .Loc.841
     /tmp/ccmHBv72.s:3170   .text.Endpoint_Read_Control_Stream_LE:00000054 .Loc.842
     /tmp/ccmHBv72.s:3173   .text.Endpoint_Read_Control_Stream_LE:00000056 .Loc.843
     /tmp/ccmHBv72.s:3174   .text.Endpoint_Read_Control_Stream_LE:00000056 .Loc.844
     /tmp/ccmHBv72.s:3177   .text.Endpoint_Read_Control_Stream_LE:0000005a .Loc.845
     /tmp/ccmHBv72.s:3178   .text.Endpoint_Read_Control_Stream_LE:0000005a .Loc.846
     /tmp/ccmHBv72.s:3183   .text.Endpoint_Read_Control_Stream_LE:0000005e .Loc.847
     /tmp/ccmHBv72.s:3186   .text.Endpoint_Read_Control_Stream_LE:0000005e .Loc.848
     /tmp/ccmHBv72.s:3190   .text.Endpoint_Read_Control_Stream_LE:00000060 .Loc.849
     /tmp/ccmHBv72.s:3195   .text.Endpoint_Read_Control_Stream_LE:00000062 .Loc.850
     /tmp/ccmHBv72.s:3200   .text.Endpoint_Read_Control_Stream_LE:00000066 .Loc.851
     /tmp/ccmHBv72.s:3204   .text.Endpoint_Read_Control_Stream_LE:0000006a L0
     /tmp/ccmHBv72.s:3210   .text.Endpoint_Read_Control_Stream_BE:00000000 Endpoint_Read_Control_Stream_BE
     /tmp/ccmHBv72.s:3213   .text.Endpoint_Read_Control_Stream_BE:00000000 .Loc.852
     /tmp/ccmHBv72.s:3214   .text.Endpoint_Read_Control_Stream_BE:00000000 L0
     /tmp/ccmHBv72.s:3219   .text.Endpoint_Read_Control_Stream_BE:00000000 .Loc.853
     /tmp/ccmHBv72.s:3221   .text.Endpoint_Read_Control_Stream_BE:00000002 .Loc.854
     /tmp/ccmHBv72.s:3222   .text.Endpoint_Read_Control_Stream_BE:00000002 .Loc.855
     /tmp/ccmHBv72.s:3225   .text.Endpoint_Read_Control_Stream_BE:00000006 .Loc.856
     /tmp/ccmHBv72.s:3229   .text.Endpoint_Read_Control_Stream_BE:0000000a .Loc.857
     /tmp/ccmHBv72.s:3230   .text.Endpoint_Read_Control_Stream_BE:0000000a .Loc.858
     /tmp/ccmHBv72.s:3236   .text.Endpoint_Read_Control_Stream_BE:0000000e .Loc.859
     /tmp/ccmHBv72.s:3239   .text.Endpoint_Read_Control_Stream_BE:0000000e .Loc.860
     /tmp/ccmHBv72.s:3241   .text.Endpoint_Read_Control_Stream_BE:0000000e .Loc.861
     /tmp/ccmHBv72.s:3242   .text.Endpoint_Read_Control_Stream_BE:0000000e .Loc.862
     /tmp/ccmHBv72.s:3247   .text.Endpoint_Read_Control_Stream_BE:00000018 .Loc.863
     /tmp/ccmHBv72.s:3251   .text.Endpoint_Read_Control_Stream_BE:00000018 .Loc.864
     /tmp/ccmHBv72.s:3256   .text.Endpoint_Read_Control_Stream_BE:0000001e .Loc.865
     /tmp/ccmHBv72.s:3259   .text.Endpoint_Read_Control_Stream_BE:0000001e .Loc.866
     /tmp/ccmHBv72.s:3261   .text.Endpoint_Read_Control_Stream_BE:0000001e .Loc.867
     /tmp/ccmHBv72.s:3262   .text.Endpoint_Read_Control_Stream_BE:0000001e .Loc.868
     /tmp/ccmHBv72.s:3266   .text.Endpoint_Read_Control_Stream_BE:00000022 .Loc.869
     /tmp/ccmHBv72.s:3269   .text.Endpoint_Read_Control_Stream_BE:00000026 .Loc.870
     /tmp/ccmHBv72.s:3275   .text.Endpoint_Read_Control_Stream_BE:0000002a .Loc.871
     /tmp/ccmHBv72.s:3276   .text.Endpoint_Read_Control_Stream_BE:0000002a .Loc.872
     /tmp/ccmHBv72.s:3279   .text.Endpoint_Read_Control_Stream_BE:0000002c .Loc.873
     /tmp/ccmHBv72.s:3280   .text.Endpoint_Read_Control_Stream_BE:0000002c .Loc.874
     /tmp/ccmHBv72.s:3283   .text.Endpoint_Read_Control_Stream_BE:00000030 .Loc.875
     /tmp/ccmHBv72.s:3284   .text.Endpoint_Read_Control_Stream_BE:00000030 .Loc.876
     /tmp/ccmHBv72.s:3287   .text.Endpoint_Read_Control_Stream_BE:00000034 .Loc.877
     /tmp/ccmHBv72.s:3290   .text.Endpoint_Read_Control_Stream_BE:00000034 .Loc.878
     /tmp/ccmHBv72.s:3292   .text.Endpoint_Read_Control_Stream_BE:00000034 .Loc.879
     /tmp/ccmHBv72.s:3293   .text.Endpoint_Read_Control_Stream_BE:00000034 .Loc.880
     /tmp/ccmHBv72.s:3296   .text.Endpoint_Read_Control_Stream_BE:00000038 .Loc.881
     /tmp/ccmHBv72.s:3299   .text.Endpoint_Read_Control_Stream_BE:00000038 .Loc.882
     /tmp/ccmHBv72.s:3302   .text.Endpoint_Read_Control_Stream_BE:0000003c .Loc.883
     /tmp/ccmHBv72.s:3305   .text.Endpoint_Read_Control_Stream_BE:0000003c .Loc.884
     /tmp/ccmHBv72.s:3307   .text.Endpoint_Read_Control_Stream_BE:0000003c .Loc.885
     /tmp/ccmHBv72.s:3308   .text.Endpoint_Read_Control_Stream_BE:0000003c .Loc.886
     /tmp/ccmHBv72.s:3312   .text.Endpoint_Read_Control_Stream_BE:00000040 .Loc.887
     /tmp/ccmHBv72.s:3319   .text.Endpoint_Read_Control_Stream_BE:00000044 .Loc.888
     /tmp/ccmHBv72.s:3321   .text.Endpoint_Read_Control_Stream_BE:00000044 .Loc.889
     /tmp/ccmHBv72.s:3322   .text.Endpoint_Read_Control_Stream_BE:00000044 .Loc.890
     /tmp/ccmHBv72.s:3324   .text.Endpoint_Read_Control_Stream_BE:00000048 .Loc.891
     /tmp/ccmHBv72.s:3328   .text.Endpoint_Read_Control_Stream_BE:0000004c .Loc.892
     /tmp/ccmHBv72.s:3331   .text.Endpoint_Read_Control_Stream_BE:00000050 .Loc.893
     /tmp/ccmHBv72.s:3334   .text.Endpoint_Read_Control_Stream_BE:00000050 .Loc.894
     /tmp/ccmHBv72.s:3336   .text.Endpoint_Read_Control_Stream_BE:00000050 .Loc.895
     /tmp/ccmHBv72.s:3337   .text.Endpoint_Read_Control_Stream_BE:00000050 .Loc.896
     /tmp/ccmHBv72.s:3341   .text.Endpoint_Read_Control_Stream_BE:00000054 .Loc.897
     /tmp/ccmHBv72.s:3343   .text.Endpoint_Read_Control_Stream_BE:00000056 .Loc.898
     /tmp/ccmHBv72.s:3346   .text.Endpoint_Read_Control_Stream_BE:00000058 .Loc.899
     /tmp/ccmHBv72.s:3347   .text.Endpoint_Read_Control_Stream_BE:00000058 .Loc.900
     /tmp/ccmHBv72.s:3351   .text.Endpoint_Read_Control_Stream_BE:0000005c .Loc.901
     /tmp/ccmHBv72.s:3356   .text.Endpoint_Read_Control_Stream_BE:00000060 .Loc.902
     /tmp/ccmHBv72.s:3359   .text.Endpoint_Read_Control_Stream_BE:00000060 .Loc.903
     /tmp/ccmHBv72.s:3360   .text.Endpoint_Read_Control_Stream_BE:00000060 .Loc.904
     /tmp/ccmHBv72.s:3363   .text.Endpoint_Read_Control_Stream_BE:00000062 .Loc.905
     /tmp/ccmHBv72.s:3364   .text.Endpoint_Read_Control_Stream_BE:00000062 .Loc.906
     /tmp/ccmHBv72.s:3367   .text.Endpoint_Read_Control_Stream_BE:00000066 .Loc.907
     /tmp/ccmHBv72.s:3368   .text.Endpoint_Read_Control_Stream_BE:00000066 .Loc.908
     /tmp/ccmHBv72.s:3373   .text.Endpoint_Read_Control_Stream_BE:0000006a .Loc.909
     /tmp/ccmHBv72.s:3376   .text.Endpoint_Read_Control_Stream_BE:0000006a .Loc.910
     /tmp/ccmHBv72.s:3380   .text.Endpoint_Read_Control_Stream_BE:0000006c .Loc.911
     /tmp/ccmHBv72.s:3385   .text.Endpoint_Read_Control_Stream_BE:0000006e .Loc.912
     /tmp/ccmHBv72.s:3390   .text.Endpoint_Read_Control_Stream_BE:00000072 .Loc.913
     /tmp/ccmHBv72.s:3394   .text.Endpoint_Read_Control_Stream_BE:00000076 L0
     /tmp/ccmHBv72.s:3400   .text.Endpoint_Write_Control_PStream_LE:00000000 Endpoint_Write_Control_PStream_LE
     /tmp/ccmHBv72.s:3403   .text.Endpoint_Write_Control_PStream_LE:00000000 .Loc.914
     /tmp/ccmHBv72.s:3404   .text.Endpoint_Write_Control_PStream_LE:00000000 L0
     /tmp/ccmHBv72.s:3409   .text.Endpoint_Write_Control_PStream_LE:00000000 .Loc.915
     /tmp/ccmHBv72.s:3412   .text.Endpoint_Write_Control_PStream_LE:00000004 .Loc.916
     /tmp/ccmHBv72.s:3414   .text.Endpoint_Write_Control_PStream_LE:00000004 .Loc.917
     /tmp/ccmHBv72.s:3415   .text.Endpoint_Write_Control_PStream_LE:00000004 .Loc.918
     /tmp/ccmHBv72.s:3416   .text.Endpoint_Write_Control_PStream_LE:00000004 .Loc.919
     /tmp/ccmHBv72.s:3420   .text.Endpoint_Write_Control_PStream_LE:0000000c .Loc.920
     /tmp/ccmHBv72.s:3424   .text.Endpoint_Write_Control_PStream_LE:00000012 .Loc.921
     /tmp/ccmHBv72.s:3425   .text.Endpoint_Write_Control_PStream_LE:00000012 .Loc.922
     /tmp/ccmHBv72.s:3429   .text.Endpoint_Write_Control_PStream_LE:00000016 .Loc.923
     /tmp/ccmHBv72.s:3433   .text.Endpoint_Write_Control_PStream_LE:00000018 .Loc.924
     /tmp/ccmHBv72.s:3437   .text.Endpoint_Write_Control_PStream_LE:0000001a .Loc.925
     /tmp/ccmHBv72.s:3440   .text.Endpoint_Write_Control_PStream_LE:0000001e .Loc.926
     /tmp/ccmHBv72.s:3445   .text.Endpoint_Write_Control_PStream_LE:00000022 .Loc.927
     /tmp/ccmHBv72.s:3448   .text.Endpoint_Write_Control_PStream_LE:00000022 .Loc.928
     /tmp/ccmHBv72.s:3450   .text.Endpoint_Write_Control_PStream_LE:00000022 .Loc.929
     /tmp/ccmHBv72.s:3451   .text.Endpoint_Write_Control_PStream_LE:00000022 .Loc.930
     /tmp/ccmHBv72.s:3455   .text.Endpoint_Write_Control_PStream_LE:00000026 .Loc.931
     /tmp/ccmHBv72.s:3458   .text.Endpoint_Write_Control_PStream_LE:0000002a .Loc.932
     /tmp/ccmHBv72.s:3463   .text.Endpoint_Write_Control_PStream_LE:0000002e .Loc.933
     /tmp/ccmHBv72.s:3466   .text.Endpoint_Write_Control_PStream_LE:0000002e .Loc.934
     /tmp/ccmHBv72.s:3468   .text.Endpoint_Write_Control_PStream_LE:0000002e .Loc.935
     /tmp/ccmHBv72.s:3469   .text.Endpoint_Write_Control_PStream_LE:0000002e .Loc.936
     /tmp/ccmHBv72.s:3473   .text.Endpoint_Write_Control_PStream_LE:00000038 .Loc.937
     /tmp/ccmHBv72.s:3477   .text.Endpoint_Write_Control_PStream_LE:0000003a .Loc.938
     /tmp/ccmHBv72.s:3481   .text.Endpoint_Write_Control_PStream_LE:0000003a .Loc.939
     /tmp/ccmHBv72.s:3482   .text.Endpoint_Write_Control_PStream_LE:0000003a .Loc.940
     /tmp/ccmHBv72.s:3485   .text.Endpoint_Write_Control_PStream_LE:0000003c .Loc.941
     /tmp/ccmHBv72.s:3486   .text.Endpoint_Write_Control_PStream_LE:0000003c .Loc.942
     /tmp/ccmHBv72.s:3489   .text.Endpoint_Write_Control_PStream_LE:00000040 .Loc.943
     /tmp/ccmHBv72.s:3490   .text.Endpoint_Write_Control_PStream_LE:00000040 .Loc.944
     /tmp/ccmHBv72.s:3493   .text.Endpoint_Write_Control_PStream_LE:00000044 .Loc.945
     /tmp/ccmHBv72.s:3496   .text.Endpoint_Write_Control_PStream_LE:00000044 .Loc.946
     /tmp/ccmHBv72.s:3498   .text.Endpoint_Write_Control_PStream_LE:00000044 .Loc.947
     /tmp/ccmHBv72.s:3499   .text.Endpoint_Write_Control_PStream_LE:00000044 .Loc.948
     /tmp/ccmHBv72.s:3502   .text.Endpoint_Write_Control_PStream_LE:00000048 .Loc.949
     /tmp/ccmHBv72.s:3505   .text.Endpoint_Write_Control_PStream_LE:00000048 .Loc.950
     /tmp/ccmHBv72.s:3508   .text.Endpoint_Write_Control_PStream_LE:0000004c .Loc.951
     /tmp/ccmHBv72.s:3511   .text.Endpoint_Write_Control_PStream_LE:0000004c .Loc.952
     /tmp/ccmHBv72.s:3513   .text.Endpoint_Write_Control_PStream_LE:0000004c .Loc.953
     /tmp/ccmHBv72.s:3514   .text.Endpoint_Write_Control_PStream_LE:0000004c .Loc.954
     /tmp/ccmHBv72.s:3518   .text.Endpoint_Write_Control_PStream_LE:00000050 .Loc.955
     /tmp/ccmHBv72.s:3521   .text.Endpoint_Write_Control_PStream_LE:00000054 .Loc.956
     /tmp/ccmHBv72.s:3524   .text.Endpoint_Write_Control_PStream_LE:00000054 .Loc.957
     /tmp/ccmHBv72.s:3526   .text.Endpoint_Write_Control_PStream_LE:00000054 .Loc.958
     /tmp/ccmHBv72.s:3527   .text.Endpoint_Write_Control_PStream_LE:00000054 .Loc.959
     /tmp/ccmHBv72.s:3531   .text.Endpoint_Write_Control_PStream_LE:00000058 .Loc.960
     /tmp/ccmHBv72.s:3535   .text.Endpoint_Write_Control_PStream_LE:0000005c .Loc.961
     /tmp/ccmHBv72.s:3538   .text.Endpoint_Write_Control_PStream_LE:0000005c .Loc.962
     /tmp/ccmHBv72.s:3540   .text.Endpoint_Write_Control_PStream_LE:0000005c .Loc.963
     /tmp/ccmHBv72.s:3541   .text.Endpoint_Write_Control_PStream_LE:0000005c .Loc.964
     /tmp/ccmHBv72.s:3543   .text.Endpoint_Write_Control_PStream_LE:00000060 .Loc.965
     /tmp/ccmHBv72.s:3546   .text.Endpoint_Write_Control_PStream_LE:00000064 .Loc.966
     /tmp/ccmHBv72.s:3549   .text.Endpoint_Write_Control_PStream_LE:00000064 .Loc.967
     /tmp/ccmHBv72.s:3551   .text.Endpoint_Write_Control_PStream_LE:00000064 .Loc.968
     /tmp/ccmHBv72.s:3554   .text.Endpoint_Write_Control_PStream_LE:00000068 .Loc.969
     /tmp/ccmHBv72.s:3559   .text.Endpoint_Write_Control_PStream_LE:0000006e .Loc.970
     /tmp/ccmHBv72.s:3560   .text.Endpoint_Write_Control_PStream_LE:0000006e .Loc.971
     /tmp/ccmHBv72.s:3568   .text.Endpoint_Write_Control_PStream_LE:00000078 .Loc.972
     /tmp/ccmHBv72.s:3571   .text.Endpoint_Write_Control_PStream_LE:00000078 .Loc.973
     /tmp/ccmHBv72.s:3573   .text.Endpoint_Write_Control_PStream_LE:00000078 .Loc.974
     /tmp/ccmHBv72.s:3574   .text.Endpoint_Write_Control_PStream_LE:00000078 .Loc.975
     /tmp/ccmHBv72.s:3577   .text.Endpoint_Write_Control_PStream_LE:0000007c .Loc.976
     /tmp/ccmHBv72.s:3581   .text.Endpoint_Write_Control_PStream_LE:00000082 .Loc.977
     /tmp/ccmHBv72.s:3585   .text.Endpoint_Write_Control_PStream_LE:00000084 .Loc.978
     /tmp/ccmHBv72.s:3588   .text.Endpoint_Write_Control_PStream_LE:00000084 .Loc.979
     /tmp/ccmHBv72.s:3590   .text.Endpoint_Write_Control_PStream_LE:00000084 .Loc.980
     /tmp/ccmHBv72.s:3591   .text.Endpoint_Write_Control_PStream_LE:00000084 .Loc.981
     /tmp/ccmHBv72.s:3592   .text.Endpoint_Write_Control_PStream_LE:00000084 .Loc.982
     /tmp/ccmHBv72.s:3599   .text.Endpoint_Write_Control_PStream_LE:00000086 .Loc.983
     /tmp/ccmHBv72.s:3600   .text.Endpoint_Write_Control_PStream_LE:00000086 .Loc.984
     /tmp/ccmHBv72.s:3605   .text.Endpoint_Write_Control_PStream_LE:00000086 .Loc.985
     /tmp/ccmHBv72.s:3607   .text.Endpoint_Write_Control_PStream_LE:00000086 .Loc.986
     /tmp/ccmHBv72.s:3608   .text.Endpoint_Write_Control_PStream_LE:00000086 .Loc.987
     /tmp/ccmHBv72.s:3611   .text.Endpoint_Write_Control_PStream_LE:0000008a .Loc.988
     /tmp/ccmHBv72.s:3614   .text.Endpoint_Write_Control_PStream_LE:0000008a .Loc.989
     /tmp/ccmHBv72.s:3617   .text.Endpoint_Write_Control_PStream_LE:0000008c .Loc.990
     /tmp/ccmHBv72.s:3618   .text.Endpoint_Write_Control_PStream_LE:0000008c .Loc.991
     /tmp/ccmHBv72.s:3621   .text.Endpoint_Write_Control_PStream_LE:0000008e .Loc.992
     /tmp/ccmHBv72.s:3622   .text.Endpoint_Write_Control_PStream_LE:0000008e .Loc.993
     /tmp/ccmHBv72.s:3626   .text.Endpoint_Write_Control_PStream_LE:00000092 .Loc.994
     /tmp/ccmHBv72.s:3630   .text.Endpoint_Write_Control_PStream_LE:00000094 .Loc.995
     /tmp/ccmHBv72.s:3634   .text.Endpoint_Write_Control_PStream_LE:00000094 .Loc.996
     /tmp/ccmHBv72.s:3635   .text.Endpoint_Write_Control_PStream_LE:00000094 .Loc.997
     /tmp/ccmHBv72.s:3638   .text.Endpoint_Write_Control_PStream_LE:00000096 .Loc.998
     /tmp/ccmHBv72.s:3639   .text.Endpoint_Write_Control_PStream_LE:00000096 .Loc.999
     /tmp/ccmHBv72.s:3642   .text.Endpoint_Write_Control_PStream_LE:0000009a .Loc.1000
     /tmp/ccmHBv72.s:3643   .text.Endpoint_Write_Control_PStream_LE:0000009a .Loc.1001
     /tmp/ccmHBv72.s:3645   .text.Endpoint_Write_Control_PStream_LE:0000009e L0
     /tmp/ccmHBv72.s:3649   .text.Endpoint_Write_Control_PStream_LE:000000a0 .Loc.1002
     /tmp/ccmHBv72.s:3652   .text.Endpoint_Write_Control_PStream_LE:000000a0 .Loc.1003
     /tmp/ccmHBv72.s:3656   .text.Endpoint_Write_Control_PStream_LE:000000a2 .Loc.1004
     /tmp/ccmHBv72.s:3661   .text.Endpoint_Write_Control_PStream_LE:000000a4 .Loc.1005
     /tmp/ccmHBv72.s:3664   .text.Endpoint_Write_Control_PStream_LE:000000a6 .Loc.1006
     /tmp/ccmHBv72.s:3668   .text.Endpoint_Write_Control_PStream_LE:000000a8 .Loc.1007
     /tmp/ccmHBv72.s:3672   .text.Endpoint_Write_Control_PStream_LE:000000ac L0
     /tmp/ccmHBv72.s:3678   .text.Endpoint_Write_Control_PStream_BE:00000000 Endpoint_Write_Control_PStream_BE
     /tmp/ccmHBv72.s:3681   .text.Endpoint_Write_Control_PStream_BE:00000000 .Loc.1008
     /tmp/ccmHBv72.s:3682   .text.Endpoint_Write_Control_PStream_BE:00000000 L0
     /tmp/ccmHBv72.s:3687   .text.Endpoint_Write_Control_PStream_BE:00000000 .Loc.1009
     /tmp/ccmHBv72.s:3689   .text.Endpoint_Write_Control_PStream_BE:00000002 .Loc.1010
     /tmp/ccmHBv72.s:3690   .text.Endpoint_Write_Control_PStream_BE:00000002 .Loc.1011
     /tmp/ccmHBv72.s:3693   .text.Endpoint_Write_Control_PStream_BE:00000006 .Loc.1012
     /tmp/ccmHBv72.s:3697   .text.Endpoint_Write_Control_PStream_BE:0000000a .Loc.1013
     /tmp/ccmHBv72.s:3698   .text.Endpoint_Write_Control_PStream_BE:0000000a .Loc.1014
     /tmp/ccmHBv72.s:3699   .text.Endpoint_Write_Control_PStream_BE:0000000a .Loc.1015
     /tmp/ccmHBv72.s:3702   .text.Endpoint_Write_Control_PStream_BE:00000012 .Loc.1016
     /tmp/ccmHBv72.s:3706   .text.Endpoint_Write_Control_PStream_BE:00000018 .Loc.1017
     /tmp/ccmHBv72.s:3707   .text.Endpoint_Write_Control_PStream_BE:00000018 .Loc.1018
     /tmp/ccmHBv72.s:3712   .text.Endpoint_Write_Control_PStream_BE:0000001c .Loc.1019
     /tmp/ccmHBv72.s:3716   .text.Endpoint_Write_Control_PStream_BE:0000001e .Loc.1020
     /tmp/ccmHBv72.s:3720   .text.Endpoint_Write_Control_PStream_BE:00000020 .Loc.1021
     /tmp/ccmHBv72.s:3724   .text.Endpoint_Write_Control_PStream_BE:00000026 .Loc.1022
     /tmp/ccmHBv72.s:3729   .text.Endpoint_Write_Control_PStream_BE:0000002a .Loc.1023
     /tmp/ccmHBv72.s:3732   .text.Endpoint_Write_Control_PStream_BE:0000002a .Loc.1024
     /tmp/ccmHBv72.s:3734   .text.Endpoint_Write_Control_PStream_BE:0000002a .Loc.1025
     /tmp/ccmHBv72.s:3735   .text.Endpoint_Write_Control_PStream_BE:0000002a .Loc.1026
     /tmp/ccmHBv72.s:3739   .text.Endpoint_Write_Control_PStream_BE:0000002e .Loc.1027
     /tmp/ccmHBv72.s:3742   .text.Endpoint_Write_Control_PStream_BE:00000032 .Loc.1028
     /tmp/ccmHBv72.s:3747   .text.Endpoint_Write_Control_PStream_BE:00000036 .Loc.1029
     /tmp/ccmHBv72.s:3750   .text.Endpoint_Write_Control_PStream_BE:00000036 .Loc.1030
     /tmp/ccmHBv72.s:3752   .text.Endpoint_Write_Control_PStream_BE:00000036 .Loc.1031
     /tmp/ccmHBv72.s:3753   .text.Endpoint_Write_Control_PStream_BE:00000036 .Loc.1032
     /tmp/ccmHBv72.s:3756   .text.Endpoint_Write_Control_PStream_BE:0000003a .Loc.1033
     /tmp/ccmHBv72.s:3759   .text.Endpoint_Write_Control_PStream_BE:00000040 .Loc.1034
     /tmp/ccmHBv72.s:3763   .text.Endpoint_Write_Control_PStream_BE:00000042 .Loc.1035
     /tmp/ccmHBv72.s:3767   .text.Endpoint_Write_Control_PStream_BE:00000042 .Loc.1036
     /tmp/ccmHBv72.s:3768   .text.Endpoint_Write_Control_PStream_BE:00000042 .Loc.1037
     /tmp/ccmHBv72.s:3771   .text.Endpoint_Write_Control_PStream_BE:00000044 .Loc.1038
     /tmp/ccmHBv72.s:3772   .text.Endpoint_Write_Control_PStream_BE:00000044 .Loc.1039
     /tmp/ccmHBv72.s:3775   .text.Endpoint_Write_Control_PStream_BE:00000048 .Loc.1040
     /tmp/ccmHBv72.s:3776   .text.Endpoint_Write_Control_PStream_BE:00000048 .Loc.1041
     /tmp/ccmHBv72.s:3779   .text.Endpoint_Write_Control_PStream_BE:0000004c .Loc.1042
     /tmp/ccmHBv72.s:3782   .text.Endpoint_Write_Control_PStream_BE:0000004c .Loc.1043
     /tmp/ccmHBv72.s:3784   .text.Endpoint_Write_Control_PStream_BE:0000004c .Loc.1044
     /tmp/ccmHBv72.s:3785   .text.Endpoint_Write_Control_PStream_BE:0000004c .Loc.1045
     /tmp/ccmHBv72.s:3788   .text.Endpoint_Write_Control_PStream_BE:00000050 .Loc.1046
     /tmp/ccmHBv72.s:3791   .text.Endpoint_Write_Control_PStream_BE:00000050 .Loc.1047
     /tmp/ccmHBv72.s:3794   .text.Endpoint_Write_Control_PStream_BE:00000054 .Loc.1048
     /tmp/ccmHBv72.s:3797   .text.Endpoint_Write_Control_PStream_BE:00000054 .Loc.1049
     /tmp/ccmHBv72.s:3799   .text.Endpoint_Write_Control_PStream_BE:00000054 .Loc.1050
     /tmp/ccmHBv72.s:3800   .text.Endpoint_Write_Control_PStream_BE:00000054 .Loc.1051
     /tmp/ccmHBv72.s:3804   .text.Endpoint_Write_Control_PStream_BE:00000058 .Loc.1052
     /tmp/ccmHBv72.s:3807   .text.Endpoint_Write_Control_PStream_BE:0000005c .Loc.1053
     /tmp/ccmHBv72.s:3810   .text.Endpoint_Write_Control_PStream_BE:0000005c .Loc.1054
     /tmp/ccmHBv72.s:3812   .text.Endpoint_Write_Control_PStream_BE:0000005c .Loc.1055
     /tmp/ccmHBv72.s:3813   .text.Endpoint_Write_Control_PStream_BE:0000005c .Loc.1056
     /tmp/ccmHBv72.s:3817   .text.Endpoint_Write_Control_PStream_BE:00000060 .Loc.1057
     /tmp/ccmHBv72.s:3821   .text.Endpoint_Write_Control_PStream_BE:00000064 .Loc.1058
     /tmp/ccmHBv72.s:3824   .text.Endpoint_Write_Control_PStream_BE:00000064 .Loc.1059
     /tmp/ccmHBv72.s:3826   .text.Endpoint_Write_Control_PStream_BE:00000064 .Loc.1060
     /tmp/ccmHBv72.s:3827   .text.Endpoint_Write_Control_PStream_BE:00000064 .Loc.1061
     /tmp/ccmHBv72.s:3830   .text.Endpoint_Write_Control_PStream_BE:00000068 .Loc.1062
     /tmp/ccmHBv72.s:3832   .text.Endpoint_Write_Control_PStream_BE:0000006c .Loc.1063
     /tmp/ccmHBv72.s:3835   .text.Endpoint_Write_Control_PStream_BE:0000006e .Loc.1064
     /tmp/ccmHBv72.s:3838   .text.Endpoint_Write_Control_PStream_BE:0000006e .Loc.1065
     /tmp/ccmHBv72.s:3840   .text.Endpoint_Write_Control_PStream_BE:0000006e .Loc.1066
     /tmp/ccmHBv72.s:3844   .text.Endpoint_Write_Control_PStream_BE:00000074 .Loc.1067
     /tmp/ccmHBv72.s:3849   .text.Endpoint_Write_Control_PStream_BE:0000007a .Loc.1068
     /tmp/ccmHBv72.s:3850   .text.Endpoint_Write_Control_PStream_BE:0000007a .Loc.1069
     /tmp/ccmHBv72.s:3858   .text.Endpoint_Write_Control_PStream_BE:00000084 .Loc.1070
     /tmp/ccmHBv72.s:3861   .text.Endpoint_Write_Control_PStream_BE:00000084 .Loc.1071
     /tmp/ccmHBv72.s:3863   .text.Endpoint_Write_Control_PStream_BE:00000084 .Loc.1072
     /tmp/ccmHBv72.s:3864   .text.Endpoint_Write_Control_PStream_BE:00000084 .Loc.1073
     /tmp/ccmHBv72.s:3869   .text.Endpoint_Write_Control_PStream_BE:0000008e .Loc.1074
     /tmp/ccmHBv72.s:3873   .text.Endpoint_Write_Control_PStream_BE:00000090 .Loc.1075
     /tmp/ccmHBv72.s:3876   .text.Endpoint_Write_Control_PStream_BE:00000090 .Loc.1076
     /tmp/ccmHBv72.s:3878   .text.Endpoint_Write_Control_PStream_BE:00000090 .Loc.1077
     /tmp/ccmHBv72.s:3879   .text.Endpoint_Write_Control_PStream_BE:00000090 .Loc.1078
     /tmp/ccmHBv72.s:3880   .text.Endpoint_Write_Control_PStream_BE:00000090 .Loc.1079
     /tmp/ccmHBv72.s:3887   .text.Endpoint_Write_Control_PStream_BE:00000092 .Loc.1080
     /tmp/ccmHBv72.s:3888   .text.Endpoint_Write_Control_PStream_BE:00000092 .Loc.1081
     /tmp/ccmHBv72.s:3893   .text.Endpoint_Write_Control_PStream_BE:00000092 .Loc.1082
     /tmp/ccmHBv72.s:3895   .text.Endpoint_Write_Control_PStream_BE:00000092 .Loc.1083
     /tmp/ccmHBv72.s:3896   .text.Endpoint_Write_Control_PStream_BE:00000092 .Loc.1084
     /tmp/ccmHBv72.s:3899   .text.Endpoint_Write_Control_PStream_BE:00000096 .Loc.1085
     /tmp/ccmHBv72.s:3902   .text.Endpoint_Write_Control_PStream_BE:00000096 .Loc.1086
     /tmp/ccmHBv72.s:3905   .text.Endpoint_Write_Control_PStream_BE:00000098 .Loc.1087
     /tmp/ccmHBv72.s:3906   .text.Endpoint_Write_Control_PStream_BE:00000098 .Loc.1088
     /tmp/ccmHBv72.s:3910   .text.Endpoint_Write_Control_PStream_BE:0000009c .Loc.1089
     /tmp/ccmHBv72.s:3911   .text.Endpoint_Write_Control_PStream_BE:0000009c .Loc.1090
     /tmp/ccmHBv72.s:3915   .text.Endpoint_Write_Control_PStream_BE:000000a0 .Loc.1091
     /tmp/ccmHBv72.s:3919   .text.Endpoint_Write_Control_PStream_BE:000000a2 .Loc.1092
     /tmp/ccmHBv72.s:3923   .text.Endpoint_Write_Control_PStream_BE:000000a2 .Loc.1093
     /tmp/ccmHBv72.s:3924   .text.Endpoint_Write_Control_PStream_BE:000000a2 .Loc.1094
     /tmp/ccmHBv72.s:3927   .text.Endpoint_Write_Control_PStream_BE:000000a4 .Loc.1095
     /tmp/ccmHBv72.s:3928   .text.Endpoint_Write_Control_PStream_BE:000000a4 .Loc.1096
     /tmp/ccmHBv72.s:3931   .text.Endpoint_Write_Control_PStream_BE:000000a8 .Loc.1097
     /tmp/ccmHBv72.s:3932   .text.Endpoint_Write_Control_PStream_BE:000000a8 .Loc.1098
     /tmp/ccmHBv72.s:3934   .text.Endpoint_Write_Control_PStream_BE:000000ac L0
     /tmp/ccmHBv72.s:3938   .text.Endpoint_Write_Control_PStream_BE:000000ae .Loc.1099
     /tmp/ccmHBv72.s:3941   .text.Endpoint_Write_Control_PStream_BE:000000ae .Loc.1100
     /tmp/ccmHBv72.s:3945   .text.Endpoint_Write_Control_PStream_BE:000000b0 .Loc.1101
     /tmp/ccmHBv72.s:3950   .text.Endpoint_Write_Control_PStream_BE:000000b2 .Loc.1102
     /tmp/ccmHBv72.s:3953   .text.Endpoint_Write_Control_PStream_BE:000000b4 .Loc.1103
     /tmp/ccmHBv72.s:3957   .text.Endpoint_Write_Control_PStream_BE:000000b6 .Loc.1104
     /tmp/ccmHBv72.s:3961   .text.Endpoint_Write_Control_PStream_BE:000000ba L0
     /tmp/ccmHBv72.s:3967   .text.Endpoint_Write_Control_EStream_LE:00000000 Endpoint_Write_Control_EStream_LE
     /tmp/ccmHBv72.s:3970   .text.Endpoint_Write_Control_EStream_LE:00000000 .Loc.1105
     /tmp/ccmHBv72.s:3971   .text.Endpoint_Write_Control_EStream_LE:00000000 L0
     /tmp/ccmHBv72.s:3972   .text.Endpoint_Write_Control_EStream_LE:00000000 .Loc.1106
     /tmp/ccmHBv72.s:4004   .text.Endpoint_Write_Control_EStream_LE:00000010 .Loc.1107
     /tmp/ccmHBv72.s:4005   .text.Endpoint_Write_Control_EStream_LE:00000010 .Loc.1108
     /tmp/ccmHBv72.s:4006   .text.Endpoint_Write_Control_EStream_LE:00000010 .Loc.1109
     /tmp/ccmHBv72.s:4007   .text.Endpoint_Write_Control_EStream_LE:00000010 .Loc.1110
     /tmp/ccmHBv72.s:4010   .text.Endpoint_Write_Control_EStream_LE:00000018 .Loc.1111
     /tmp/ccmHBv72.s:4014   .text.Endpoint_Write_Control_EStream_LE:0000001e .Loc.1112
     /tmp/ccmHBv72.s:4015   .text.Endpoint_Write_Control_EStream_LE:0000001e .Loc.1113
     /tmp/ccmHBv72.s:4019   .text.Endpoint_Write_Control_EStream_LE:00000022 .Loc.1114
     /tmp/ccmHBv72.s:4022   .text.Endpoint_Write_Control_EStream_LE:00000024 .Loc.1115
     /tmp/ccmHBv72.s:4026   .text.Endpoint_Write_Control_EStream_LE:00000026 .Loc.1116
     /tmp/ccmHBv72.s:4029   .text.Endpoint_Write_Control_EStream_LE:0000002a .Loc.1117
     /tmp/ccmHBv72.s:4034   .text.Endpoint_Write_Control_EStream_LE:0000002e .Loc.1118
     /tmp/ccmHBv72.s:4037   .text.Endpoint_Write_Control_EStream_LE:0000002e .Loc.1119
     /tmp/ccmHBv72.s:4039   .text.Endpoint_Write_Control_EStream_LE:0000002e .Loc.1120
     /tmp/ccmHBv72.s:4040   .text.Endpoint_Write_Control_EStream_LE:0000002e .Loc.1121
     /tmp/ccmHBv72.s:4044   .text.Endpoint_Write_Control_EStream_LE:00000032 .Loc.1122
     /tmp/ccmHBv72.s:4047   .text.Endpoint_Write_Control_EStream_LE:00000036 .Loc.1123
     /tmp/ccmHBv72.s:4051   .text.Endpoint_Write_Control_EStream_LE:00000038 .Loc.1124
     /tmp/ccmHBv72.s:4055   .text.Endpoint_Write_Control_EStream_LE:0000003c .Loc.1125
     /tmp/ccmHBv72.s:4061   .text.Endpoint_Write_Control_EStream_LE:00000044 .Loc.1126
     /tmp/ccmHBv72.s:4065   .text.Endpoint_Write_Control_EStream_LE:00000046 .Loc.1127
     /tmp/ccmHBv72.s:4068   .text.Endpoint_Write_Control_EStream_LE:00000046 .Loc.1128
     /tmp/ccmHBv72.s:4070   .text.Endpoint_Write_Control_EStream_LE:00000046 .Loc.1129
     /tmp/ccmHBv72.s:4071   .text.Endpoint_Write_Control_EStream_LE:00000046 .Loc.1130
     /tmp/ccmHBv72.s:4075   .text.Endpoint_Write_Control_EStream_LE:00000050 .Loc.1131
     /tmp/ccmHBv72.s:4079   .text.Endpoint_Write_Control_EStream_LE:00000052 .Loc.1132
     /tmp/ccmHBv72.s:4083   .text.Endpoint_Write_Control_EStream_LE:00000052 .Loc.1133
     /tmp/ccmHBv72.s:4084   .text.Endpoint_Write_Control_EStream_LE:00000052 .Loc.1134
     /tmp/ccmHBv72.s:4087   .text.Endpoint_Write_Control_EStream_LE:00000054 .Loc.1135
     /tmp/ccmHBv72.s:4088   .text.Endpoint_Write_Control_EStream_LE:00000054 .Loc.1136
     /tmp/ccmHBv72.s:4091   .text.Endpoint_Write_Control_EStream_LE:00000058 .Loc.1137
     /tmp/ccmHBv72.s:4092   .text.Endpoint_Write_Control_EStream_LE:00000058 .Loc.1138
     /tmp/ccmHBv72.s:4095   .text.Endpoint_Write_Control_EStream_LE:0000005c .Loc.1139
     /tmp/ccmHBv72.s:4098   .text.Endpoint_Write_Control_EStream_LE:0000005c .Loc.1140
     /tmp/ccmHBv72.s:4100   .text.Endpoint_Write_Control_EStream_LE:0000005c .Loc.1141
     /tmp/ccmHBv72.s:4101   .text.Endpoint_Write_Control_EStream_LE:0000005c .Loc.1142
     /tmp/ccmHBv72.s:4104   .text.Endpoint_Write_Control_EStream_LE:00000060 .Loc.1143
     /tmp/ccmHBv72.s:4107   .text.Endpoint_Write_Control_EStream_LE:00000060 .Loc.1144
     /tmp/ccmHBv72.s:4110   .text.Endpoint_Write_Control_EStream_LE:00000064 .Loc.1145
     /tmp/ccmHBv72.s:4113   .text.Endpoint_Write_Control_EStream_LE:00000064 .Loc.1146
     /tmp/ccmHBv72.s:4115   .text.Endpoint_Write_Control_EStream_LE:00000064 .Loc.1147
     /tmp/ccmHBv72.s:4116   .text.Endpoint_Write_Control_EStream_LE:00000064 .Loc.1148
     /tmp/ccmHBv72.s:4120   .text.Endpoint_Write_Control_EStream_LE:00000068 .Loc.1149
     /tmp/ccmHBv72.s:4123   .text.Endpoint_Write_Control_EStream_LE:0000006c .Loc.1150
     /tmp/ccmHBv72.s:4126   .text.Endpoint_Write_Control_EStream_LE:0000006c .Loc.1151
     /tmp/ccmHBv72.s:4128   .text.Endpoint_Write_Control_EStream_LE:0000006c .Loc.1152
     /tmp/ccmHBv72.s:4129   .text.Endpoint_Write_Control_EStream_LE:0000006c .Loc.1153
     /tmp/ccmHBv72.s:4133   .text.Endpoint_Write_Control_EStream_LE:00000070 .Loc.1154
     /tmp/ccmHBv72.s:4137   .text.Endpoint_Write_Control_EStream_LE:00000074 .Loc.1155
     /tmp/ccmHBv72.s:4140   .text.Endpoint_Write_Control_EStream_LE:00000074 .Loc.1156
     /tmp/ccmHBv72.s:4142   .text.Endpoint_Write_Control_EStream_LE:00000074 .Loc.1157
     /tmp/ccmHBv72.s:4143   .text.Endpoint_Write_Control_EStream_LE:00000074 .Loc.1158
     /tmp/ccmHBv72.s:4146   .text.Endpoint_Write_Control_EStream_LE:00000078 .Loc.1159
     /tmp/ccmHBv72.s:4148   .text.Endpoint_Write_Control_EStream_LE:0000007c .Loc.1160
     /tmp/ccmHBv72.s:4151   .text.Endpoint_Write_Control_EStream_LE:0000007e .Loc.1161
     /tmp/ccmHBv72.s:4154   .text.Endpoint_Write_Control_EStream_LE:0000007e .Loc.1162
     /tmp/ccmHBv72.s:4156   .text.Endpoint_Write_Control_EStream_LE:0000007e .Loc.1163
     /tmp/ccmHBv72.s:4159   .text.Endpoint_Write_Control_EStream_LE:00000082 .Loc.1164
     /tmp/ccmHBv72.s:4164   .text.Endpoint_Write_Control_EStream_LE:00000088 .Loc.1165
     /tmp/ccmHBv72.s:4165   .text.Endpoint_Write_Control_EStream_LE:00000088 .Loc.1166
     /tmp/ccmHBv72.s:4173   .text.Endpoint_Write_Control_EStream_LE:00000092 .Loc.1167
     /tmp/ccmHBv72.s:4176   .text.Endpoint_Write_Control_EStream_LE:00000092 .Loc.1168
     /tmp/ccmHBv72.s:4178   .text.Endpoint_Write_Control_EStream_LE:00000092 .Loc.1169
     /tmp/ccmHBv72.s:4179   .text.Endpoint_Write_Control_EStream_LE:00000092 .Loc.1170
     /tmp/ccmHBv72.s:4184   .text.Endpoint_Write_Control_EStream_LE:0000009c .Loc.1171
     /tmp/ccmHBv72.s:4188   .text.Endpoint_Write_Control_EStream_LE:0000009e .Loc.1172
     /tmp/ccmHBv72.s:4191   .text.Endpoint_Write_Control_EStream_LE:0000009e .Loc.1173
     /tmp/ccmHBv72.s:4197   .text.Endpoint_Write_Control_EStream_LE:000000a4 .Loc.1174
     /tmp/ccmHBv72.s:4199   .text.Endpoint_Write_Control_EStream_LE:000000a4 .Loc.1175
     /tmp/ccmHBv72.s:4200   .text.Endpoint_Write_Control_EStream_LE:000000a4 .Loc.1176
     /tmp/ccmHBv72.s:4203   .text.Endpoint_Write_Control_EStream_LE:000000a8 .Loc.1177
     /tmp/ccmHBv72.s:4206   .text.Endpoint_Write_Control_EStream_LE:000000a8 .Loc.1178
     /tmp/ccmHBv72.s:4211   .text.Endpoint_Write_Control_EStream_LE:000000ae .Loc.1179
     /tmp/ccmHBv72.s:4212   .text.Endpoint_Write_Control_EStream_LE:000000ae .Loc.1180
     /tmp/ccmHBv72.s:4215   .text.Endpoint_Write_Control_EStream_LE:000000b0 .Loc.1181
     /tmp/ccmHBv72.s:4216   .text.Endpoint_Write_Control_EStream_LE:000000b0 .Loc.1182
     /tmp/ccmHBv72.s:4220   .text.Endpoint_Write_Control_EStream_LE:000000b4 .Loc.1183
     /tmp/ccmHBv72.s:4224   .text.Endpoint_Write_Control_EStream_LE:000000b6 .Loc.1184
     /tmp/ccmHBv72.s:4228   .text.Endpoint_Write_Control_EStream_LE:000000b6 .Loc.1185
     /tmp/ccmHBv72.s:4229   .text.Endpoint_Write_Control_EStream_LE:000000b6 .Loc.1186
     /tmp/ccmHBv72.s:4232   .text.Endpoint_Write_Control_EStream_LE:000000b8 .Loc.1187
     /tmp/ccmHBv72.s:4233   .text.Endpoint_Write_Control_EStream_LE:000000b8 .Loc.1188
     /tmp/ccmHBv72.s:4236   .text.Endpoint_Write_Control_EStream_LE:000000bc .Loc.1189
     /tmp/ccmHBv72.s:4237   .text.Endpoint_Write_Control_EStream_LE:000000bc .Loc.1190
     /tmp/ccmHBv72.s:4239   .text.Endpoint_Write_Control_EStream_LE:000000c0 L0
     /tmp/ccmHBv72.s:4243   .text.Endpoint_Write_Control_EStream_LE:000000c2 .Loc.1191
     /tmp/ccmHBv72.s:4246   .text.Endpoint_Write_Control_EStream_LE:000000c2 .Loc.1192
     /tmp/ccmHBv72.s:4251   .text.Endpoint_Write_Control_EStream_LE:000000c6 .Loc.1193
     /tmp/ccmHBv72.s:4254   .text.Endpoint_Write_Control_EStream_LE:000000c8 .Loc.1194
     /tmp/ccmHBv72.s:4258   .text.Endpoint_Write_Control_EStream_LE:000000ca .Loc.1195
     /tmp/ccmHBv72.s:4262   .text.Endpoint_Write_Control_EStream_LE:000000ce L0
     /tmp/ccmHBv72.s:4268   .text.Endpoint_Write_Control_EStream_BE:00000000 Endpoint_Write_Control_EStream_BE
     /tmp/ccmHBv72.s:4271   .text.Endpoint_Write_Control_EStream_BE:00000000 .Loc.1196
     /tmp/ccmHBv72.s:4272   .text.Endpoint_Write_Control_EStream_BE:00000000 L0
     /tmp/ccmHBv72.s:4273   .text.Endpoint_Write_Control_EStream_BE:00000000 .Loc.1197
     /tmp/ccmHBv72.s:4303   .text.Endpoint_Write_Control_EStream_BE:0000000e .Loc.1198
     /tmp/ccmHBv72.s:4304   .text.Endpoint_Write_Control_EStream_BE:0000000e .Loc.1199
     /tmp/ccmHBv72.s:4309   .text.Endpoint_Write_Control_EStream_BE:00000016 .Loc.1200
     /tmp/ccmHBv72.s:4313   .text.Endpoint_Write_Control_EStream_BE:0000001a .Loc.1201
     /tmp/ccmHBv72.s:4314   .text.Endpoint_Write_Control_EStream_BE:0000001a .Loc.1202
     /tmp/ccmHBv72.s:4315   .text.Endpoint_Write_Control_EStream_BE:0000001a .Loc.1203
     /tmp/ccmHBv72.s:4318   .text.Endpoint_Write_Control_EStream_BE:00000022 .Loc.1204
     /tmp/ccmHBv72.s:4322   .text.Endpoint_Write_Control_EStream_BE:00000028 .Loc.1205
     /tmp/ccmHBv72.s:4323   .text.Endpoint_Write_Control_EStream_BE:00000028 .Loc.1206
     /tmp/ccmHBv72.s:4328   .text.Endpoint_Write_Control_EStream_BE:0000002c .Loc.1207
     /tmp/ccmHBv72.s:4332   .text.Endpoint_Write_Control_EStream_BE:0000002e .Loc.1208
     /tmp/ccmHBv72.s:4336   .text.Endpoint_Write_Control_EStream_BE:00000030 .Loc.1209
     /tmp/ccmHBv72.s:4339   .text.Endpoint_Write_Control_EStream_BE:00000034 .Loc.1210
     /tmp/ccmHBv72.s:4344   .text.Endpoint_Write_Control_EStream_BE:00000038 .Loc.1211
     /tmp/ccmHBv72.s:4347   .text.Endpoint_Write_Control_EStream_BE:00000038 .Loc.1212
     /tmp/ccmHBv72.s:4349   .text.Endpoint_Write_Control_EStream_BE:00000038 .Loc.1213
     /tmp/ccmHBv72.s:4350   .text.Endpoint_Write_Control_EStream_BE:00000038 .Loc.1214
     /tmp/ccmHBv72.s:4354   .text.Endpoint_Write_Control_EStream_BE:0000003c .Loc.1215
     /tmp/ccmHBv72.s:4357   .text.Endpoint_Write_Control_EStream_BE:00000040 .Loc.1216
     /tmp/ccmHBv72.s:4361   .text.Endpoint_Write_Control_EStream_BE:00000042 .Loc.1217
     /tmp/ccmHBv72.s:4365   .text.Endpoint_Write_Control_EStream_BE:00000046 .Loc.1218
     /tmp/ccmHBv72.s:4371   .text.Endpoint_Write_Control_EStream_BE:0000004e .Loc.1219
     /tmp/ccmHBv72.s:4375   .text.Endpoint_Write_Control_EStream_BE:00000050 .Loc.1220
     /tmp/ccmHBv72.s:4378   .text.Endpoint_Write_Control_EStream_BE:00000050 .Loc.1221
     /tmp/ccmHBv72.s:4380   .text.Endpoint_Write_Control_EStream_BE:00000050 .Loc.1222
     /tmp/ccmHBv72.s:4381   .text.Endpoint_Write_Control_EStream_BE:00000050 .Loc.1223
     /tmp/ccmHBv72.s:4384   .text.Endpoint_Write_Control_EStream_BE:00000054 .Loc.1224
     /tmp/ccmHBv72.s:4387   .text.Endpoint_Write_Control_EStream_BE:0000005a .Loc.1225
     /tmp/ccmHBv72.s:4391   .text.Endpoint_Write_Control_EStream_BE:0000005c .Loc.1226
     /tmp/ccmHBv72.s:4395   .text.Endpoint_Write_Control_EStream_BE:0000005c .Loc.1227
     /tmp/ccmHBv72.s:4396   .text.Endpoint_Write_Control_EStream_BE:0000005c .Loc.1228
     /tmp/ccmHBv72.s:4399   .text.Endpoint_Write_Control_EStream_BE:0000005e .Loc.1229
     /tmp/ccmHBv72.s:4400   .text.Endpoint_Write_Control_EStream_BE:0000005e .Loc.1230
     /tmp/ccmHBv72.s:4403   .text.Endpoint_Write_Control_EStream_BE:00000062 .Loc.1231
     /tmp/ccmHBv72.s:4404   .text.Endpoint_Write_Control_EStream_BE:00000062 .Loc.1232
     /tmp/ccmHBv72.s:4407   .text.Endpoint_Write_Control_EStream_BE:00000066 .Loc.1233
     /tmp/ccmHBv72.s:4410   .text.Endpoint_Write_Control_EStream_BE:00000066 .Loc.1234
     /tmp/ccmHBv72.s:4412   .text.Endpoint_Write_Control_EStream_BE:00000066 .Loc.1235
     /tmp/ccmHBv72.s:4413   .text.Endpoint_Write_Control_EStream_BE:00000066 .Loc.1236
     /tmp/ccmHBv72.s:4416   .text.Endpoint_Write_Control_EStream_BE:0000006a .Loc.1237
     /tmp/ccmHBv72.s:4419   .text.Endpoint_Write_Control_EStream_BE:0000006a .Loc.1238
     /tmp/ccmHBv72.s:4422   .text.Endpoint_Write_Control_EStream_BE:0000006e .Loc.1239
     /tmp/ccmHBv72.s:4425   .text.Endpoint_Write_Control_EStream_BE:0000006e .Loc.1240
     /tmp/ccmHBv72.s:4427   .text.Endpoint_Write_Control_EStream_BE:0000006e .Loc.1241
     /tmp/ccmHBv72.s:4428   .text.Endpoint_Write_Control_EStream_BE:0000006e .Loc.1242
     /tmp/ccmHBv72.s:4432   .text.Endpoint_Write_Control_EStream_BE:00000072 .Loc.1243
     /tmp/ccmHBv72.s:4435   .text.Endpoint_Write_Control_EStream_BE:00000076 .Loc.1244
     /tmp/ccmHBv72.s:4438   .text.Endpoint_Write_Control_EStream_BE:00000076 .Loc.1245
     /tmp/ccmHBv72.s:4440   .text.Endpoint_Write_Control_EStream_BE:00000076 .Loc.1246
     /tmp/ccmHBv72.s:4441   .text.Endpoint_Write_Control_EStream_BE:00000076 .Loc.1247
     /tmp/ccmHBv72.s:4445   .text.Endpoint_Write_Control_EStream_BE:0000007a .Loc.1248
     /tmp/ccmHBv72.s:4449   .text.Endpoint_Write_Control_EStream_BE:0000007e .Loc.1249
     /tmp/ccmHBv72.s:4452   .text.Endpoint_Write_Control_EStream_BE:0000007e .Loc.1250
     /tmp/ccmHBv72.s:4454   .text.Endpoint_Write_Control_EStream_BE:0000007e .Loc.1251
     /tmp/ccmHBv72.s:4455   .text.Endpoint_Write_Control_EStream_BE:0000007e .Loc.1252
     /tmp/ccmHBv72.s:4458   .text.Endpoint_Write_Control_EStream_BE:00000082 .Loc.1253
     /tmp/ccmHBv72.s:4460   .text.Endpoint_Write_Control_EStream_BE:00000086 .Loc.1254
     /tmp/ccmHBv72.s:4463   .text.Endpoint_Write_Control_EStream_BE:00000088 .Loc.1255
     /tmp/ccmHBv72.s:4466   .text.Endpoint_Write_Control_EStream_BE:00000088 .Loc.1256
     /tmp/ccmHBv72.s:4468   .text.Endpoint_Write_Control_EStream_BE:00000088 .Loc.1257
     /tmp/ccmHBv72.s:4471   .text.Endpoint_Write_Control_EStream_BE:0000008c .Loc.1258
     /tmp/ccmHBv72.s:4476   .text.Endpoint_Write_Control_EStream_BE:00000092 .Loc.1259
     /tmp/ccmHBv72.s:4477   .text.Endpoint_Write_Control_EStream_BE:00000092 .Loc.1260
     /tmp/ccmHBv72.s:4485   .text.Endpoint_Write_Control_EStream_BE:0000009c .Loc.1261
     /tmp/ccmHBv72.s:4488   .text.Endpoint_Write_Control_EStream_BE:0000009c .Loc.1262
     /tmp/ccmHBv72.s:4490   .text.Endpoint_Write_Control_EStream_BE:0000009c .Loc.1263
     /tmp/ccmHBv72.s:4491   .text.Endpoint_Write_Control_EStream_BE:0000009c .Loc.1264
     /tmp/ccmHBv72.s:4496   .text.Endpoint_Write_Control_EStream_BE:000000a6 .Loc.1265
     /tmp/ccmHBv72.s:4500   .text.Endpoint_Write_Control_EStream_BE:000000a8 .Loc.1266
     /tmp/ccmHBv72.s:4503   .text.Endpoint_Write_Control_EStream_BE:000000a8 .Loc.1267
     /tmp/ccmHBv72.s:4509   .text.Endpoint_Write_Control_EStream_BE:000000ae .Loc.1268
     /tmp/ccmHBv72.s:4511   .text.Endpoint_Write_Control_EStream_BE:000000ae .Loc.1269
     /tmp/ccmHBv72.s:4512   .text.Endpoint_Write_Control_EStream_BE:000000ae .Loc.1270
     /tmp/ccmHBv72.s:4515   .text.Endpoint_Write_Control_EStream_BE:000000b2 .Loc.1271
     /tmp/ccmHBv72.s:4518   .text.Endpoint_Write_Control_EStream_BE:000000b2 .Loc.1272
     /tmp/ccmHBv72.s:4523   .text.Endpoint_Write_Control_EStream_BE:000000b8 .Loc.1273
     /tmp/ccmHBv72.s:4524   .text.Endpoint_Write_Control_EStream_BE:000000b8 .Loc.1274
     /tmp/ccmHBv72.s:4527   .text.Endpoint_Write_Control_EStream_BE:000000ba .Loc.1275
     /tmp/ccmHBv72.s:4528   .text.Endpoint_Write_Control_EStream_BE:000000ba .Loc.1276
     /tmp/ccmHBv72.s:4532   .text.Endpoint_Write_Control_EStream_BE:000000be .Loc.1277
     /tmp/ccmHBv72.s:4536   .text.Endpoint_Write_Control_EStream_BE:000000c0 .Loc.1278
     /tmp/ccmHBv72.s:4540   .text.Endpoint_Write_Control_EStream_BE:000000c0 .Loc.1279
     /tmp/ccmHBv72.s:4541   .text.Endpoint_Write_Control_EStream_BE:000000c0 .Loc.1280
     /tmp/ccmHBv72.s:4544   .text.Endpoint_Write_Control_EStream_BE:000000c2 .Loc.1281
     /tmp/ccmHBv72.s:4545   .text.Endpoint_Write_Control_EStream_BE:000000c2 .Loc.1282
     /tmp/ccmHBv72.s:4548   .text.Endpoint_Write_Control_EStream_BE:000000c6 .Loc.1283
     /tmp/ccmHBv72.s:4549   .text.Endpoint_Write_Control_EStream_BE:000000c6 .Loc.1284
     /tmp/ccmHBv72.s:4551   .text.Endpoint_Write_Control_EStream_BE:000000ca L0
     /tmp/ccmHBv72.s:4555   .text.Endpoint_Write_Control_EStream_BE:000000cc .Loc.1285
     /tmp/ccmHBv72.s:4558   .text.Endpoint_Write_Control_EStream_BE:000000cc .Loc.1286
     /tmp/ccmHBv72.s:4563   .text.Endpoint_Write_Control_EStream_BE:000000d0 .Loc.1287
     /tmp/ccmHBv72.s:4566   .text.Endpoint_Write_Control_EStream_BE:000000d2 .Loc.1288
     /tmp/ccmHBv72.s:4570   .text.Endpoint_Write_Control_EStream_BE:000000d4 .Loc.1289
     /tmp/ccmHBv72.s:4574   .text.Endpoint_Write_Control_EStream_BE:000000d8 L0
     /tmp/ccmHBv72.s:4580   .text.Endpoint_Read_Control_EStream_LE:00000000 Endpoint_Read_Control_EStream_LE
     /tmp/ccmHBv72.s:4583   .text.Endpoint_Read_Control_EStream_LE:00000000 .Loc.1290
     /tmp/ccmHBv72.s:4584   .text.Endpoint_Read_Control_EStream_LE:00000000 L0
     /tmp/ccmHBv72.s:4585   .text.Endpoint_Read_Control_EStream_LE:00000000 .Loc.1291
     /tmp/ccmHBv72.s:4608   .text.Endpoint_Read_Control_EStream_LE:0000000c .Loc.1292
     /tmp/ccmHBv72.s:4610   .text.Endpoint_Read_Control_EStream_LE:0000000c .Loc.1293
     /tmp/ccmHBv72.s:4611   .text.Endpoint_Read_Control_EStream_LE:0000000c .Loc.1294
     /tmp/ccmHBv72.s:4617   .text.Endpoint_Read_Control_EStream_LE:00000010 .Loc.1295
     /tmp/ccmHBv72.s:4620   .text.Endpoint_Read_Control_EStream_LE:00000010 .Loc.1296
     /tmp/ccmHBv72.s:4622   .text.Endpoint_Read_Control_EStream_LE:00000010 .Loc.1297
     /tmp/ccmHBv72.s:4623   .text.Endpoint_Read_Control_EStream_LE:00000010 .Loc.1298
     /tmp/ccmHBv72.s:4628   .text.Endpoint_Read_Control_EStream_LE:0000001a .Loc.1299
     /tmp/ccmHBv72.s:4632   .text.Endpoint_Read_Control_EStream_LE:0000001a .Loc.1300
     /tmp/ccmHBv72.s:4636   .text.Endpoint_Read_Control_EStream_LE:0000001e .Loc.1301
     /tmp/ccmHBv72.s:4639   .text.Endpoint_Read_Control_EStream_LE:0000001e .Loc.1302
     /tmp/ccmHBv72.s:4641   .text.Endpoint_Read_Control_EStream_LE:0000001e .Loc.1303
     /tmp/ccmHBv72.s:4642   .text.Endpoint_Read_Control_EStream_LE:0000001e .Loc.1304
     /tmp/ccmHBv72.s:4646   .text.Endpoint_Read_Control_EStream_LE:00000022 .Loc.1305
     /tmp/ccmHBv72.s:4649   .text.Endpoint_Read_Control_EStream_LE:00000026 .Loc.1306
     /tmp/ccmHBv72.s:4654   .text.Endpoint_Read_Control_EStream_LE:00000028 .Loc.1307
     /tmp/ccmHBv72.s:4662   .text.Endpoint_Read_Control_EStream_LE:00000032 .Loc.1308
     /tmp/ccmHBv72.s:4663   .text.Endpoint_Read_Control_EStream_LE:00000032 .Loc.1309
     /tmp/ccmHBv72.s:4666   .text.Endpoint_Read_Control_EStream_LE:00000034 .Loc.1310
     /tmp/ccmHBv72.s:4667   .text.Endpoint_Read_Control_EStream_LE:00000034 .Loc.1311
     /tmp/ccmHBv72.s:4670   .text.Endpoint_Read_Control_EStream_LE:00000038 .Loc.1312
     /tmp/ccmHBv72.s:4671   .text.Endpoint_Read_Control_EStream_LE:00000038 .Loc.1313
     /tmp/ccmHBv72.s:4674   .text.Endpoint_Read_Control_EStream_LE:0000003c .Loc.1314
     /tmp/ccmHBv72.s:4677   .text.Endpoint_Read_Control_EStream_LE:0000003c .Loc.1315
     /tmp/ccmHBv72.s:4679   .text.Endpoint_Read_Control_EStream_LE:0000003c .Loc.1316
     /tmp/ccmHBv72.s:4680   .text.Endpoint_Read_Control_EStream_LE:0000003c .Loc.1317
     /tmp/ccmHBv72.s:4683   .text.Endpoint_Read_Control_EStream_LE:00000040 .Loc.1318
     /tmp/ccmHBv72.s:4686   .text.Endpoint_Read_Control_EStream_LE:00000040 .Loc.1319
     /tmp/ccmHBv72.s:4689   .text.Endpoint_Read_Control_EStream_LE:00000044 .Loc.1320
     /tmp/ccmHBv72.s:4692   .text.Endpoint_Read_Control_EStream_LE:00000044 .Loc.1321
     /tmp/ccmHBv72.s:4694   .text.Endpoint_Read_Control_EStream_LE:00000044 .Loc.1322
     /tmp/ccmHBv72.s:4695   .text.Endpoint_Read_Control_EStream_LE:00000044 .Loc.1323
     /tmp/ccmHBv72.s:4699   .text.Endpoint_Read_Control_EStream_LE:00000048 .Loc.1324
     /tmp/ccmHBv72.s:4706   .text.Endpoint_Read_Control_EStream_LE:0000004c .Loc.1325
     /tmp/ccmHBv72.s:4708   .text.Endpoint_Read_Control_EStream_LE:0000004c .Loc.1326
     /tmp/ccmHBv72.s:4709   .text.Endpoint_Read_Control_EStream_LE:0000004c .Loc.1327
     /tmp/ccmHBv72.s:4711   .text.Endpoint_Read_Control_EStream_LE:00000050 .Loc.1328
     /tmp/ccmHBv72.s:4715   .text.Endpoint_Read_Control_EStream_LE:00000054 .Loc.1329
     /tmp/ccmHBv72.s:4718   .text.Endpoint_Read_Control_EStream_LE:00000058 .Loc.1330
     /tmp/ccmHBv72.s:4721   .text.Endpoint_Read_Control_EStream_LE:00000058 .Loc.1331
     /tmp/ccmHBv72.s:4723   .text.Endpoint_Read_Control_EStream_LE:00000058 .Loc.1332
     /tmp/ccmHBv72.s:4724   .text.Endpoint_Read_Control_EStream_LE:00000058 .Loc.1333
     /tmp/ccmHBv72.s:4728   .text.Endpoint_Read_Control_EStream_LE:0000005c .Loc.1334
     /tmp/ccmHBv72.s:4732   .text.Endpoint_Read_Control_EStream_LE:00000062 .Loc.1335
     /tmp/ccmHBv72.s:4736   .text.Endpoint_Read_Control_EStream_LE:00000066 .Loc.1336
     /tmp/ccmHBv72.s:4737   .text.Endpoint_Read_Control_EStream_LE:00000066 .Loc.1337
     /tmp/ccmHBv72.s:4740   .text.Endpoint_Read_Control_EStream_LE:00000068 .Loc.1338
     /tmp/ccmHBv72.s:4745   .text.Endpoint_Read_Control_EStream_LE:0000006c .Loc.1339
     /tmp/ccmHBv72.s:4748   .text.Endpoint_Read_Control_EStream_LE:0000006c .Loc.1340
     /tmp/ccmHBv72.s:4749   .text.Endpoint_Read_Control_EStream_LE:0000006c .Loc.1341
     /tmp/ccmHBv72.s:4752   .text.Endpoint_Read_Control_EStream_LE:0000006e .Loc.1342
     /tmp/ccmHBv72.s:4753   .text.Endpoint_Read_Control_EStream_LE:0000006e .Loc.1343
     /tmp/ccmHBv72.s:4756   .text.Endpoint_Read_Control_EStream_LE:00000072 .Loc.1344
     /tmp/ccmHBv72.s:4757   .text.Endpoint_Read_Control_EStream_LE:00000072 .Loc.1345
     /tmp/ccmHBv72.s:4762   .text.Endpoint_Read_Control_EStream_LE:00000076 .Loc.1346
     /tmp/ccmHBv72.s:4765   .text.Endpoint_Read_Control_EStream_LE:00000076 .Loc.1347
     /tmp/ccmHBv72.s:4770   .text.Endpoint_Read_Control_EStream_LE:0000007a .Loc.1348
     /tmp/ccmHBv72.s:4775   .text.Endpoint_Read_Control_EStream_LE:0000007e .Loc.1349
     /tmp/ccmHBv72.s:4779   .text.Endpoint_Read_Control_EStream_LE:00000082 L0
     /tmp/ccmHBv72.s:4785   .text.Endpoint_Read_Control_EStream_BE:00000000 Endpoint_Read_Control_EStream_BE
     /tmp/ccmHBv72.s:4788   .text.Endpoint_Read_Control_EStream_BE:00000000 .Loc.1350
     /tmp/ccmHBv72.s:4789   .text.Endpoint_Read_Control_EStream_BE:00000000 L0
     /tmp/ccmHBv72.s:4790   .text.Endpoint_Read_Control_EStream_BE:00000000 .Loc.1351
     /tmp/ccmHBv72.s:4812   .text.Endpoint_Read_Control_EStream_BE:0000000a .Loc.1352
     /tmp/ccmHBv72.s:4813   .text.Endpoint_Read_Control_EStream_BE:0000000a .Loc.1353
     /tmp/ccmHBv72.s:4817   .text.Endpoint_Read_Control_EStream_BE:00000010 .Loc.1354
     /tmp/ccmHBv72.s:4821   .text.Endpoint_Read_Control_EStream_BE:00000014 .Loc.1355
     /tmp/ccmHBv72.s:4822   .text.Endpoint_Read_Control_EStream_BE:00000014 .Loc.1356
     /tmp/ccmHBv72.s:4828   .text.Endpoint_Read_Control_EStream_BE:00000018 .Loc.1357
     /tmp/ccmHBv72.s:4831   .text.Endpoint_Read_Control_EStream_BE:00000018 .Loc.1358
     /tmp/ccmHBv72.s:4833   .text.Endpoint_Read_Control_EStream_BE:00000018 .Loc.1359
     /tmp/ccmHBv72.s:4834   .text.Endpoint_Read_Control_EStream_BE:00000018 .Loc.1360
     /tmp/ccmHBv72.s:4839   .text.Endpoint_Read_Control_EStream_BE:00000022 .Loc.1361
     /tmp/ccmHBv72.s:4843   .text.Endpoint_Read_Control_EStream_BE:00000022 .Loc.1362
     /tmp/ccmHBv72.s:4847   .text.Endpoint_Read_Control_EStream_BE:00000026 .Loc.1363
     /tmp/ccmHBv72.s:4850   .text.Endpoint_Read_Control_EStream_BE:00000026 .Loc.1364
     /tmp/ccmHBv72.s:4852   .text.Endpoint_Read_Control_EStream_BE:00000026 .Loc.1365
     /tmp/ccmHBv72.s:4853   .text.Endpoint_Read_Control_EStream_BE:00000026 .Loc.1366
     /tmp/ccmHBv72.s:4857   .text.Endpoint_Read_Control_EStream_BE:0000002a .Loc.1367
     /tmp/ccmHBv72.s:4860   .text.Endpoint_Read_Control_EStream_BE:0000002e .Loc.1368
     /tmp/ccmHBv72.s:4865   .text.Endpoint_Read_Control_EStream_BE:00000030 .Loc.1369
     /tmp/ccmHBv72.s:4873   .text.Endpoint_Read_Control_EStream_BE:0000003a .Loc.1370
     /tmp/ccmHBv72.s:4874   .text.Endpoint_Read_Control_EStream_BE:0000003a .Loc.1371
     /tmp/ccmHBv72.s:4877   .text.Endpoint_Read_Control_EStream_BE:0000003c .Loc.1372
     /tmp/ccmHBv72.s:4878   .text.Endpoint_Read_Control_EStream_BE:0000003c .Loc.1373
     /tmp/ccmHBv72.s:4881   .text.Endpoint_Read_Control_EStream_BE:00000040 .Loc.1374
     /tmp/ccmHBv72.s:4882   .text.Endpoint_Read_Control_EStream_BE:00000040 .Loc.1375
     /tmp/ccmHBv72.s:4885   .text.Endpoint_Read_Control_EStream_BE:00000044 .Loc.1376
     /tmp/ccmHBv72.s:4888   .text.Endpoint_Read_Control_EStream_BE:00000044 .Loc.1377
     /tmp/ccmHBv72.s:4890   .text.Endpoint_Read_Control_EStream_BE:00000044 .Loc.1378
     /tmp/ccmHBv72.s:4891   .text.Endpoint_Read_Control_EStream_BE:00000044 .Loc.1379
     /tmp/ccmHBv72.s:4894   .text.Endpoint_Read_Control_EStream_BE:00000048 .Loc.1380
     /tmp/ccmHBv72.s:4897   .text.Endpoint_Read_Control_EStream_BE:00000048 .Loc.1381
     /tmp/ccmHBv72.s:4900   .text.Endpoint_Read_Control_EStream_BE:0000004c .Loc.1382
     /tmp/ccmHBv72.s:4903   .text.Endpoint_Read_Control_EStream_BE:0000004c .Loc.1383
     /tmp/ccmHBv72.s:4905   .text.Endpoint_Read_Control_EStream_BE:0000004c .Loc.1384
     /tmp/ccmHBv72.s:4906   .text.Endpoint_Read_Control_EStream_BE:0000004c .Loc.1385
     /tmp/ccmHBv72.s:4910   .text.Endpoint_Read_Control_EStream_BE:00000050 .Loc.1386
     /tmp/ccmHBv72.s:4917   .text.Endpoint_Read_Control_EStream_BE:00000054 .Loc.1387
     /tmp/ccmHBv72.s:4919   .text.Endpoint_Read_Control_EStream_BE:00000054 .Loc.1388
     /tmp/ccmHBv72.s:4920   .text.Endpoint_Read_Control_EStream_BE:00000054 .Loc.1389
     /tmp/ccmHBv72.s:4922   .text.Endpoint_Read_Control_EStream_BE:00000058 .Loc.1390
     /tmp/ccmHBv72.s:4926   .text.Endpoint_Read_Control_EStream_BE:0000005c .Loc.1391
     /tmp/ccmHBv72.s:4929   .text.Endpoint_Read_Control_EStream_BE:00000060 .Loc.1392
     /tmp/ccmHBv72.s:4932   .text.Endpoint_Read_Control_EStream_BE:00000060 .Loc.1393
     /tmp/ccmHBv72.s:4934   .text.Endpoint_Read_Control_EStream_BE:00000060 .Loc.1394
     /tmp/ccmHBv72.s:4935   .text.Endpoint_Read_Control_EStream_BE:00000060 .Loc.1395
     /tmp/ccmHBv72.s:4939   .text.Endpoint_Read_Control_EStream_BE:00000064 .Loc.1396
     /tmp/ccmHBv72.s:4943   .text.Endpoint_Read_Control_EStream_BE:0000006a .Loc.1397
     /tmp/ccmHBv72.s:4947   .text.Endpoint_Read_Control_EStream_BE:0000006e .Loc.1398
     /tmp/ccmHBv72.s:4948   .text.Endpoint_Read_Control_EStream_BE:0000006e .Loc.1399
     /tmp/ccmHBv72.s:4951   .text.Endpoint_Read_Control_EStream_BE:00000070 .Loc.1400
     /tmp/ccmHBv72.s:4956   .text.Endpoint_Read_Control_EStream_BE:00000074 .Loc.1401
     /tmp/ccmHBv72.s:4959   .text.Endpoint_Read_Control_EStream_BE:00000074 .Loc.1402
     /tmp/ccmHBv72.s:4960   .text.Endpoint_Read_Control_EStream_BE:00000074 .Loc.1403
     /tmp/ccmHBv72.s:4963   .text.Endpoint_Read_Control_EStream_BE:00000076 .Loc.1404
     /tmp/ccmHBv72.s:4964   .text.Endpoint_Read_Control_EStream_BE:00000076 .Loc.1405
     /tmp/ccmHBv72.s:4967   .text.Endpoint_Read_Control_EStream_BE:0000007a .Loc.1406
     /tmp/ccmHBv72.s:4968   .text.Endpoint_Read_Control_EStream_BE:0000007a .Loc.1407
     /tmp/ccmHBv72.s:4973   .text.Endpoint_Read_Control_EStream_BE:0000007e .Loc.1408
     /tmp/ccmHBv72.s:4976   .text.Endpoint_Read_Control_EStream_BE:0000007e .Loc.1409
     /tmp/ccmHBv72.s:4981   .text.Endpoint_Read_Control_EStream_BE:00000082 .Loc.1410
     /tmp/ccmHBv72.s:4986   .text.Endpoint_Read_Control_EStream_BE:00000086 .Loc.1411
     /tmp/ccmHBv72.s:4990   .text.Endpoint_Read_Control_EStream_BE:0000008a L0
     /tmp/ccmHBv72.s:190    .text.Endpoint_Discard_Stream:0000008a L0
     /tmp/ccmHBv72.s:368    .text.Endpoint_Null_Stream:0000008a L0
     /tmp/ccmHBv72.s:572    .text.Endpoint_Write_Stream_LE:000000a2 L0
     /tmp/ccmHBv72.s:786    .text.Endpoint_Write_Stream_BE:000000ac L0
     /tmp/ccmHBv72.s:988    .text.Endpoint_Read_Stream_LE:000000a2 L0
     /tmp/ccmHBv72.s:1200   .text.Endpoint_Read_Stream_BE:000000ac L0
     /tmp/ccmHBv72.s:1417   .text.Endpoint_Write_PStream_LE:000000a4 L0
     /tmp/ccmHBv72.s:1644   .text.Endpoint_Write_PStream_BE:000000ae L0
     /tmp/ccmHBv72.s:1849   .text.Endpoint_Write_EStream_LE:000000a6 L0
     /tmp/ccmHBv72.s:2064   .text.Endpoint_Write_EStream_BE:000000b0 L0
     /tmp/ccmHBv72.s:2268   .text.Endpoint_Read_EStream_LE:000000a6 L0
     /tmp/ccmHBv72.s:2482   .text.Endpoint_Read_EStream_BE:000000b0 L0
     /tmp/ccmHBv72.s:2746   .text.Endpoint_Write_Control_Stream_LE:000000a8 L0
     /tmp/ccmHBv72.s:3023   .text.Endpoint_Write_Control_Stream_BE:000000ba L0
     /tmp/ccmHBv72.s:3207   .text.Endpoint_Read_Control_Stream_LE:0000006a L0
     /tmp/ccmHBv72.s:3397   .text.Endpoint_Read_Control_Stream_BE:00000076 L0
     /tmp/ccmHBv72.s:3675   .text.Endpoint_Write_Control_PStream_LE:000000ac L0
     /tmp/ccmHBv72.s:3964   .text.Endpoint_Write_Control_PStream_BE:000000ba L0
     /tmp/ccmHBv72.s:4265   .text.Endpoint_Write_Control_EStream_LE:000000ce L0
     /tmp/ccmHBv72.s:4577   .text.Endpoint_Write_Control_EStream_BE:000000d8 L0
     /tmp/ccmHBv72.s:4782   .text.Endpoint_Read_Control_EStream_LE:00000082 L0
     /tmp/ccmHBv72.s:4993   .text.Endpoint_Read_Control_EStream_BE:0000008a L0
                     .debug_frame:00000000 L0
     /tmp/ccmHBv72.s:135    .text.Endpoint_Discard_Stream:0000005e .L1
     /tmp/ccmHBv72.s:80     .text.Endpoint_Discard_Stream:0000002c .L3
     /tmp/ccmHBv72.s:162    .text.Endpoint_Discard_Stream:0000007c .L5
     /tmp/ccmHBv72.s:150    .text.Endpoint_Discard_Stream:00000070 .L6
     /tmp/ccmHBv72.s:90     .text.Endpoint_Discard_Stream:00000034 .L7
     /tmp/ccmHBv72.s:85     .text.Endpoint_Discard_Stream:00000030 .L4
     /tmp/ccmHBv72.s:313    .text.Endpoint_Null_Stream:0000005e .L13
     /tmp/ccmHBv72.s:259    .text.Endpoint_Null_Stream:0000002c .L15
     /tmp/ccmHBv72.s:340    .text.Endpoint_Null_Stream:0000007c .L17
     /tmp/ccmHBv72.s:328    .text.Endpoint_Null_Stream:00000070 .L18
     /tmp/ccmHBv72.s:269    .text.Endpoint_Null_Stream:00000034 .L19
     /tmp/ccmHBv72.s:264    .text.Endpoint_Null_Stream:00000030 .L16
     /tmp/ccmHBv72.s:510    .text.Endpoint_Write_Stream_LE:0000006c .L25
     /tmp/ccmHBv72.s:453    .text.Endpoint_Write_Stream_LE:00000036 .L27
     /tmp/ccmHBv72.s:539    .text.Endpoint_Write_Stream_LE:0000008e .L29
     /tmp/ccmHBv72.s:527    .text.Endpoint_Write_Stream_LE:00000082 .L30
     /tmp/ccmHBv72.s:463    .text.Endpoint_Write_Stream_LE:0000003e .L31
     /tmp/ccmHBv72.s:458    .text.Endpoint_Write_Stream_LE:0000003a .L28
     /tmp/ccmHBv72.s:723    .text.Endpoint_Write_Stream_BE:00000076 .L37
     /tmp/ccmHBv72.s:665    .text.Endpoint_Write_Stream_BE:0000003e .L39
     /tmp/ccmHBv72.s:752    .text.Endpoint_Write_Stream_BE:00000098 .L41
     /tmp/ccmHBv72.s:740    .text.Endpoint_Write_Stream_BE:0000008c .L42
     /tmp/ccmHBv72.s:676    .text.Endpoint_Write_Stream_BE:00000048 .L43
     /tmp/ccmHBv72.s:670    .text.Endpoint_Write_Stream_BE:00000042 .L40
     /tmp/ccmHBv72.s:927    .text.Endpoint_Read_Stream_LE:0000006c .L49
     /tmp/ccmHBv72.s:870    .text.Endpoint_Read_Stream_LE:00000036 .L51
     /tmp/ccmHBv72.s:956    .text.Endpoint_Read_Stream_LE:0000008e .L53
     /tmp/ccmHBv72.s:944    .text.Endpoint_Read_Stream_LE:00000082 .L54
     /tmp/ccmHBv72.s:880    .text.Endpoint_Read_Stream_LE:0000003e .L55
     /tmp/ccmHBv72.s:875    .text.Endpoint_Read_Stream_LE:0000003a .L52
     /tmp/ccmHBv72.s:1139   .text.Endpoint_Read_Stream_BE:00000076 .L61
     /tmp/ccmHBv72.s:1081   .text.Endpoint_Read_Stream_BE:0000003e .L63
     /tmp/ccmHBv72.s:1168   .text.Endpoint_Read_Stream_BE:00000098 .L65
     /tmp/ccmHBv72.s:1156   .text.Endpoint_Read_Stream_BE:0000008c .L66
     /tmp/ccmHBv72.s:1092   .text.Endpoint_Read_Stream_BE:00000048 .L67
     /tmp/ccmHBv72.s:1086   .text.Endpoint_Read_Stream_BE:00000042 .L64
     /tmp/ccmHBv72.s:1341   .text.Endpoint_Write_PStream_LE:0000006c .L73
     /tmp/ccmHBv72.s:1284   .text.Endpoint_Write_PStream_LE:00000036 .L75
     /tmp/ccmHBv72.s:1370   .text.Endpoint_Write_PStream_LE:0000008e .L77
     /tmp/ccmHBv72.s:1358   .text.Endpoint_Write_PStream_LE:00000082 .L78
     /tmp/ccmHBv72.s:1294   .text.Endpoint_Write_PStream_LE:0000003e .L79
     /tmp/ccmHBv72.s:1289   .text.Endpoint_Write_PStream_LE:0000003a .L76
     /tmp/ccmHBv72.s:1568   .text.Endpoint_Write_PStream_BE:00000076 .L85
     /tmp/ccmHBv72.s:1510   .text.Endpoint_Write_PStream_BE:0000003e .L87
     /tmp/ccmHBv72.s:1597   .text.Endpoint_Write_PStream_BE:00000098 .L89
     /tmp/ccmHBv72.s:1585   .text.Endpoint_Write_PStream_BE:0000008c .L90
     /tmp/ccmHBv72.s:1521   .text.Endpoint_Write_PStream_BE:00000048 .L91
     /tmp/ccmHBv72.s:1515   .text.Endpoint_Write_PStream_BE:00000042 .L88
     /tmp/ccmHBv72.s:1785   .text.Endpoint_Write_EStream_LE:0000006c .L97
     /tmp/ccmHBv72.s:1728   .text.Endpoint_Write_EStream_LE:00000036 .L99
     /tmp/ccmHBv72.s:1814   .text.Endpoint_Write_EStream_LE:0000008e .L101
     /tmp/ccmHBv72.s:1802   .text.Endpoint_Write_EStream_LE:00000082 .L102
     /tmp/ccmHBv72.s:1738   .text.Endpoint_Write_EStream_LE:0000003e .L103
     /tmp/ccmHBv72.s:1733   .text.Endpoint_Write_EStream_LE:0000003a .L100
     /tmp/ccmHBv72.s:2000   .text.Endpoint_Write_EStream_BE:00000076 .L109
     /tmp/ccmHBv72.s:1942   .text.Endpoint_Write_EStream_BE:0000003e .L111
     /tmp/ccmHBv72.s:2029   .text.Endpoint_Write_EStream_BE:00000098 .L113
     /tmp/ccmHBv72.s:2017   .text.Endpoint_Write_EStream_BE:0000008c .L114
     /tmp/ccmHBv72.s:1953   .text.Endpoint_Write_EStream_BE:00000048 .L115
     /tmp/ccmHBv72.s:1947   .text.Endpoint_Write_EStream_BE:00000042 .L112
     /tmp/ccmHBv72.s:2205   .text.Endpoint_Read_EStream_LE:0000006c .L121
     /tmp/ccmHBv72.s:2148   .text.Endpoint_Read_EStream_LE:00000036 .L123
     /tmp/ccmHBv72.s:2234   .text.Endpoint_Read_EStream_LE:0000008e .L125
     /tmp/ccmHBv72.s:2222   .text.Endpoint_Read_EStream_LE:00000082 .L126
     /tmp/ccmHBv72.s:2158   .text.Endpoint_Read_EStream_LE:0000003e .L127
     /tmp/ccmHBv72.s:2153   .text.Endpoint_Read_EStream_LE:0000003a .L124
     /tmp/ccmHBv72.s:2419   .text.Endpoint_Read_EStream_BE:00000076 .L133
     /tmp/ccmHBv72.s:2361   .text.Endpoint_Read_EStream_BE:0000003e .L135
     /tmp/ccmHBv72.s:2448   .text.Endpoint_Read_EStream_BE:00000098 .L137
     /tmp/ccmHBv72.s:2436   .text.Endpoint_Read_EStream_BE:0000008c .L138
     /tmp/ccmHBv72.s:2372   .text.Endpoint_Read_EStream_BE:00000048 .L139
     /tmp/ccmHBv72.s:2366   .text.Endpoint_Read_EStream_BE:00000042 .L136
     /tmp/ccmHBv72.s:2518   .text.Endpoint_Write_Control_Stream_LE:00000018 .L146
     /tmp/ccmHBv72.s:2548   .text.Endpoint_Write_Control_Stream_LE:0000002e .L147
     /tmp/ccmHBv72.s:2562   .text.Endpoint_Write_Control_Stream_LE:0000003a .L157
     /tmp/ccmHBv72.s:2701   .text.Endpoint_Write_Control_Stream_LE:00000092 .L158
     /tmp/ccmHBv72.s:2514   .text.Endpoint_Write_Control_Stream_LE:00000016 .L148
     /tmp/ccmHBv72.s:2738   .text.Endpoint_Write_Control_Stream_LE:000000a4 .L162
     /tmp/ccmHBv72.s:2719   .text.Endpoint_Write_Control_Stream_LE:0000009c .L163
     /tmp/ccmHBv72.s:2730   .text.Endpoint_Write_Control_Stream_LE:000000a0 .L161
     /tmp/ccmHBv72.s:2530   .text.Endpoint_Write_Control_Stream_LE:00000022 .L169
     /tmp/ccmHBv72.s:2522   .text.Endpoint_Write_Control_Stream_LE:0000001a .L152
     /tmp/ccmHBv72.s:2644   .text.Endpoint_Write_Control_Stream_LE:0000006e .L154
     /tmp/ccmHBv72.s:2670   .text.Endpoint_Write_Control_Stream_LE:00000084 .L155
     /tmp/ccmHBv72.s:2652   .text.Endpoint_Write_Control_Stream_LE:00000078 .L156
     /tmp/ccmHBv72.s:2636   .text.Endpoint_Write_Control_Stream_LE:00000064 .L153
     /tmp/ccmHBv72.s:2786   .text.Endpoint_Write_Control_Stream_BE:0000001e .L174
     /tmp/ccmHBv72.s:2817   .text.Endpoint_Write_Control_Stream_BE:00000036 .L175
     /tmp/ccmHBv72.s:2833   .text.Endpoint_Write_Control_Stream_BE:00000042 .L185
     /tmp/ccmHBv72.s:2977   .text.Endpoint_Write_Control_Stream_BE:000000a2 .L186
     /tmp/ccmHBv72.s:2782   .text.Endpoint_Write_Control_Stream_BE:0000001c .L176
     /tmp/ccmHBv72.s:3015   .text.Endpoint_Write_Control_Stream_BE:000000b6 .L190
     /tmp/ccmHBv72.s:2996   .text.Endpoint_Write_Control_Stream_BE:000000ae .L191
     /tmp/ccmHBv72.s:3007   .text.Endpoint_Write_Control_Stream_BE:000000b2 .L189
     /tmp/ccmHBv72.s:2799   .text.Endpoint_Write_Control_Stream_BE:0000002a .L197
     /tmp/ccmHBv72.s:2790   .text.Endpoint_Write_Control_Stream_BE:00000020 .L180
     /tmp/ccmHBv72.s:2919   .text.Endpoint_Write_Control_Stream_BE:0000007a .L182
     /tmp/ccmHBv72.s:2943   .text.Endpoint_Write_Control_Stream_BE:00000090 .L183
     /tmp/ccmHBv72.s:2927   .text.Endpoint_Write_Control_Stream_BE:00000084 .L184
     /tmp/ccmHBv72.s:2910   .text.Endpoint_Write_Control_Stream_BE:0000006e .L181
     /tmp/ccmHBv72.s:3085   .text.Endpoint_Read_Control_Stream_LE:00000022 .L206
     /tmp/ccmHBv72.s:3165   .text.Endpoint_Read_Control_Stream_LE:00000054 .L210
     /tmp/ccmHBv72.s:3199   .text.Endpoint_Read_Control_Stream_LE:00000066 .L214
     /tmp/ccmHBv72.s:3182   .text.Endpoint_Read_Control_Stream_LE:0000005e .L215
     /tmp/ccmHBv72.s:3193   .text.Endpoint_Read_Control_Stream_LE:00000062 .L213
     /tmp/ccmHBv72.s:3046   .text.Endpoint_Read_Control_Stream_LE:00000008 .L207
     /tmp/ccmHBv72.s:3127   .text.Endpoint_Read_Control_Stream_LE:0000003c .L205
     /tmp/ccmHBv72.s:3067   .text.Endpoint_Read_Control_Stream_LE:00000016 .L209
     /tmp/ccmHBv72.s:3273   .text.Endpoint_Read_Control_Stream_BE:0000002a .L226
     /tmp/ccmHBv72.s:3355   .text.Endpoint_Read_Control_Stream_BE:00000060 .L230
     /tmp/ccmHBv72.s:3389   .text.Endpoint_Read_Control_Stream_BE:00000072 .L234
     /tmp/ccmHBv72.s:3372   .text.Endpoint_Read_Control_Stream_BE:0000006a .L235
     /tmp/ccmHBv72.s:3383   .text.Endpoint_Read_Control_Stream_BE:0000006e .L233
     /tmp/ccmHBv72.s:3234   .text.Endpoint_Read_Control_Stream_BE:0000000e .L227
     /tmp/ccmHBv72.s:3315   .text.Endpoint_Read_Control_Stream_BE:00000044 .L225
     /tmp/ccmHBv72.s:3255   .text.Endpoint_Read_Control_Stream_BE:0000001e .L229
     /tmp/ccmHBv72.s:3432   .text.Endpoint_Write_Control_PStream_LE:00000018 .L242
     /tmp/ccmHBv72.s:3462   .text.Endpoint_Write_Control_PStream_LE:0000002e .L243
     /tmp/ccmHBv72.s:3476   .text.Endpoint_Write_Control_PStream_LE:0000003a .L253
     /tmp/ccmHBv72.s:3629   .text.Endpoint_Write_Control_PStream_LE:00000094 .L254
     /tmp/ccmHBv72.s:3428   .text.Endpoint_Write_Control_PStream_LE:00000016 .L244
     /tmp/ccmHBv72.s:3667   .text.Endpoint_Write_Control_PStream_LE:000000a8 .L258
     /tmp/ccmHBv72.s:3648   .text.Endpoint_Write_Control_PStream_LE:000000a0 .L259
     /tmp/ccmHBv72.s:3659   .text.Endpoint_Write_Control_PStream_LE:000000a4 .L257
     /tmp/ccmHBv72.s:3444   .text.Endpoint_Write_Control_PStream_LE:00000022 .L265
     /tmp/ccmHBv72.s:3436   .text.Endpoint_Write_Control_PStream_LE:0000001a .L248
     /tmp/ccmHBv72.s:3558   .text.Endpoint_Write_Control_PStream_LE:0000006e .L250
     /tmp/ccmHBv72.s:3584   .text.Endpoint_Write_Control_PStream_LE:00000084 .L251
     /tmp/ccmHBv72.s:3566   .text.Endpoint_Write_Control_PStream_LE:00000078 .L252
     /tmp/ccmHBv72.s:3550   .text.Endpoint_Write_Control_PStream_LE:00000064 .L249
     /tmp/ccmHBv72.s:3715   .text.Endpoint_Write_Control_PStream_BE:0000001e .L270
     /tmp/ccmHBv72.s:3746   .text.Endpoint_Write_Control_PStream_BE:00000036 .L271
     /tmp/ccmHBv72.s:3762   .text.Endpoint_Write_Control_PStream_BE:00000042 .L281
     /tmp/ccmHBv72.s:3918   .text.Endpoint_Write_Control_PStream_BE:000000a2 .L282
     /tmp/ccmHBv72.s:3711   .text.Endpoint_Write_Control_PStream_BE:0000001c .L272
     /tmp/ccmHBv72.s:3956   .text.Endpoint_Write_Control_PStream_BE:000000b6 .L286
     /tmp/ccmHBv72.s:3937   .text.Endpoint_Write_Control_PStream_BE:000000ae .L287
     /tmp/ccmHBv72.s:3948   .text.Endpoint_Write_Control_PStream_BE:000000b2 .L285
     /tmp/ccmHBv72.s:3728   .text.Endpoint_Write_Control_PStream_BE:0000002a .L293
     /tmp/ccmHBv72.s:3719   .text.Endpoint_Write_Control_PStream_BE:00000020 .L276
     /tmp/ccmHBv72.s:3848   .text.Endpoint_Write_Control_PStream_BE:0000007a .L278
     /tmp/ccmHBv72.s:3872   .text.Endpoint_Write_Control_PStream_BE:00000090 .L279
     /tmp/ccmHBv72.s:3856   .text.Endpoint_Write_Control_PStream_BE:00000084 .L280
     /tmp/ccmHBv72.s:3839   .text.Endpoint_Write_Control_PStream_BE:0000006e .L277
     /tmp/ccmHBv72.s:4021   .text.Endpoint_Write_Control_EStream_LE:00000024 .L298
     /tmp/ccmHBv72.s:4064   .text.Endpoint_Write_Control_EStream_LE:00000046 .L299
     /tmp/ccmHBv72.s:4078   .text.Endpoint_Write_Control_EStream_LE:00000052 .L309
     /tmp/ccmHBv72.s:4223   .text.Endpoint_Write_Control_EStream_LE:000000b6 .L310
     /tmp/ccmHBv72.s:4018   .text.Endpoint_Write_Control_EStream_LE:00000022 .L300
     /tmp/ccmHBv72.s:4257   .text.Endpoint_Write_Control_EStream_LE:000000ca .L314
     /tmp/ccmHBv72.s:4242   .text.Endpoint_Write_Control_EStream_LE:000000c2 .L315
     /tmp/ccmHBv72.s:4250   .text.Endpoint_Write_Control_EStream_LE:000000c6 .L313
     /tmp/ccmHBv72.s:4033   .text.Endpoint_Write_Control_EStream_LE:0000002e .L321
     /tmp/ccmHBv72.s:4025   .text.Endpoint_Write_Control_EStream_LE:00000026 .L304
     /tmp/ccmHBv72.s:4163   .text.Endpoint_Write_Control_EStream_LE:00000088 .L306
     /tmp/ccmHBv72.s:4187   .text.Endpoint_Write_Control_EStream_LE:0000009e .L307
     /tmp/ccmHBv72.s:4171   .text.Endpoint_Write_Control_EStream_LE:00000092 .L308
     /tmp/ccmHBv72.s:4155   .text.Endpoint_Write_Control_EStream_LE:0000007e .L305
     /tmp/ccmHBv72.s:4049   .text.Endpoint_Write_Control_EStream_LE:00000038 .L297
     /tmp/ccmHBv72.s:4331   .text.Endpoint_Write_Control_EStream_BE:0000002e .L326
     /tmp/ccmHBv72.s:4374   .text.Endpoint_Write_Control_EStream_BE:00000050 .L327
     /tmp/ccmHBv72.s:4390   .text.Endpoint_Write_Control_EStream_BE:0000005c .L337
     /tmp/ccmHBv72.s:4535   .text.Endpoint_Write_Control_EStream_BE:000000c0 .L338
     /tmp/ccmHBv72.s:4327   .text.Endpoint_Write_Control_EStream_BE:0000002c .L328
     /tmp/ccmHBv72.s:4569   .text.Endpoint_Write_Control_EStream_BE:000000d4 .L342
     /tmp/ccmHBv72.s:4554   .text.Endpoint_Write_Control_EStream_BE:000000cc .L343
     /tmp/ccmHBv72.s:4562   .text.Endpoint_Write_Control_EStream_BE:000000d0 .L341
     /tmp/ccmHBv72.s:4343   .text.Endpoint_Write_Control_EStream_BE:00000038 .L349
     /tmp/ccmHBv72.s:4335   .text.Endpoint_Write_Control_EStream_BE:00000030 .L332
     /tmp/ccmHBv72.s:4475   .text.Endpoint_Write_Control_EStream_BE:00000092 .L334
     /tmp/ccmHBv72.s:4499   .text.Endpoint_Write_Control_EStream_BE:000000a8 .L335
     /tmp/ccmHBv72.s:4483   .text.Endpoint_Write_Control_EStream_BE:0000009c .L336
     /tmp/ccmHBv72.s:4467   .text.Endpoint_Write_Control_EStream_BE:00000088 .L333
     /tmp/ccmHBv72.s:4359   .text.Endpoint_Write_Control_EStream_BE:00000042 .L325
     /tmp/ccmHBv72.s:4660   .text.Endpoint_Read_Control_EStream_LE:00000032 .L358
     /tmp/ccmHBv72.s:4744   .text.Endpoint_Read_Control_EStream_LE:0000006c .L362
     /tmp/ccmHBv72.s:4774   .text.Endpoint_Read_Control_EStream_LE:0000007e .L366
     /tmp/ccmHBv72.s:4761   .text.Endpoint_Read_Control_EStream_LE:00000076 .L367
     /tmp/ccmHBv72.s:4769   .text.Endpoint_Read_Control_EStream_LE:0000007a .L365
     /tmp/ccmHBv72.s:4615   .text.Endpoint_Read_Control_EStream_LE:00000010 .L359
     /tmp/ccmHBv72.s:4702   .text.Endpoint_Read_Control_EStream_LE:0000004c .L357
     /tmp/ccmHBv72.s:4635   .text.Endpoint_Read_Control_EStream_LE:0000001e .L361
     /tmp/ccmHBv72.s:4652   .text.Endpoint_Read_Control_EStream_LE:00000028 .L353
     /tmp/ccmHBv72.s:4871   .text.Endpoint_Read_Control_EStream_BE:0000003a .L378
     /tmp/ccmHBv72.s:4955   .text.Endpoint_Read_Control_EStream_BE:00000074 .L382
     /tmp/ccmHBv72.s:4985   .text.Endpoint_Read_Control_EStream_BE:00000086 .L386
     /tmp/ccmHBv72.s:4972   .text.Endpoint_Read_Control_EStream_BE:0000007e .L387
     /tmp/ccmHBv72.s:4980   .text.Endpoint_Read_Control_EStream_BE:00000082 .L385
     /tmp/ccmHBv72.s:4826   .text.Endpoint_Read_Control_EStream_BE:00000018 .L379
     /tmp/ccmHBv72.s:4913   .text.Endpoint_Read_Control_EStream_BE:00000054 .L377
     /tmp/ccmHBv72.s:4846   .text.Endpoint_Read_Control_EStream_BE:00000026 .L381
     /tmp/ccmHBv72.s:4863   .text.Endpoint_Read_Control_EStream_BE:00000030 .L373
     /tmp/ccmHBv72.s:8213   .debug_abbrev:00000000 .Ldebug_abbrev0
     /tmp/ccmHBv72.s:14538  .debug_ranges:00000000 .Ldebug_ranges0
     /tmp/ccmHBv72.s:14666  .debug_line:00000000 .Ldebug_line0
     /tmp/ccmHBv72.s:4787   .text.Endpoint_Read_Control_EStream_BE:00000000 .LFB106
     /tmp/ccmHBv72.s:4991   .text.Endpoint_Read_Control_EStream_BE:0000008a .LFE106
     /tmp/ccmHBv72.s:8788   .debug_loc:00000000 .LLST161
     /tmp/ccmHBv72.s:8826   .debug_loc:0000004d .LLST162
     /tmp/ccmHBv72.s:8821   .debug_loc:00000049 .LVUS162
     /tmp/ccmHBv72.s:8856   .debug_loc:0000007d .LLST163
     /tmp/ccmHBv72.s:8845   .debug_loc:00000073 .LVUS163
     /tmp/ccmHBv72.s:8906   .debug_loc:000000d6 .LLST164
     /tmp/ccmHBv72.s:8901   .debug_loc:000000d2 .LVUS164
     /tmp/ccmHBv72.s:8930   .debug_loc:00000100 .LLST165
     /tmp/ccmHBv72.s:8927   .debug_loc:000000fe .LVUS165
     /tmp/ccmHBv72.s:4830   .text.Endpoint_Read_Control_EStream_BE:00000018 .LBI507
     /tmp/ccmHBv72.s:4829   .text.Endpoint_Read_Control_EStream_BE:00000018 .LBB507
     /tmp/ccmHBv72.s:4841   .text.Endpoint_Read_Control_EStream_BE:00000022 .LBE507
     /tmp/ccmHBv72.s:4887   .text.Endpoint_Read_Control_EStream_BE:00000044 .LBI509
     /tmp/ccmHBv72.s:4886   .text.Endpoint_Read_Control_EStream_BE:00000044 .LBB509
     /tmp/ccmHBv72.s:4896   .text.Endpoint_Read_Control_EStream_BE:00000048 .LBE509
     /tmp/ccmHBv72.s:4902   .text.Endpoint_Read_Control_EStream_BE:0000004c .LBI511
     /tmp/ccmHBv72.s:4901   .text.Endpoint_Read_Control_EStream_BE:0000004c .LBB511
     /tmp/ccmHBv72.s:4909   .text.Endpoint_Read_Control_EStream_BE:00000050 .LBE511
     /tmp/ccmHBv72.s:4916   .text.Endpoint_Read_Control_EStream_BE:00000054 .LBI513
     /tmp/ccmHBv72.s:4915   .text.Endpoint_Read_Control_EStream_BE:00000054 .LBB513
     /tmp/ccmHBv72.s:4925   .text.Endpoint_Read_Control_EStream_BE:0000005c .LBE513
     /tmp/ccmHBv72.s:4931   .text.Endpoint_Read_Control_EStream_BE:00000060 .LBI515
     /tmp/ccmHBv72.s:4930   .text.Endpoint_Read_Control_EStream_BE:00000060 .LBB515
     /tmp/ccmHBv72.s:4938   .text.Endpoint_Read_Control_EStream_BE:00000064 .LBE515
     /tmp/ccmHBv72.s:4942   .text.Endpoint_Read_Control_EStream_BE:0000006a .LVL430
     /tmp/ccmHBv72.s:4958   .text.Endpoint_Read_Control_EStream_BE:00000074 .LBB520
     /tmp/ccmHBv72.s:4974   .text.Endpoint_Read_Control_EStream_BE:0000007e .LBE520
     /tmp/ccmHBv72.s:8940   .debug_loc:00000115 .LLST166
     /tmp/ccmHBv72.s:8937   .debug_loc:00000113 .LVUS166
     /tmp/ccmHBv72.s:4849   .text.Endpoint_Read_Control_EStream_BE:00000026 .LBI517
     /tmp/ccmHBv72.s:4848   .text.Endpoint_Read_Control_EStream_BE:00000026 .LBB517
     /tmp/ccmHBv72.s:4856   .text.Endpoint_Read_Control_EStream_BE:0000002a .LBE517
     /tmp/ccmHBv72.s:4582   .text.Endpoint_Read_Control_EStream_LE:00000000 .LFB105
     /tmp/ccmHBv72.s:4780   .text.Endpoint_Read_Control_EStream_LE:00000082 .LFE105
     /tmp/ccmHBv72.s:8947   .debug_loc:00000128 .LLST155
     /tmp/ccmHBv72.s:8985   .debug_loc:00000175 .LLST156
     /tmp/ccmHBv72.s:8980   .debug_loc:00000171 .LVUS156
     /tmp/ccmHBv72.s:9015   .debug_loc:000001a5 .LLST157
     /tmp/ccmHBv72.s:9004   .debug_loc:0000019b .LVUS157
     /tmp/ccmHBv72.s:9067   .debug_loc:00000200 .LLST158
     /tmp/ccmHBv72.s:9060   .debug_loc:000001fa .LVUS158
     /tmp/ccmHBv72.s:9100   .debug_loc:0000023a .LLST159
     /tmp/ccmHBv72.s:9097   .debug_loc:00000238 .LVUS159
     /tmp/ccmHBv72.s:4619   .text.Endpoint_Read_Control_EStream_LE:00000010 .LBI491
     /tmp/ccmHBv72.s:4618   .text.Endpoint_Read_Control_EStream_LE:00000010 .LBB491
     /tmp/ccmHBv72.s:4630   .text.Endpoint_Read_Control_EStream_LE:0000001a .LBE491
     /tmp/ccmHBv72.s:4676   .text.Endpoint_Read_Control_EStream_LE:0000003c .LBI493
     /tmp/ccmHBv72.s:4675   .text.Endpoint_Read_Control_EStream_LE:0000003c .LBB493
     /tmp/ccmHBv72.s:4685   .text.Endpoint_Read_Control_EStream_LE:00000040 .LBE493
     /tmp/ccmHBv72.s:4691   .text.Endpoint_Read_Control_EStream_LE:00000044 .LBI495
     /tmp/ccmHBv72.s:4690   .text.Endpoint_Read_Control_EStream_LE:00000044 .LBB495
     /tmp/ccmHBv72.s:4698   .text.Endpoint_Read_Control_EStream_LE:00000048 .LBE495
     /tmp/ccmHBv72.s:4705   .text.Endpoint_Read_Control_EStream_LE:0000004c .LBI497
     /tmp/ccmHBv72.s:4704   .text.Endpoint_Read_Control_EStream_LE:0000004c .LBB497
     /tmp/ccmHBv72.s:4714   .text.Endpoint_Read_Control_EStream_LE:00000054 .LBE497
     /tmp/ccmHBv72.s:4720   .text.Endpoint_Read_Control_EStream_LE:00000058 .LBI499
     /tmp/ccmHBv72.s:4719   .text.Endpoint_Read_Control_EStream_LE:00000058 .LBB499
     /tmp/ccmHBv72.s:4727   .text.Endpoint_Read_Control_EStream_LE:0000005c .LBE499
     /tmp/ccmHBv72.s:4731   .text.Endpoint_Read_Control_EStream_LE:00000062 .LVL414
     /tmp/ccmHBv72.s:4747   .text.Endpoint_Read_Control_EStream_LE:0000006c .LBB504
     /tmp/ccmHBv72.s:4763   .text.Endpoint_Read_Control_EStream_LE:00000076 .LBE504
     /tmp/ccmHBv72.s:9110   .debug_loc:0000024f .LLST160
     /tmp/ccmHBv72.s:9107   .debug_loc:0000024d .LVUS160
     /tmp/ccmHBv72.s:4638   .text.Endpoint_Read_Control_EStream_LE:0000001e .LBI501
     /tmp/ccmHBv72.s:4637   .text.Endpoint_Read_Control_EStream_LE:0000001e .LBB501
     /tmp/ccmHBv72.s:4645   .text.Endpoint_Read_Control_EStream_LE:00000022 .LBE501
     /tmp/ccmHBv72.s:4270   .text.Endpoint_Write_Control_EStream_BE:00000000 .LFB104
     /tmp/ccmHBv72.s:4575   .text.Endpoint_Write_Control_EStream_BE:000000d8 .LFE104
     /tmp/ccmHBv72.s:9117   .debug_loc:00000262 .LLST146
     /tmp/ccmHBv72.s:9171   .debug_loc:000002cd .LLST147
     /tmp/ccmHBv72.s:9162   .debug_loc:000002c5 .LVUS147
     /tmp/ccmHBv72.s:9219   .debug_loc:0000031d .LLST148
     /tmp/ccmHBv72.s:9206   .debug_loc:00000311 .LVUS148
     /tmp/ccmHBv72.s:9281   .debug_loc:00000389 .LLST149
     /tmp/ccmHBv72.s:9276   .debug_loc:00000385 .LVUS149
     /tmp/ccmHBv72.s:9315   .debug_loc:000003bd .LLST150
     /tmp/ccmHBv72.s:9302   .debug_loc:000003b1 .LVUS150
     /tmp/ccmHBv72.s:9347   .debug_loc:0000040b .LLST151
     /tmp/ccmHBv72.s:9344   .debug_loc:00000409 .LVUS151
     /tmp/ccmHBv72.s:4448   .text.Endpoint_Write_Control_EStream_BE:0000007e .LBB481
     /tmp/ccmHBv72.s:4537   .text.Endpoint_Write_Control_EStream_BE:000000c0 .LBE481
     /tmp/ccmHBv72.s:9357   .debug_loc:00000420 .LLST152
     /tmp/ccmHBv72.s:9354   .debug_loc:0000041e .LVUS152
     /tmp/ccmHBv72.s:4451   .text.Endpoint_Write_Control_EStream_BE:0000007e .LBI482
     /tmp/ccmHBv72.s:4450   .text.Endpoint_Write_Control_EStream_BE:0000007e .LBB482
     /tmp/ccmHBv72.s:4465   .text.Endpoint_Write_Control_EStream_BE:00000088 .LBE482
     /tmp/ccmHBv72.s:4487   .text.Endpoint_Write_Control_EStream_BE:0000009c .LBI484
     /tmp/ccmHBv72.s:4486   .text.Endpoint_Write_Control_EStream_BE:0000009c .LBB484
     /tmp/ccmHBv72.s:4502   .text.Endpoint_Write_Control_EStream_BE:000000a8 .LBE484
     /tmp/ccmHBv72.s:4508   .text.Endpoint_Write_Control_EStream_BE:000000ae .LBI486
     /tmp/ccmHBv72.s:4507   .text.Endpoint_Write_Control_EStream_BE:000000ae .LBB486
     /tmp/ccmHBv72.s:4517   .text.Endpoint_Write_Control_EStream_BE:000000b2 .LBE486
     /tmp/ccmHBv72.s:9372   .debug_loc:0000043a .LLST153
     /tmp/ccmHBv72.s:9369   .debug_loc:00000438 .LVUS153
     /tmp/ccmHBv72.s:4506   .text.Endpoint_Write_Control_EStream_BE:000000ae .LVL395
     /tmp/ccmHBv72.s:4409   .text.Endpoint_Write_Control_EStream_BE:00000066 .LBI475
     /tmp/ccmHBv72.s:4408   .text.Endpoint_Write_Control_EStream_BE:00000066 .LBB475
     /tmp/ccmHBv72.s:4418   .text.Endpoint_Write_Control_EStream_BE:0000006a .LBE475
     /tmp/ccmHBv72.s:4424   .text.Endpoint_Write_Control_EStream_BE:0000006e .LBI477
     /tmp/ccmHBv72.s:4423   .text.Endpoint_Write_Control_EStream_BE:0000006e .LBB477
     /tmp/ccmHBv72.s:4431   .text.Endpoint_Write_Control_EStream_BE:00000072 .LBE477
     /tmp/ccmHBv72.s:4437   .text.Endpoint_Write_Control_EStream_BE:00000076 .LBI479
     /tmp/ccmHBv72.s:4436   .text.Endpoint_Write_Control_EStream_BE:00000076 .LBB479
     /tmp/ccmHBv72.s:4444   .text.Endpoint_Write_Control_EStream_BE:0000007a .LBE479
     /tmp/ccmHBv72.s:4539   .text.Endpoint_Write_Control_EStream_BE:000000c0 .LBB488
     /tmp/ccmHBv72.s:4556   .text.Endpoint_Write_Control_EStream_BE:000000cc .LBE488
     /tmp/ccmHBv72.s:9382   .debug_loc:0000044f .LLST154
     /tmp/ccmHBv72.s:9379   .debug_loc:0000044d .LVUS154
     /tmp/ccmHBv72.s:4346   .text.Endpoint_Write_Control_EStream_BE:00000038 .LBI470
     /tmp/ccmHBv72.s:4345   .text.Endpoint_Write_Control_EStream_BE:00000038 .LBB470
     /tmp/ccmHBv72.s:4353   .text.Endpoint_Write_Control_EStream_BE:0000003c .LBE470
     /tmp/ccmHBv72.s:4377   .text.Endpoint_Write_Control_EStream_BE:00000050 .LBI472
     /tmp/ccmHBv72.s:4376   .text.Endpoint_Write_Control_EStream_BE:00000050 .LBB472
     /tmp/ccmHBv72.s:4393   .text.Endpoint_Write_Control_EStream_BE:0000005c .LBE472
     /tmp/ccmHBv72.s:3969   .text.Endpoint_Write_Control_EStream_LE:00000000 .LFB103
     /tmp/ccmHBv72.s:4263   .text.Endpoint_Write_Control_EStream_LE:000000ce .LFE103
     /tmp/ccmHBv72.s:9389   .debug_loc:00000462 .LLST137
     /tmp/ccmHBv72.s:9445   .debug_loc:000004cf .LLST138
     /tmp/ccmHBv72.s:9434   .debug_loc:000004c5 .LVUS138
     /tmp/ccmHBv72.s:9500   .debug_loc:0000052d .LLST139
     /tmp/ccmHBv72.s:9489   .debug_loc:00000523 .LVUS139
     /tmp/ccmHBv72.s:9553   .debug_loc:00000589 .LLST140
     /tmp/ccmHBv72.s:9548   .debug_loc:00000585 .LVUS140
     /tmp/ccmHBv72.s:9587   .debug_loc:000005bd .LLST141
     /tmp/ccmHBv72.s:9574   .debug_loc:000005b1 .LVUS141
     /tmp/ccmHBv72.s:9619   .debug_loc:0000060b .LLST142
     /tmp/ccmHBv72.s:9616   .debug_loc:00000609 .LVUS142
     /tmp/ccmHBv72.s:4136   .text.Endpoint_Write_Control_EStream_LE:00000074 .LBB461
     /tmp/ccmHBv72.s:4225   .text.Endpoint_Write_Control_EStream_LE:000000b6 .LBE461
     /tmp/ccmHBv72.s:9629   .debug_loc:00000620 .LLST143
     /tmp/ccmHBv72.s:9626   .debug_loc:0000061e .LVUS143
     /tmp/ccmHBv72.s:4139   .text.Endpoint_Write_Control_EStream_LE:00000074 .LBI462
     /tmp/ccmHBv72.s:4138   .text.Endpoint_Write_Control_EStream_LE:00000074 .LBB462
     /tmp/ccmHBv72.s:4153   .text.Endpoint_Write_Control_EStream_LE:0000007e .LBE462
     /tmp/ccmHBv72.s:4175   .text.Endpoint_Write_Control_EStream_LE:00000092 .LBI464
     /tmp/ccmHBv72.s:4174   .text.Endpoint_Write_Control_EStream_LE:00000092 .LBB464
     /tmp/ccmHBv72.s:4190   .text.Endpoint_Write_Control_EStream_LE:0000009e .LBE464
     /tmp/ccmHBv72.s:4196   .text.Endpoint_Write_Control_EStream_LE:000000a4 .LBI466
     /tmp/ccmHBv72.s:4195   .text.Endpoint_Write_Control_EStream_LE:000000a4 .LBB466
     /tmp/ccmHBv72.s:4205   .text.Endpoint_Write_Control_EStream_LE:000000a8 .LBE466
     /tmp/ccmHBv72.s:9644   .debug_loc:0000063a .LLST144
     /tmp/ccmHBv72.s:9641   .debug_loc:00000638 .LVUS144
     /tmp/ccmHBv72.s:4194   .text.Endpoint_Write_Control_EStream_LE:000000a4 .LVL366
     /tmp/ccmHBv72.s:4097   .text.Endpoint_Write_Control_EStream_LE:0000005c .LBI455
     /tmp/ccmHBv72.s:4096   .text.Endpoint_Write_Control_EStream_LE:0000005c .LBB455
     /tmp/ccmHBv72.s:4106   .text.Endpoint_Write_Control_EStream_LE:00000060 .LBE455
     /tmp/ccmHBv72.s:4112   .text.Endpoint_Write_Control_EStream_LE:00000064 .LBI457
     /tmp/ccmHBv72.s:4111   .text.Endpoint_Write_Control_EStream_LE:00000064 .LBB457
     /tmp/ccmHBv72.s:4119   .text.Endpoint_Write_Control_EStream_LE:00000068 .LBE457
     /tmp/ccmHBv72.s:4125   .text.Endpoint_Write_Control_EStream_LE:0000006c .LBI459
     /tmp/ccmHBv72.s:4124   .text.Endpoint_Write_Control_EStream_LE:0000006c .LBB459
     /tmp/ccmHBv72.s:4132   .text.Endpoint_Write_Control_EStream_LE:00000070 .LBE459
     /tmp/ccmHBv72.s:4227   .text.Endpoint_Write_Control_EStream_LE:000000b6 .LBB468
     /tmp/ccmHBv72.s:4244   .text.Endpoint_Write_Control_EStream_LE:000000c2 .LBE468
     /tmp/ccmHBv72.s:9654   .debug_loc:0000064f .LLST145
     /tmp/ccmHBv72.s:9651   .debug_loc:0000064d .LVUS145
     /tmp/ccmHBv72.s:4036   .text.Endpoint_Write_Control_EStream_LE:0000002e .LBI450
     /tmp/ccmHBv72.s:4035   .text.Endpoint_Write_Control_EStream_LE:0000002e .LBB450
     /tmp/ccmHBv72.s:4043   .text.Endpoint_Write_Control_EStream_LE:00000032 .LBE450
     /tmp/ccmHBv72.s:4067   .text.Endpoint_Write_Control_EStream_LE:00000046 .LBI452
     /tmp/ccmHBv72.s:4066   .text.Endpoint_Write_Control_EStream_LE:00000046 .LBB452
     /tmp/ccmHBv72.s:4081   .text.Endpoint_Write_Control_EStream_LE:00000052 .LBE452
     /tmp/ccmHBv72.s:3680   .text.Endpoint_Write_Control_PStream_BE:00000000 .LFB102
     /tmp/ccmHBv72.s:3962   .text.Endpoint_Write_Control_PStream_BE:000000ba .LFE102
     /tmp/ccmHBv72.s:9670   .debug_loc:0000066a .LLST127
     /tmp/ccmHBv72.s:9661   .debug_loc:00000662 .LVUS127
     /tmp/ccmHBv72.s:9718   .debug_loc:000006ba .LLST128
     /tmp/ccmHBv72.s:9705   .debug_loc:000006ae .LVUS128
     /tmp/ccmHBv72.s:9778   .debug_loc:00000724 .LLST129
     /tmp/ccmHBv72.s:9775   .debug_loc:00000722 .LVUS129
     /tmp/ccmHBv72.s:9803   .debug_loc:00000748 .LLST130
     /tmp/ccmHBv72.s:9790   .debug_loc:0000073c .LVUS130
     /tmp/ccmHBv72.s:9835   .debug_loc:00000796 .LLST131
     /tmp/ccmHBv72.s:9832   .debug_loc:00000794 .LVUS131
     /tmp/ccmHBv72.s:3820   .text.Endpoint_Write_Control_PStream_BE:00000064 .LBB439
     /tmp/ccmHBv72.s:3920   .text.Endpoint_Write_Control_PStream_BE:000000a2 .LBE439
     /tmp/ccmHBv72.s:9845   .debug_loc:000007ab .LLST132
     /tmp/ccmHBv72.s:9842   .debug_loc:000007a9 .LVUS132
     /tmp/ccmHBv72.s:3877   .text.Endpoint_Write_Control_PStream_BE:00000090 .LBB444
     /tmp/ccmHBv72.s:3890   .text.Endpoint_Write_Control_PStream_BE:00000092 .LBE444
     /tmp/ccmHBv72.s:9862   .debug_loc:000007c7 .LLST133
     /tmp/ccmHBv72.s:9857   .debug_loc:000007c3 .LVUS133
     /tmp/ccmHBv72.s:9883   .debug_loc:000007ee .LLST134
     /tmp/ccmHBv72.s:9880   .debug_loc:000007ec .LVUS134
     /tmp/ccmHBv72.s:3823   .text.Endpoint_Write_Control_PStream_BE:00000064 .LBI440
     /tmp/ccmHBv72.s:3822   .text.Endpoint_Write_Control_PStream_BE:00000064 .LBB440
     /tmp/ccmHBv72.s:3837   .text.Endpoint_Write_Control_PStream_BE:0000006e .LBE440
     /tmp/ccmHBv72.s:3860   .text.Endpoint_Write_Control_PStream_BE:00000084 .LBI442
     /tmp/ccmHBv72.s:3859   .text.Endpoint_Write_Control_PStream_BE:00000084 .LBB442
     /tmp/ccmHBv72.s:3875   .text.Endpoint_Write_Control_PStream_BE:00000090 .LBE442
     /tmp/ccmHBv72.s:3892   .text.Endpoint_Write_Control_PStream_BE:00000092 .LBI445
     /tmp/ccmHBv72.s:3891   .text.Endpoint_Write_Control_PStream_BE:00000092 .LBB445
     /tmp/ccmHBv72.s:3901   .text.Endpoint_Write_Control_PStream_BE:00000096 .LBE445
     /tmp/ccmHBv72.s:9893   .debug_loc:00000803 .LLST135
     /tmp/ccmHBv72.s:9890   .debug_loc:00000801 .LVUS135
     /tmp/ccmHBv72.s:3781   .text.Endpoint_Write_Control_PStream_BE:0000004c .LBI433
     /tmp/ccmHBv72.s:3780   .text.Endpoint_Write_Control_PStream_BE:0000004c .LBB433
     /tmp/ccmHBv72.s:3790   .text.Endpoint_Write_Control_PStream_BE:00000050 .LBE433
     /tmp/ccmHBv72.s:3796   .text.Endpoint_Write_Control_PStream_BE:00000054 .LBI435
     /tmp/ccmHBv72.s:3795   .text.Endpoint_Write_Control_PStream_BE:00000054 .LBB435
     /tmp/ccmHBv72.s:3803   .text.Endpoint_Write_Control_PStream_BE:00000058 .LBE435
     /tmp/ccmHBv72.s:3809   .text.Endpoint_Write_Control_PStream_BE:0000005c .LBI437
     /tmp/ccmHBv72.s:3808   .text.Endpoint_Write_Control_PStream_BE:0000005c .LBB437
     /tmp/ccmHBv72.s:3816   .text.Endpoint_Write_Control_PStream_BE:00000060 .LBE437
     /tmp/ccmHBv72.s:3922   .text.Endpoint_Write_Control_PStream_BE:000000a2 .LBB447
     /tmp/ccmHBv72.s:3939   .text.Endpoint_Write_Control_PStream_BE:000000ae .LBE447
     /tmp/ccmHBv72.s:9903   .debug_loc:00000818 .LLST136
     /tmp/ccmHBv72.s:9900   .debug_loc:00000816 .LVUS136
     /tmp/ccmHBv72.s:3731   .text.Endpoint_Write_Control_PStream_BE:0000002a .LBI428
     /tmp/ccmHBv72.s:3730   .text.Endpoint_Write_Control_PStream_BE:0000002a .LBB428
     /tmp/ccmHBv72.s:3738   .text.Endpoint_Write_Control_PStream_BE:0000002e .LBE428
     /tmp/ccmHBv72.s:3749   .text.Endpoint_Write_Control_PStream_BE:00000036 .LBI430
     /tmp/ccmHBv72.s:3748   .text.Endpoint_Write_Control_PStream_BE:00000036 .LBB430
     /tmp/ccmHBv72.s:3765   .text.Endpoint_Write_Control_PStream_BE:00000042 .LBE430
     /tmp/ccmHBv72.s:3402   .text.Endpoint_Write_Control_PStream_LE:00000000 .LFB101
     /tmp/ccmHBv72.s:3673   .text.Endpoint_Write_Control_PStream_LE:000000ac .LFE101
     /tmp/ccmHBv72.s:9921   .debug_loc:00000835 .LLST117
     /tmp/ccmHBv72.s:9910   .debug_loc:0000082b .LVUS117
     /tmp/ccmHBv72.s:9980   .debug_loc:00000897 .LLST118
     /tmp/ccmHBv72.s:9965   .debug_loc:00000889 .LVUS118
     /tmp/ccmHBv72.s:10051  .debug_loc:00000913 .LLST119
     /tmp/ccmHBv72.s:10046  .debug_loc:0000090f .LVUS119
     /tmp/ccmHBv72.s:10085  .debug_loc:00000947 .LLST120
     /tmp/ccmHBv72.s:10072  .debug_loc:0000093b .LVUS120
     /tmp/ccmHBv72.s:10117  .debug_loc:00000995 .LLST121
     /tmp/ccmHBv72.s:10114  .debug_loc:00000993 .LVUS121
     /tmp/ccmHBv72.s:3534   .text.Endpoint_Write_Control_PStream_LE:0000005c .LBB417
     /tmp/ccmHBv72.s:3631   .text.Endpoint_Write_Control_PStream_LE:00000094 .LBE417
     /tmp/ccmHBv72.s:10129  .debug_loc:000009ac .LLST122
     /tmp/ccmHBv72.s:10124  .debug_loc:000009a8 .LVUS122
     /tmp/ccmHBv72.s:3589   .text.Endpoint_Write_Control_PStream_LE:00000084 .LBB422
     /tmp/ccmHBv72.s:3602   .text.Endpoint_Write_Control_PStream_LE:00000086 .LBE422
     /tmp/ccmHBv72.s:10155  .debug_loc:000009d8 .LLST123
     /tmp/ccmHBv72.s:10150  .debug_loc:000009d4 .LVUS123
     /tmp/ccmHBv72.s:10176  .debug_loc:000009ff .LLST124
     /tmp/ccmHBv72.s:10173  .debug_loc:000009fd .LVUS124
     /tmp/ccmHBv72.s:3537   .text.Endpoint_Write_Control_PStream_LE:0000005c .LBI418
     /tmp/ccmHBv72.s:3536   .text.Endpoint_Write_Control_PStream_LE:0000005c .LBB418
     /tmp/ccmHBv72.s:3548   .text.Endpoint_Write_Control_PStream_LE:00000064 .LBE418
     /tmp/ccmHBv72.s:3570   .text.Endpoint_Write_Control_PStream_LE:00000078 .LBI420
     /tmp/ccmHBv72.s:3569   .text.Endpoint_Write_Control_PStream_LE:00000078 .LBB420
     /tmp/ccmHBv72.s:3587   .text.Endpoint_Write_Control_PStream_LE:00000084 .LBE420
     /tmp/ccmHBv72.s:3604   .text.Endpoint_Write_Control_PStream_LE:00000086 .LBI423
     /tmp/ccmHBv72.s:3603   .text.Endpoint_Write_Control_PStream_LE:00000086 .LBB423
     /tmp/ccmHBv72.s:3613   .text.Endpoint_Write_Control_PStream_LE:0000008a .LBE423
     /tmp/ccmHBv72.s:10186  .debug_loc:00000a14 .LLST125
     /tmp/ccmHBv72.s:10183  .debug_loc:00000a12 .LVUS125
     /tmp/ccmHBv72.s:3495   .text.Endpoint_Write_Control_PStream_LE:00000044 .LBI411
     /tmp/ccmHBv72.s:3494   .text.Endpoint_Write_Control_PStream_LE:00000044 .LBB411
     /tmp/ccmHBv72.s:3504   .text.Endpoint_Write_Control_PStream_LE:00000048 .LBE411
     /tmp/ccmHBv72.s:3510   .text.Endpoint_Write_Control_PStream_LE:0000004c .LBI413
     /tmp/ccmHBv72.s:3509   .text.Endpoint_Write_Control_PStream_LE:0000004c .LBB413
     /tmp/ccmHBv72.s:3517   .text.Endpoint_Write_Control_PStream_LE:00000050 .LBE413
     /tmp/ccmHBv72.s:3523   .text.Endpoint_Write_Control_PStream_LE:00000054 .LBI415
     /tmp/ccmHBv72.s:3522   .text.Endpoint_Write_Control_PStream_LE:00000054 .LBB415
     /tmp/ccmHBv72.s:3530   .text.Endpoint_Write_Control_PStream_LE:00000058 .LBE415
     /tmp/ccmHBv72.s:3633   .text.Endpoint_Write_Control_PStream_LE:00000094 .LBB425
     /tmp/ccmHBv72.s:3650   .text.Endpoint_Write_Control_PStream_LE:000000a0 .LBE425
     /tmp/ccmHBv72.s:10196  .debug_loc:00000a29 .LLST126
     /tmp/ccmHBv72.s:10193  .debug_loc:00000a27 .LVUS126
     /tmp/ccmHBv72.s:3447   .text.Endpoint_Write_Control_PStream_LE:00000022 .LBI406
     /tmp/ccmHBv72.s:3446   .text.Endpoint_Write_Control_PStream_LE:00000022 .LBB406
     /tmp/ccmHBv72.s:3454   .text.Endpoint_Write_Control_PStream_LE:00000026 .LBE406
     /tmp/ccmHBv72.s:3465   .text.Endpoint_Write_Control_PStream_LE:0000002e .LBI408
     /tmp/ccmHBv72.s:3464   .text.Endpoint_Write_Control_PStream_LE:0000002e .LBB408
     /tmp/ccmHBv72.s:3479   .text.Endpoint_Write_Control_PStream_LE:0000003a .LBE408
     /tmp/ccmHBv72.s:3212   .text.Endpoint_Read_Control_Stream_BE:00000000 .LFB100
     /tmp/ccmHBv72.s:3395   .text.Endpoint_Read_Control_Stream_BE:00000076 .LFE100
     /tmp/ccmHBv72.s:10208  .debug_loc:00000a40 .LLST112
     /tmp/ccmHBv72.s:10203  .debug_loc:00000a3c .LVUS112
     /tmp/ccmHBv72.s:10238  .debug_loc:00000a70 .LLST113
     /tmp/ccmHBv72.s:10227  .debug_loc:00000a66 .LVUS113
     /tmp/ccmHBv72.s:10288  .debug_loc:00000ac9 .LLST114
     /tmp/ccmHBv72.s:10283  .debug_loc:00000ac5 .LVUS114
     /tmp/ccmHBv72.s:10312  .debug_loc:00000af3 .LLST115
     /tmp/ccmHBv72.s:10309  .debug_loc:00000af1 .LVUS115
     /tmp/ccmHBv72.s:3238   .text.Endpoint_Read_Control_Stream_BE:0000000e .LBI390
     /tmp/ccmHBv72.s:3237   .text.Endpoint_Read_Control_Stream_BE:0000000e .LBB390
     /tmp/ccmHBv72.s:3249   .text.Endpoint_Read_Control_Stream_BE:00000018 .LBE390
     /tmp/ccmHBv72.s:3289   .text.Endpoint_Read_Control_Stream_BE:00000034 .LBI392
     /tmp/ccmHBv72.s:3288   .text.Endpoint_Read_Control_Stream_BE:00000034 .LBB392
     /tmp/ccmHBv72.s:3298   .text.Endpoint_Read_Control_Stream_BE:00000038 .LBE392
     /tmp/ccmHBv72.s:3304   .text.Endpoint_Read_Control_Stream_BE:0000003c .LBI394
     /tmp/ccmHBv72.s:3303   .text.Endpoint_Read_Control_Stream_BE:0000003c .LBB394
     /tmp/ccmHBv72.s:3311   .text.Endpoint_Read_Control_Stream_BE:00000040 .LBE394
     /tmp/ccmHBv72.s:3318   .text.Endpoint_Read_Control_Stream_BE:00000044 .LBI396
     /tmp/ccmHBv72.s:3317   .text.Endpoint_Read_Control_Stream_BE:00000044 .LBB396
     /tmp/ccmHBv72.s:3327   .text.Endpoint_Read_Control_Stream_BE:0000004c .LBE396
     /tmp/ccmHBv72.s:3333   .text.Endpoint_Read_Control_Stream_BE:00000050 .LBI398
     /tmp/ccmHBv72.s:3332   .text.Endpoint_Read_Control_Stream_BE:00000050 .LBB398
     /tmp/ccmHBv72.s:3340   .text.Endpoint_Read_Control_Stream_BE:00000054 .LBE398
     /tmp/ccmHBv72.s:3358   .text.Endpoint_Read_Control_Stream_BE:00000060 .LBB403
     /tmp/ccmHBv72.s:3374   .text.Endpoint_Read_Control_Stream_BE:0000006a .LBE403
     /tmp/ccmHBv72.s:10322  .debug_loc:00000b08 .LLST116
     /tmp/ccmHBv72.s:10319  .debug_loc:00000b06 .LVUS116
     /tmp/ccmHBv72.s:3258   .text.Endpoint_Read_Control_Stream_BE:0000001e .LBI400
     /tmp/ccmHBv72.s:3257   .text.Endpoint_Read_Control_Stream_BE:0000001e .LBB400
     /tmp/ccmHBv72.s:3265   .text.Endpoint_Read_Control_Stream_BE:00000022 .LBE400
     /tmp/ccmHBv72.s:3028   .text.Endpoint_Read_Control_Stream_LE:00000000 .LFB99
     /tmp/ccmHBv72.s:3205   .text.Endpoint_Read_Control_Stream_LE:0000006a .LFE99
     /tmp/ccmHBv72.s:10336  .debug_loc:00000b21 .LLST107
     /tmp/ccmHBv72.s:10329  .debug_loc:00000b1b .LVUS107
     /tmp/ccmHBv72.s:10373  .debug_loc:00000b5f .LLST108
     /tmp/ccmHBv72.s:10364  .debug_loc:00000b57 .LVUS108
     /tmp/ccmHBv72.s:10418  .debug_loc:00000bac .LLST109
     /tmp/ccmHBv72.s:10409  .debug_loc:00000ba4 .LVUS109
     /tmp/ccmHBv72.s:10457  .debug_loc:00000bf3 .LLST110
     /tmp/ccmHBv72.s:10454  .debug_loc:00000bf1 .LVUS110
     /tmp/ccmHBv72.s:3050   .text.Endpoint_Read_Control_Stream_LE:00000008 .LBI373
     /tmp/ccmHBv72.s:3049   .text.Endpoint_Read_Control_Stream_LE:00000008 .LBB373
     /tmp/ccmHBv72.s:3061   .text.Endpoint_Read_Control_Stream_LE:00000012 .LBE373
     /tmp/ccmHBv72.s:3101   .text.Endpoint_Read_Control_Stream_LE:0000002c .LBI375
     /tmp/ccmHBv72.s:3100   .text.Endpoint_Read_Control_Stream_LE:0000002c .LBB375
     /tmp/ccmHBv72.s:3110   .text.Endpoint_Read_Control_Stream_LE:00000030 .LBE375
     /tmp/ccmHBv72.s:3116   .text.Endpoint_Read_Control_Stream_LE:00000034 .LBI377
     /tmp/ccmHBv72.s:3115   .text.Endpoint_Read_Control_Stream_LE:00000034 .LBB377
     /tmp/ccmHBv72.s:3123   .text.Endpoint_Read_Control_Stream_LE:00000038 .LBE377
     /tmp/ccmHBv72.s:3130   .text.Endpoint_Read_Control_Stream_LE:0000003c .LBI379
     /tmp/ccmHBv72.s:3129   .text.Endpoint_Read_Control_Stream_LE:0000003c .LBB379
     /tmp/ccmHBv72.s:3139   .text.Endpoint_Read_Control_Stream_LE:00000044 .LBE379
     /tmp/ccmHBv72.s:3145   .text.Endpoint_Read_Control_Stream_LE:00000048 .LBI381
     /tmp/ccmHBv72.s:3144   .text.Endpoint_Read_Control_Stream_LE:00000048 .LBB381
     /tmp/ccmHBv72.s:3152   .text.Endpoint_Read_Control_Stream_LE:0000004c .LBE381
     /tmp/ccmHBv72.s:3168   .text.Endpoint_Read_Control_Stream_LE:00000054 .LBB386
     /tmp/ccmHBv72.s:3184   .text.Endpoint_Read_Control_Stream_LE:0000005e .LBE386
     /tmp/ccmHBv72.s:10467  .debug_loc:00000c08 .LLST111
     /tmp/ccmHBv72.s:10464  .debug_loc:00000c06 .LVUS111
     /tmp/ccmHBv72.s:3070   .text.Endpoint_Read_Control_Stream_LE:00000016 .LBI383
     /tmp/ccmHBv72.s:3069   .text.Endpoint_Read_Control_Stream_LE:00000016 .LBB383
     /tmp/ccmHBv72.s:3077   .text.Endpoint_Read_Control_Stream_LE:0000001a .LBE383
     /tmp/ccmHBv72.s:2751   .text.Endpoint_Write_Control_Stream_BE:00000000 .LFB98
     /tmp/ccmHBv72.s:3021   .text.Endpoint_Write_Control_Stream_BE:000000ba .LFE98
     /tmp/ccmHBv72.s:10483  .debug_loc:00000c23 .LLST99
     /tmp/ccmHBv72.s:10474  .debug_loc:00000c1b .LVUS99
     /tmp/ccmHBv72.s:10531  .debug_loc:00000c73 .LLST100
     /tmp/ccmHBv72.s:10518  .debug_loc:00000c67 .LVUS100
     /tmp/ccmHBv72.s:10591  .debug_loc:00000cdd .LLST101
     /tmp/ccmHBv72.s:10588  .debug_loc:00000cdb .LVUS101
     /tmp/ccmHBv72.s:10616  .debug_loc:00000d01 .LLST102
     /tmp/ccmHBv72.s:10603  .debug_loc:00000cf5 .LVUS102
     /tmp/ccmHBv72.s:10648  .debug_loc:00000d4f .LLST103
     /tmp/ccmHBv72.s:10645  .debug_loc:00000d4d .LVUS103
     /tmp/ccmHBv72.s:2891   .text.Endpoint_Write_Control_Stream_BE:00000064 .LBB362
     /tmp/ccmHBv72.s:2979   .text.Endpoint_Write_Control_Stream_BE:000000a2 .LBE362
     /tmp/ccmHBv72.s:10658  .debug_loc:00000d64 .LLST104
     /tmp/ccmHBv72.s:10655  .debug_loc:00000d62 .LVUS104
     /tmp/ccmHBv72.s:2894   .text.Endpoint_Write_Control_Stream_BE:00000064 .LBI363
     /tmp/ccmHBv72.s:2893   .text.Endpoint_Write_Control_Stream_BE:00000064 .LBB363
     /tmp/ccmHBv72.s:2908   .text.Endpoint_Write_Control_Stream_BE:0000006e .LBE363
     /tmp/ccmHBv72.s:2931   .text.Endpoint_Write_Control_Stream_BE:00000084 .LBI365
     /tmp/ccmHBv72.s:2930   .text.Endpoint_Write_Control_Stream_BE:00000084 .LBB365
     /tmp/ccmHBv72.s:2946   .text.Endpoint_Write_Control_Stream_BE:00000090 .LBE365
     /tmp/ccmHBv72.s:2951   .text.Endpoint_Write_Control_Stream_BE:00000092 .LBI367
     /tmp/ccmHBv72.s:2950   .text.Endpoint_Write_Control_Stream_BE:00000092 .LBB367
     /tmp/ccmHBv72.s:2960   .text.Endpoint_Write_Control_Stream_BE:00000096 .LBE367
     /tmp/ccmHBv72.s:10673  .debug_loc:00000d7e .LLST105
     /tmp/ccmHBv72.s:10670  .debug_loc:00000d7c .LVUS105
     /tmp/ccmHBv72.s:2852   .text.Endpoint_Write_Control_Stream_BE:0000004c .LBI356
     /tmp/ccmHBv72.s:2851   .text.Endpoint_Write_Control_Stream_BE:0000004c .LBB356
     /tmp/ccmHBv72.s:2861   .text.Endpoint_Write_Control_Stream_BE:00000050 .LBE356
     /tmp/ccmHBv72.s:2867   .text.Endpoint_Write_Control_Stream_BE:00000054 .LBI358
     /tmp/ccmHBv72.s:2866   .text.Endpoint_Write_Control_Stream_BE:00000054 .LBB358
     /tmp/ccmHBv72.s:2874   .text.Endpoint_Write_Control_Stream_BE:00000058 .LBE358
     /tmp/ccmHBv72.s:2880   .text.Endpoint_Write_Control_Stream_BE:0000005c .LBI360
     /tmp/ccmHBv72.s:2879   .text.Endpoint_Write_Control_Stream_BE:0000005c .LBB360
     /tmp/ccmHBv72.s:2887   .text.Endpoint_Write_Control_Stream_BE:00000060 .LBE360
     /tmp/ccmHBv72.s:2981   .text.Endpoint_Write_Control_Stream_BE:000000a2 .LBB369
     /tmp/ccmHBv72.s:2998   .text.Endpoint_Write_Control_Stream_BE:000000ae .LBE369
     /tmp/ccmHBv72.s:10683  .debug_loc:00000d93 .LLST106
     /tmp/ccmHBv72.s:10680  .debug_loc:00000d91 .LVUS106
     /tmp/ccmHBv72.s:2802   .text.Endpoint_Write_Control_Stream_BE:0000002a .LBI351
     /tmp/ccmHBv72.s:2801   .text.Endpoint_Write_Control_Stream_BE:0000002a .LBB351
     /tmp/ccmHBv72.s:2809   .text.Endpoint_Write_Control_Stream_BE:0000002e .LBE351
     /tmp/ccmHBv72.s:2820   .text.Endpoint_Write_Control_Stream_BE:00000036 .LBI353
     /tmp/ccmHBv72.s:2819   .text.Endpoint_Write_Control_Stream_BE:00000036 .LBB353
     /tmp/ccmHBv72.s:2836   .text.Endpoint_Write_Control_Stream_BE:00000042 .LBE353
     /tmp/ccmHBv72.s:2487   .text.Endpoint_Write_Control_Stream_LE:00000000 .LFB97
     /tmp/ccmHBv72.s:2744   .text.Endpoint_Write_Control_Stream_LE:000000a8 .LFE97
     /tmp/ccmHBv72.s:10701  .debug_loc:00000db0 .LLST91
     /tmp/ccmHBv72.s:10690  .debug_loc:00000da6 .LVUS91
     /tmp/ccmHBv72.s:10760  .debug_loc:00000e12 .LLST92
     /tmp/ccmHBv72.s:10745  .debug_loc:00000e04 .LVUS92
     /tmp/ccmHBv72.s:10835  .debug_loc:00000e92 .LLST93
     /tmp/ccmHBv72.s:10826  .debug_loc:00000e8a .LVUS93
     /tmp/ccmHBv72.s:10884  .debug_loc:00000ee3 .LLST94
     /tmp/ccmHBv72.s:10871  .debug_loc:00000ed7 .LVUS94
     /tmp/ccmHBv72.s:10916  .debug_loc:00000f31 .LLST95
     /tmp/ccmHBv72.s:10913  .debug_loc:00000f2f .LVUS95
     /tmp/ccmHBv72.s:2620   .text.Endpoint_Write_Control_Stream_LE:0000005c .LBB341
     /tmp/ccmHBv72.s:2703   .text.Endpoint_Write_Control_Stream_LE:00000092 .LBE341
     /tmp/ccmHBv72.s:10928  .debug_loc:00000f48 .LLST96
     /tmp/ccmHBv72.s:10923  .debug_loc:00000f44 .LVUS96
     /tmp/ccmHBv72.s:2623   .text.Endpoint_Write_Control_Stream_LE:0000005c .LBI342
     /tmp/ccmHBv72.s:2622   .text.Endpoint_Write_Control_Stream_LE:0000005c .LBB342
     /tmp/ccmHBv72.s:2634   .text.Endpoint_Write_Control_Stream_LE:00000064 .LBE342
     /tmp/ccmHBv72.s:2656   .text.Endpoint_Write_Control_Stream_LE:00000078 .LBI344
     /tmp/ccmHBv72.s:2655   .text.Endpoint_Write_Control_Stream_LE:00000078 .LBB344
     /tmp/ccmHBv72.s:2673   .text.Endpoint_Write_Control_Stream_LE:00000084 .LBE344
     /tmp/ccmHBv72.s:2678   .text.Endpoint_Write_Control_Stream_LE:00000086 .LBI346
     /tmp/ccmHBv72.s:2677   .text.Endpoint_Write_Control_Stream_LE:00000086 .LBB346
     /tmp/ccmHBv72.s:2687   .text.Endpoint_Write_Control_Stream_LE:0000008a .LBE346
     /tmp/ccmHBv72.s:10952  .debug_loc:00000f72 .LLST97
     /tmp/ccmHBv72.s:10949  .debug_loc:00000f70 .LVUS97
     /tmp/ccmHBv72.s:2581   .text.Endpoint_Write_Control_Stream_LE:00000044 .LBI335
     /tmp/ccmHBv72.s:2580   .text.Endpoint_Write_Control_Stream_LE:00000044 .LBB335
     /tmp/ccmHBv72.s:2590   .text.Endpoint_Write_Control_Stream_LE:00000048 .LBE335
     /tmp/ccmHBv72.s:2596   .text.Endpoint_Write_Control_Stream_LE:0000004c .LBI337
     /tmp/ccmHBv72.s:2595   .text.Endpoint_Write_Control_Stream_LE:0000004c .LBB337
     /tmp/ccmHBv72.s:2603   .text.Endpoint_Write_Control_Stream_LE:00000050 .LBE337
     /tmp/ccmHBv72.s:2609   .text.Endpoint_Write_Control_Stream_LE:00000054 .LBI339
     /tmp/ccmHBv72.s:2608   .text.Endpoint_Write_Control_Stream_LE:00000054 .LBB339
     /tmp/ccmHBv72.s:2616   .text.Endpoint_Write_Control_Stream_LE:00000058 .LBE339
     /tmp/ccmHBv72.s:2705   .text.Endpoint_Write_Control_Stream_LE:00000092 .LBB348
     /tmp/ccmHBv72.s:2721   .text.Endpoint_Write_Control_Stream_LE:0000009c .LBE348
     /tmp/ccmHBv72.s:10962  .debug_loc:00000f87 .LLST98
     /tmp/ccmHBv72.s:10959  .debug_loc:00000f85 .LVUS98
     /tmp/ccmHBv72.s:2533   .text.Endpoint_Write_Control_Stream_LE:00000022 .LBI330
     /tmp/ccmHBv72.s:2532   .text.Endpoint_Write_Control_Stream_LE:00000022 .LBB330
     /tmp/ccmHBv72.s:2540   .text.Endpoint_Write_Control_Stream_LE:00000026 .LBE330
     /tmp/ccmHBv72.s:2551   .text.Endpoint_Write_Control_Stream_LE:0000002e .LBI332
     /tmp/ccmHBv72.s:2550   .text.Endpoint_Write_Control_Stream_LE:0000002e .LBB332
     /tmp/ccmHBv72.s:2565   .text.Endpoint_Write_Control_Stream_LE:0000003a .LBE332
     /tmp/ccmHBv72.s:2273   .text.Endpoint_Read_EStream_BE:00000000 .LFB96
     /tmp/ccmHBv72.s:2480   .text.Endpoint_Read_EStream_BE:000000b0 .LFE96
     /tmp/ccmHBv72.s:10969  .debug_loc:00000f9a .LLST84
     /tmp/ccmHBv72.s:11039  .debug_loc:0000102a .LLST85
     /tmp/ccmHBv72.s:11032  .debug_loc:00001024 .LVUS85
     /tmp/ccmHBv72.s:11074  .debug_loc:00001066 .LLST86
     /tmp/ccmHBv72.s:11067  .debug_loc:00001060 .LVUS86
     /tmp/ccmHBv72.s:11113  .debug_loc:000010a6 .LLST87
     /tmp/ccmHBv72.s:11104  .debug_loc:0000109e .LVUS87
     /tmp/ccmHBv72.s:11167  .debug_loc:000010fc .LLST88
     /tmp/ccmHBv72.s:11150  .debug_loc:000010ec .LVUS88
     /tmp/ccmHBv72.s:11261  .debug_loc:00001196 .LLST89
     /tmp/ccmHBv72.s:11254  .debug_loc:00001190 .LVUS89
     /tmp/ccmHBv72.s:11292  .debug_loc:000011ce .LLST90
     /tmp/ccmHBv72.s:11287  .debug_loc:000011ca .LVUS90
     /tmp/ccmHBv72.s:2375   .text.Endpoint_Read_EStream_BE:00000048 .LBI324
     /tmp/ccmHBv72.s:2374   .text.Endpoint_Read_EStream_BE:00000048 .LBB324
     /tmp/ccmHBv72.s:2382   .text.Endpoint_Read_EStream_BE:0000004c .LBE324
     /tmp/ccmHBv72.s:2388   .text.Endpoint_Read_EStream_BE:00000050 .LBI326
     /tmp/ccmHBv72.s:2387   .text.Endpoint_Read_EStream_BE:00000050 .LBB326
     /tmp/ccmHBv72.s:2397   .text.Endpoint_Read_EStream_BE:0000005a .LBE326
     /tmp/ccmHBv72.s:2451   .text.Endpoint_Read_EStream_BE:00000098 .LBI328
     /tmp/ccmHBv72.s:2450   .text.Endpoint_Read_EStream_BE:00000098 .LBB328
     /tmp/ccmHBv72.s:2458   .text.Endpoint_Read_EStream_BE:0000009c .LBE328
     /tmp/ccmHBv72.s:2327   .text.Endpoint_Read_EStream_BE:0000001c .LVL197
     /tmp/ccmHBv72.s:2400   .text.Endpoint_Read_EStream_BE:0000005e .LVL206
     /tmp/ccmHBv72.s:2440   .text.Endpoint_Read_EStream_BE:00000090 .LVL209
     /tmp/ccmHBv72.s:2462   .text.Endpoint_Read_EStream_BE:000000a2 .LVL211
     /tmp/ccmHBv72.s:2069   .text.Endpoint_Read_EStream_LE:00000000 .LFB95
     /tmp/ccmHBv72.s:2266   .text.Endpoint_Read_EStream_LE:000000a6 .LFE95
     /tmp/ccmHBv72.s:11303  .debug_loc:000011ec .LLST77
     /tmp/ccmHBv72.s:11373  .debug_loc:0000127c .LLST78
     /tmp/ccmHBv72.s:11366  .debug_loc:00001276 .LVUS78
     /tmp/ccmHBv72.s:11408  .debug_loc:000012b8 .LLST79
     /tmp/ccmHBv72.s:11401  .debug_loc:000012b2 .LVUS79
     /tmp/ccmHBv72.s:11447  .debug_loc:000012f8 .LLST80
     /tmp/ccmHBv72.s:11438  .debug_loc:000012f0 .LVUS80
     /tmp/ccmHBv72.s:11491  .debug_loc:00001344 .LLST81
     /tmp/ccmHBv72.s:11484  .debug_loc:0000133e .LVUS81
     /tmp/ccmHBv72.s:11528  .debug_loc:00001382 .LLST82
     /tmp/ccmHBv72.s:11521  .debug_loc:0000137c .LVUS82
     /tmp/ccmHBv72.s:11559  .debug_loc:000013ba .LLST83
     /tmp/ccmHBv72.s:11554  .debug_loc:000013b6 .LVUS83
     /tmp/ccmHBv72.s:2161   .text.Endpoint_Read_EStream_LE:0000003e .LBI318
     /tmp/ccmHBv72.s:2160   .text.Endpoint_Read_EStream_LE:0000003e .LBB318
     /tmp/ccmHBv72.s:2168   .text.Endpoint_Read_EStream_LE:00000042 .LBE318
     /tmp/ccmHBv72.s:2174   .text.Endpoint_Read_EStream_LE:00000046 .LBI320
     /tmp/ccmHBv72.s:2173   .text.Endpoint_Read_EStream_LE:00000046 .LBB320
     /tmp/ccmHBv72.s:2183   .text.Endpoint_Read_EStream_LE:00000050 .LBE320
     /tmp/ccmHBv72.s:2237   .text.Endpoint_Read_EStream_LE:0000008e .LBI322
     /tmp/ccmHBv72.s:2236   .text.Endpoint_Read_EStream_LE:0000008e .LBB322
     /tmp/ccmHBv72.s:2244   .text.Endpoint_Read_EStream_LE:00000092 .LBE322
     /tmp/ccmHBv72.s:2123   .text.Endpoint_Read_EStream_LE:0000001c .LVL180
     /tmp/ccmHBv72.s:2186   .text.Endpoint_Read_EStream_LE:00000054 .LVL186
     /tmp/ccmHBv72.s:2226   .text.Endpoint_Read_EStream_LE:00000086 .LVL189
     /tmp/ccmHBv72.s:2248   .text.Endpoint_Read_EStream_LE:00000098 .LVL191
     /tmp/ccmHBv72.s:1854   .text.Endpoint_Write_EStream_BE:00000000 .LFB94
     /tmp/ccmHBv72.s:2062   .text.Endpoint_Write_EStream_BE:000000b0 .LFE94
     /tmp/ccmHBv72.s:11570  .debug_loc:000013d8 .LLST69
     /tmp/ccmHBv72.s:11640  .debug_loc:00001468 .LLST70
     /tmp/ccmHBv72.s:11633  .debug_loc:00001462 .LVUS70
     /tmp/ccmHBv72.s:11675  .debug_loc:000014a4 .LLST71
     /tmp/ccmHBv72.s:11668  .debug_loc:0000149e .LVUS71
     /tmp/ccmHBv72.s:11714  .debug_loc:000014e4 .LLST72
     /tmp/ccmHBv72.s:11705  .debug_loc:000014dc .LVUS72
     /tmp/ccmHBv72.s:11768  .debug_loc:0000153a .LLST73
     /tmp/ccmHBv72.s:11751  .debug_loc:0000152a .LVUS73
     /tmp/ccmHBv72.s:11862  .debug_loc:000015d4 .LLST74
     /tmp/ccmHBv72.s:11855  .debug_loc:000015ce .LVUS74
     /tmp/ccmHBv72.s:11893  .debug_loc:0000160c .LLST75
     /tmp/ccmHBv72.s:11888  .debug_loc:00001608 .LVUS75
     /tmp/ccmHBv72.s:1956   .text.Endpoint_Write_EStream_BE:00000048 .LBI312
     /tmp/ccmHBv72.s:1955   .text.Endpoint_Write_EStream_BE:00000048 .LBB312
     /tmp/ccmHBv72.s:1963   .text.Endpoint_Write_EStream_BE:0000004c .LBE312
     /tmp/ccmHBv72.s:1969   .text.Endpoint_Write_EStream_BE:00000050 .LBI314
     /tmp/ccmHBv72.s:1968   .text.Endpoint_Write_EStream_BE:00000050 .LBB314
     /tmp/ccmHBv72.s:1978   .text.Endpoint_Write_EStream_BE:0000005a .LBE314
     /tmp/ccmHBv72.s:2035   .text.Endpoint_Write_EStream_BE:0000009e .LBI316
     /tmp/ccmHBv72.s:2034   .text.Endpoint_Write_EStream_BE:0000009e .LBB316
     /tmp/ccmHBv72.s:2044   .text.Endpoint_Write_EStream_BE:000000a2 .LBE316
     /tmp/ccmHBv72.s:11907  .debug_loc:0000162c .LLST76
     /tmp/ccmHBv72.s:11904  .debug_loc:0000162a .LVUS76
     /tmp/ccmHBv72.s:1908   .text.Endpoint_Write_EStream_BE:0000001c .LVL159
     /tmp/ccmHBv72.s:1981   .text.Endpoint_Write_EStream_BE:0000005e .LVL168
     /tmp/ccmHBv72.s:2021   .text.Endpoint_Write_EStream_BE:00000090 .LVL171
     /tmp/ccmHBv72.s:2033   .text.Endpoint_Write_EStream_BE:0000009e .LVL173
     /tmp/ccmHBv72.s:1649   .text.Endpoint_Write_EStream_LE:00000000 .LFB93
     /tmp/ccmHBv72.s:1847   .text.Endpoint_Write_EStream_LE:000000a6 .LFE93
     /tmp/ccmHBv72.s:11914  .debug_loc:0000163f .LLST61
     /tmp/ccmHBv72.s:11984  .debug_loc:000016cf .LLST62
     /tmp/ccmHBv72.s:11977  .debug_loc:000016c9 .LVUS62
     /tmp/ccmHBv72.s:12019  .debug_loc:0000170b .LLST63
     /tmp/ccmHBv72.s:12012  .debug_loc:00001705 .LVUS63
     /tmp/ccmHBv72.s:12058  .debug_loc:0000174b .LLST64
     /tmp/ccmHBv72.s:12049  .debug_loc:00001743 .LVUS64
     /tmp/ccmHBv72.s:12102  .debug_loc:00001797 .LLST65
     /tmp/ccmHBv72.s:12095  .debug_loc:00001791 .LVUS65
     /tmp/ccmHBv72.s:12139  .debug_loc:000017d5 .LLST66
     /tmp/ccmHBv72.s:12132  .debug_loc:000017cf .LVUS66
     /tmp/ccmHBv72.s:12170  .debug_loc:0000180d .LLST67
     /tmp/ccmHBv72.s:12165  .debug_loc:00001809 .LVUS67
     /tmp/ccmHBv72.s:1741   .text.Endpoint_Write_EStream_LE:0000003e .LBI306
     /tmp/ccmHBv72.s:1740   .text.Endpoint_Write_EStream_LE:0000003e .LBB306
     /tmp/ccmHBv72.s:1748   .text.Endpoint_Write_EStream_LE:00000042 .LBE306
     /tmp/ccmHBv72.s:1754   .text.Endpoint_Write_EStream_LE:00000046 .LBI308
     /tmp/ccmHBv72.s:1753   .text.Endpoint_Write_EStream_LE:00000046 .LBB308
     /tmp/ccmHBv72.s:1763   .text.Endpoint_Write_EStream_LE:00000050 .LBE308
     /tmp/ccmHBv72.s:1820   .text.Endpoint_Write_EStream_LE:00000094 .LBI310
     /tmp/ccmHBv72.s:1819   .text.Endpoint_Write_EStream_LE:00000094 .LBB310
     /tmp/ccmHBv72.s:1829   .text.Endpoint_Write_EStream_LE:00000098 .LBE310
     /tmp/ccmHBv72.s:12184  .debug_loc:0000182d .LLST68
     /tmp/ccmHBv72.s:12181  .debug_loc:0000182b .LVUS68
     /tmp/ccmHBv72.s:1703   .text.Endpoint_Write_EStream_LE:0000001c .LVL141
     /tmp/ccmHBv72.s:1766   .text.Endpoint_Write_EStream_LE:00000054 .LVL147
     /tmp/ccmHBv72.s:1806   .text.Endpoint_Write_EStream_LE:00000086 .LVL150
     /tmp/ccmHBv72.s:1818   .text.Endpoint_Write_EStream_LE:00000094 .LVL152
     /tmp/ccmHBv72.s:1422   .text.Endpoint_Write_PStream_BE:00000000 .LFB92
     /tmp/ccmHBv72.s:1642   .text.Endpoint_Write_PStream_BE:000000ae .LFE92
     /tmp/ccmHBv72.s:12191  .debug_loc:00001840 .LLST51
     /tmp/ccmHBv72.s:12261  .debug_loc:000018d0 .LLST52
     /tmp/ccmHBv72.s:12254  .debug_loc:000018ca .LVUS52
     /tmp/ccmHBv72.s:12296  .debug_loc:0000190c .LLST53
     /tmp/ccmHBv72.s:12289  .debug_loc:00001906 .LVUS53
     /tmp/ccmHBv72.s:12335  .debug_loc:0000194c .LLST54
     /tmp/ccmHBv72.s:12326  .debug_loc:00001944 .LVUS54
     /tmp/ccmHBv72.s:12389  .debug_loc:000019a2 .LLST55
     /tmp/ccmHBv72.s:12372  .debug_loc:00001992 .LVUS55
     /tmp/ccmHBv72.s:12483  .debug_loc:00001a3c .LLST56
     /tmp/ccmHBv72.s:12476  .debug_loc:00001a36 .LVUS56
     /tmp/ccmHBv72.s:12514  .debug_loc:00001a74 .LLST57
     /tmp/ccmHBv72.s:12509  .debug_loc:00001a70 .LVUS57
     /tmp/ccmHBv72.s:1599   .text.Endpoint_Write_PStream_BE:00000098 .LBB303
     /tmp/ccmHBv72.s:1613   .text.Endpoint_Write_PStream_BE:0000009c .LBE303
     /tmp/ccmHBv72.s:12530  .debug_loc:00001a96 .LLST58
     /tmp/ccmHBv72.s:12525  .debug_loc:00001a92 .LVUS58
     /tmp/ccmHBv72.s:12554  .debug_loc:00001ac0 .LLST59
     /tmp/ccmHBv72.s:12551  .debug_loc:00001abe .LVUS59
     /tmp/ccmHBv72.s:1524   .text.Endpoint_Write_PStream_BE:00000048 .LBI299
     /tmp/ccmHBv72.s:1523   .text.Endpoint_Write_PStream_BE:00000048 .LBB299
     /tmp/ccmHBv72.s:1531   .text.Endpoint_Write_PStream_BE:0000004c .LBE299
     /tmp/ccmHBv72.s:1537   .text.Endpoint_Write_PStream_BE:00000050 .LBI301
     /tmp/ccmHBv72.s:1536   .text.Endpoint_Write_PStream_BE:00000050 .LBB301
     /tmp/ccmHBv72.s:1546   .text.Endpoint_Write_PStream_BE:0000005a .LBE301
     /tmp/ccmHBv72.s:1615   .text.Endpoint_Write_PStream_BE:0000009c .LBI304
     /tmp/ccmHBv72.s:1614   .text.Endpoint_Write_PStream_BE:0000009c .LBB304
     /tmp/ccmHBv72.s:1624   .text.Endpoint_Write_PStream_BE:000000a0 .LBE304
     /tmp/ccmHBv72.s:12564  .debug_loc:00001ad5 .LLST60
     /tmp/ccmHBv72.s:12561  .debug_loc:00001ad3 .LVUS60
     /tmp/ccmHBv72.s:1476   .text.Endpoint_Write_PStream_BE:0000001c .LVL120
     /tmp/ccmHBv72.s:1549   .text.Endpoint_Write_PStream_BE:0000005e .LVL129
     /tmp/ccmHBv72.s:1589   .text.Endpoint_Write_PStream_BE:00000090 .LVL132
     /tmp/ccmHBv72.s:1205   .text.Endpoint_Write_PStream_LE:00000000 .LFB91
     /tmp/ccmHBv72.s:1415   .text.Endpoint_Write_PStream_LE:000000a4 .LFE91
     /tmp/ccmHBv72.s:12571  .debug_loc:00001ae8 .LLST41
     /tmp/ccmHBv72.s:12641  .debug_loc:00001b78 .LLST42
     /tmp/ccmHBv72.s:12634  .debug_loc:00001b72 .LVUS42
     /tmp/ccmHBv72.s:12676  .debug_loc:00001bb4 .LLST43
     /tmp/ccmHBv72.s:12669  .debug_loc:00001bae .LVUS43
     /tmp/ccmHBv72.s:12715  .debug_loc:00001bf4 .LLST44
     /tmp/ccmHBv72.s:12706  .debug_loc:00001bec .LVUS44
     /tmp/ccmHBv72.s:12759  .debug_loc:00001c40 .LLST45
     /tmp/ccmHBv72.s:12752  .debug_loc:00001c3a .LVUS45
     /tmp/ccmHBv72.s:12796  .debug_loc:00001c7e .LLST46
     /tmp/ccmHBv72.s:12789  .debug_loc:00001c78 .LVUS46
     /tmp/ccmHBv72.s:12827  .debug_loc:00001cb6 .LLST47
     /tmp/ccmHBv72.s:12822  .debug_loc:00001cb2 .LVUS47
     /tmp/ccmHBv72.s:1372   .text.Endpoint_Write_PStream_LE:0000008e .LBB296
     /tmp/ccmHBv72.s:1386   .text.Endpoint_Write_PStream_LE:00000092 .LBE296
     /tmp/ccmHBv72.s:12843  .debug_loc:00001cd8 .LLST48
     /tmp/ccmHBv72.s:12838  .debug_loc:00001cd4 .LVUS48
     /tmp/ccmHBv72.s:12867  .debug_loc:00001d02 .LLST49
     /tmp/ccmHBv72.s:12864  .debug_loc:00001d00 .LVUS49
     /tmp/ccmHBv72.s:1297   .text.Endpoint_Write_PStream_LE:0000003e .LBI292
     /tmp/ccmHBv72.s:1296   .text.Endpoint_Write_PStream_LE:0000003e .LBB292
     /tmp/ccmHBv72.s:1304   .text.Endpoint_Write_PStream_LE:00000042 .LBE292
     /tmp/ccmHBv72.s:1310   .text.Endpoint_Write_PStream_LE:00000046 .LBI294
     /tmp/ccmHBv72.s:1309   .text.Endpoint_Write_PStream_LE:00000046 .LBB294
     /tmp/ccmHBv72.s:1319   .text.Endpoint_Write_PStream_LE:00000050 .LBE294
     /tmp/ccmHBv72.s:1388   .text.Endpoint_Write_PStream_LE:00000092 .LBI297
     /tmp/ccmHBv72.s:1387   .text.Endpoint_Write_PStream_LE:00000092 .LBB297
     /tmp/ccmHBv72.s:1397   .text.Endpoint_Write_PStream_LE:00000096 .LBE297
     /tmp/ccmHBv72.s:12877  .debug_loc:00001d17 .LLST50
     /tmp/ccmHBv72.s:12874  .debug_loc:00001d15 .LVUS50
     /tmp/ccmHBv72.s:1259   .text.Endpoint_Write_PStream_LE:0000001c .LVL102
     /tmp/ccmHBv72.s:1322   .text.Endpoint_Write_PStream_LE:00000054 .LVL108
     /tmp/ccmHBv72.s:1362   .text.Endpoint_Write_PStream_LE:00000086 .LVL111
     /tmp/ccmHBv72.s:993    .text.Endpoint_Read_Stream_BE:00000000 .LFB90
     /tmp/ccmHBv72.s:1198   .text.Endpoint_Read_Stream_BE:000000ac .LFE90
     /tmp/ccmHBv72.s:12884  .debug_loc:00001d2a .LLST34
     /tmp/ccmHBv72.s:12954  .debug_loc:00001dba .LLST35
     /tmp/ccmHBv72.s:12947  .debug_loc:00001db4 .LVUS35
     /tmp/ccmHBv72.s:12989  .debug_loc:00001df6 .LLST36
     /tmp/ccmHBv72.s:12982  .debug_loc:00001df0 .LVUS36
     /tmp/ccmHBv72.s:13028  .debug_loc:00001e36 .LLST37
     /tmp/ccmHBv72.s:13019  .debug_loc:00001e2e .LVUS37
     /tmp/ccmHBv72.s:13082  .debug_loc:00001e8c .LLST38
     /tmp/ccmHBv72.s:13065  .debug_loc:00001e7c .LVUS38
     /tmp/ccmHBv72.s:13176  .debug_loc:00001f26 .LLST39
     /tmp/ccmHBv72.s:13169  .debug_loc:00001f20 .LVUS39
     /tmp/ccmHBv72.s:13207  .debug_loc:00001f5e .LLST40
     /tmp/ccmHBv72.s:13202  .debug_loc:00001f5a .LVUS40
     /tmp/ccmHBv72.s:1095   .text.Endpoint_Read_Stream_BE:00000048 .LBI286
     /tmp/ccmHBv72.s:1094   .text.Endpoint_Read_Stream_BE:00000048 .LBB286
     /tmp/ccmHBv72.s:1102   .text.Endpoint_Read_Stream_BE:0000004c .LBE286
     /tmp/ccmHBv72.s:1108   .text.Endpoint_Read_Stream_BE:00000050 .LBI288
     /tmp/ccmHBv72.s:1107   .text.Endpoint_Read_Stream_BE:00000050 .LBB288
     /tmp/ccmHBv72.s:1117   .text.Endpoint_Read_Stream_BE:0000005a .LBE288
     /tmp/ccmHBv72.s:1171   .text.Endpoint_Read_Stream_BE:00000098 .LBI290
     /tmp/ccmHBv72.s:1170   .text.Endpoint_Read_Stream_BE:00000098 .LBB290
     /tmp/ccmHBv72.s:1178   .text.Endpoint_Read_Stream_BE:0000009c .LBE290
     /tmp/ccmHBv72.s:1047   .text.Endpoint_Read_Stream_BE:0000001c .LVL83
     /tmp/ccmHBv72.s:1120   .text.Endpoint_Read_Stream_BE:0000005e .LVL92
     /tmp/ccmHBv72.s:1160   .text.Endpoint_Read_Stream_BE:00000090 .LVL95
     /tmp/ccmHBv72.s:791    .text.Endpoint_Read_Stream_LE:00000000 .LFB89
     /tmp/ccmHBv72.s:986    .text.Endpoint_Read_Stream_LE:000000a2 .LFE89
     /tmp/ccmHBv72.s:13218  .debug_loc:00001f7c .LLST27
     /tmp/ccmHBv72.s:13288  .debug_loc:0000200c .LLST28
     /tmp/ccmHBv72.s:13281  .debug_loc:00002006 .LVUS28
     /tmp/ccmHBv72.s:13323  .debug_loc:00002048 .LLST29
     /tmp/ccmHBv72.s:13316  .debug_loc:00002042 .LVUS29
     /tmp/ccmHBv72.s:13362  .debug_loc:00002088 .LLST30
     /tmp/ccmHBv72.s:13353  .debug_loc:00002080 .LVUS30
     /tmp/ccmHBv72.s:13406  .debug_loc:000020d4 .LLST31
     /tmp/ccmHBv72.s:13399  .debug_loc:000020ce .LVUS31
     /tmp/ccmHBv72.s:13443  .debug_loc:00002112 .LLST32
     /tmp/ccmHBv72.s:13436  .debug_loc:0000210c .LVUS32
     /tmp/ccmHBv72.s:13474  .debug_loc:0000214a .LLST33
     /tmp/ccmHBv72.s:13469  .debug_loc:00002146 .LVUS33
     /tmp/ccmHBv72.s:883    .text.Endpoint_Read_Stream_LE:0000003e .LBI280
     /tmp/ccmHBv72.s:882    .text.Endpoint_Read_Stream_LE:0000003e .LBB280
     /tmp/ccmHBv72.s:890    .text.Endpoint_Read_Stream_LE:00000042 .LBE280
     /tmp/ccmHBv72.s:896    .text.Endpoint_Read_Stream_LE:00000046 .LBI282
     /tmp/ccmHBv72.s:895    .text.Endpoint_Read_Stream_LE:00000046 .LBB282
     /tmp/ccmHBv72.s:905    .text.Endpoint_Read_Stream_LE:00000050 .LBE282
     /tmp/ccmHBv72.s:959    .text.Endpoint_Read_Stream_LE:0000008e .LBI284
     /tmp/ccmHBv72.s:958    .text.Endpoint_Read_Stream_LE:0000008e .LBB284
     /tmp/ccmHBv72.s:966    .text.Endpoint_Read_Stream_LE:00000092 .LBE284
     /tmp/ccmHBv72.s:845    .text.Endpoint_Read_Stream_LE:0000001c .LVL67
     /tmp/ccmHBv72.s:908    .text.Endpoint_Read_Stream_LE:00000054 .LVL73
     /tmp/ccmHBv72.s:948    .text.Endpoint_Read_Stream_LE:00000086 .LVL76
     /tmp/ccmHBv72.s:577    .text.Endpoint_Write_Stream_BE:00000000 .LFB88
     /tmp/ccmHBv72.s:784    .text.Endpoint_Write_Stream_BE:000000ac .LFE88
     /tmp/ccmHBv72.s:13485  .debug_loc:00002168 .LLST19
     /tmp/ccmHBv72.s:13555  .debug_loc:000021f8 .LLST20
     /tmp/ccmHBv72.s:13548  .debug_loc:000021f2 .LVUS20
     /tmp/ccmHBv72.s:13590  .debug_loc:00002234 .LLST21
     /tmp/ccmHBv72.s:13583  .debug_loc:0000222e .LVUS21
     /tmp/ccmHBv72.s:13629  .debug_loc:00002274 .LLST22
     /tmp/ccmHBv72.s:13620  .debug_loc:0000226c .LVUS22
     /tmp/ccmHBv72.s:13683  .debug_loc:000022ca .LLST23
     /tmp/ccmHBv72.s:13666  .debug_loc:000022ba .LVUS23
     /tmp/ccmHBv72.s:13777  .debug_loc:00002364 .LLST24
     /tmp/ccmHBv72.s:13770  .debug_loc:0000235e .LVUS24
     /tmp/ccmHBv72.s:13808  .debug_loc:0000239c .LLST25
     /tmp/ccmHBv72.s:13803  .debug_loc:00002398 .LVUS25
     /tmp/ccmHBv72.s:679    .text.Endpoint_Write_Stream_BE:00000048 .LBI274
     /tmp/ccmHBv72.s:678    .text.Endpoint_Write_Stream_BE:00000048 .LBB274
     /tmp/ccmHBv72.s:686    .text.Endpoint_Write_Stream_BE:0000004c .LBE274
     /tmp/ccmHBv72.s:692    .text.Endpoint_Write_Stream_BE:00000050 .LBI276
     /tmp/ccmHBv72.s:691    .text.Endpoint_Write_Stream_BE:00000050 .LBB276
     /tmp/ccmHBv72.s:701    .text.Endpoint_Write_Stream_BE:0000005a .LBE276
     /tmp/ccmHBv72.s:757    .text.Endpoint_Write_Stream_BE:0000009a .LBI278
     /tmp/ccmHBv72.s:756    .text.Endpoint_Write_Stream_BE:0000009a .LBB278
     /tmp/ccmHBv72.s:766    .text.Endpoint_Write_Stream_BE:0000009e .LBE278
     /tmp/ccmHBv72.s:13822  .debug_loc:000023bc .LLST26
     /tmp/ccmHBv72.s:13819  .debug_loc:000023ba .LVUS26
     /tmp/ccmHBv72.s:631    .text.Endpoint_Write_Stream_BE:0000001c .LVL46
     /tmp/ccmHBv72.s:704    .text.Endpoint_Write_Stream_BE:0000005e .LVL55
     /tmp/ccmHBv72.s:744    .text.Endpoint_Write_Stream_BE:00000090 .LVL58
     /tmp/ccmHBv72.s:373    .text.Endpoint_Write_Stream_LE:00000000 .LFB87
     /tmp/ccmHBv72.s:570    .text.Endpoint_Write_Stream_LE:000000a2 .LFE87
     /tmp/ccmHBv72.s:13829  .debug_loc:000023cf .LLST11
     /tmp/ccmHBv72.s:13899  .debug_loc:0000245f .LLST12
     /tmp/ccmHBv72.s:13892  .debug_loc:00002459 .LVUS12
     /tmp/ccmHBv72.s:13934  .debug_loc:0000249b .LLST13
     /tmp/ccmHBv72.s:13927  .debug_loc:00002495 .LVUS13
     /tmp/ccmHBv72.s:13973  .debug_loc:000024db .LLST14
     /tmp/ccmHBv72.s:13964  .debug_loc:000024d3 .LVUS14
     /tmp/ccmHBv72.s:14017  .debug_loc:00002527 .LLST15
     /tmp/ccmHBv72.s:14010  .debug_loc:00002521 .LVUS15
     /tmp/ccmHBv72.s:14054  .debug_loc:00002565 .LLST16
     /tmp/ccmHBv72.s:14047  .debug_loc:0000255f .LVUS16
     /tmp/ccmHBv72.s:14085  .debug_loc:0000259d .LLST17
     /tmp/ccmHBv72.s:14080  .debug_loc:00002599 .LVUS17
     /tmp/ccmHBv72.s:466    .text.Endpoint_Write_Stream_LE:0000003e .LBI268
     /tmp/ccmHBv72.s:465    .text.Endpoint_Write_Stream_LE:0000003e .LBB268
     /tmp/ccmHBv72.s:473    .text.Endpoint_Write_Stream_LE:00000042 .LBE268
     /tmp/ccmHBv72.s:479    .text.Endpoint_Write_Stream_LE:00000046 .LBI270
     /tmp/ccmHBv72.s:478    .text.Endpoint_Write_Stream_LE:00000046 .LBB270
     /tmp/ccmHBv72.s:488    .text.Endpoint_Write_Stream_LE:00000050 .LBE270
     /tmp/ccmHBv72.s:546    .text.Endpoint_Write_Stream_LE:00000094 .LBI272
     /tmp/ccmHBv72.s:545    .text.Endpoint_Write_Stream_LE:00000094 .LBB272
     /tmp/ccmHBv72.s:555    .text.Endpoint_Write_Stream_LE:00000098 .LBE272
     /tmp/ccmHBv72.s:14099  .debug_loc:000025bd .LLST18
     /tmp/ccmHBv72.s:14096  .debug_loc:000025bb .LVUS18
     /tmp/ccmHBv72.s:428    .text.Endpoint_Write_Stream_LE:0000001c .LVL29
     /tmp/ccmHBv72.s:491    .text.Endpoint_Write_Stream_LE:00000054 .LVL35
     /tmp/ccmHBv72.s:531    .text.Endpoint_Write_Stream_LE:00000086 .LVL38
     /tmp/ccmHBv72.s:195    .text.Endpoint_Null_Stream:00000000 .LFB86
     /tmp/ccmHBv72.s:366    .text.Endpoint_Null_Stream:0000008a .LFE86
     /tmp/ccmHBv72.s:14106  .debug_loc:000025d0 .LLST5
     /tmp/ccmHBv72.s:14164  .debug_loc:00002646 .LLST6
     /tmp/ccmHBv72.s:14157  .debug_loc:00002640 .LVUS6
     /tmp/ccmHBv72.s:14203  .debug_loc:00002686 .LLST7
     /tmp/ccmHBv72.s:14194  .debug_loc:0000267e .LVUS7
     /tmp/ccmHBv72.s:14245  .debug_loc:000026d0 .LLST8
     /tmp/ccmHBv72.s:14240  .debug_loc:000026cc .LVUS8
     /tmp/ccmHBv72.s:14263  .debug_loc:000026f4 .LLST9
     /tmp/ccmHBv72.s:14256  .debug_loc:000026ee .LVUS9
     /tmp/ccmHBv72.s:272    .text.Endpoint_Null_Stream:00000034 .LBI262
     /tmp/ccmHBv72.s:271    .text.Endpoint_Null_Stream:00000034 .LBB262
     /tmp/ccmHBv72.s:279    .text.Endpoint_Null_Stream:00000038 .LBE262
     /tmp/ccmHBv72.s:285    .text.Endpoint_Null_Stream:0000003c .LBI264
     /tmp/ccmHBv72.s:284    .text.Endpoint_Null_Stream:0000003c .LBB264
     /tmp/ccmHBv72.s:294    .text.Endpoint_Null_Stream:00000046 .LBE264
     /tmp/ccmHBv72.s:343    .text.Endpoint_Null_Stream:0000007c .LBI266
     /tmp/ccmHBv72.s:342    .text.Endpoint_Null_Stream:0000007c .LBB266
     /tmp/ccmHBv72.s:352    .text.Endpoint_Null_Stream:00000080 .LBE266
     /tmp/ccmHBv72.s:14292  .debug_loc:0000272a .LLST10
     /tmp/ccmHBv72.s:14289  .debug_loc:00002728 .LVUS10
     /tmp/ccmHBv72.s:239    .text.Endpoint_Null_Stream:00000016 .LVL15
     /tmp/ccmHBv72.s:332    .text.Endpoint_Null_Stream:00000074 .LVL22
     /tmp/ccmHBv72.s:16     .text.Endpoint_Discard_Stream:00000000 .LFB85
     /tmp/ccmHBv72.s:188    .text.Endpoint_Discard_Stream:0000008a .LFE85
     /tmp/ccmHBv72.s:14300  .debug_loc:0000273e .LLST0
     /tmp/ccmHBv72.s:14358  .debug_loc:000027b4 .LLST1
     /tmp/ccmHBv72.s:14351  .debug_loc:000027ae .LVUS1
     /tmp/ccmHBv72.s:14397  .debug_loc:000027f4 .LLST2
     /tmp/ccmHBv72.s:14388  .debug_loc:000027ec .LVUS2
     /tmp/ccmHBv72.s:14439  .debug_loc:0000283e .LLST3
     /tmp/ccmHBv72.s:14434  .debug_loc:0000283a .LVUS3
     /tmp/ccmHBv72.s:14457  .debug_loc:00002862 .LLST4
     /tmp/ccmHBv72.s:14450  .debug_loc:0000285c .LVUS4
     /tmp/ccmHBv72.s:93     .text.Endpoint_Discard_Stream:00000034 .LBI256
     /tmp/ccmHBv72.s:92     .text.Endpoint_Discard_Stream:00000034 .LBB256
     /tmp/ccmHBv72.s:101    .text.Endpoint_Discard_Stream:00000038 .LBE256
     /tmp/ccmHBv72.s:107    .text.Endpoint_Discard_Stream:0000003c .LBI258
     /tmp/ccmHBv72.s:106    .text.Endpoint_Discard_Stream:0000003c .LBB258
     /tmp/ccmHBv72.s:116    .text.Endpoint_Discard_Stream:00000046 .LBE258
     /tmp/ccmHBv72.s:165    .text.Endpoint_Discard_Stream:0000007c .LBI260
     /tmp/ccmHBv72.s:164    .text.Endpoint_Discard_Stream:0000007c .LBB260
     /tmp/ccmHBv72.s:174    .text.Endpoint_Discard_Stream:00000080 .LBE260
     /tmp/ccmHBv72.s:60     .text.Endpoint_Discard_Stream:00000016 .LVL2
     /tmp/ccmHBv72.s:154    .text.Endpoint_Discard_Stream:00000074 .LVL9
     /tmp/ccmHBv72.s:4792   .text.Endpoint_Read_Control_EStream_BE:00000002 .LCFI120
     /tmp/ccmHBv72.s:4796   .text.Endpoint_Read_Control_EStream_BE:00000004 .LCFI121
     /tmp/ccmHBv72.s:4800   .text.Endpoint_Read_Control_EStream_BE:00000006 .LCFI122
     /tmp/ccmHBv72.s:4804   .text.Endpoint_Read_Control_EStream_BE:00000008 .LCFI123
     /tmp/ccmHBv72.s:4786   .text.Endpoint_Read_Control_EStream_BE:00000000 .LVL422
     /tmp/ccmHBv72.s:4825   .text.Endpoint_Read_Control_EStream_BE:00000018 .LVL424
     /tmp/ccmHBv72.s:4838   .text.Endpoint_Read_Control_EStream_BE:00000022 .LVL425
     /tmp/ccmHBv72.s:4862   .text.Endpoint_Read_Control_EStream_BE:00000030 .LVL426
     /tmp/ccmHBv72.s:4914   .text.Endpoint_Read_Control_EStream_BE:00000054 .LVL429
     /tmp/ccmHBv72.s:4950   .text.Endpoint_Read_Control_EStream_BE:00000070 .LVL432
     /tmp/ccmHBv72.s:4954   .text.Endpoint_Read_Control_EStream_BE:00000074 .LVL433
     /tmp/ccmHBv72.s:4971   .text.Endpoint_Read_Control_EStream_BE:0000007e .LVL435
     /tmp/ccmHBv72.s:4820   .text.Endpoint_Read_Control_EStream_BE:00000014 .LVL423
     /tmp/ccmHBv72.s:4876   .text.Endpoint_Read_Control_EStream_BE:0000003c .LVL427
     /tmp/ccmHBv72.s:4893   .text.Endpoint_Read_Control_EStream_BE:00000048 .LVL428
     /tmp/ccmHBv72.s:4962   .text.Endpoint_Read_Control_EStream_BE:00000076 .LVL434
     /tmp/ccmHBv72.s:4587   .text.Endpoint_Read_Control_EStream_LE:00000002 .LCFI116
     /tmp/ccmHBv72.s:4591   .text.Endpoint_Read_Control_EStream_LE:00000004 .LCFI117
     /tmp/ccmHBv72.s:4595   .text.Endpoint_Read_Control_EStream_LE:00000006 .LCFI118
     /tmp/ccmHBv72.s:4599   .text.Endpoint_Read_Control_EStream_LE:00000008 .LCFI119
     /tmp/ccmHBv72.s:4581   .text.Endpoint_Read_Control_EStream_LE:00000000 .LVL406
     /tmp/ccmHBv72.s:4614   .text.Endpoint_Read_Control_EStream_LE:00000010 .LVL408
     /tmp/ccmHBv72.s:4627   .text.Endpoint_Read_Control_EStream_LE:0000001a .LVL409
     /tmp/ccmHBv72.s:4651   .text.Endpoint_Read_Control_EStream_LE:00000028 .LVL410
     /tmp/ccmHBv72.s:4703   .text.Endpoint_Read_Control_EStream_LE:0000004c .LVL413
     /tmp/ccmHBv72.s:4739   .text.Endpoint_Read_Control_EStream_LE:00000068 .LVL416
     /tmp/ccmHBv72.s:4743   .text.Endpoint_Read_Control_EStream_LE:0000006c .LVL417
     /tmp/ccmHBv72.s:4760   .text.Endpoint_Read_Control_EStream_LE:00000076 .LVL419
     /tmp/ccmHBv72.s:4609   .text.Endpoint_Read_Control_EStream_LE:0000000c .LVL407
     /tmp/ccmHBv72.s:4665   .text.Endpoint_Read_Control_EStream_LE:00000034 .LVL411
     /tmp/ccmHBv72.s:4682   .text.Endpoint_Read_Control_EStream_LE:00000040 .LVL412
     /tmp/ccmHBv72.s:4751   .text.Endpoint_Read_Control_EStream_LE:0000006e .LVL418
     /tmp/ccmHBv72.s:4275   .text.Endpoint_Write_Control_EStream_BE:00000002 .LCFI110
     /tmp/ccmHBv72.s:4279   .text.Endpoint_Write_Control_EStream_BE:00000004 .LCFI111
     /tmp/ccmHBv72.s:4283   .text.Endpoint_Write_Control_EStream_BE:00000006 .LCFI112
     /tmp/ccmHBv72.s:4287   .text.Endpoint_Write_Control_EStream_BE:00000008 .LCFI113
     /tmp/ccmHBv72.s:4291   .text.Endpoint_Write_Control_EStream_BE:0000000a .LCFI114
     /tmp/ccmHBv72.s:4295   .text.Endpoint_Write_Control_EStream_BE:0000000c .LCFI115
     /tmp/ccmHBv72.s:4269   .text.Endpoint_Write_Control_EStream_BE:00000000 .LVL377
     /tmp/ccmHBv72.s:4326   .text.Endpoint_Write_Control_EStream_BE:0000002c .LVL379
     /tmp/ccmHBv72.s:4373   .text.Endpoint_Write_Control_EStream_BE:00000050 .LVL385
     /tmp/ccmHBv72.s:4383   .text.Endpoint_Write_Control_EStream_BE:00000054 .LVL386
     /tmp/ccmHBv72.s:4330   .text.Endpoint_Write_Control_EStream_BE:0000002e .LVL380
     /tmp/ccmHBv72.s:4334   .text.Endpoint_Write_Control_EStream_BE:00000030 .LVL381
     /tmp/ccmHBv72.s:4364   .text.Endpoint_Write_Control_EStream_BE:00000046 .LVL383
     /tmp/ccmHBv72.s:4389   .text.Endpoint_Write_Control_EStream_BE:0000005c .LVL387
     /tmp/ccmHBv72.s:4495   .text.Endpoint_Write_Control_EStream_BE:000000a6 .LVL393
     /tmp/ccmHBv72.s:4498   .text.Endpoint_Write_Control_EStream_BE:000000a8 .LVL394
     /tmp/ccmHBv72.s:4312   .text.Endpoint_Write_Control_EStream_BE:0000001a .LVL378
     /tmp/ccmHBv72.s:4370   .text.Endpoint_Write_Control_EStream_BE:0000004e .LVL384
     /tmp/ccmHBv72.s:4342   .text.Endpoint_Write_Control_EStream_BE:00000038 .LVL382
     /tmp/ccmHBv72.s:4457   .text.Endpoint_Write_Control_EStream_BE:00000082 .LVL390
     /tmp/ccmHBv72.s:4484   .text.Endpoint_Write_Control_EStream_BE:0000009c .LVL392
     /tmp/ccmHBv72.s:4561   .text.Endpoint_Write_Control_EStream_BE:000000d0 .LVL403
     /tmp/ccmHBv72.s:4565   .text.Endpoint_Write_Control_EStream_BE:000000d2 .LVL404
     /tmp/ccmHBv72.s:4398   .text.Endpoint_Write_Control_EStream_BE:0000005e .LVL388
     /tmp/ccmHBv72.s:4415   .text.Endpoint_Write_Control_EStream_BE:0000006a .LVL389
     /tmp/ccmHBv72.s:4462   .text.Endpoint_Write_Control_EStream_BE:00000088 .LVL391
     /tmp/ccmHBv72.s:4534   .text.Endpoint_Write_Control_EStream_BE:000000c0 .LVL400
     /tmp/ccmHBv72.s:4514   .text.Endpoint_Write_Control_EStream_BE:000000b2 .LVL396
     /tmp/ccmHBv72.s:4543   .text.Endpoint_Write_Control_EStream_BE:000000c2 .LVL401
     /tmp/ccmHBv72.s:4553   .text.Endpoint_Write_Control_EStream_BE:000000cc .LVL402
     /tmp/ccmHBv72.s:3974   .text.Endpoint_Write_Control_EStream_LE:00000002 .LCFI104
     /tmp/ccmHBv72.s:3978   .text.Endpoint_Write_Control_EStream_LE:00000004 .LCFI105
     /tmp/ccmHBv72.s:3982   .text.Endpoint_Write_Control_EStream_LE:00000006 .LCFI106
     /tmp/ccmHBv72.s:3986   .text.Endpoint_Write_Control_EStream_LE:00000008 .LCFI107
     /tmp/ccmHBv72.s:3990   .text.Endpoint_Write_Control_EStream_LE:0000000a .LCFI108
     /tmp/ccmHBv72.s:3994   .text.Endpoint_Write_Control_EStream_LE:0000000c .LCFI109
     /tmp/ccmHBv72.s:3968   .text.Endpoint_Write_Control_EStream_LE:00000000 .LVL351
     /tmp/ccmHBv72.s:4003   .text.Endpoint_Write_Control_EStream_LE:00000010 .LVL352
     /tmp/ccmHBv72.s:4024   .text.Endpoint_Write_Control_EStream_LE:00000026 .LVL353
     /tmp/ccmHBv72.s:4063   .text.Endpoint_Write_Control_EStream_LE:00000046 .LVL357
     /tmp/ccmHBv72.s:4077   .text.Endpoint_Write_Control_EStream_LE:00000052 .LVL358
     /tmp/ccmHBv72.s:4054   .text.Endpoint_Write_Control_EStream_LE:0000003c .LVL355
     /tmp/ccmHBv72.s:4183   .text.Endpoint_Write_Control_EStream_LE:0000009c .LVL364
     /tmp/ccmHBv72.s:4186   .text.Endpoint_Write_Control_EStream_LE:0000009e .LVL365
     /tmp/ccmHBv72.s:4060   .text.Endpoint_Write_Control_EStream_LE:00000044 .LVL356
     /tmp/ccmHBv72.s:4032   .text.Endpoint_Write_Control_EStream_LE:0000002e .LVL354
     /tmp/ccmHBv72.s:4145   .text.Endpoint_Write_Control_EStream_LE:00000078 .LVL361
     /tmp/ccmHBv72.s:4172   .text.Endpoint_Write_Control_EStream_LE:00000092 .LVL363
     /tmp/ccmHBv72.s:4249   .text.Endpoint_Write_Control_EStream_LE:000000c6 .LVL374
     /tmp/ccmHBv72.s:4253   .text.Endpoint_Write_Control_EStream_LE:000000c8 .LVL375
     /tmp/ccmHBv72.s:4086   .text.Endpoint_Write_Control_EStream_LE:00000054 .LVL359
     /tmp/ccmHBv72.s:4103   .text.Endpoint_Write_Control_EStream_LE:00000060 .LVL360
     /tmp/ccmHBv72.s:4150   .text.Endpoint_Write_Control_EStream_LE:0000007e .LVL362
     /tmp/ccmHBv72.s:4222   .text.Endpoint_Write_Control_EStream_LE:000000b6 .LVL371
     /tmp/ccmHBv72.s:4202   .text.Endpoint_Write_Control_EStream_LE:000000a8 .LVL367
     /tmp/ccmHBv72.s:4231   .text.Endpoint_Write_Control_EStream_LE:000000b8 .LVL372
     /tmp/ccmHBv72.s:4241   .text.Endpoint_Write_Control_EStream_LE:000000c2 .LVL373
     /tmp/ccmHBv72.s:3679   .text.Endpoint_Write_Control_PStream_BE:00000000 .LVL324
     /tmp/ccmHBv72.s:3710   .text.Endpoint_Write_Control_PStream_BE:0000001c .LVL326
     /tmp/ccmHBv72.s:3745   .text.Endpoint_Write_Control_PStream_BE:00000036 .LVL330
     /tmp/ccmHBv72.s:3755   .text.Endpoint_Write_Control_PStream_BE:0000003a .LVL331
     /tmp/ccmHBv72.s:3714   .text.Endpoint_Write_Control_PStream_BE:0000001e .LVL327
     /tmp/ccmHBv72.s:3718   .text.Endpoint_Write_Control_PStream_BE:00000020 .LVL328
     /tmp/ccmHBv72.s:3761   .text.Endpoint_Write_Control_PStream_BE:00000042 .LVL332
     /tmp/ccmHBv72.s:3868   .text.Endpoint_Write_Control_PStream_BE:0000008e .LVL338
     /tmp/ccmHBv72.s:3871   .text.Endpoint_Write_Control_PStream_BE:00000090 .LVL339
     /tmp/ccmHBv72.s:3696   .text.Endpoint_Write_Control_PStream_BE:0000000a .LVL325
     /tmp/ccmHBv72.s:3727   .text.Endpoint_Write_Control_PStream_BE:0000002a .LVL329
     /tmp/ccmHBv72.s:3829   .text.Endpoint_Write_Control_PStream_BE:00000068 .LVL335
     /tmp/ccmHBv72.s:3857   .text.Endpoint_Write_Control_PStream_BE:00000084 .LVL337
     /tmp/ccmHBv72.s:3947   .text.Endpoint_Write_Control_PStream_BE:000000b2 .LVL348
     /tmp/ccmHBv72.s:3952   .text.Endpoint_Write_Control_PStream_BE:000000b4 .LVL349
     /tmp/ccmHBv72.s:3770   .text.Endpoint_Write_Control_PStream_BE:00000044 .LVL333
     /tmp/ccmHBv72.s:3787   .text.Endpoint_Write_Control_PStream_BE:00000050 .LVL334
     /tmp/ccmHBv72.s:3834   .text.Endpoint_Write_Control_PStream_BE:0000006e .LVL336
     /tmp/ccmHBv72.s:3917   .text.Endpoint_Write_Control_PStream_BE:000000a2 .LVL345
     /tmp/ccmHBv72.s:3904   .text.Endpoint_Write_Control_PStream_BE:00000098 .LVL342
     /tmp/ccmHBv72.s:3886   .text.Endpoint_Write_Control_PStream_BE:00000092 .LVL340
     /tmp/ccmHBv72.s:3898   .text.Endpoint_Write_Control_PStream_BE:00000096 .LVL341
     /tmp/ccmHBv72.s:3926   .text.Endpoint_Write_Control_PStream_BE:000000a4 .LVL346
     /tmp/ccmHBv72.s:3936   .text.Endpoint_Write_Control_PStream_BE:000000ae .LVL347
     /tmp/ccmHBv72.s:3401   .text.Endpoint_Write_Control_PStream_LE:00000000 .LVL298
     /tmp/ccmHBv72.s:3419   .text.Endpoint_Write_Control_PStream_LE:0000000c .LVL300
     /tmp/ccmHBv72.s:3435   .text.Endpoint_Write_Control_PStream_LE:0000001a .LVL302
     /tmp/ccmHBv72.s:3461   .text.Endpoint_Write_Control_PStream_LE:0000002e .LVL304
     /tmp/ccmHBv72.s:3475   .text.Endpoint_Write_Control_PStream_LE:0000003a .LVL305
     /tmp/ccmHBv72.s:3431   .text.Endpoint_Write_Control_PStream_LE:00000018 .LVL301
     /tmp/ccmHBv72.s:3443   .text.Endpoint_Write_Control_PStream_LE:00000022 .LVL303
     /tmp/ccmHBv72.s:3580   .text.Endpoint_Write_Control_PStream_LE:00000082 .LVL311
     /tmp/ccmHBv72.s:3583   .text.Endpoint_Write_Control_PStream_LE:00000084 .LVL312
     /tmp/ccmHBv72.s:3628   .text.Endpoint_Write_Control_PStream_LE:00000094 .LVL318
     /tmp/ccmHBv72.s:3658   .text.Endpoint_Write_Control_PStream_LE:000000a4 .LVL321
     /tmp/ccmHBv72.s:3663   .text.Endpoint_Write_Control_PStream_LE:000000a6 .LVL322
     /tmp/ccmHBv72.s:3413   .text.Endpoint_Write_Control_PStream_LE:00000004 .LVL299
     /tmp/ccmHBv72.s:3545   .text.Endpoint_Write_Control_PStream_LE:00000064 .LVL308
     /tmp/ccmHBv72.s:3567   .text.Endpoint_Write_Control_PStream_LE:00000078 .LVL309
     /tmp/ccmHBv72.s:3484   .text.Endpoint_Write_Control_PStream_LE:0000003c .LVL306
     /tmp/ccmHBv72.s:3501   .text.Endpoint_Write_Control_PStream_LE:00000048 .LVL307
     /tmp/ccmHBv72.s:3576   .text.Endpoint_Write_Control_PStream_LE:0000007c .LVL310
     /tmp/ccmHBv72.s:3616   .text.Endpoint_Write_Control_PStream_LE:0000008c .LVL315
     /tmp/ccmHBv72.s:3598   .text.Endpoint_Write_Control_PStream_LE:00000086 .LVL313
     /tmp/ccmHBv72.s:3610   .text.Endpoint_Write_Control_PStream_LE:0000008a .LVL314
     /tmp/ccmHBv72.s:3637   .text.Endpoint_Write_Control_PStream_LE:00000096 .LVL319
     /tmp/ccmHBv72.s:3647   .text.Endpoint_Write_Control_PStream_LE:000000a0 .LVL320
     /tmp/ccmHBv72.s:3211   .text.Endpoint_Read_Control_Stream_BE:00000000 .LVL283
     /tmp/ccmHBv72.s:3233   .text.Endpoint_Read_Control_Stream_BE:0000000e .LVL285
     /tmp/ccmHBv72.s:3246   .text.Endpoint_Read_Control_Stream_BE:00000018 .LVL286
     /tmp/ccmHBv72.s:3272   .text.Endpoint_Read_Control_Stream_BE:0000002a .LVL287
     /tmp/ccmHBv72.s:3316   .text.Endpoint_Read_Control_Stream_BE:00000044 .LVL290
     /tmp/ccmHBv72.s:3350   .text.Endpoint_Read_Control_Stream_BE:0000005c .LVL292
     /tmp/ccmHBv72.s:3354   .text.Endpoint_Read_Control_Stream_BE:00000060 .LVL293
     /tmp/ccmHBv72.s:3371   .text.Endpoint_Read_Control_Stream_BE:0000006a .LVL295
     /tmp/ccmHBv72.s:3228   .text.Endpoint_Read_Control_Stream_BE:0000000a .LVL284
     /tmp/ccmHBv72.s:3278   .text.Endpoint_Read_Control_Stream_BE:0000002c .LVL288
     /tmp/ccmHBv72.s:3295   .text.Endpoint_Read_Control_Stream_BE:00000038 .LVL289
     /tmp/ccmHBv72.s:3362   .text.Endpoint_Read_Control_Stream_BE:00000062 .LVL294
     /tmp/ccmHBv72.s:3027   .text.Endpoint_Read_Control_Stream_LE:00000000 .LVL267
     /tmp/ccmHBv72.s:3039   .text.Endpoint_Read_Control_Stream_LE:00000004 .LVL268
     /tmp/ccmHBv72.s:3045   .text.Endpoint_Read_Control_Stream_LE:00000008 .LVL269
     /tmp/ccmHBv72.s:3058   .text.Endpoint_Read_Control_Stream_LE:00000012 .LVL270
     /tmp/ccmHBv72.s:3066   .text.Endpoint_Read_Control_Stream_LE:00000016 .LVL271
     /tmp/ccmHBv72.s:3128   .text.Endpoint_Read_Control_Stream_LE:0000003c .LVL275
     /tmp/ccmHBv72.s:3160   .text.Endpoint_Read_Control_Stream_LE:00000050 .LVL277
     /tmp/ccmHBv72.s:3164   .text.Endpoint_Read_Control_Stream_LE:00000054 .LVL278
     /tmp/ccmHBv72.s:3084   .text.Endpoint_Read_Control_Stream_LE:00000022 .LVL272
     /tmp/ccmHBv72.s:3155   .text.Endpoint_Read_Control_Stream_LE:0000004e .LVL276
     /tmp/ccmHBv72.s:3181   .text.Endpoint_Read_Control_Stream_LE:0000005e .LVL280
     /tmp/ccmHBv72.s:3090   .text.Endpoint_Read_Control_Stream_LE:00000024 .LVL273
     /tmp/ccmHBv72.s:3107   .text.Endpoint_Read_Control_Stream_LE:00000030 .LVL274
     /tmp/ccmHBv72.s:3172   .text.Endpoint_Read_Control_Stream_LE:00000056 .LVL279
     /tmp/ccmHBv72.s:2750   .text.Endpoint_Write_Control_Stream_BE:00000000 .LVL240
     /tmp/ccmHBv72.s:2781   .text.Endpoint_Write_Control_Stream_BE:0000001c .LVL242
     /tmp/ccmHBv72.s:2816   .text.Endpoint_Write_Control_Stream_BE:00000036 .LVL246
     /tmp/ccmHBv72.s:2826   .text.Endpoint_Write_Control_Stream_BE:0000003a .LVL247
     /tmp/ccmHBv72.s:2785   .text.Endpoint_Write_Control_Stream_BE:0000001e .LVL243
     /tmp/ccmHBv72.s:2789   .text.Endpoint_Write_Control_Stream_BE:00000020 .LVL244
     /tmp/ccmHBv72.s:2832   .text.Endpoint_Write_Control_Stream_BE:00000042 .LVL248
     /tmp/ccmHBv72.s:2939   .text.Endpoint_Write_Control_Stream_BE:0000008e .LVL254
     /tmp/ccmHBv72.s:2942   .text.Endpoint_Write_Control_Stream_BE:00000090 .LVL255
     /tmp/ccmHBv72.s:2767   .text.Endpoint_Write_Control_Stream_BE:0000000a .LVL241
     /tmp/ccmHBv72.s:2798   .text.Endpoint_Write_Control_Stream_BE:0000002a .LVL245
     /tmp/ccmHBv72.s:2900   .text.Endpoint_Write_Control_Stream_BE:00000068 .LVL251
     /tmp/ccmHBv72.s:2928   .text.Endpoint_Write_Control_Stream_BE:00000084 .LVL253
     /tmp/ccmHBv72.s:3006   .text.Endpoint_Write_Control_Stream_BE:000000b2 .LVL264
     /tmp/ccmHBv72.s:3011   .text.Endpoint_Write_Control_Stream_BE:000000b4 .LVL265
     /tmp/ccmHBv72.s:2841   .text.Endpoint_Write_Control_Stream_BE:00000044 .LVL249
     /tmp/ccmHBv72.s:2858   .text.Endpoint_Write_Control_Stream_BE:00000050 .LVL250
     /tmp/ccmHBv72.s:2905   .text.Endpoint_Write_Control_Stream_BE:0000006e .LVL252
     /tmp/ccmHBv72.s:2976   .text.Endpoint_Write_Control_Stream_BE:000000a2 .LVL261
     /tmp/ccmHBv72.s:2949   .text.Endpoint_Write_Control_Stream_BE:00000092 .LVL256
     /tmp/ccmHBv72.s:2957   .text.Endpoint_Write_Control_Stream_BE:00000096 .LVL257
     /tmp/ccmHBv72.s:2985   .text.Endpoint_Write_Control_Stream_BE:000000a4 .LVL262
     /tmp/ccmHBv72.s:2995   .text.Endpoint_Write_Control_Stream_BE:000000ae .LVL263
     /tmp/ccmHBv72.s:2486   .text.Endpoint_Write_Control_Stream_LE:00000000 .LVL215
     /tmp/ccmHBv72.s:2505   .text.Endpoint_Write_Control_Stream_LE:0000000c .LVL217
     /tmp/ccmHBv72.s:2521   .text.Endpoint_Write_Control_Stream_LE:0000001a .LVL219
     /tmp/ccmHBv72.s:2547   .text.Endpoint_Write_Control_Stream_LE:0000002e .LVL221
     /tmp/ccmHBv72.s:2561   .text.Endpoint_Write_Control_Stream_LE:0000003a .LVL222
     /tmp/ccmHBv72.s:2517   .text.Endpoint_Write_Control_Stream_LE:00000018 .LVL218
     /tmp/ccmHBv72.s:2529   .text.Endpoint_Write_Control_Stream_LE:00000022 .LVL220
     /tmp/ccmHBv72.s:2666   .text.Endpoint_Write_Control_Stream_LE:00000082 .LVL228
     /tmp/ccmHBv72.s:2669   .text.Endpoint_Write_Control_Stream_LE:00000084 .LVL229
     /tmp/ccmHBv72.s:2700   .text.Endpoint_Write_Control_Stream_LE:00000092 .LVL234
     /tmp/ccmHBv72.s:2729   .text.Endpoint_Write_Control_Stream_LE:000000a0 .LVL237
     /tmp/ccmHBv72.s:2734   .text.Endpoint_Write_Control_Stream_LE:000000a2 .LVL238
     /tmp/ccmHBv72.s:2499   .text.Endpoint_Write_Control_Stream_LE:00000004 .LVL216
     /tmp/ccmHBv72.s:2676   .text.Endpoint_Write_Control_Stream_LE:00000086 .LVL230
     /tmp/ccmHBv72.s:2684   .text.Endpoint_Write_Control_Stream_LE:0000008a .LVL231
     /tmp/ccmHBv72.s:2631   .text.Endpoint_Write_Control_Stream_LE:00000064 .LVL225
     /tmp/ccmHBv72.s:2653   .text.Endpoint_Write_Control_Stream_LE:00000078 .LVL226
     /tmp/ccmHBv72.s:2570   .text.Endpoint_Write_Control_Stream_LE:0000003c .LVL223
     /tmp/ccmHBv72.s:2587   .text.Endpoint_Write_Control_Stream_LE:00000048 .LVL224
     /tmp/ccmHBv72.s:2662   .text.Endpoint_Write_Control_Stream_LE:0000007c .LVL227
     /tmp/ccmHBv72.s:2709   .text.Endpoint_Write_Control_Stream_LE:00000094 .LVL235
     /tmp/ccmHBv72.s:2718   .text.Endpoint_Write_Control_Stream_LE:0000009c .LVL236
     /tmp/ccmHBv72.s:2278   .text.Endpoint_Read_EStream_BE:00000002 .LCFI95
     /tmp/ccmHBv72.s:2282   .text.Endpoint_Read_EStream_BE:00000004 .LCFI96
     /tmp/ccmHBv72.s:2286   .text.Endpoint_Read_EStream_BE:00000006 .LCFI97
     /tmp/ccmHBv72.s:2290   .text.Endpoint_Read_EStream_BE:00000008 .LCFI98
     /tmp/ccmHBv72.s:2294   .text.Endpoint_Read_EStream_BE:0000000a .LCFI99
     /tmp/ccmHBv72.s:2298   .text.Endpoint_Read_EStream_BE:0000000c .LCFI100
     /tmp/ccmHBv72.s:2302   .text.Endpoint_Read_EStream_BE:0000000e .LCFI101
     /tmp/ccmHBv72.s:2306   .text.Endpoint_Read_EStream_BE:00000010 .LCFI102
     /tmp/ccmHBv72.s:2310   .text.Endpoint_Read_EStream_BE:00000012 .LCFI103
     /tmp/ccmHBv72.s:2272   .text.Endpoint_Read_EStream_BE:00000000 .LVL195
     /tmp/ccmHBv72.s:2341   .text.Endpoint_Read_EStream_BE:0000002a .LVL200
     /tmp/ccmHBv72.s:2371   .text.Endpoint_Read_EStream_BE:00000048 .LVL205
     /tmp/ccmHBv72.s:2470   .text.Endpoint_Read_EStream_BE:000000a8 .LVL213
     /tmp/ccmHBv72.s:2429   .text.Endpoint_Read_EStream_BE:00000084 .LVL207
     /tmp/ccmHBv72.s:2435   .text.Endpoint_Read_EStream_BE:0000008c .LVL208
     /tmp/ccmHBv72.s:2321   .text.Endpoint_Read_EStream_BE:00000018 .LVL196
     /tmp/ccmHBv72.s:2337   .text.Endpoint_Read_EStream_BE:00000026 .LVL199
     /tmp/ccmHBv72.s:2352   .text.Endpoint_Read_EStream_BE:00000036 .LVL201
     /tmp/ccmHBv72.s:2356   .text.Endpoint_Read_EStream_BE:0000003a .LVL202
     /tmp/ccmHBv72.s:2360   .text.Endpoint_Read_EStream_BE:0000003e .LVL203
     /tmp/ccmHBv72.s:2365   .text.Endpoint_Read_EStream_BE:00000042 .LVL204
     /tmp/ccmHBv72.s:2465   .text.Endpoint_Read_EStream_BE:000000a4 .LVL212
     /tmp/ccmHBv72.s:2476   .text.Endpoint_Read_EStream_BE:000000ae .LVL214
     /tmp/ccmHBv72.s:2330   .text.Endpoint_Read_EStream_BE:0000001e .LVL198
     /tmp/ccmHBv72.s:2447   .text.Endpoint_Read_EStream_BE:00000098 .LVL210
     /tmp/ccmHBv72.s:2074   .text.Endpoint_Read_EStream_LE:00000002 .LCFI86
     /tmp/ccmHBv72.s:2078   .text.Endpoint_Read_EStream_LE:00000004 .LCFI87
     /tmp/ccmHBv72.s:2082   .text.Endpoint_Read_EStream_LE:00000006 .LCFI88
     /tmp/ccmHBv72.s:2086   .text.Endpoint_Read_EStream_LE:00000008 .LCFI89
     /tmp/ccmHBv72.s:2090   .text.Endpoint_Read_EStream_LE:0000000a .LCFI90
     /tmp/ccmHBv72.s:2094   .text.Endpoint_Read_EStream_LE:0000000c .LCFI91
     /tmp/ccmHBv72.s:2098   .text.Endpoint_Read_EStream_LE:0000000e .LCFI92
     /tmp/ccmHBv72.s:2102   .text.Endpoint_Read_EStream_LE:00000010 .LCFI93
     /tmp/ccmHBv72.s:2106   .text.Endpoint_Read_EStream_LE:00000012 .LCFI94
     /tmp/ccmHBv72.s:2068   .text.Endpoint_Read_EStream_LE:00000000 .LVL178
     /tmp/ccmHBv72.s:2147   .text.Endpoint_Read_EStream_LE:00000036 .LVL183
     /tmp/ccmHBv72.s:2157   .text.Endpoint_Read_EStream_LE:0000003e .LVL185
     /tmp/ccmHBv72.s:2256   .text.Endpoint_Read_EStream_LE:0000009e .LVL193
     /tmp/ccmHBv72.s:2215   .text.Endpoint_Read_EStream_LE:0000007a .LVL187
     /tmp/ccmHBv72.s:2221   .text.Endpoint_Read_EStream_LE:00000082 .LVL188
     /tmp/ccmHBv72.s:2117   .text.Endpoint_Read_EStream_LE:00000018 .LVL179
     /tmp/ccmHBv72.s:2252   .text.Endpoint_Read_EStream_LE:0000009c .LVL192
     /tmp/ccmHBv72.s:2152   .text.Endpoint_Read_EStream_LE:0000003a .LVL184
     /tmp/ccmHBv72.s:2262   .text.Endpoint_Read_EStream_LE:000000a4 .LVL194
     /tmp/ccmHBv72.s:2126   .text.Endpoint_Read_EStream_LE:0000001e .LVL181
     /tmp/ccmHBv72.s:2233   .text.Endpoint_Read_EStream_LE:0000008e .LVL190
     /tmp/ccmHBv72.s:1859   .text.Endpoint_Write_EStream_BE:00000002 .LCFI77
     /tmp/ccmHBv72.s:1863   .text.Endpoint_Write_EStream_BE:00000004 .LCFI78
     /tmp/ccmHBv72.s:1867   .text.Endpoint_Write_EStream_BE:00000006 .LCFI79
     /tmp/ccmHBv72.s:1871   .text.Endpoint_Write_EStream_BE:00000008 .LCFI80
     /tmp/ccmHBv72.s:1875   .text.Endpoint_Write_EStream_BE:0000000a .LCFI81
     /tmp/ccmHBv72.s:1879   .text.Endpoint_Write_EStream_BE:0000000c .LCFI82
     /tmp/ccmHBv72.s:1883   .text.Endpoint_Write_EStream_BE:0000000e .LCFI83
     /tmp/ccmHBv72.s:1887   .text.Endpoint_Write_EStream_BE:00000010 .LCFI84
     /tmp/ccmHBv72.s:1891   .text.Endpoint_Write_EStream_BE:00000012 .LCFI85
     /tmp/ccmHBv72.s:1853   .text.Endpoint_Write_EStream_BE:00000000 .LVL157
     /tmp/ccmHBv72.s:1922   .text.Endpoint_Write_EStream_BE:0000002a .LVL162
     /tmp/ccmHBv72.s:1952   .text.Endpoint_Write_EStream_BE:00000048 .LVL167
     /tmp/ccmHBv72.s:2052   .text.Endpoint_Write_EStream_BE:000000a8 .LVL176
     /tmp/ccmHBv72.s:2010   .text.Endpoint_Write_EStream_BE:00000084 .LVL169
     /tmp/ccmHBv72.s:2016   .text.Endpoint_Write_EStream_BE:0000008c .LVL170
     /tmp/ccmHBv72.s:1902   .text.Endpoint_Write_EStream_BE:00000018 .LVL158
     /tmp/ccmHBv72.s:1918   .text.Endpoint_Write_EStream_BE:00000026 .LVL161
     /tmp/ccmHBv72.s:1933   .text.Endpoint_Write_EStream_BE:00000036 .LVL163
     /tmp/ccmHBv72.s:1937   .text.Endpoint_Write_EStream_BE:0000003a .LVL164
     /tmp/ccmHBv72.s:1941   .text.Endpoint_Write_EStream_BE:0000003e .LVL165
     /tmp/ccmHBv72.s:1946   .text.Endpoint_Write_EStream_BE:00000042 .LVL166
     /tmp/ccmHBv72.s:2047   .text.Endpoint_Write_EStream_BE:000000a4 .LVL175
     /tmp/ccmHBv72.s:2058   .text.Endpoint_Write_EStream_BE:000000ae .LVL177
     /tmp/ccmHBv72.s:1911   .text.Endpoint_Write_EStream_BE:0000001e .LVL160
     /tmp/ccmHBv72.s:2028   .text.Endpoint_Write_EStream_BE:00000098 .LVL172
     /tmp/ccmHBv72.s:2041   .text.Endpoint_Write_EStream_BE:000000a2 .LVL174
     /tmp/ccmHBv72.s:1654   .text.Endpoint_Write_EStream_LE:00000002 .LCFI68
     /tmp/ccmHBv72.s:1658   .text.Endpoint_Write_EStream_LE:00000004 .LCFI69
     /tmp/ccmHBv72.s:1662   .text.Endpoint_Write_EStream_LE:00000006 .LCFI70
     /tmp/ccmHBv72.s:1666   .text.Endpoint_Write_EStream_LE:00000008 .LCFI71
     /tmp/ccmHBv72.s:1670   .text.Endpoint_Write_EStream_LE:0000000a .LCFI72
     /tmp/ccmHBv72.s:1674   .text.Endpoint_Write_EStream_LE:0000000c .LCFI73
     /tmp/ccmHBv72.s:1678   .text.Endpoint_Write_EStream_LE:0000000e .LCFI74
     /tmp/ccmHBv72.s:1682   .text.Endpoint_Write_EStream_LE:00000010 .LCFI75
     /tmp/ccmHBv72.s:1686   .text.Endpoint_Write_EStream_LE:00000012 .LCFI76
     /tmp/ccmHBv72.s:1648   .text.Endpoint_Write_EStream_LE:00000000 .LVL139
     /tmp/ccmHBv72.s:1727   .text.Endpoint_Write_EStream_LE:00000036 .LVL144
     /tmp/ccmHBv72.s:1737   .text.Endpoint_Write_EStream_LE:0000003e .LVL146
     /tmp/ccmHBv72.s:1837   .text.Endpoint_Write_EStream_LE:0000009e .LVL155
     /tmp/ccmHBv72.s:1795   .text.Endpoint_Write_EStream_LE:0000007a .LVL148
     /tmp/ccmHBv72.s:1801   .text.Endpoint_Write_EStream_LE:00000082 .LVL149
     /tmp/ccmHBv72.s:1697   .text.Endpoint_Write_EStream_LE:00000018 .LVL140
     /tmp/ccmHBv72.s:1833   .text.Endpoint_Write_EStream_LE:0000009c .LVL154
     /tmp/ccmHBv72.s:1732   .text.Endpoint_Write_EStream_LE:0000003a .LVL145
     /tmp/ccmHBv72.s:1843   .text.Endpoint_Write_EStream_LE:000000a4 .LVL156
     /tmp/ccmHBv72.s:1706   .text.Endpoint_Write_EStream_LE:0000001e .LVL142
     /tmp/ccmHBv72.s:1813   .text.Endpoint_Write_EStream_LE:0000008e .LVL151
     /tmp/ccmHBv72.s:1826   .text.Endpoint_Write_EStream_LE:00000098 .LVL153
     /tmp/ccmHBv72.s:1427   .text.Endpoint_Write_PStream_BE:00000002 .LCFI59
     /tmp/ccmHBv72.s:1431   .text.Endpoint_Write_PStream_BE:00000004 .LCFI60
     /tmp/ccmHBv72.s:1435   .text.Endpoint_Write_PStream_BE:00000006 .LCFI61
     /tmp/ccmHBv72.s:1439   .text.Endpoint_Write_PStream_BE:00000008 .LCFI62
     /tmp/ccmHBv72.s:1443   .text.Endpoint_Write_PStream_BE:0000000a .LCFI63
     /tmp/ccmHBv72.s:1447   .text.Endpoint_Write_PStream_BE:0000000c .LCFI64
     /tmp/ccmHBv72.s:1451   .text.Endpoint_Write_PStream_BE:0000000e .LCFI65
     /tmp/ccmHBv72.s:1455   .text.Endpoint_Write_PStream_BE:00000010 .LCFI66
     /tmp/ccmHBv72.s:1459   .text.Endpoint_Write_PStream_BE:00000012 .LCFI67
     /tmp/ccmHBv72.s:1421   .text.Endpoint_Write_PStream_BE:00000000 .LVL118
     /tmp/ccmHBv72.s:1490   .text.Endpoint_Write_PStream_BE:0000002a .LVL123
     /tmp/ccmHBv72.s:1520   .text.Endpoint_Write_PStream_BE:00000048 .LVL128
     /tmp/ccmHBv72.s:1632   .text.Endpoint_Write_PStream_BE:000000a6 .LVL137
     /tmp/ccmHBv72.s:1578   .text.Endpoint_Write_PStream_BE:00000084 .LVL130
     /tmp/ccmHBv72.s:1584   .text.Endpoint_Write_PStream_BE:0000008c .LVL131
     /tmp/ccmHBv72.s:1470   .text.Endpoint_Write_PStream_BE:00000018 .LVL119
     /tmp/ccmHBv72.s:1486   .text.Endpoint_Write_PStream_BE:00000026 .LVL122
     /tmp/ccmHBv72.s:1501   .text.Endpoint_Write_PStream_BE:00000036 .LVL124
     /tmp/ccmHBv72.s:1505   .text.Endpoint_Write_PStream_BE:0000003a .LVL125
     /tmp/ccmHBv72.s:1509   .text.Endpoint_Write_PStream_BE:0000003e .LVL126
     /tmp/ccmHBv72.s:1514   .text.Endpoint_Write_PStream_BE:00000042 .LVL127
     /tmp/ccmHBv72.s:1627   .text.Endpoint_Write_PStream_BE:000000a2 .LVL136
     /tmp/ccmHBv72.s:1638   .text.Endpoint_Write_PStream_BE:000000ac .LVL138
     /tmp/ccmHBv72.s:1479   .text.Endpoint_Write_PStream_BE:0000001e .LVL121
     /tmp/ccmHBv72.s:1596   .text.Endpoint_Write_PStream_BE:00000098 .LVL133
     /tmp/ccmHBv72.s:1609   .text.Endpoint_Write_PStream_BE:0000009c .LVL134
     /tmp/ccmHBv72.s:1621   .text.Endpoint_Write_PStream_BE:000000a0 .LVL135
     /tmp/ccmHBv72.s:1210   .text.Endpoint_Write_PStream_LE:00000002 .LCFI50
     /tmp/ccmHBv72.s:1214   .text.Endpoint_Write_PStream_LE:00000004 .LCFI51
     /tmp/ccmHBv72.s:1218   .text.Endpoint_Write_PStream_LE:00000006 .LCFI52
     /tmp/ccmHBv72.s:1222   .text.Endpoint_Write_PStream_LE:00000008 .LCFI53
     /tmp/ccmHBv72.s:1226   .text.Endpoint_Write_PStream_LE:0000000a .LCFI54
     /tmp/ccmHBv72.s:1230   .text.Endpoint_Write_PStream_LE:0000000c .LCFI55
     /tmp/ccmHBv72.s:1234   .text.Endpoint_Write_PStream_LE:0000000e .LCFI56
     /tmp/ccmHBv72.s:1238   .text.Endpoint_Write_PStream_LE:00000010 .LCFI57
     /tmp/ccmHBv72.s:1242   .text.Endpoint_Write_PStream_LE:00000012 .LCFI58
     /tmp/ccmHBv72.s:1204   .text.Endpoint_Write_PStream_LE:00000000 .LVL100
     /tmp/ccmHBv72.s:1283   .text.Endpoint_Write_PStream_LE:00000036 .LVL105
     /tmp/ccmHBv72.s:1293   .text.Endpoint_Write_PStream_LE:0000003e .LVL107
     /tmp/ccmHBv72.s:1405   .text.Endpoint_Write_PStream_LE:0000009c .LVL116
     /tmp/ccmHBv72.s:1351   .text.Endpoint_Write_PStream_LE:0000007a .LVL109
     /tmp/ccmHBv72.s:1357   .text.Endpoint_Write_PStream_LE:00000082 .LVL110
     /tmp/ccmHBv72.s:1253   .text.Endpoint_Write_PStream_LE:00000018 .LVL101
     /tmp/ccmHBv72.s:1401   .text.Endpoint_Write_PStream_LE:0000009a .LVL115
     /tmp/ccmHBv72.s:1288   .text.Endpoint_Write_PStream_LE:0000003a .LVL106
     /tmp/ccmHBv72.s:1411   .text.Endpoint_Write_PStream_LE:000000a2 .LVL117
     /tmp/ccmHBv72.s:1262   .text.Endpoint_Write_PStream_LE:0000001e .LVL103
     /tmp/ccmHBv72.s:1369   .text.Endpoint_Write_PStream_LE:0000008e .LVL112
     /tmp/ccmHBv72.s:1382   .text.Endpoint_Write_PStream_LE:00000092 .LVL113
     /tmp/ccmHBv72.s:1394   .text.Endpoint_Write_PStream_LE:00000096 .LVL114
     /tmp/ccmHBv72.s:998    .text.Endpoint_Read_Stream_BE:00000002 .LCFI41
     /tmp/ccmHBv72.s:1002   .text.Endpoint_Read_Stream_BE:00000004 .LCFI42
     /tmp/ccmHBv72.s:1006   .text.Endpoint_Read_Stream_BE:00000006 .LCFI43
     /tmp/ccmHBv72.s:1010   .text.Endpoint_Read_Stream_BE:00000008 .LCFI44
     /tmp/ccmHBv72.s:1014   .text.Endpoint_Read_Stream_BE:0000000a .LCFI45
     /tmp/ccmHBv72.s:1018   .text.Endpoint_Read_Stream_BE:0000000c .LCFI46
     /tmp/ccmHBv72.s:1022   .text.Endpoint_Read_Stream_BE:0000000e .LCFI47
     /tmp/ccmHBv72.s:1026   .text.Endpoint_Read_Stream_BE:00000010 .LCFI48
     /tmp/ccmHBv72.s:1030   .text.Endpoint_Read_Stream_BE:00000012 .LCFI49
     /tmp/ccmHBv72.s:992    .text.Endpoint_Read_Stream_BE:00000000 .LVL81
     /tmp/ccmHBv72.s:1061   .text.Endpoint_Read_Stream_BE:0000002a .LVL86
     /tmp/ccmHBv72.s:1091   .text.Endpoint_Read_Stream_BE:00000048 .LVL91
     /tmp/ccmHBv72.s:1188   .text.Endpoint_Read_Stream_BE:000000a4 .LVL98
     /tmp/ccmHBv72.s:1149   .text.Endpoint_Read_Stream_BE:00000084 .LVL93
     /tmp/ccmHBv72.s:1155   .text.Endpoint_Read_Stream_BE:0000008c .LVL94
     /tmp/ccmHBv72.s:1041   .text.Endpoint_Read_Stream_BE:00000018 .LVL82
     /tmp/ccmHBv72.s:1057   .text.Endpoint_Read_Stream_BE:00000026 .LVL85
     /tmp/ccmHBv72.s:1072   .text.Endpoint_Read_Stream_BE:00000036 .LVL87
     /tmp/ccmHBv72.s:1076   .text.Endpoint_Read_Stream_BE:0000003a .LVL88
     /tmp/ccmHBv72.s:1080   .text.Endpoint_Read_Stream_BE:0000003e .LVL89
     /tmp/ccmHBv72.s:1085   .text.Endpoint_Read_Stream_BE:00000042 .LVL90
     /tmp/ccmHBv72.s:1183   .text.Endpoint_Read_Stream_BE:000000a0 .LVL97
     /tmp/ccmHBv72.s:1194   .text.Endpoint_Read_Stream_BE:000000aa .LVL99
     /tmp/ccmHBv72.s:1050   .text.Endpoint_Read_Stream_BE:0000001e .LVL84
     /tmp/ccmHBv72.s:1167   .text.Endpoint_Read_Stream_BE:00000098 .LVL96
     /tmp/ccmHBv72.s:796    .text.Endpoint_Read_Stream_LE:00000002 .LCFI32
     /tmp/ccmHBv72.s:800    .text.Endpoint_Read_Stream_LE:00000004 .LCFI33
     /tmp/ccmHBv72.s:804    .text.Endpoint_Read_Stream_LE:00000006 .LCFI34
     /tmp/ccmHBv72.s:808    .text.Endpoint_Read_Stream_LE:00000008 .LCFI35
     /tmp/ccmHBv72.s:812    .text.Endpoint_Read_Stream_LE:0000000a .LCFI36
     /tmp/ccmHBv72.s:816    .text.Endpoint_Read_Stream_LE:0000000c .LCFI37
     /tmp/ccmHBv72.s:820    .text.Endpoint_Read_Stream_LE:0000000e .LCFI38
     /tmp/ccmHBv72.s:824    .text.Endpoint_Read_Stream_LE:00000010 .LCFI39
     /tmp/ccmHBv72.s:828    .text.Endpoint_Read_Stream_LE:00000012 .LCFI40
     /tmp/ccmHBv72.s:790    .text.Endpoint_Read_Stream_LE:00000000 .LVL65
     /tmp/ccmHBv72.s:869    .text.Endpoint_Read_Stream_LE:00000036 .LVL70
     /tmp/ccmHBv72.s:879    .text.Endpoint_Read_Stream_LE:0000003e .LVL72
     /tmp/ccmHBv72.s:976    .text.Endpoint_Read_Stream_LE:0000009a .LVL79
     /tmp/ccmHBv72.s:935    .text.Endpoint_Read_Stream_LE:00000076 .LVL74
     /tmp/ccmHBv72.s:943    .text.Endpoint_Read_Stream_LE:00000082 .LVL75
     /tmp/ccmHBv72.s:839    .text.Endpoint_Read_Stream_LE:00000018 .LVL66
     /tmp/ccmHBv72.s:972    .text.Endpoint_Read_Stream_LE:00000098 .LVL78
     /tmp/ccmHBv72.s:874    .text.Endpoint_Read_Stream_LE:0000003a .LVL71
     /tmp/ccmHBv72.s:982    .text.Endpoint_Read_Stream_LE:000000a0 .LVL80
     /tmp/ccmHBv72.s:848    .text.Endpoint_Read_Stream_LE:0000001e .LVL68
     /tmp/ccmHBv72.s:955    .text.Endpoint_Read_Stream_LE:0000008e .LVL77
     /tmp/ccmHBv72.s:582    .text.Endpoint_Write_Stream_BE:00000002 .LCFI23
     /tmp/ccmHBv72.s:586    .text.Endpoint_Write_Stream_BE:00000004 .LCFI24
     /tmp/ccmHBv72.s:590    .text.Endpoint_Write_Stream_BE:00000006 .LCFI25
     /tmp/ccmHBv72.s:594    .text.Endpoint_Write_Stream_BE:00000008 .LCFI26
     /tmp/ccmHBv72.s:598    .text.Endpoint_Write_Stream_BE:0000000a .LCFI27
     /tmp/ccmHBv72.s:602    .text.Endpoint_Write_Stream_BE:0000000c .LCFI28
     /tmp/ccmHBv72.s:606    .text.Endpoint_Write_Stream_BE:0000000e .LCFI29
     /tmp/ccmHBv72.s:610    .text.Endpoint_Write_Stream_BE:00000010 .LCFI30
     /tmp/ccmHBv72.s:614    .text.Endpoint_Write_Stream_BE:00000012 .LCFI31
     /tmp/ccmHBv72.s:576    .text.Endpoint_Write_Stream_BE:00000000 .LVL44
     /tmp/ccmHBv72.s:645    .text.Endpoint_Write_Stream_BE:0000002a .LVL49
     /tmp/ccmHBv72.s:675    .text.Endpoint_Write_Stream_BE:00000048 .LVL54
     /tmp/ccmHBv72.s:774    .text.Endpoint_Write_Stream_BE:000000a4 .LVL63
     /tmp/ccmHBv72.s:733    .text.Endpoint_Write_Stream_BE:00000084 .LVL56
     /tmp/ccmHBv72.s:739    .text.Endpoint_Write_Stream_BE:0000008c .LVL57
     /tmp/ccmHBv72.s:625    .text.Endpoint_Write_Stream_BE:00000018 .LVL45
     /tmp/ccmHBv72.s:641    .text.Endpoint_Write_Stream_BE:00000026 .LVL48
     /tmp/ccmHBv72.s:656    .text.Endpoint_Write_Stream_BE:00000036 .LVL50
     /tmp/ccmHBv72.s:660    .text.Endpoint_Write_Stream_BE:0000003a .LVL51
     /tmp/ccmHBv72.s:664    .text.Endpoint_Write_Stream_BE:0000003e .LVL52
     /tmp/ccmHBv72.s:669    .text.Endpoint_Write_Stream_BE:00000042 .LVL53
     /tmp/ccmHBv72.s:769    .text.Endpoint_Write_Stream_BE:000000a0 .LVL62
     /tmp/ccmHBv72.s:780    .text.Endpoint_Write_Stream_BE:000000aa .LVL64
     /tmp/ccmHBv72.s:634    .text.Endpoint_Write_Stream_BE:0000001e .LVL47
     /tmp/ccmHBv72.s:751    .text.Endpoint_Write_Stream_BE:00000098 .LVL59
     /tmp/ccmHBv72.s:755    .text.Endpoint_Write_Stream_BE:0000009a .LVL60
     /tmp/ccmHBv72.s:763    .text.Endpoint_Write_Stream_BE:0000009e .LVL61
     /tmp/ccmHBv72.s:379    .text.Endpoint_Write_Stream_LE:00000002 .LCFI14
     /tmp/ccmHBv72.s:383    .text.Endpoint_Write_Stream_LE:00000004 .LCFI15
     /tmp/ccmHBv72.s:387    .text.Endpoint_Write_Stream_LE:00000006 .LCFI16
     /tmp/ccmHBv72.s:391    .text.Endpoint_Write_Stream_LE:00000008 .LCFI17
     /tmp/ccmHBv72.s:395    .text.Endpoint_Write_Stream_LE:0000000a .LCFI18
     /tmp/ccmHBv72.s:399    .text.Endpoint_Write_Stream_LE:0000000c .LCFI19
     /tmp/ccmHBv72.s:403    .text.Endpoint_Write_Stream_LE:0000000e .LCFI20
     /tmp/ccmHBv72.s:407    .text.Endpoint_Write_Stream_LE:00000010 .LCFI21
     /tmp/ccmHBv72.s:411    .text.Endpoint_Write_Stream_LE:00000012 .LCFI22
     /tmp/ccmHBv72.s:372    .text.Endpoint_Write_Stream_LE:00000000 .LVL27
     /tmp/ccmHBv72.s:452    .text.Endpoint_Write_Stream_LE:00000036 .LVL32
     /tmp/ccmHBv72.s:462    .text.Endpoint_Write_Stream_LE:0000003e .LVL34
     /tmp/ccmHBv72.s:560    .text.Endpoint_Write_Stream_LE:0000009a .LVL42
     /tmp/ccmHBv72.s:518    .text.Endpoint_Write_Stream_LE:00000076 .LVL36
     /tmp/ccmHBv72.s:526    .text.Endpoint_Write_Stream_LE:00000082 .LVL37
     /tmp/ccmHBv72.s:422    .text.Endpoint_Write_Stream_LE:00000018 .LVL28
     /tmp/ccmHBv72.s:552    .text.Endpoint_Write_Stream_LE:00000098 .LVL41
     /tmp/ccmHBv72.s:457    .text.Endpoint_Write_Stream_LE:0000003a .LVL33
     /tmp/ccmHBv72.s:566    .text.Endpoint_Write_Stream_LE:000000a0 .LVL43
     /tmp/ccmHBv72.s:431    .text.Endpoint_Write_Stream_LE:0000001e .LVL30
     /tmp/ccmHBv72.s:538    .text.Endpoint_Write_Stream_LE:0000008e .LVL39
     /tmp/ccmHBv72.s:544    .text.Endpoint_Write_Stream_LE:00000094 .LVL40
     /tmp/ccmHBv72.s:200    .text.Endpoint_Null_Stream:00000002 .LCFI7
     /tmp/ccmHBv72.s:204    .text.Endpoint_Null_Stream:00000004 .LCFI8
     /tmp/ccmHBv72.s:208    .text.Endpoint_Null_Stream:00000006 .LCFI9
     /tmp/ccmHBv72.s:212    .text.Endpoint_Null_Stream:00000008 .LCFI10
     /tmp/ccmHBv72.s:216    .text.Endpoint_Null_Stream:0000000a .LCFI11
     /tmp/ccmHBv72.s:220    .text.Endpoint_Null_Stream:0000000c .LCFI12
     /tmp/ccmHBv72.s:224    .text.Endpoint_Null_Stream:0000000e .LCFI13
     /tmp/ccmHBv72.s:194    .text.Endpoint_Null_Stream:00000000 .LVL13
     /tmp/ccmHBv72.s:268    .text.Endpoint_Null_Stream:00000034 .LVL19
     /tmp/ccmHBv72.s:356    .text.Endpoint_Null_Stream:00000082 .LVL25
     /tmp/ccmHBv72.s:321    .text.Endpoint_Null_Stream:00000068 .LVL20
     /tmp/ccmHBv72.s:327    .text.Endpoint_Null_Stream:00000070 .LVL21
     /tmp/ccmHBv72.s:242    .text.Endpoint_Null_Stream:00000018 .LVL16
     /tmp/ccmHBv72.s:263    .text.Endpoint_Null_Stream:00000030 .LVL18
     /tmp/ccmHBv72.s:339    .text.Endpoint_Null_Stream:0000007c .LVL23
     /tmp/ccmHBv72.s:235    .text.Endpoint_Null_Stream:00000012 .LVL14
     /tmp/ccmHBv72.s:362    .text.Endpoint_Null_Stream:00000088 .LVL26
     /tmp/ccmHBv72.s:349    .text.Endpoint_Null_Stream:00000080 .LVL24
     /tmp/ccmHBv72.s:21     .text.Endpoint_Discard_Stream:00000002 .LCFI0
     /tmp/ccmHBv72.s:25     .text.Endpoint_Discard_Stream:00000004 .LCFI1
     /tmp/ccmHBv72.s:29     .text.Endpoint_Discard_Stream:00000006 .LCFI2
     /tmp/ccmHBv72.s:33     .text.Endpoint_Discard_Stream:00000008 .LCFI3
     /tmp/ccmHBv72.s:37     .text.Endpoint_Discard_Stream:0000000a .LCFI4
     /tmp/ccmHBv72.s:41     .text.Endpoint_Discard_Stream:0000000c .LCFI5
     /tmp/ccmHBv72.s:45     .text.Endpoint_Discard_Stream:0000000e .LCFI6
     /tmp/ccmHBv72.s:15     .text.Endpoint_Discard_Stream:00000000 .LVL0
     /tmp/ccmHBv72.s:89     .text.Endpoint_Discard_Stream:00000034 .LVL6
     /tmp/ccmHBv72.s:178    .text.Endpoint_Discard_Stream:00000082 .LVL11
     /tmp/ccmHBv72.s:143    .text.Endpoint_Discard_Stream:00000068 .LVL7
     /tmp/ccmHBv72.s:149    .text.Endpoint_Discard_Stream:00000070 .LVL8
     /tmp/ccmHBv72.s:63     .text.Endpoint_Discard_Stream:00000018 .LVL3
     /tmp/ccmHBv72.s:84     .text.Endpoint_Discard_Stream:00000030 .LVL5
     /tmp/ccmHBv72.s:161    .text.Endpoint_Discard_Stream:0000007c .LVL10
     /tmp/ccmHBv72.s:56     .text.Endpoint_Discard_Stream:00000012 .LVL1
     /tmp/ccmHBv72.s:184    .text.Endpoint_Discard_Stream:00000088 .LVL12
     /tmp/ccmHBv72.s:5002   .debug_info:00000000 .Ldebug_info0
     /tmp/ccmHBv72.s:2566   .text.Endpoint_Write_Control_Stream_LE:0000003a .LBB334
     /tmp/ccmHBv72.s:2704   .text.Endpoint_Write_Control_Stream_LE:00000092 .LBE334
     /tmp/ccmHBv72.s:2722   .text.Endpoint_Write_Control_Stream_LE:0000009c .LBB349
     /tmp/ccmHBv72.s:2726   .text.Endpoint_Write_Control_Stream_LE:0000009e .LBE349
     /tmp/ccmHBv72.s:2731   .text.Endpoint_Write_Control_Stream_LE:000000a0 .LBB350
     /tmp/ccmHBv72.s:2742   .text.Endpoint_Write_Control_Stream_LE:000000a8 .LBE350
     /tmp/ccmHBv72.s:2837   .text.Endpoint_Write_Control_Stream_BE:00000042 .LBB355
     /tmp/ccmHBv72.s:2980   .text.Endpoint_Write_Control_Stream_BE:000000a2 .LBE355
     /tmp/ccmHBv72.s:2999   .text.Endpoint_Write_Control_Stream_BE:000000ae .LBB370
     /tmp/ccmHBv72.s:3003   .text.Endpoint_Write_Control_Stream_BE:000000b0 .LBE370
     /tmp/ccmHBv72.s:3008   .text.Endpoint_Write_Control_Stream_BE:000000b2 .LBB371
     /tmp/ccmHBv72.s:3019   .text.Endpoint_Write_Control_Stream_BE:000000ba .LBE371
     /tmp/ccmHBv72.s:3047   .text.Endpoint_Read_Control_Stream_LE:00000008 .LBB372
     /tmp/ccmHBv72.s:3062   .text.Endpoint_Read_Control_Stream_LE:00000012 .LBE372
     /tmp/ccmHBv72.s:3086   .text.Endpoint_Read_Control_Stream_LE:00000022 .LBB385
     /tmp/ccmHBv72.s:3167   .text.Endpoint_Read_Control_Stream_LE:00000054 .LBE385
     /tmp/ccmHBv72.s:3185   .text.Endpoint_Read_Control_Stream_LE:0000005e .LBB387
     /tmp/ccmHBv72.s:3189   .text.Endpoint_Read_Control_Stream_LE:00000060 .LBE387
     /tmp/ccmHBv72.s:3194   .text.Endpoint_Read_Control_Stream_LE:00000062 .LBB388
     /tmp/ccmHBv72.s:3203   .text.Endpoint_Read_Control_Stream_LE:0000006a .LBE388
     /tmp/ccmHBv72.s:3235   .text.Endpoint_Read_Control_Stream_BE:0000000e .LBB389
     /tmp/ccmHBv72.s:3250   .text.Endpoint_Read_Control_Stream_BE:00000018 .LBE389
     /tmp/ccmHBv72.s:3274   .text.Endpoint_Read_Control_Stream_BE:0000002a .LBB402
     /tmp/ccmHBv72.s:3357   .text.Endpoint_Read_Control_Stream_BE:00000060 .LBE402
     /tmp/ccmHBv72.s:3375   .text.Endpoint_Read_Control_Stream_BE:0000006a .LBB404
     /tmp/ccmHBv72.s:3379   .text.Endpoint_Read_Control_Stream_BE:0000006c .LBE404
     /tmp/ccmHBv72.s:3384   .text.Endpoint_Read_Control_Stream_BE:0000006e .LBB405
     /tmp/ccmHBv72.s:3393   .text.Endpoint_Read_Control_Stream_BE:00000076 .LBE405
     /tmp/ccmHBv72.s:3480   .text.Endpoint_Write_Control_PStream_LE:0000003a .LBB410
     /tmp/ccmHBv72.s:3632   .text.Endpoint_Write_Control_PStream_LE:00000094 .LBE410
     /tmp/ccmHBv72.s:3651   .text.Endpoint_Write_Control_PStream_LE:000000a0 .LBB426
     /tmp/ccmHBv72.s:3655   .text.Endpoint_Write_Control_PStream_LE:000000a2 .LBE426
     /tmp/ccmHBv72.s:3660   .text.Endpoint_Write_Control_PStream_LE:000000a4 .LBB427
     /tmp/ccmHBv72.s:3671   .text.Endpoint_Write_Control_PStream_LE:000000ac .LBE427
     /tmp/ccmHBv72.s:3766   .text.Endpoint_Write_Control_PStream_BE:00000042 .LBB432
     /tmp/ccmHBv72.s:3921   .text.Endpoint_Write_Control_PStream_BE:000000a2 .LBE432
     /tmp/ccmHBv72.s:3940   .text.Endpoint_Write_Control_PStream_BE:000000ae .LBB448
     /tmp/ccmHBv72.s:3944   .text.Endpoint_Write_Control_PStream_BE:000000b0 .LBE448
     /tmp/ccmHBv72.s:3949   .text.Endpoint_Write_Control_PStream_BE:000000b2 .LBB449
     /tmp/ccmHBv72.s:3960   .text.Endpoint_Write_Control_PStream_BE:000000ba .LBE449
     /tmp/ccmHBv72.s:4082   .text.Endpoint_Write_Control_EStream_LE:00000052 .LBB454
     /tmp/ccmHBv72.s:4226   .text.Endpoint_Write_Control_EStream_LE:000000b6 .LBE454
     /tmp/ccmHBv72.s:4245   .text.Endpoint_Write_Control_EStream_LE:000000c2 .LBB469
     /tmp/ccmHBv72.s:4261   .text.Endpoint_Write_Control_EStream_LE:000000ce .LBE469
     /tmp/ccmHBv72.s:4394   .text.Endpoint_Write_Control_EStream_BE:0000005c .LBB474
     /tmp/ccmHBv72.s:4538   .text.Endpoint_Write_Control_EStream_BE:000000c0 .LBE474
     /tmp/ccmHBv72.s:4557   .text.Endpoint_Write_Control_EStream_BE:000000cc .LBB489
     /tmp/ccmHBv72.s:4573   .text.Endpoint_Write_Control_EStream_BE:000000d8 .LBE489
     /tmp/ccmHBv72.s:4616   .text.Endpoint_Read_Control_EStream_LE:00000010 .LBB490
     /tmp/ccmHBv72.s:4631   .text.Endpoint_Read_Control_EStream_LE:0000001a .LBE490
     /tmp/ccmHBv72.s:4661   .text.Endpoint_Read_Control_EStream_LE:00000032 .LBB503
     /tmp/ccmHBv72.s:4746   .text.Endpoint_Read_Control_EStream_LE:0000006c .LBE503
     /tmp/ccmHBv72.s:4764   .text.Endpoint_Read_Control_EStream_LE:00000076 .LBB505
     /tmp/ccmHBv72.s:4778   .text.Endpoint_Read_Control_EStream_LE:00000082 .LBE505
     /tmp/ccmHBv72.s:4827   .text.Endpoint_Read_Control_EStream_BE:00000018 .LBB506
     /tmp/ccmHBv72.s:4842   .text.Endpoint_Read_Control_EStream_BE:00000022 .LBE506
     /tmp/ccmHBv72.s:4872   .text.Endpoint_Read_Control_EStream_BE:0000003a .LBB519
     /tmp/ccmHBv72.s:4957   .text.Endpoint_Read_Control_EStream_BE:00000074 .LBE519
     /tmp/ccmHBv72.s:4975   .text.Endpoint_Read_Control_EStream_BE:0000007e .LBB521
     /tmp/ccmHBv72.s:4989   .text.Endpoint_Read_Control_EStream_BE:0000008a .LBE521

UNDEFINED SYMBOLS
Endpoint_WaitUntilReady
USB_USBTask
eeprom_read_byte
eeprom_update_byte
USB_ControlRequest
