   1               		.file	"USBController_AVR8.c"
   2               	__SP_H__ = 0x3e
   3               	__SP_L__ = 0x3d
   4               	__SREG__ = 0x3f
   5               	__tmp_reg__ = 0
   6               	__zero_reg__ = 1
   7               		.text
   8               	.Ltext0:
   9               		.cfi_sections	.debug_frame
  10               		.file 1 "../lufa-LUFA-111009/LUFA/Drivers/USB/Core/AVR8/USBController_AVR8.c"
  11               		.section	.text.USB_Disable,"ax",@progbits
  12               	.global	USB_Disable
  14               	USB_Disable:
  15               	.LFB86:
   1:../lufa-LUFA-111009/LUFA/Drivers/USB/Core/AVR8/USBController_AVR8.c **** /*
   2:../lufa-LUFA-111009/LUFA/Drivers/USB/Core/AVR8/USBController_AVR8.c ****              LUFA Library
   3:../lufa-LUFA-111009/LUFA/Drivers/USB/Core/AVR8/USBController_AVR8.c ****      Copyright (C) Dean Camera, 2011.
   4:../lufa-LUFA-111009/LUFA/Drivers/USB/Core/AVR8/USBController_AVR8.c **** 
   5:../lufa-LUFA-111009/LUFA/Drivers/USB/Core/AVR8/USBController_AVR8.c ****   dean [at] fourwalledcubicle [dot] com
   6:../lufa-LUFA-111009/LUFA/Drivers/USB/Core/AVR8/USBController_AVR8.c ****            www.lufa-lib.org
   7:../lufa-LUFA-111009/LUFA/Drivers/USB/Core/AVR8/USBController_AVR8.c **** */
   8:../lufa-LUFA-111009/LUFA/Drivers/USB/Core/AVR8/USBController_AVR8.c **** 
   9:../lufa-LUFA-111009/LUFA/Drivers/USB/Core/AVR8/USBController_AVR8.c **** /*
  10:../lufa-LUFA-111009/LUFA/Drivers/USB/Core/AVR8/USBController_AVR8.c ****   Copyright 2011  Dean Camera (dean [at] fourwalledcubicle [dot] com)
  11:../lufa-LUFA-111009/LUFA/Drivers/USB/Core/AVR8/USBController_AVR8.c **** 
  12:../lufa-LUFA-111009/LUFA/Drivers/USB/Core/AVR8/USBController_AVR8.c ****   Permission to use, copy, modify, distribute, and sell this
  13:../lufa-LUFA-111009/LUFA/Drivers/USB/Core/AVR8/USBController_AVR8.c ****   software and its documentation for any purpose is hereby granted
  14:../lufa-LUFA-111009/LUFA/Drivers/USB/Core/AVR8/USBController_AVR8.c ****   without fee, provided that the above copyright notice appear in
  15:../lufa-LUFA-111009/LUFA/Drivers/USB/Core/AVR8/USBController_AVR8.c ****   all copies and that both that the copyright notice and this
  16:../lufa-LUFA-111009/LUFA/Drivers/USB/Core/AVR8/USBController_AVR8.c ****   permission notice and warranty disclaimer appear in supporting
  17:../lufa-LUFA-111009/LUFA/Drivers/USB/Core/AVR8/USBController_AVR8.c ****   documentation, and that the name of the author not be used in
  18:../lufa-LUFA-111009/LUFA/Drivers/USB/Core/AVR8/USBController_AVR8.c ****   advertising or publicity pertaining to distribution of the
  19:../lufa-LUFA-111009/LUFA/Drivers/USB/Core/AVR8/USBController_AVR8.c ****   software without specific, written prior permission.
  20:../lufa-LUFA-111009/LUFA/Drivers/USB/Core/AVR8/USBController_AVR8.c **** 
  21:../lufa-LUFA-111009/LUFA/Drivers/USB/Core/AVR8/USBController_AVR8.c ****   The author disclaim all warranties with regard to this
  22:../lufa-LUFA-111009/LUFA/Drivers/USB/Core/AVR8/USBController_AVR8.c ****   software, including all implied warranties of merchantability
  23:../lufa-LUFA-111009/LUFA/Drivers/USB/Core/AVR8/USBController_AVR8.c ****   and fitness.  In no event shall the author be liable for any
  24:../lufa-LUFA-111009/LUFA/Drivers/USB/Core/AVR8/USBController_AVR8.c ****   special, indirect or consequential damages or any damages
  25:../lufa-LUFA-111009/LUFA/Drivers/USB/Core/AVR8/USBController_AVR8.c ****   whatsoever resulting from loss of use, data or profits, whether
  26:../lufa-LUFA-111009/LUFA/Drivers/USB/Core/AVR8/USBController_AVR8.c ****   in an action of contract, negligence or other tortious action,
  27:../lufa-LUFA-111009/LUFA/Drivers/USB/Core/AVR8/USBController_AVR8.c ****   arising out of or in connection with the use or performance of
  28:../lufa-LUFA-111009/LUFA/Drivers/USB/Core/AVR8/USBController_AVR8.c ****   this software.
  29:../lufa-LUFA-111009/LUFA/Drivers/USB/Core/AVR8/USBController_AVR8.c **** */
  30:../lufa-LUFA-111009/LUFA/Drivers/USB/Core/AVR8/USBController_AVR8.c **** 
  31:../lufa-LUFA-111009/LUFA/Drivers/USB/Core/AVR8/USBController_AVR8.c **** #define  __INCLUDE_FROM_USB_DRIVER
  32:../lufa-LUFA-111009/LUFA/Drivers/USB/Core/AVR8/USBController_AVR8.c **** #define  __INCLUDE_FROM_USB_CONTROLLER_C
  33:../lufa-LUFA-111009/LUFA/Drivers/USB/Core/AVR8/USBController_AVR8.c **** #include "../USBController.h"
  34:../lufa-LUFA-111009/LUFA/Drivers/USB/Core/AVR8/USBController_AVR8.c **** 
  35:../lufa-LUFA-111009/LUFA/Drivers/USB/Core/AVR8/USBController_AVR8.c **** #if (!defined(USB_HOST_ONLY) && !defined(USB_DEVICE_ONLY))
  36:../lufa-LUFA-111009/LUFA/Drivers/USB/Core/AVR8/USBController_AVR8.c **** volatile uint8_t USB_CurrentMode = USB_MODE_None;
  37:../lufa-LUFA-111009/LUFA/Drivers/USB/Core/AVR8/USBController_AVR8.c **** #endif
  38:../lufa-LUFA-111009/LUFA/Drivers/USB/Core/AVR8/USBController_AVR8.c **** 
  39:../lufa-LUFA-111009/LUFA/Drivers/USB/Core/AVR8/USBController_AVR8.c **** #if !defined(USE_STATIC_OPTIONS)
  40:../lufa-LUFA-111009/LUFA/Drivers/USB/Core/AVR8/USBController_AVR8.c **** volatile uint8_t USB_Options;
  41:../lufa-LUFA-111009/LUFA/Drivers/USB/Core/AVR8/USBController_AVR8.c **** #endif
  42:../lufa-LUFA-111009/LUFA/Drivers/USB/Core/AVR8/USBController_AVR8.c **** 
  43:../lufa-LUFA-111009/LUFA/Drivers/USB/Core/AVR8/USBController_AVR8.c **** void USB_Init(
  44:../lufa-LUFA-111009/LUFA/Drivers/USB/Core/AVR8/USBController_AVR8.c ****                #if defined(USB_CAN_BE_BOTH)
  45:../lufa-LUFA-111009/LUFA/Drivers/USB/Core/AVR8/USBController_AVR8.c ****                const uint8_t Mode
  46:../lufa-LUFA-111009/LUFA/Drivers/USB/Core/AVR8/USBController_AVR8.c ****                #endif
  47:../lufa-LUFA-111009/LUFA/Drivers/USB/Core/AVR8/USBController_AVR8.c **** 
  48:../lufa-LUFA-111009/LUFA/Drivers/USB/Core/AVR8/USBController_AVR8.c ****                #if (defined(USB_CAN_BE_BOTH) && !defined(USE_STATIC_OPTIONS))
  49:../lufa-LUFA-111009/LUFA/Drivers/USB/Core/AVR8/USBController_AVR8.c ****                ,
  50:../lufa-LUFA-111009/LUFA/Drivers/USB/Core/AVR8/USBController_AVR8.c ****                #elif (!defined(USB_CAN_BE_BOTH) && defined(USE_STATIC_OPTIONS))
  51:../lufa-LUFA-111009/LUFA/Drivers/USB/Core/AVR8/USBController_AVR8.c ****                void
  52:../lufa-LUFA-111009/LUFA/Drivers/USB/Core/AVR8/USBController_AVR8.c ****                #endif
  53:../lufa-LUFA-111009/LUFA/Drivers/USB/Core/AVR8/USBController_AVR8.c **** 
  54:../lufa-LUFA-111009/LUFA/Drivers/USB/Core/AVR8/USBController_AVR8.c ****                #if !defined(USE_STATIC_OPTIONS)
  55:../lufa-LUFA-111009/LUFA/Drivers/USB/Core/AVR8/USBController_AVR8.c ****                const uint8_t Options
  56:../lufa-LUFA-111009/LUFA/Drivers/USB/Core/AVR8/USBController_AVR8.c ****                #endif
  57:../lufa-LUFA-111009/LUFA/Drivers/USB/Core/AVR8/USBController_AVR8.c ****                )
  58:../lufa-LUFA-111009/LUFA/Drivers/USB/Core/AVR8/USBController_AVR8.c **** {
  59:../lufa-LUFA-111009/LUFA/Drivers/USB/Core/AVR8/USBController_AVR8.c **** 	#if !defined(USE_STATIC_OPTIONS)
  60:../lufa-LUFA-111009/LUFA/Drivers/USB/Core/AVR8/USBController_AVR8.c **** 	USB_Options = Options;
  61:../lufa-LUFA-111009/LUFA/Drivers/USB/Core/AVR8/USBController_AVR8.c **** 	#endif
  62:../lufa-LUFA-111009/LUFA/Drivers/USB/Core/AVR8/USBController_AVR8.c **** 
  63:../lufa-LUFA-111009/LUFA/Drivers/USB/Core/AVR8/USBController_AVR8.c **** 	if (!(USB_Options & USB_OPT_REG_DISABLED))
  64:../lufa-LUFA-111009/LUFA/Drivers/USB/Core/AVR8/USBController_AVR8.c **** 	  USB_REG_On();
  65:../lufa-LUFA-111009/LUFA/Drivers/USB/Core/AVR8/USBController_AVR8.c **** 	else
  66:../lufa-LUFA-111009/LUFA/Drivers/USB/Core/AVR8/USBController_AVR8.c **** 	  USB_REG_Off();
  67:../lufa-LUFA-111009/LUFA/Drivers/USB/Core/AVR8/USBController_AVR8.c **** 
  68:../lufa-LUFA-111009/LUFA/Drivers/USB/Core/AVR8/USBController_AVR8.c **** 	if (!(USB_Options & USB_OPT_MANUAL_PLL))
  69:../lufa-LUFA-111009/LUFA/Drivers/USB/Core/AVR8/USBController_AVR8.c **** 	{
  70:../lufa-LUFA-111009/LUFA/Drivers/USB/Core/AVR8/USBController_AVR8.c **** 		#if defined(USB_SERIES_4_AVR)
  71:../lufa-LUFA-111009/LUFA/Drivers/USB/Core/AVR8/USBController_AVR8.c **** 		PLLFRQ = ((1 << PLLUSB) | (1 << PDIV3) | (1 << PDIV1));
  72:../lufa-LUFA-111009/LUFA/Drivers/USB/Core/AVR8/USBController_AVR8.c **** 		#endif
  73:../lufa-LUFA-111009/LUFA/Drivers/USB/Core/AVR8/USBController_AVR8.c **** 	}
  74:../lufa-LUFA-111009/LUFA/Drivers/USB/Core/AVR8/USBController_AVR8.c **** 
  75:../lufa-LUFA-111009/LUFA/Drivers/USB/Core/AVR8/USBController_AVR8.c **** 	#if defined(USB_CAN_BE_BOTH)
  76:../lufa-LUFA-111009/LUFA/Drivers/USB/Core/AVR8/USBController_AVR8.c **** 	if (Mode == USB_MODE_UID)
  77:../lufa-LUFA-111009/LUFA/Drivers/USB/Core/AVR8/USBController_AVR8.c **** 	{
  78:../lufa-LUFA-111009/LUFA/Drivers/USB/Core/AVR8/USBController_AVR8.c **** 		UHWCON |=  (1 << UIDE);
  79:../lufa-LUFA-111009/LUFA/Drivers/USB/Core/AVR8/USBController_AVR8.c **** 		USB_INT_Enable(USB_INT_IDTI);
  80:../lufa-LUFA-111009/LUFA/Drivers/USB/Core/AVR8/USBController_AVR8.c **** 		USB_CurrentMode = USB_GetUSBModeFromUID();
  81:../lufa-LUFA-111009/LUFA/Drivers/USB/Core/AVR8/USBController_AVR8.c **** 	}
  82:../lufa-LUFA-111009/LUFA/Drivers/USB/Core/AVR8/USBController_AVR8.c **** 	else
  83:../lufa-LUFA-111009/LUFA/Drivers/USB/Core/AVR8/USBController_AVR8.c **** 	{
  84:../lufa-LUFA-111009/LUFA/Drivers/USB/Core/AVR8/USBController_AVR8.c **** 		UHWCON &= ~(1 << UIDE);
  85:../lufa-LUFA-111009/LUFA/Drivers/USB/Core/AVR8/USBController_AVR8.c **** 		USB_CurrentMode = Mode;
  86:../lufa-LUFA-111009/LUFA/Drivers/USB/Core/AVR8/USBController_AVR8.c **** 	}
  87:../lufa-LUFA-111009/LUFA/Drivers/USB/Core/AVR8/USBController_AVR8.c **** 	#endif
  88:../lufa-LUFA-111009/LUFA/Drivers/USB/Core/AVR8/USBController_AVR8.c **** 
  89:../lufa-LUFA-111009/LUFA/Drivers/USB/Core/AVR8/USBController_AVR8.c **** 	USB_IsInitialized = true;
  90:../lufa-LUFA-111009/LUFA/Drivers/USB/Core/AVR8/USBController_AVR8.c **** 
  91:../lufa-LUFA-111009/LUFA/Drivers/USB/Core/AVR8/USBController_AVR8.c **** 	USB_ResetInterface();
  92:../lufa-LUFA-111009/LUFA/Drivers/USB/Core/AVR8/USBController_AVR8.c **** }
  93:../lufa-LUFA-111009/LUFA/Drivers/USB/Core/AVR8/USBController_AVR8.c **** 
  94:../lufa-LUFA-111009/LUFA/Drivers/USB/Core/AVR8/USBController_AVR8.c **** void USB_Disable(void)
  95:../lufa-LUFA-111009/LUFA/Drivers/USB/Core/AVR8/USBController_AVR8.c **** {
  16               		.loc 1 95 1 view -0
  17               		.cfi_startproc
  18               	/* prologue: function */
  19               	/* frame size = 0 */
  20               	/* stack size = 0 */
  21               	.L__stack_usage = 0
  96:../lufa-LUFA-111009/LUFA/Drivers/USB/Core/AVR8/USBController_AVR8.c **** 	USB_INT_DisableAllInterrupts();
  22               		.loc 1 96 2 view .LVU1
  23 0000 0E94 0000 		call USB_INT_DisableAllInterrupts
  24               	.LVL0:
  97:../lufa-LUFA-111009/LUFA/Drivers/USB/Core/AVR8/USBController_AVR8.c **** 	USB_INT_ClearAllInterrupts();
  25               		.loc 1 97 2 view .LVU2
  26 0004 0E94 0000 		call USB_INT_ClearAllInterrupts
  27               	.LVL1:
  98:../lufa-LUFA-111009/LUFA/Drivers/USB/Core/AVR8/USBController_AVR8.c **** 
  99:../lufa-LUFA-111009/LUFA/Drivers/USB/Core/AVR8/USBController_AVR8.c **** 	USB_Detach();
  28               		.loc 1 99 2 view .LVU3
  29               	.LBB40:
  30               	.LBI40:
  31               		.file 2 "../lufa-LUFA-111009/LUFA/Drivers/USB/Core/AVR8/../AVR8/USBController_AVR8.h"
   1:../lufa-LUFA-111009/LUFA/Drivers/USB/Core/AVR8/../AVR8/USBController_AVR8.h **** /*
   2:../lufa-LUFA-111009/LUFA/Drivers/USB/Core/AVR8/../AVR8/USBController_AVR8.h ****              LUFA Library
   3:../lufa-LUFA-111009/LUFA/Drivers/USB/Core/AVR8/../AVR8/USBController_AVR8.h ****      Copyright (C) Dean Camera, 2011.
   4:../lufa-LUFA-111009/LUFA/Drivers/USB/Core/AVR8/../AVR8/USBController_AVR8.h **** 
   5:../lufa-LUFA-111009/LUFA/Drivers/USB/Core/AVR8/../AVR8/USBController_AVR8.h ****   dean [at] fourwalledcubicle [dot] com
   6:../lufa-LUFA-111009/LUFA/Drivers/USB/Core/AVR8/../AVR8/USBController_AVR8.h ****            www.lufa-lib.org
   7:../lufa-LUFA-111009/LUFA/Drivers/USB/Core/AVR8/../AVR8/USBController_AVR8.h **** */
   8:../lufa-LUFA-111009/LUFA/Drivers/USB/Core/AVR8/../AVR8/USBController_AVR8.h **** 
   9:../lufa-LUFA-111009/LUFA/Drivers/USB/Core/AVR8/../AVR8/USBController_AVR8.h **** /*
  10:../lufa-LUFA-111009/LUFA/Drivers/USB/Core/AVR8/../AVR8/USBController_AVR8.h ****   Copyright 2011  Dean Camera (dean [at] fourwalledcubicle [dot] com)
  11:../lufa-LUFA-111009/LUFA/Drivers/USB/Core/AVR8/../AVR8/USBController_AVR8.h **** 
  12:../lufa-LUFA-111009/LUFA/Drivers/USB/Core/AVR8/../AVR8/USBController_AVR8.h ****   Permission to use, copy, modify, distribute, and sell this
  13:../lufa-LUFA-111009/LUFA/Drivers/USB/Core/AVR8/../AVR8/USBController_AVR8.h ****   software and its documentation for any purpose is hereby granted
  14:../lufa-LUFA-111009/LUFA/Drivers/USB/Core/AVR8/../AVR8/USBController_AVR8.h ****   without fee, provided that the above copyright notice appear in
  15:../lufa-LUFA-111009/LUFA/Drivers/USB/Core/AVR8/../AVR8/USBController_AVR8.h ****   all copies and that both that the copyright notice and this
  16:../lufa-LUFA-111009/LUFA/Drivers/USB/Core/AVR8/../AVR8/USBController_AVR8.h ****   permission notice and warranty disclaimer appear in supporting
  17:../lufa-LUFA-111009/LUFA/Drivers/USB/Core/AVR8/../AVR8/USBController_AVR8.h ****   documentation, and that the name of the author not be used in
  18:../lufa-LUFA-111009/LUFA/Drivers/USB/Core/AVR8/../AVR8/USBController_AVR8.h ****   advertising or publicity pertaining to distribution of the
  19:../lufa-LUFA-111009/LUFA/Drivers/USB/Core/AVR8/../AVR8/USBController_AVR8.h ****   software without specific, written prior permission.
  20:../lufa-LUFA-111009/LUFA/Drivers/USB/Core/AVR8/../AVR8/USBController_AVR8.h **** 
  21:../lufa-LUFA-111009/LUFA/Drivers/USB/Core/AVR8/../AVR8/USBController_AVR8.h ****   The author disclaim all warranties with regard to this
  22:../lufa-LUFA-111009/LUFA/Drivers/USB/Core/AVR8/../AVR8/USBController_AVR8.h ****   software, including all implied warranties of merchantability
  23:../lufa-LUFA-111009/LUFA/Drivers/USB/Core/AVR8/../AVR8/USBController_AVR8.h ****   and fitness.  In no event shall the author be liable for any
  24:../lufa-LUFA-111009/LUFA/Drivers/USB/Core/AVR8/../AVR8/USBController_AVR8.h ****   special, indirect or consequential damages or any damages
  25:../lufa-LUFA-111009/LUFA/Drivers/USB/Core/AVR8/../AVR8/USBController_AVR8.h ****   whatsoever resulting from loss of use, data or profits, whether
  26:../lufa-LUFA-111009/LUFA/Drivers/USB/Core/AVR8/../AVR8/USBController_AVR8.h ****   in an action of contract, negligence or other tortious action,
  27:../lufa-LUFA-111009/LUFA/Drivers/USB/Core/AVR8/../AVR8/USBController_AVR8.h ****   arising out of or in connection with the use or performance of
  28:../lufa-LUFA-111009/LUFA/Drivers/USB/Core/AVR8/../AVR8/USBController_AVR8.h ****   this software.
  29:../lufa-LUFA-111009/LUFA/Drivers/USB/Core/AVR8/../AVR8/USBController_AVR8.h **** */
  30:../lufa-LUFA-111009/LUFA/Drivers/USB/Core/AVR8/../AVR8/USBController_AVR8.h **** 
  31:../lufa-LUFA-111009/LUFA/Drivers/USB/Core/AVR8/../AVR8/USBController_AVR8.h **** /** \file
  32:../lufa-LUFA-111009/LUFA/Drivers/USB/Core/AVR8/../AVR8/USBController_AVR8.h ****  *  \brief USB Controller definitions for the AVR8 microcontrollers.
  33:../lufa-LUFA-111009/LUFA/Drivers/USB/Core/AVR8/../AVR8/USBController_AVR8.h ****  *  \copydetails Group_USBManagement_AVR8
  34:../lufa-LUFA-111009/LUFA/Drivers/USB/Core/AVR8/../AVR8/USBController_AVR8.h ****  *
  35:../lufa-LUFA-111009/LUFA/Drivers/USB/Core/AVR8/../AVR8/USBController_AVR8.h ****  *  \note This file should not be included directly. It is automatically included as needed by the 
  36:../lufa-LUFA-111009/LUFA/Drivers/USB/Core/AVR8/../AVR8/USBController_AVR8.h ****  *        dispatch header located in LUFA/Drivers/USB/USB.h.
  37:../lufa-LUFA-111009/LUFA/Drivers/USB/Core/AVR8/../AVR8/USBController_AVR8.h ****  */
  38:../lufa-LUFA-111009/LUFA/Drivers/USB/Core/AVR8/../AVR8/USBController_AVR8.h **** 
  39:../lufa-LUFA-111009/LUFA/Drivers/USB/Core/AVR8/../AVR8/USBController_AVR8.h **** /** \ingroup Group_USBManagement
  40:../lufa-LUFA-111009/LUFA/Drivers/USB/Core/AVR8/../AVR8/USBController_AVR8.h ****  *  \defgroup Group_USBManagement_AVR8 USB Interface Management (AVR8)
  41:../lufa-LUFA-111009/LUFA/Drivers/USB/Core/AVR8/../AVR8/USBController_AVR8.h ****  *  \brief USB Controller definitions for the AVR8 microcontrollers.
  42:../lufa-LUFA-111009/LUFA/Drivers/USB/Core/AVR8/../AVR8/USBController_AVR8.h ****  *
  43:../lufa-LUFA-111009/LUFA/Drivers/USB/Core/AVR8/../AVR8/USBController_AVR8.h ****  *  Functions, macros, variables, enums and types related to the setup and management of the USB in
  44:../lufa-LUFA-111009/LUFA/Drivers/USB/Core/AVR8/../AVR8/USBController_AVR8.h ****  *
  45:../lufa-LUFA-111009/LUFA/Drivers/USB/Core/AVR8/../AVR8/USBController_AVR8.h ****  *  @{
  46:../lufa-LUFA-111009/LUFA/Drivers/USB/Core/AVR8/../AVR8/USBController_AVR8.h ****  */
  47:../lufa-LUFA-111009/LUFA/Drivers/USB/Core/AVR8/../AVR8/USBController_AVR8.h **** 
  48:../lufa-LUFA-111009/LUFA/Drivers/USB/Core/AVR8/../AVR8/USBController_AVR8.h **** #ifndef __USBCONTROLLER_AVR8_H__
  49:../lufa-LUFA-111009/LUFA/Drivers/USB/Core/AVR8/../AVR8/USBController_AVR8.h **** #define __USBCONTROLLER_AVR8_H__
  50:../lufa-LUFA-111009/LUFA/Drivers/USB/Core/AVR8/../AVR8/USBController_AVR8.h **** 
  51:../lufa-LUFA-111009/LUFA/Drivers/USB/Core/AVR8/../AVR8/USBController_AVR8.h **** 	/* Includes: */
  52:../lufa-LUFA-111009/LUFA/Drivers/USB/Core/AVR8/../AVR8/USBController_AVR8.h **** 		#include "../../../../Common/Common.h"
  53:../lufa-LUFA-111009/LUFA/Drivers/USB/Core/AVR8/../AVR8/USBController_AVR8.h **** 		#include "../USBMode.h"
  54:../lufa-LUFA-111009/LUFA/Drivers/USB/Core/AVR8/../AVR8/USBController_AVR8.h **** 		#include "../Events.h"
  55:../lufa-LUFA-111009/LUFA/Drivers/USB/Core/AVR8/../AVR8/USBController_AVR8.h **** 		#include "../USBTask.h"
  56:../lufa-LUFA-111009/LUFA/Drivers/USB/Core/AVR8/../AVR8/USBController_AVR8.h **** 		#include "../USBInterrupt.h"
  57:../lufa-LUFA-111009/LUFA/Drivers/USB/Core/AVR8/../AVR8/USBController_AVR8.h **** 
  58:../lufa-LUFA-111009/LUFA/Drivers/USB/Core/AVR8/../AVR8/USBController_AVR8.h **** 		#if defined(USB_CAN_BE_HOST) || defined(__DOXYGEN__)
  59:../lufa-LUFA-111009/LUFA/Drivers/USB/Core/AVR8/../AVR8/USBController_AVR8.h **** 			#include "../Host.h"
  60:../lufa-LUFA-111009/LUFA/Drivers/USB/Core/AVR8/../AVR8/USBController_AVR8.h **** 			#include "../OTG.h"
  61:../lufa-LUFA-111009/LUFA/Drivers/USB/Core/AVR8/../AVR8/USBController_AVR8.h **** 			#include "../Pipe.h"
  62:../lufa-LUFA-111009/LUFA/Drivers/USB/Core/AVR8/../AVR8/USBController_AVR8.h **** 			#include "../HostStandardReq.h"
  63:../lufa-LUFA-111009/LUFA/Drivers/USB/Core/AVR8/../AVR8/USBController_AVR8.h **** 			#include "../PipeStream.h"
  64:../lufa-LUFA-111009/LUFA/Drivers/USB/Core/AVR8/../AVR8/USBController_AVR8.h **** 		#endif
  65:../lufa-LUFA-111009/LUFA/Drivers/USB/Core/AVR8/../AVR8/USBController_AVR8.h **** 
  66:../lufa-LUFA-111009/LUFA/Drivers/USB/Core/AVR8/../AVR8/USBController_AVR8.h **** 		#if defined(USB_CAN_BE_DEVICE) || defined(__DOXYGEN__)
  67:../lufa-LUFA-111009/LUFA/Drivers/USB/Core/AVR8/../AVR8/USBController_AVR8.h **** 			#include "../Device.h"
  68:../lufa-LUFA-111009/LUFA/Drivers/USB/Core/AVR8/../AVR8/USBController_AVR8.h **** 			#include "../Endpoint.h"
  69:../lufa-LUFA-111009/LUFA/Drivers/USB/Core/AVR8/../AVR8/USBController_AVR8.h **** 			#include "../DeviceStandardReq.h"
  70:../lufa-LUFA-111009/LUFA/Drivers/USB/Core/AVR8/../AVR8/USBController_AVR8.h **** 			#include "../EndpointStream.h"
  71:../lufa-LUFA-111009/LUFA/Drivers/USB/Core/AVR8/../AVR8/USBController_AVR8.h **** 		#endif
  72:../lufa-LUFA-111009/LUFA/Drivers/USB/Core/AVR8/../AVR8/USBController_AVR8.h **** 
  73:../lufa-LUFA-111009/LUFA/Drivers/USB/Core/AVR8/../AVR8/USBController_AVR8.h **** 	/* Enable C linkage for C++ Compilers: */
  74:../lufa-LUFA-111009/LUFA/Drivers/USB/Core/AVR8/../AVR8/USBController_AVR8.h **** 		#if defined(__cplusplus)
  75:../lufa-LUFA-111009/LUFA/Drivers/USB/Core/AVR8/../AVR8/USBController_AVR8.h **** 			extern "C" {
  76:../lufa-LUFA-111009/LUFA/Drivers/USB/Core/AVR8/../AVR8/USBController_AVR8.h **** 		#endif
  77:../lufa-LUFA-111009/LUFA/Drivers/USB/Core/AVR8/../AVR8/USBController_AVR8.h **** 
  78:../lufa-LUFA-111009/LUFA/Drivers/USB/Core/AVR8/../AVR8/USBController_AVR8.h **** 	/* Preprocessor Checks and Defines: */
  79:../lufa-LUFA-111009/LUFA/Drivers/USB/Core/AVR8/../AVR8/USBController_AVR8.h **** 		#if !defined(__INCLUDE_FROM_USB_DRIVER)
  80:../lufa-LUFA-111009/LUFA/Drivers/USB/Core/AVR8/../AVR8/USBController_AVR8.h **** 			#error Do not include this file directly. Include LUFA/Drivers/USB/USB.h instead.
  81:../lufa-LUFA-111009/LUFA/Drivers/USB/Core/AVR8/../AVR8/USBController_AVR8.h **** 		#endif
  82:../lufa-LUFA-111009/LUFA/Drivers/USB/Core/AVR8/../AVR8/USBController_AVR8.h **** 
  83:../lufa-LUFA-111009/LUFA/Drivers/USB/Core/AVR8/../AVR8/USBController_AVR8.h **** 		#if !defined(F_USB)
  84:../lufa-LUFA-111009/LUFA/Drivers/USB/Core/AVR8/../AVR8/USBController_AVR8.h **** 			#error F_USB is not defined. You must define F_USB to the frequency of the unprescaled USB contr
  85:../lufa-LUFA-111009/LUFA/Drivers/USB/Core/AVR8/../AVR8/USBController_AVR8.h **** 		#endif
  86:../lufa-LUFA-111009/LUFA/Drivers/USB/Core/AVR8/../AVR8/USBController_AVR8.h **** 
  87:../lufa-LUFA-111009/LUFA/Drivers/USB/Core/AVR8/../AVR8/USBController_AVR8.h **** 		#if (F_USB == 8000000)
  88:../lufa-LUFA-111009/LUFA/Drivers/USB/Core/AVR8/../AVR8/USBController_AVR8.h **** 			#if (defined(__AVR_AT90USB82__) || defined(__AVR_AT90USB162__) || \
  89:../lufa-LUFA-111009/LUFA/Drivers/USB/Core/AVR8/../AVR8/USBController_AVR8.h **** 			     defined(__AVR_ATmega8U2__) || defined(__AVR_ATmega16U2__) || \
  90:../lufa-LUFA-111009/LUFA/Drivers/USB/Core/AVR8/../AVR8/USBController_AVR8.h **** 			     defined(__AVR_ATmega32U2__))
  91:../lufa-LUFA-111009/LUFA/Drivers/USB/Core/AVR8/../AVR8/USBController_AVR8.h **** 				#define USB_PLL_PSC                0
  92:../lufa-LUFA-111009/LUFA/Drivers/USB/Core/AVR8/../AVR8/USBController_AVR8.h **** 			#elif (defined(__AVR_ATmega16U4__) || defined(__AVR_ATmega32U4__))
  93:../lufa-LUFA-111009/LUFA/Drivers/USB/Core/AVR8/../AVR8/USBController_AVR8.h **** 				#define USB_PLL_PSC                0
  94:../lufa-LUFA-111009/LUFA/Drivers/USB/Core/AVR8/../AVR8/USBController_AVR8.h **** 			#elif (defined(__AVR_AT90USB646__)  || defined(__AVR_AT90USB1286__) || defined(__AVR_ATmega32U6_
  95:../lufa-LUFA-111009/LUFA/Drivers/USB/Core/AVR8/../AVR8/USBController_AVR8.h **** 				#define USB_PLL_PSC                ((1 << PLLP1) | (1 << PLLP0))
  96:../lufa-LUFA-111009/LUFA/Drivers/USB/Core/AVR8/../AVR8/USBController_AVR8.h **** 			#elif (defined(__AVR_AT90USB647__)  || defined(__AVR_AT90USB1287__))
  97:../lufa-LUFA-111009/LUFA/Drivers/USB/Core/AVR8/../AVR8/USBController_AVR8.h **** 				#define USB_PLL_PSC                ((1 << PLLP1) | (1 << PLLP0))
  98:../lufa-LUFA-111009/LUFA/Drivers/USB/Core/AVR8/../AVR8/USBController_AVR8.h **** 			#endif
  99:../lufa-LUFA-111009/LUFA/Drivers/USB/Core/AVR8/../AVR8/USBController_AVR8.h **** 		#elif (F_USB == 16000000)
 100:../lufa-LUFA-111009/LUFA/Drivers/USB/Core/AVR8/../AVR8/USBController_AVR8.h **** 			#if (defined(__AVR_AT90USB82__) || defined(__AVR_AT90USB162__) || \
 101:../lufa-LUFA-111009/LUFA/Drivers/USB/Core/AVR8/../AVR8/USBController_AVR8.h **** 			     defined(__AVR_ATmega8U2__) || defined(__AVR_ATmega16U2__) || \
 102:../lufa-LUFA-111009/LUFA/Drivers/USB/Core/AVR8/../AVR8/USBController_AVR8.h **** 			     defined(__AVR_ATmega32U2__))
 103:../lufa-LUFA-111009/LUFA/Drivers/USB/Core/AVR8/../AVR8/USBController_AVR8.h **** 				#define USB_PLL_PSC                (1 << PLLP0)
 104:../lufa-LUFA-111009/LUFA/Drivers/USB/Core/AVR8/../AVR8/USBController_AVR8.h **** 			#elif (defined(__AVR_ATmega16U4__) || defined(__AVR_ATmega32U4__))
 105:../lufa-LUFA-111009/LUFA/Drivers/USB/Core/AVR8/../AVR8/USBController_AVR8.h **** 				#define USB_PLL_PSC                (1 << PINDIV)
 106:../lufa-LUFA-111009/LUFA/Drivers/USB/Core/AVR8/../AVR8/USBController_AVR8.h **** 			#elif (defined(__AVR_AT90USB646__) || defined(__AVR_AT90USB647__) || defined(__AVR_ATmega32U6__)
 107:../lufa-LUFA-111009/LUFA/Drivers/USB/Core/AVR8/../AVR8/USBController_AVR8.h **** 				#define USB_PLL_PSC                ((1 << PLLP2) | (1 << PLLP1))
 108:../lufa-LUFA-111009/LUFA/Drivers/USB/Core/AVR8/../AVR8/USBController_AVR8.h **** 			#elif (defined(__AVR_AT90USB1286__) || defined(__AVR_AT90USB1287__))
 109:../lufa-LUFA-111009/LUFA/Drivers/USB/Core/AVR8/../AVR8/USBController_AVR8.h **** 				#define USB_PLL_PSC                ((1 << PLLP2) | (1 << PLLP0))
 110:../lufa-LUFA-111009/LUFA/Drivers/USB/Core/AVR8/../AVR8/USBController_AVR8.h **** 			#endif
 111:../lufa-LUFA-111009/LUFA/Drivers/USB/Core/AVR8/../AVR8/USBController_AVR8.h **** 		#endif
 112:../lufa-LUFA-111009/LUFA/Drivers/USB/Core/AVR8/../AVR8/USBController_AVR8.h **** 
 113:../lufa-LUFA-111009/LUFA/Drivers/USB/Core/AVR8/../AVR8/USBController_AVR8.h **** 		#if !defined(USB_PLL_PSC)
 114:../lufa-LUFA-111009/LUFA/Drivers/USB/Core/AVR8/../AVR8/USBController_AVR8.h **** 			#error No PLL prescale value available for chosen F_USB value and AVR model.
 115:../lufa-LUFA-111009/LUFA/Drivers/USB/Core/AVR8/../AVR8/USBController_AVR8.h **** 		#endif
 116:../lufa-LUFA-111009/LUFA/Drivers/USB/Core/AVR8/../AVR8/USBController_AVR8.h **** 
 117:../lufa-LUFA-111009/LUFA/Drivers/USB/Core/AVR8/../AVR8/USBController_AVR8.h **** 	/* Public Interface - May be used in end-application: */
 118:../lufa-LUFA-111009/LUFA/Drivers/USB/Core/AVR8/../AVR8/USBController_AVR8.h **** 		/* Macros: */
 119:../lufa-LUFA-111009/LUFA/Drivers/USB/Core/AVR8/../AVR8/USBController_AVR8.h **** 			/** \name USB Controller Option Masks */
 120:../lufa-LUFA-111009/LUFA/Drivers/USB/Core/AVR8/../AVR8/USBController_AVR8.h **** 			//@{
 121:../lufa-LUFA-111009/LUFA/Drivers/USB/Core/AVR8/../AVR8/USBController_AVR8.h **** 			/** Regulator disable option mask for \ref USB_Init(). This indicates that the internal 3.3V USB
 122:../lufa-LUFA-111009/LUFA/Drivers/USB/Core/AVR8/../AVR8/USBController_AVR8.h **** 			 *  regulator should be disabled and the AVR's VCC level used for the data pads.
 123:../lufa-LUFA-111009/LUFA/Drivers/USB/Core/AVR8/../AVR8/USBController_AVR8.h **** 			 *
 124:../lufa-LUFA-111009/LUFA/Drivers/USB/Core/AVR8/../AVR8/USBController_AVR8.h **** 			 *  \note See USB AVR data sheet for more information on the internal pad regulator.
 125:../lufa-LUFA-111009/LUFA/Drivers/USB/Core/AVR8/../AVR8/USBController_AVR8.h **** 			 */
 126:../lufa-LUFA-111009/LUFA/Drivers/USB/Core/AVR8/../AVR8/USBController_AVR8.h **** 			#define USB_OPT_REG_DISABLED               (1 << 1)
 127:../lufa-LUFA-111009/LUFA/Drivers/USB/Core/AVR8/../AVR8/USBController_AVR8.h **** 
 128:../lufa-LUFA-111009/LUFA/Drivers/USB/Core/AVR8/../AVR8/USBController_AVR8.h **** 			/** Regulator enable option mask for \ref USB_Init(). This indicates that the internal 3.3V USB 
 129:../lufa-LUFA-111009/LUFA/Drivers/USB/Core/AVR8/../AVR8/USBController_AVR8.h **** 			 *  regulator should be enabled to regulate the data pin voltages from the VBUS level down to a 
 130:../lufa-LUFA-111009/LUFA/Drivers/USB/Core/AVR8/../AVR8/USBController_AVR8.h **** 			 *  the range allowable by the USB standard.
 131:../lufa-LUFA-111009/LUFA/Drivers/USB/Core/AVR8/../AVR8/USBController_AVR8.h **** 			 *
 132:../lufa-LUFA-111009/LUFA/Drivers/USB/Core/AVR8/../AVR8/USBController_AVR8.h **** 			 *  \note See USB AVR data sheet for more information on the internal pad regulator.
 133:../lufa-LUFA-111009/LUFA/Drivers/USB/Core/AVR8/../AVR8/USBController_AVR8.h **** 			 */
 134:../lufa-LUFA-111009/LUFA/Drivers/USB/Core/AVR8/../AVR8/USBController_AVR8.h **** 			#define USB_OPT_REG_ENABLED                (0 << 1)
 135:../lufa-LUFA-111009/LUFA/Drivers/USB/Core/AVR8/../AVR8/USBController_AVR8.h **** 
 136:../lufa-LUFA-111009/LUFA/Drivers/USB/Core/AVR8/../AVR8/USBController_AVR8.h **** 			/** Manual PLL control option mask for \ref USB_Init(). This indicates to the library that the u
 137:../lufa-LUFA-111009/LUFA/Drivers/USB/Core/AVR8/../AVR8/USBController_AVR8.h **** 			 *  will take full responsibility for controlling the AVR's PLL (used to generate the high frequ
 138:../lufa-LUFA-111009/LUFA/Drivers/USB/Core/AVR8/../AVR8/USBController_AVR8.h **** 			 *  that the USB controller requires) and ensuring that it is locked at the correct frequency fo
 139:../lufa-LUFA-111009/LUFA/Drivers/USB/Core/AVR8/../AVR8/USBController_AVR8.h **** 			 */
 140:../lufa-LUFA-111009/LUFA/Drivers/USB/Core/AVR8/../AVR8/USBController_AVR8.h **** 			#define USB_OPT_MANUAL_PLL                 (1 << 2)
 141:../lufa-LUFA-111009/LUFA/Drivers/USB/Core/AVR8/../AVR8/USBController_AVR8.h **** 
 142:../lufa-LUFA-111009/LUFA/Drivers/USB/Core/AVR8/../AVR8/USBController_AVR8.h **** 			/** Automatic PLL control option mask for \ref USB_Init(). This indicates to the library that th
 143:../lufa-LUFA-111009/LUFA/Drivers/USB/Core/AVR8/../AVR8/USBController_AVR8.h **** 			 *  take full responsibility for controlling the AVR's PLL (used to generate the high frequency 
 144:../lufa-LUFA-111009/LUFA/Drivers/USB/Core/AVR8/../AVR8/USBController_AVR8.h **** 			 *  that the USB controller requires) and ensuring that it is locked at the correct frequency fo
 145:../lufa-LUFA-111009/LUFA/Drivers/USB/Core/AVR8/../AVR8/USBController_AVR8.h **** 			 */
 146:../lufa-LUFA-111009/LUFA/Drivers/USB/Core/AVR8/../AVR8/USBController_AVR8.h **** 			#define USB_OPT_AUTO_PLL                   (0 << 2)
 147:../lufa-LUFA-111009/LUFA/Drivers/USB/Core/AVR8/../AVR8/USBController_AVR8.h **** 			//@}
 148:../lufa-LUFA-111009/LUFA/Drivers/USB/Core/AVR8/../AVR8/USBController_AVR8.h **** 
 149:../lufa-LUFA-111009/LUFA/Drivers/USB/Core/AVR8/../AVR8/USBController_AVR8.h **** 			#if !defined(USB_STREAM_TIMEOUT_MS) || defined(__DOXYGEN__)
 150:../lufa-LUFA-111009/LUFA/Drivers/USB/Core/AVR8/../AVR8/USBController_AVR8.h **** 				/** Constant for the maximum software timeout period of the USB data stream transfer functions
 151:../lufa-LUFA-111009/LUFA/Drivers/USB/Core/AVR8/../AVR8/USBController_AVR8.h **** 				 *  (both control and standard) when in either device or host mode. If the next packet of a str
 152:../lufa-LUFA-111009/LUFA/Drivers/USB/Core/AVR8/../AVR8/USBController_AVR8.h **** 				 *  is not received or acknowledged within this time period, the stream function will fail.
 153:../lufa-LUFA-111009/LUFA/Drivers/USB/Core/AVR8/../AVR8/USBController_AVR8.h **** 				 *
 154:../lufa-LUFA-111009/LUFA/Drivers/USB/Core/AVR8/../AVR8/USBController_AVR8.h **** 				 *  This value may be overridden in the user project makefile as the value of the
 155:../lufa-LUFA-111009/LUFA/Drivers/USB/Core/AVR8/../AVR8/USBController_AVR8.h **** 				 *  \ref USB_STREAM_TIMEOUT_MS token, and passed to the compiler using the -D switch.
 156:../lufa-LUFA-111009/LUFA/Drivers/USB/Core/AVR8/../AVR8/USBController_AVR8.h **** 				 */
 157:../lufa-LUFA-111009/LUFA/Drivers/USB/Core/AVR8/../AVR8/USBController_AVR8.h **** 				#define USB_STREAM_TIMEOUT_MS       100
 158:../lufa-LUFA-111009/LUFA/Drivers/USB/Core/AVR8/../AVR8/USBController_AVR8.h **** 			#endif
 159:../lufa-LUFA-111009/LUFA/Drivers/USB/Core/AVR8/../AVR8/USBController_AVR8.h **** 
 160:../lufa-LUFA-111009/LUFA/Drivers/USB/Core/AVR8/../AVR8/USBController_AVR8.h **** 		/* Inline Functions: */
 161:../lufa-LUFA-111009/LUFA/Drivers/USB/Core/AVR8/../AVR8/USBController_AVR8.h **** 			#if defined(USB_SERIES_4_AVR) || defined(USB_SERIES_6_AVR) || defined(USB_SERIES_7_AVR) || defin
 162:../lufa-LUFA-111009/LUFA/Drivers/USB/Core/AVR8/../AVR8/USBController_AVR8.h **** 				/** Determines if the VBUS line is currently high (i.e. the USB host is supplying power).
 163:../lufa-LUFA-111009/LUFA/Drivers/USB/Core/AVR8/../AVR8/USBController_AVR8.h **** 				 *
 164:../lufa-LUFA-111009/LUFA/Drivers/USB/Core/AVR8/../AVR8/USBController_AVR8.h **** 				 *  \note This function is not available on some AVR models which do not support hardware VBUS 
 165:../lufa-LUFA-111009/LUFA/Drivers/USB/Core/AVR8/../AVR8/USBController_AVR8.h **** 				 *
 166:../lufa-LUFA-111009/LUFA/Drivers/USB/Core/AVR8/../AVR8/USBController_AVR8.h **** 				 *  \return Boolean \c true if the VBUS line is currently detecting power from a host, \c false
 167:../lufa-LUFA-111009/LUFA/Drivers/USB/Core/AVR8/../AVR8/USBController_AVR8.h **** 				 */
 168:../lufa-LUFA-111009/LUFA/Drivers/USB/Core/AVR8/../AVR8/USBController_AVR8.h **** 				static inline bool USB_VBUS_GetStatus(void) ATTR_WARN_UNUSED_RESULT ATTR_ALWAYS_INLINE;
 169:../lufa-LUFA-111009/LUFA/Drivers/USB/Core/AVR8/../AVR8/USBController_AVR8.h **** 				static inline bool USB_VBUS_GetStatus(void)
 170:../lufa-LUFA-111009/LUFA/Drivers/USB/Core/AVR8/../AVR8/USBController_AVR8.h **** 				{
 171:../lufa-LUFA-111009/LUFA/Drivers/USB/Core/AVR8/../AVR8/USBController_AVR8.h **** 					return ((USBSTA & (1 << VBUS)) ? true : false);
 172:../lufa-LUFA-111009/LUFA/Drivers/USB/Core/AVR8/../AVR8/USBController_AVR8.h **** 				}
 173:../lufa-LUFA-111009/LUFA/Drivers/USB/Core/AVR8/../AVR8/USBController_AVR8.h **** 			#endif
 174:../lufa-LUFA-111009/LUFA/Drivers/USB/Core/AVR8/../AVR8/USBController_AVR8.h **** 
 175:../lufa-LUFA-111009/LUFA/Drivers/USB/Core/AVR8/../AVR8/USBController_AVR8.h **** 			/** Detaches the device from the USB bus. This has the effect of removing the device from any
 176:../lufa-LUFA-111009/LUFA/Drivers/USB/Core/AVR8/../AVR8/USBController_AVR8.h **** 			 *  attached host, ceasing USB communications. If no host is present, this prevents any host fro
 177:../lufa-LUFA-111009/LUFA/Drivers/USB/Core/AVR8/../AVR8/USBController_AVR8.h **** 			 *  enumerating the device once attached until \ref USB_Attach() is called.
 178:../lufa-LUFA-111009/LUFA/Drivers/USB/Core/AVR8/../AVR8/USBController_AVR8.h **** 			 */
 179:../lufa-LUFA-111009/LUFA/Drivers/USB/Core/AVR8/../AVR8/USBController_AVR8.h **** 			static inline void USB_Detach(void) ATTR_ALWAYS_INLINE;
 180:../lufa-LUFA-111009/LUFA/Drivers/USB/Core/AVR8/../AVR8/USBController_AVR8.h **** 			static inline void USB_Detach(void)
  32               		.loc 2 180 23 view .LVU4
  33               	.LBB41:
 181:../lufa-LUFA-111009/LUFA/Drivers/USB/Core/AVR8/../AVR8/USBController_AVR8.h **** 			{
 182:../lufa-LUFA-111009/LUFA/Drivers/USB/Core/AVR8/../AVR8/USBController_AVR8.h **** 				UDCON  |=  (1 << DETACH);
  34               		.loc 2 182 5 view .LVU5
  35 0008 E0EE      		ldi r30,lo8(-32)
  36 000a F0E0      		ldi r31,0
  37 000c 8081      		ld r24,Z
  38               		.loc 2 182 12 is_stmt 0 view .LVU6
  39 000e 8160      		ori r24,lo8(1)
  40 0010 8083      		st Z,r24
  41               	.LBE41:
  42               	.LBE40:
 100:../lufa-LUFA-111009/LUFA/Drivers/USB/Core/AVR8/USBController_AVR8.c **** 	USB_Controller_Disable();
  43               		.loc 1 100 2 is_stmt 1 view .LVU7
  44               	.LBB42:
  45               	.LBI42:
 183:../lufa-LUFA-111009/LUFA/Drivers/USB/Core/AVR8/../AVR8/USBController_AVR8.h **** 			}
 184:../lufa-LUFA-111009/LUFA/Drivers/USB/Core/AVR8/../AVR8/USBController_AVR8.h **** 
 185:../lufa-LUFA-111009/LUFA/Drivers/USB/Core/AVR8/../AVR8/USBController_AVR8.h **** 			/** Attaches the device to the USB bus. This announces the device's presence to any attached
 186:../lufa-LUFA-111009/LUFA/Drivers/USB/Core/AVR8/../AVR8/USBController_AVR8.h **** 			 *  USB host, starting the enumeration process. If no host is present, attaching the device
 187:../lufa-LUFA-111009/LUFA/Drivers/USB/Core/AVR8/../AVR8/USBController_AVR8.h **** 			 *  will allow for enumeration once a host is connected to the device.
 188:../lufa-LUFA-111009/LUFA/Drivers/USB/Core/AVR8/../AVR8/USBController_AVR8.h **** 			 *
 189:../lufa-LUFA-111009/LUFA/Drivers/USB/Core/AVR8/../AVR8/USBController_AVR8.h **** 			 *  This is inexplicably also required for proper operation while in host mode, to enable the
 190:../lufa-LUFA-111009/LUFA/Drivers/USB/Core/AVR8/../AVR8/USBController_AVR8.h **** 			 *  attachment of a device to the host. This is despite the bit being located in the device-mode
 191:../lufa-LUFA-111009/LUFA/Drivers/USB/Core/AVR8/../AVR8/USBController_AVR8.h **** 			 *  register and despite the datasheet making no mention of its requirement in host mode.
 192:../lufa-LUFA-111009/LUFA/Drivers/USB/Core/AVR8/../AVR8/USBController_AVR8.h **** 			 */
 193:../lufa-LUFA-111009/LUFA/Drivers/USB/Core/AVR8/../AVR8/USBController_AVR8.h **** 			static inline void USB_Attach(void) ATTR_ALWAYS_INLINE;
 194:../lufa-LUFA-111009/LUFA/Drivers/USB/Core/AVR8/../AVR8/USBController_AVR8.h **** 			static inline void USB_Attach(void)
 195:../lufa-LUFA-111009/LUFA/Drivers/USB/Core/AVR8/../AVR8/USBController_AVR8.h **** 			{
 196:../lufa-LUFA-111009/LUFA/Drivers/USB/Core/AVR8/../AVR8/USBController_AVR8.h **** 				UDCON  &= ~(1 << DETACH);
 197:../lufa-LUFA-111009/LUFA/Drivers/USB/Core/AVR8/../AVR8/USBController_AVR8.h **** 			}
 198:../lufa-LUFA-111009/LUFA/Drivers/USB/Core/AVR8/../AVR8/USBController_AVR8.h **** 
 199:../lufa-LUFA-111009/LUFA/Drivers/USB/Core/AVR8/../AVR8/USBController_AVR8.h **** 		/* Function Prototypes: */
 200:../lufa-LUFA-111009/LUFA/Drivers/USB/Core/AVR8/../AVR8/USBController_AVR8.h **** 			/** Main function to initialize and start the USB interface. Once active, the USB interface will
 201:../lufa-LUFA-111009/LUFA/Drivers/USB/Core/AVR8/../AVR8/USBController_AVR8.h **** 			 *  allow for device connection to a host when in device mode, or for device enumeration while i
 202:../lufa-LUFA-111009/LUFA/Drivers/USB/Core/AVR8/../AVR8/USBController_AVR8.h **** 			 *  host mode.
 203:../lufa-LUFA-111009/LUFA/Drivers/USB/Core/AVR8/../AVR8/USBController_AVR8.h **** 			 *
 204:../lufa-LUFA-111009/LUFA/Drivers/USB/Core/AVR8/../AVR8/USBController_AVR8.h **** 			 *  As the USB library relies on interrupts for the device and host mode enumeration processes,
 205:../lufa-LUFA-111009/LUFA/Drivers/USB/Core/AVR8/../AVR8/USBController_AVR8.h **** 			 *  the user must enable global interrupts before or shortly after this function is called. In
 206:../lufa-LUFA-111009/LUFA/Drivers/USB/Core/AVR8/../AVR8/USBController_AVR8.h **** 			 *  device mode, interrupts must be enabled within 500ms of this function being called to ensure
 207:../lufa-LUFA-111009/LUFA/Drivers/USB/Core/AVR8/../AVR8/USBController_AVR8.h **** 			 *  that the host does not time out whilst enumerating the device. In host mode, interrupts may 
 208:../lufa-LUFA-111009/LUFA/Drivers/USB/Core/AVR8/../AVR8/USBController_AVR8.h **** 			 *  enabled at the application's leisure however enumeration will not begin of an attached devic
 209:../lufa-LUFA-111009/LUFA/Drivers/USB/Core/AVR8/../AVR8/USBController_AVR8.h **** 			 *  until after this has occurred.
 210:../lufa-LUFA-111009/LUFA/Drivers/USB/Core/AVR8/../AVR8/USBController_AVR8.h **** 			 *
 211:../lufa-LUFA-111009/LUFA/Drivers/USB/Core/AVR8/../AVR8/USBController_AVR8.h **** 			 *  Calling this function when the USB interface is already initialized will cause a complete US
 212:../lufa-LUFA-111009/LUFA/Drivers/USB/Core/AVR8/../AVR8/USBController_AVR8.h **** 			 *  interface reset and re-enumeration.
 213:../lufa-LUFA-111009/LUFA/Drivers/USB/Core/AVR8/../AVR8/USBController_AVR8.h **** 			 *
 214:../lufa-LUFA-111009/LUFA/Drivers/USB/Core/AVR8/../AVR8/USBController_AVR8.h **** 			 *  \param[in] Mode     This is a mask indicating what mode the USB interface is to be initializ
 215:../lufa-LUFA-111009/LUFA/Drivers/USB/Core/AVR8/../AVR8/USBController_AVR8.h **** 			 *                      from the \ref USB_Modes_t enum.
 216:../lufa-LUFA-111009/LUFA/Drivers/USB/Core/AVR8/../AVR8/USBController_AVR8.h **** 			 *
 217:../lufa-LUFA-111009/LUFA/Drivers/USB/Core/AVR8/../AVR8/USBController_AVR8.h **** 			 *  \param[in] Options  Mask indicating the options which should be used when initializing the U
 218:../lufa-LUFA-111009/LUFA/Drivers/USB/Core/AVR8/../AVR8/USBController_AVR8.h **** 			 *                      interface to control the USB interface's behaviour. This should be compr
 219:../lufa-LUFA-111009/LUFA/Drivers/USB/Core/AVR8/../AVR8/USBController_AVR8.h **** 			 *                      a \c USB_OPT_REG_* mask to control the regulator, a \c USB_OPT_*_PLL mas
 220:../lufa-LUFA-111009/LUFA/Drivers/USB/Core/AVR8/../AVR8/USBController_AVR8.h **** 			 *                      PLL, and a \c USB_DEVICE_OPT_* mask (when the device mode is enabled) to
 221:../lufa-LUFA-111009/LUFA/Drivers/USB/Core/AVR8/../AVR8/USBController_AVR8.h **** 			 *                      mode speed.
 222:../lufa-LUFA-111009/LUFA/Drivers/USB/Core/AVR8/../AVR8/USBController_AVR8.h **** 			 *
 223:../lufa-LUFA-111009/LUFA/Drivers/USB/Core/AVR8/../AVR8/USBController_AVR8.h **** 			 *  \note To reduce the FLASH requirements of the library if only device or host mode is require
 224:../lufa-LUFA-111009/LUFA/Drivers/USB/Core/AVR8/../AVR8/USBController_AVR8.h **** 			 *        the mode can be statically set in the project makefile by defining the token \c USB_DE
 225:../lufa-LUFA-111009/LUFA/Drivers/USB/Core/AVR8/../AVR8/USBController_AVR8.h **** 			 *        (for device mode) or \c USB_HOST_ONLY (for host mode), passing the token to the compil
 226:../lufa-LUFA-111009/LUFA/Drivers/USB/Core/AVR8/../AVR8/USBController_AVR8.h **** 			 *        via the -D switch. If the mode is statically set, this parameter does not exist in the
 227:../lufa-LUFA-111009/LUFA/Drivers/USB/Core/AVR8/../AVR8/USBController_AVR8.h **** 			 *        function prototype.
 228:../lufa-LUFA-111009/LUFA/Drivers/USB/Core/AVR8/../AVR8/USBController_AVR8.h **** 			 *        \n\n
 229:../lufa-LUFA-111009/LUFA/Drivers/USB/Core/AVR8/../AVR8/USBController_AVR8.h **** 			 *
 230:../lufa-LUFA-111009/LUFA/Drivers/USB/Core/AVR8/../AVR8/USBController_AVR8.h **** 			 *  \note To reduce the FLASH requirements of the library if only fixed settings are are require
 231:../lufa-LUFA-111009/LUFA/Drivers/USB/Core/AVR8/../AVR8/USBController_AVR8.h **** 			 *        the options may be set statically in the same manner as the mode (see the Mode paramet
 232:../lufa-LUFA-111009/LUFA/Drivers/USB/Core/AVR8/../AVR8/USBController_AVR8.h **** 			 *        this function). To statically set the USB options, pass in the \c USE_STATIC_OPTIONS t
 233:../lufa-LUFA-111009/LUFA/Drivers/USB/Core/AVR8/../AVR8/USBController_AVR8.h **** 			 *        defined to the appropriate options masks. When the options are statically set, this
 234:../lufa-LUFA-111009/LUFA/Drivers/USB/Core/AVR8/../AVR8/USBController_AVR8.h **** 			 *        parameter does not exist in the function prototype.
 235:../lufa-LUFA-111009/LUFA/Drivers/USB/Core/AVR8/../AVR8/USBController_AVR8.h **** 			 *        \n\n
 236:../lufa-LUFA-111009/LUFA/Drivers/USB/Core/AVR8/../AVR8/USBController_AVR8.h **** 			 *
 237:../lufa-LUFA-111009/LUFA/Drivers/USB/Core/AVR8/../AVR8/USBController_AVR8.h **** 			 *  \note The mode parameter does not exist on devices where only one mode is possible, such as 
 238:../lufa-LUFA-111009/LUFA/Drivers/USB/Core/AVR8/../AVR8/USBController_AVR8.h **** 			 *        AVR models which only implement the USB device mode in hardware.
 239:../lufa-LUFA-111009/LUFA/Drivers/USB/Core/AVR8/../AVR8/USBController_AVR8.h **** 			 *
 240:../lufa-LUFA-111009/LUFA/Drivers/USB/Core/AVR8/../AVR8/USBController_AVR8.h **** 			 *  \see \ref Group_Device for the \c USB_DEVICE_OPT_* masks.
 241:../lufa-LUFA-111009/LUFA/Drivers/USB/Core/AVR8/../AVR8/USBController_AVR8.h **** 			 */
 242:../lufa-LUFA-111009/LUFA/Drivers/USB/Core/AVR8/../AVR8/USBController_AVR8.h **** 			void USB_Init(
 243:../lufa-LUFA-111009/LUFA/Drivers/USB/Core/AVR8/../AVR8/USBController_AVR8.h **** 			               #if defined(USB_CAN_BE_BOTH) || defined(__DOXYGEN__)
 244:../lufa-LUFA-111009/LUFA/Drivers/USB/Core/AVR8/../AVR8/USBController_AVR8.h **** 			               const uint8_t Mode
 245:../lufa-LUFA-111009/LUFA/Drivers/USB/Core/AVR8/../AVR8/USBController_AVR8.h **** 			               #endif
 246:../lufa-LUFA-111009/LUFA/Drivers/USB/Core/AVR8/../AVR8/USBController_AVR8.h **** 
 247:../lufa-LUFA-111009/LUFA/Drivers/USB/Core/AVR8/../AVR8/USBController_AVR8.h **** 			               #if (defined(USB_CAN_BE_BOTH) && !defined(USE_STATIC_OPTIONS)) || defined(__DOXYG
 248:../lufa-LUFA-111009/LUFA/Drivers/USB/Core/AVR8/../AVR8/USBController_AVR8.h **** 			               ,
 249:../lufa-LUFA-111009/LUFA/Drivers/USB/Core/AVR8/../AVR8/USBController_AVR8.h **** 			               #elif (!defined(USB_CAN_BE_BOTH) && defined(USE_STATIC_OPTIONS))
 250:../lufa-LUFA-111009/LUFA/Drivers/USB/Core/AVR8/../AVR8/USBController_AVR8.h **** 			               void
 251:../lufa-LUFA-111009/LUFA/Drivers/USB/Core/AVR8/../AVR8/USBController_AVR8.h **** 			               #endif
 252:../lufa-LUFA-111009/LUFA/Drivers/USB/Core/AVR8/../AVR8/USBController_AVR8.h **** 
 253:../lufa-LUFA-111009/LUFA/Drivers/USB/Core/AVR8/../AVR8/USBController_AVR8.h **** 			               #if !defined(USE_STATIC_OPTIONS) || defined(__DOXYGEN__)
 254:../lufa-LUFA-111009/LUFA/Drivers/USB/Core/AVR8/../AVR8/USBController_AVR8.h **** 			               const uint8_t Options
 255:../lufa-LUFA-111009/LUFA/Drivers/USB/Core/AVR8/../AVR8/USBController_AVR8.h **** 			               #endif
 256:../lufa-LUFA-111009/LUFA/Drivers/USB/Core/AVR8/../AVR8/USBController_AVR8.h **** 			               );
 257:../lufa-LUFA-111009/LUFA/Drivers/USB/Core/AVR8/../AVR8/USBController_AVR8.h **** 
 258:../lufa-LUFA-111009/LUFA/Drivers/USB/Core/AVR8/../AVR8/USBController_AVR8.h **** 			/** Shuts down the USB interface. This turns off the USB interface after deallocating all USB FI
 259:../lufa-LUFA-111009/LUFA/Drivers/USB/Core/AVR8/../AVR8/USBController_AVR8.h **** 			 *  memory, endpoints and pipes. When turned off, no USB functionality can be used until the int
 260:../lufa-LUFA-111009/LUFA/Drivers/USB/Core/AVR8/../AVR8/USBController_AVR8.h **** 			 *  is restarted with the \ref USB_Init() function.
 261:../lufa-LUFA-111009/LUFA/Drivers/USB/Core/AVR8/../AVR8/USBController_AVR8.h **** 			 */
 262:../lufa-LUFA-111009/LUFA/Drivers/USB/Core/AVR8/../AVR8/USBController_AVR8.h **** 			void USB_Disable(void);
 263:../lufa-LUFA-111009/LUFA/Drivers/USB/Core/AVR8/../AVR8/USBController_AVR8.h **** 
 264:../lufa-LUFA-111009/LUFA/Drivers/USB/Core/AVR8/../AVR8/USBController_AVR8.h **** 			/** Resets the interface, when already initialized. This will re-enumerate the device if already
 265:../lufa-LUFA-111009/LUFA/Drivers/USB/Core/AVR8/../AVR8/USBController_AVR8.h **** 			 *  to a host, or re-enumerate an already attached device when in host mode.
 266:../lufa-LUFA-111009/LUFA/Drivers/USB/Core/AVR8/../AVR8/USBController_AVR8.h **** 			 */
 267:../lufa-LUFA-111009/LUFA/Drivers/USB/Core/AVR8/../AVR8/USBController_AVR8.h **** 			void USB_ResetInterface(void);
 268:../lufa-LUFA-111009/LUFA/Drivers/USB/Core/AVR8/../AVR8/USBController_AVR8.h **** 
 269:../lufa-LUFA-111009/LUFA/Drivers/USB/Core/AVR8/../AVR8/USBController_AVR8.h **** 		/* Global Variables: */
 270:../lufa-LUFA-111009/LUFA/Drivers/USB/Core/AVR8/../AVR8/USBController_AVR8.h **** 			#if (!defined(USB_HOST_ONLY) && !defined(USB_DEVICE_ONLY)) || defined(__DOXYGEN__)
 271:../lufa-LUFA-111009/LUFA/Drivers/USB/Core/AVR8/../AVR8/USBController_AVR8.h **** 				/** Indicates the mode that the USB interface is currently initialized to, a value from the
 272:../lufa-LUFA-111009/LUFA/Drivers/USB/Core/AVR8/../AVR8/USBController_AVR8.h **** 				 *  \ref USB_Modes_t enum.
 273:../lufa-LUFA-111009/LUFA/Drivers/USB/Core/AVR8/../AVR8/USBController_AVR8.h **** 				 *
 274:../lufa-LUFA-111009/LUFA/Drivers/USB/Core/AVR8/../AVR8/USBController_AVR8.h **** 				 *  \note This variable should be treated as read-only in the user application, and never manua
 275:../lufa-LUFA-111009/LUFA/Drivers/USB/Core/AVR8/../AVR8/USBController_AVR8.h **** 				 *        changed in value.
 276:../lufa-LUFA-111009/LUFA/Drivers/USB/Core/AVR8/../AVR8/USBController_AVR8.h **** 				 *        \n\n
 277:../lufa-LUFA-111009/LUFA/Drivers/USB/Core/AVR8/../AVR8/USBController_AVR8.h **** 				 *
 278:../lufa-LUFA-111009/LUFA/Drivers/USB/Core/AVR8/../AVR8/USBController_AVR8.h **** 				 *  \note When the controller is initialized into UID auto-detection mode, this variable will h
 279:../lufa-LUFA-111009/LUFA/Drivers/USB/Core/AVR8/../AVR8/USBController_AVR8.h **** 				 *        currently selected USB mode (i.e. \ref USB_MODE_Device or \ref USB_MODE_Host). If the
 280:../lufa-LUFA-111009/LUFA/Drivers/USB/Core/AVR8/../AVR8/USBController_AVR8.h **** 				 *        is fixed into a specific mode (either through the \c USB_DEVICE_ONLY or \c USB_HOST_O
 281:../lufa-LUFA-111009/LUFA/Drivers/USB/Core/AVR8/../AVR8/USBController_AVR8.h **** 				 *        options, or a limitation of the USB controller in the chosen device model) this will 
 282:../lufa-LUFA-111009/LUFA/Drivers/USB/Core/AVR8/../AVR8/USBController_AVR8.h **** 				 *        a constant of the appropriate value and will never evaluate to \ref USB_MODE_None eve
 283:../lufa-LUFA-111009/LUFA/Drivers/USB/Core/AVR8/../AVR8/USBController_AVR8.h **** 				 *        USB interface is not initialized.
 284:../lufa-LUFA-111009/LUFA/Drivers/USB/Core/AVR8/../AVR8/USBController_AVR8.h **** 				 */
 285:../lufa-LUFA-111009/LUFA/Drivers/USB/Core/AVR8/../AVR8/USBController_AVR8.h **** 				extern volatile uint8_t USB_CurrentMode;
 286:../lufa-LUFA-111009/LUFA/Drivers/USB/Core/AVR8/../AVR8/USBController_AVR8.h **** 			#elif defined(USB_HOST_ONLY)
 287:../lufa-LUFA-111009/LUFA/Drivers/USB/Core/AVR8/../AVR8/USBController_AVR8.h **** 				#define USB_CurrentMode USB_MODE_Host
 288:../lufa-LUFA-111009/LUFA/Drivers/USB/Core/AVR8/../AVR8/USBController_AVR8.h **** 			#elif defined(USB_DEVICE_ONLY)
 289:../lufa-LUFA-111009/LUFA/Drivers/USB/Core/AVR8/../AVR8/USBController_AVR8.h **** 				#define USB_CurrentMode USB_MODE_Device
 290:../lufa-LUFA-111009/LUFA/Drivers/USB/Core/AVR8/../AVR8/USBController_AVR8.h **** 			#endif
 291:../lufa-LUFA-111009/LUFA/Drivers/USB/Core/AVR8/../AVR8/USBController_AVR8.h **** 
 292:../lufa-LUFA-111009/LUFA/Drivers/USB/Core/AVR8/../AVR8/USBController_AVR8.h **** 			#if !defined(USE_STATIC_OPTIONS) || defined(__DOXYGEN__)
 293:../lufa-LUFA-111009/LUFA/Drivers/USB/Core/AVR8/../AVR8/USBController_AVR8.h **** 				/** Indicates the current USB options that the USB interface was initialized with when \ref USB
 294:../lufa-LUFA-111009/LUFA/Drivers/USB/Core/AVR8/../AVR8/USBController_AVR8.h **** 				 *  was called. This value will be one of the \c USB_MODE_* masks defined elsewhere in this mod
 295:../lufa-LUFA-111009/LUFA/Drivers/USB/Core/AVR8/../AVR8/USBController_AVR8.h **** 				 *
 296:../lufa-LUFA-111009/LUFA/Drivers/USB/Core/AVR8/../AVR8/USBController_AVR8.h **** 				 *  \note This variable should be treated as read-only in the user application, and never manua
 297:../lufa-LUFA-111009/LUFA/Drivers/USB/Core/AVR8/../AVR8/USBController_AVR8.h **** 				 *        changed in value.
 298:../lufa-LUFA-111009/LUFA/Drivers/USB/Core/AVR8/../AVR8/USBController_AVR8.h **** 				 */
 299:../lufa-LUFA-111009/LUFA/Drivers/USB/Core/AVR8/../AVR8/USBController_AVR8.h **** 				extern volatile uint8_t USB_Options;
 300:../lufa-LUFA-111009/LUFA/Drivers/USB/Core/AVR8/../AVR8/USBController_AVR8.h **** 			#elif defined(USE_STATIC_OPTIONS)
 301:../lufa-LUFA-111009/LUFA/Drivers/USB/Core/AVR8/../AVR8/USBController_AVR8.h **** 				#define USB_Options USE_STATIC_OPTIONS
 302:../lufa-LUFA-111009/LUFA/Drivers/USB/Core/AVR8/../AVR8/USBController_AVR8.h **** 			#endif
 303:../lufa-LUFA-111009/LUFA/Drivers/USB/Core/AVR8/../AVR8/USBController_AVR8.h **** 
 304:../lufa-LUFA-111009/LUFA/Drivers/USB/Core/AVR8/../AVR8/USBController_AVR8.h **** 		/* Enums: */
 305:../lufa-LUFA-111009/LUFA/Drivers/USB/Core/AVR8/../AVR8/USBController_AVR8.h **** 			/** Enum for the possible USB controller modes, for initialization via \ref USB_Init() and indic
 306:../lufa-LUFA-111009/LUFA/Drivers/USB/Core/AVR8/../AVR8/USBController_AVR8.h **** 			 *  user application via \ref USB_CurrentMode.
 307:../lufa-LUFA-111009/LUFA/Drivers/USB/Core/AVR8/../AVR8/USBController_AVR8.h **** 			 */
 308:../lufa-LUFA-111009/LUFA/Drivers/USB/Core/AVR8/../AVR8/USBController_AVR8.h **** 			enum USB_Modes_t
 309:../lufa-LUFA-111009/LUFA/Drivers/USB/Core/AVR8/../AVR8/USBController_AVR8.h **** 			{
 310:../lufa-LUFA-111009/LUFA/Drivers/USB/Core/AVR8/../AVR8/USBController_AVR8.h **** 				USB_MODE_None   = 0, /**< Indicates that the controller is currently not initialized in any spe
 311:../lufa-LUFA-111009/LUFA/Drivers/USB/Core/AVR8/../AVR8/USBController_AVR8.h **** 				USB_MODE_Device = 1, /**< Indicates that the controller is currently initialized in USB Device 
 312:../lufa-LUFA-111009/LUFA/Drivers/USB/Core/AVR8/../AVR8/USBController_AVR8.h **** 				USB_MODE_Host   = 2, /**< Indicates that the controller is currently initialized in USB Host mo
 313:../lufa-LUFA-111009/LUFA/Drivers/USB/Core/AVR8/../AVR8/USBController_AVR8.h **** 				USB_MODE_UID    = 3, /**< Indicates that the controller should determine the USB mode from the 
 314:../lufa-LUFA-111009/LUFA/Drivers/USB/Core/AVR8/../AVR8/USBController_AVR8.h **** 				                      *   USB connector.
 315:../lufa-LUFA-111009/LUFA/Drivers/USB/Core/AVR8/../AVR8/USBController_AVR8.h **** 				                      */
 316:../lufa-LUFA-111009/LUFA/Drivers/USB/Core/AVR8/../AVR8/USBController_AVR8.h **** 			};
 317:../lufa-LUFA-111009/LUFA/Drivers/USB/Core/AVR8/../AVR8/USBController_AVR8.h **** 
 318:../lufa-LUFA-111009/LUFA/Drivers/USB/Core/AVR8/../AVR8/USBController_AVR8.h **** 	/* Private Interface - For use in library only: */
 319:../lufa-LUFA-111009/LUFA/Drivers/USB/Core/AVR8/../AVR8/USBController_AVR8.h **** 	#if !defined(__DOXYGEN__)
 320:../lufa-LUFA-111009/LUFA/Drivers/USB/Core/AVR8/../AVR8/USBController_AVR8.h **** 		/* Function Prototypes: */
 321:../lufa-LUFA-111009/LUFA/Drivers/USB/Core/AVR8/../AVR8/USBController_AVR8.h **** 			#if defined(__INCLUDE_FROM_USB_CONTROLLER_C)
 322:../lufa-LUFA-111009/LUFA/Drivers/USB/Core/AVR8/../AVR8/USBController_AVR8.h **** 				#if defined(USB_CAN_BE_DEVICE)
 323:../lufa-LUFA-111009/LUFA/Drivers/USB/Core/AVR8/../AVR8/USBController_AVR8.h **** 				static void USB_Init_Device(void);
 324:../lufa-LUFA-111009/LUFA/Drivers/USB/Core/AVR8/../AVR8/USBController_AVR8.h **** 				#endif
 325:../lufa-LUFA-111009/LUFA/Drivers/USB/Core/AVR8/../AVR8/USBController_AVR8.h **** 
 326:../lufa-LUFA-111009/LUFA/Drivers/USB/Core/AVR8/../AVR8/USBController_AVR8.h **** 				#if defined(USB_CAN_BE_HOST)
 327:../lufa-LUFA-111009/LUFA/Drivers/USB/Core/AVR8/../AVR8/USBController_AVR8.h **** 				static void USB_Init_Host(void);
 328:../lufa-LUFA-111009/LUFA/Drivers/USB/Core/AVR8/../AVR8/USBController_AVR8.h **** 				#endif
 329:../lufa-LUFA-111009/LUFA/Drivers/USB/Core/AVR8/../AVR8/USBController_AVR8.h **** 			#endif
 330:../lufa-LUFA-111009/LUFA/Drivers/USB/Core/AVR8/../AVR8/USBController_AVR8.h **** 
 331:../lufa-LUFA-111009/LUFA/Drivers/USB/Core/AVR8/../AVR8/USBController_AVR8.h **** 		/* Inline Functions: */
 332:../lufa-LUFA-111009/LUFA/Drivers/USB/Core/AVR8/../AVR8/USBController_AVR8.h **** 			static inline void USB_PLL_On(void) ATTR_ALWAYS_INLINE;
 333:../lufa-LUFA-111009/LUFA/Drivers/USB/Core/AVR8/../AVR8/USBController_AVR8.h **** 			static inline void USB_PLL_On(void)
 334:../lufa-LUFA-111009/LUFA/Drivers/USB/Core/AVR8/../AVR8/USBController_AVR8.h **** 			{
 335:../lufa-LUFA-111009/LUFA/Drivers/USB/Core/AVR8/../AVR8/USBController_AVR8.h **** 				PLLCSR = USB_PLL_PSC;
 336:../lufa-LUFA-111009/LUFA/Drivers/USB/Core/AVR8/../AVR8/USBController_AVR8.h **** 				PLLCSR = (USB_PLL_PSC | (1 << PLLE));
 337:../lufa-LUFA-111009/LUFA/Drivers/USB/Core/AVR8/../AVR8/USBController_AVR8.h **** 			}
 338:../lufa-LUFA-111009/LUFA/Drivers/USB/Core/AVR8/../AVR8/USBController_AVR8.h **** 
 339:../lufa-LUFA-111009/LUFA/Drivers/USB/Core/AVR8/../AVR8/USBController_AVR8.h **** 			static inline void USB_PLL_Off(void) ATTR_ALWAYS_INLINE;
 340:../lufa-LUFA-111009/LUFA/Drivers/USB/Core/AVR8/../AVR8/USBController_AVR8.h **** 			static inline void USB_PLL_Off(void)
 341:../lufa-LUFA-111009/LUFA/Drivers/USB/Core/AVR8/../AVR8/USBController_AVR8.h **** 			{
 342:../lufa-LUFA-111009/LUFA/Drivers/USB/Core/AVR8/../AVR8/USBController_AVR8.h **** 				PLLCSR = 0;
 343:../lufa-LUFA-111009/LUFA/Drivers/USB/Core/AVR8/../AVR8/USBController_AVR8.h **** 			}
 344:../lufa-LUFA-111009/LUFA/Drivers/USB/Core/AVR8/../AVR8/USBController_AVR8.h **** 
 345:../lufa-LUFA-111009/LUFA/Drivers/USB/Core/AVR8/../AVR8/USBController_AVR8.h **** 			static inline bool USB_PLL_IsReady(void) ATTR_WARN_UNUSED_RESULT ATTR_ALWAYS_INLINE;
 346:../lufa-LUFA-111009/LUFA/Drivers/USB/Core/AVR8/../AVR8/USBController_AVR8.h **** 			static inline bool USB_PLL_IsReady(void)
 347:../lufa-LUFA-111009/LUFA/Drivers/USB/Core/AVR8/../AVR8/USBController_AVR8.h **** 			{
 348:../lufa-LUFA-111009/LUFA/Drivers/USB/Core/AVR8/../AVR8/USBController_AVR8.h **** 				return ((PLLCSR & (1 << PLOCK)) ? true : false);
 349:../lufa-LUFA-111009/LUFA/Drivers/USB/Core/AVR8/../AVR8/USBController_AVR8.h **** 			}
 350:../lufa-LUFA-111009/LUFA/Drivers/USB/Core/AVR8/../AVR8/USBController_AVR8.h **** 
 351:../lufa-LUFA-111009/LUFA/Drivers/USB/Core/AVR8/../AVR8/USBController_AVR8.h **** 			static inline void USB_REG_On(void) ATTR_ALWAYS_INLINE;
 352:../lufa-LUFA-111009/LUFA/Drivers/USB/Core/AVR8/../AVR8/USBController_AVR8.h **** 			static inline void USB_REG_On(void)
 353:../lufa-LUFA-111009/LUFA/Drivers/USB/Core/AVR8/../AVR8/USBController_AVR8.h **** 			{
 354:../lufa-LUFA-111009/LUFA/Drivers/USB/Core/AVR8/../AVR8/USBController_AVR8.h **** 			#if defined(USB_SERIES_4_AVR) || defined(USB_SERIES_6_AVR) || defined(USB_SERIES_7_AVR)
 355:../lufa-LUFA-111009/LUFA/Drivers/USB/Core/AVR8/../AVR8/USBController_AVR8.h **** 				UHWCON  |=  (1 << UVREGE);
 356:../lufa-LUFA-111009/LUFA/Drivers/USB/Core/AVR8/../AVR8/USBController_AVR8.h **** 			#else
 357:../lufa-LUFA-111009/LUFA/Drivers/USB/Core/AVR8/../AVR8/USBController_AVR8.h **** 				REGCR   &= ~(1 << REGDIS);
 358:../lufa-LUFA-111009/LUFA/Drivers/USB/Core/AVR8/../AVR8/USBController_AVR8.h **** 			#endif
 359:../lufa-LUFA-111009/LUFA/Drivers/USB/Core/AVR8/../AVR8/USBController_AVR8.h **** 			}
 360:../lufa-LUFA-111009/LUFA/Drivers/USB/Core/AVR8/../AVR8/USBController_AVR8.h **** 
 361:../lufa-LUFA-111009/LUFA/Drivers/USB/Core/AVR8/../AVR8/USBController_AVR8.h **** 			static inline void USB_REG_Off(void) ATTR_ALWAYS_INLINE;
 362:../lufa-LUFA-111009/LUFA/Drivers/USB/Core/AVR8/../AVR8/USBController_AVR8.h **** 			static inline void USB_REG_Off(void)
 363:../lufa-LUFA-111009/LUFA/Drivers/USB/Core/AVR8/../AVR8/USBController_AVR8.h **** 			{
 364:../lufa-LUFA-111009/LUFA/Drivers/USB/Core/AVR8/../AVR8/USBController_AVR8.h **** 			#if defined(USB_SERIES_4_AVR) || defined(USB_SERIES_6_AVR) || defined(USB_SERIES_7_AVR)
 365:../lufa-LUFA-111009/LUFA/Drivers/USB/Core/AVR8/../AVR8/USBController_AVR8.h **** 				UHWCON  &= ~(1 << UVREGE);
 366:../lufa-LUFA-111009/LUFA/Drivers/USB/Core/AVR8/../AVR8/USBController_AVR8.h **** 			#else
 367:../lufa-LUFA-111009/LUFA/Drivers/USB/Core/AVR8/../AVR8/USBController_AVR8.h **** 				REGCR   |=  (1 << REGDIS);
 368:../lufa-LUFA-111009/LUFA/Drivers/USB/Core/AVR8/../AVR8/USBController_AVR8.h **** 			#endif
 369:../lufa-LUFA-111009/LUFA/Drivers/USB/Core/AVR8/../AVR8/USBController_AVR8.h **** 			}
 370:../lufa-LUFA-111009/LUFA/Drivers/USB/Core/AVR8/../AVR8/USBController_AVR8.h **** 
 371:../lufa-LUFA-111009/LUFA/Drivers/USB/Core/AVR8/../AVR8/USBController_AVR8.h **** 			#if defined(USB_SERIES_4_AVR) || defined(USB_SERIES_6_AVR) || defined(USB_SERIES_7_AVR)
 372:../lufa-LUFA-111009/LUFA/Drivers/USB/Core/AVR8/../AVR8/USBController_AVR8.h **** 			static inline void USB_OTGPAD_On(void) ATTR_ALWAYS_INLINE;
 373:../lufa-LUFA-111009/LUFA/Drivers/USB/Core/AVR8/../AVR8/USBController_AVR8.h **** 			static inline void USB_OTGPAD_On(void)
 374:../lufa-LUFA-111009/LUFA/Drivers/USB/Core/AVR8/../AVR8/USBController_AVR8.h **** 			{
 375:../lufa-LUFA-111009/LUFA/Drivers/USB/Core/AVR8/../AVR8/USBController_AVR8.h **** 				USBCON  |=  (1 << OTGPADE);
 376:../lufa-LUFA-111009/LUFA/Drivers/USB/Core/AVR8/../AVR8/USBController_AVR8.h **** 			}
 377:../lufa-LUFA-111009/LUFA/Drivers/USB/Core/AVR8/../AVR8/USBController_AVR8.h **** 
 378:../lufa-LUFA-111009/LUFA/Drivers/USB/Core/AVR8/../AVR8/USBController_AVR8.h **** 			static inline void USB_OTGPAD_Off(void) ATTR_ALWAYS_INLINE;
 379:../lufa-LUFA-111009/LUFA/Drivers/USB/Core/AVR8/../AVR8/USBController_AVR8.h **** 			static inline void USB_OTGPAD_Off(void)
 380:../lufa-LUFA-111009/LUFA/Drivers/USB/Core/AVR8/../AVR8/USBController_AVR8.h **** 			{
 381:../lufa-LUFA-111009/LUFA/Drivers/USB/Core/AVR8/../AVR8/USBController_AVR8.h **** 				USBCON  &= ~(1 << OTGPADE);
 382:../lufa-LUFA-111009/LUFA/Drivers/USB/Core/AVR8/../AVR8/USBController_AVR8.h **** 			}
 383:../lufa-LUFA-111009/LUFA/Drivers/USB/Core/AVR8/../AVR8/USBController_AVR8.h **** 			#endif
 384:../lufa-LUFA-111009/LUFA/Drivers/USB/Core/AVR8/../AVR8/USBController_AVR8.h **** 
 385:../lufa-LUFA-111009/LUFA/Drivers/USB/Core/AVR8/../AVR8/USBController_AVR8.h **** 			static inline void USB_CLK_Freeze(void) ATTR_ALWAYS_INLINE;
 386:../lufa-LUFA-111009/LUFA/Drivers/USB/Core/AVR8/../AVR8/USBController_AVR8.h **** 			static inline void USB_CLK_Freeze(void)
 387:../lufa-LUFA-111009/LUFA/Drivers/USB/Core/AVR8/../AVR8/USBController_AVR8.h **** 			{
 388:../lufa-LUFA-111009/LUFA/Drivers/USB/Core/AVR8/../AVR8/USBController_AVR8.h **** 				USBCON  |=  (1 << FRZCLK);
 389:../lufa-LUFA-111009/LUFA/Drivers/USB/Core/AVR8/../AVR8/USBController_AVR8.h **** 			}
 390:../lufa-LUFA-111009/LUFA/Drivers/USB/Core/AVR8/../AVR8/USBController_AVR8.h **** 
 391:../lufa-LUFA-111009/LUFA/Drivers/USB/Core/AVR8/../AVR8/USBController_AVR8.h **** 			static inline void USB_CLK_Unfreeze(void) ATTR_ALWAYS_INLINE;
 392:../lufa-LUFA-111009/LUFA/Drivers/USB/Core/AVR8/../AVR8/USBController_AVR8.h **** 			static inline void USB_CLK_Unfreeze(void)
 393:../lufa-LUFA-111009/LUFA/Drivers/USB/Core/AVR8/../AVR8/USBController_AVR8.h **** 			{
 394:../lufa-LUFA-111009/LUFA/Drivers/USB/Core/AVR8/../AVR8/USBController_AVR8.h **** 				USBCON  &= ~(1 << FRZCLK);
 395:../lufa-LUFA-111009/LUFA/Drivers/USB/Core/AVR8/../AVR8/USBController_AVR8.h **** 			}
 396:../lufa-LUFA-111009/LUFA/Drivers/USB/Core/AVR8/../AVR8/USBController_AVR8.h **** 
 397:../lufa-LUFA-111009/LUFA/Drivers/USB/Core/AVR8/../AVR8/USBController_AVR8.h **** 			static inline void USB_Controller_Enable(void) ATTR_ALWAYS_INLINE;
 398:../lufa-LUFA-111009/LUFA/Drivers/USB/Core/AVR8/../AVR8/USBController_AVR8.h **** 			static inline void USB_Controller_Enable(void)
 399:../lufa-LUFA-111009/LUFA/Drivers/USB/Core/AVR8/../AVR8/USBController_AVR8.h **** 			{
 400:../lufa-LUFA-111009/LUFA/Drivers/USB/Core/AVR8/../AVR8/USBController_AVR8.h **** 				USBCON  |=  (1 << USBE);
 401:../lufa-LUFA-111009/LUFA/Drivers/USB/Core/AVR8/../AVR8/USBController_AVR8.h **** 			}
 402:../lufa-LUFA-111009/LUFA/Drivers/USB/Core/AVR8/../AVR8/USBController_AVR8.h **** 
 403:../lufa-LUFA-111009/LUFA/Drivers/USB/Core/AVR8/../AVR8/USBController_AVR8.h **** 			static inline void USB_Controller_Disable(void) ATTR_ALWAYS_INLINE;
 404:../lufa-LUFA-111009/LUFA/Drivers/USB/Core/AVR8/../AVR8/USBController_AVR8.h **** 			static inline void USB_Controller_Disable(void)
  46               		.loc 2 404 23 view .LVU8
  47               	.LBB43:
 405:../lufa-LUFA-111009/LUFA/Drivers/USB/Core/AVR8/../AVR8/USBController_AVR8.h **** 			{
 406:../lufa-LUFA-111009/LUFA/Drivers/USB/Core/AVR8/../AVR8/USBController_AVR8.h **** 				USBCON  &= ~(1 << USBE);
  48               		.loc 2 406 5 view .LVU9
  49               		.loc 2 406 13 is_stmt 0 view .LVU10
  50 0012 E8ED      		ldi r30,lo8(-40)
  51 0014 F0E0      		ldi r31,0
  52 0016 8081      		ld r24,Z
  53 0018 8F77      		andi r24,lo8(127)
  54 001a 8083      		st Z,r24
  55               	.LBE43:
  56               	.LBE42:
 101:../lufa-LUFA-111009/LUFA/Drivers/USB/Core/AVR8/USBController_AVR8.c **** 
 102:../lufa-LUFA-111009/LUFA/Drivers/USB/Core/AVR8/USBController_AVR8.c **** 	if (!(USB_Options & USB_OPT_MANUAL_PLL))
  57               		.loc 1 102 2 is_stmt 1 view .LVU11
 103:../lufa-LUFA-111009/LUFA/Drivers/USB/Core/AVR8/USBController_AVR8.c **** 	  USB_PLL_Off();
  58               		.loc 1 103 4 view .LVU12
  59               	.LBB44:
  60               	.LBI44:
 340:../lufa-LUFA-111009/LUFA/Drivers/USB/Core/AVR8/../AVR8/USBController_AVR8.h **** 			{
  61               		.loc 2 340 23 view .LVU13
  62               	.LBB45:
 342:../lufa-LUFA-111009/LUFA/Drivers/USB/Core/AVR8/../AVR8/USBController_AVR8.h **** 			}
  63               		.loc 2 342 5 view .LVU14
 342:../lufa-LUFA-111009/LUFA/Drivers/USB/Core/AVR8/../AVR8/USBController_AVR8.h **** 			}
  64               		.loc 2 342 12 is_stmt 0 view .LVU15
  65 001c 19BC      		out 0x29,__zero_reg__
  66               	.LBE45:
  67               	.LBE44:
 104:../lufa-LUFA-111009/LUFA/Drivers/USB/Core/AVR8/USBController_AVR8.c **** 
 105:../lufa-LUFA-111009/LUFA/Drivers/USB/Core/AVR8/USBController_AVR8.c **** 	USB_REG_Off();
  68               		.loc 1 105 2 is_stmt 1 view .LVU16
  69               	.LBB46:
  70               	.LBI46:
 362:../lufa-LUFA-111009/LUFA/Drivers/USB/Core/AVR8/../AVR8/USBController_AVR8.h **** 			{
  71               		.loc 2 362 23 view .LVU17
  72               	.LBB47:
 365:../lufa-LUFA-111009/LUFA/Drivers/USB/Core/AVR8/../AVR8/USBController_AVR8.h **** 			#else
  73               		.loc 2 365 5 view .LVU18
 365:../lufa-LUFA-111009/LUFA/Drivers/USB/Core/AVR8/../AVR8/USBController_AVR8.h **** 			#else
  74               		.loc 2 365 13 is_stmt 0 view .LVU19
  75 001e A7ED      		ldi r26,lo8(-41)
  76 0020 B0E0      		ldi r27,0
  77 0022 8C91      		ld r24,X
  78 0024 8E7F      		andi r24,lo8(-2)
  79 0026 8C93      		st X,r24
  80               	.LBE47:
  81               	.LBE46:
 106:../lufa-LUFA-111009/LUFA/Drivers/USB/Core/AVR8/USBController_AVR8.c **** 
 107:../lufa-LUFA-111009/LUFA/Drivers/USB/Core/AVR8/USBController_AVR8.c **** 	#if defined(USB_SERIES_4_AVR) || defined(USB_SERIES_6_AVR) || defined(USB_SERIES_7_AVR)
 108:../lufa-LUFA-111009/LUFA/Drivers/USB/Core/AVR8/USBController_AVR8.c **** 	USB_OTGPAD_Off();
  82               		.loc 1 108 2 is_stmt 1 view .LVU20
  83               	.LBB48:
  84               	.LBI48:
 379:../lufa-LUFA-111009/LUFA/Drivers/USB/Core/AVR8/../AVR8/USBController_AVR8.h **** 			{
  85               		.loc 2 379 23 view .LVU21
  86               	.LBB49:
 381:../lufa-LUFA-111009/LUFA/Drivers/USB/Core/AVR8/../AVR8/USBController_AVR8.h **** 			}
  87               		.loc 2 381 5 view .LVU22
 381:../lufa-LUFA-111009/LUFA/Drivers/USB/Core/AVR8/../AVR8/USBController_AVR8.h **** 			}
  88               		.loc 2 381 13 is_stmt 0 view .LVU23
  89 0028 8081      		ld r24,Z
  90 002a 8F7E      		andi r24,lo8(-17)
  91 002c 8083      		st Z,r24
  92               	.LBE49:
  93               	.LBE48:
 109:../lufa-LUFA-111009/LUFA/Drivers/USB/Core/AVR8/USBController_AVR8.c **** 	#endif
 110:../lufa-LUFA-111009/LUFA/Drivers/USB/Core/AVR8/USBController_AVR8.c **** 
 111:../lufa-LUFA-111009/LUFA/Drivers/USB/Core/AVR8/USBController_AVR8.c **** 	#if defined(USB_CAN_BE_BOTH)
 112:../lufa-LUFA-111009/LUFA/Drivers/USB/Core/AVR8/USBController_AVR8.c **** 	USB_CurrentMode = USB_MODE_None;
 113:../lufa-LUFA-111009/LUFA/Drivers/USB/Core/AVR8/USBController_AVR8.c **** 	#endif
 114:../lufa-LUFA-111009/LUFA/Drivers/USB/Core/AVR8/USBController_AVR8.c **** 
 115:../lufa-LUFA-111009/LUFA/Drivers/USB/Core/AVR8/USBController_AVR8.c **** 	USB_IsInitialized = false;
  94               		.loc 1 115 2 is_stmt 1 view .LVU24
  95               		.loc 1 115 20 is_stmt 0 view .LVU25
  96 002e 1092 0000 		sts USB_IsInitialized,__zero_reg__
  97               	/* epilogue start */
 116:../lufa-LUFA-111009/LUFA/Drivers/USB/Core/AVR8/USBController_AVR8.c **** }
  98               		.loc 1 116 1 view .LVU26
  99 0032 0895      		ret
 100               		.cfi_endproc
 101               	.LFE86:
 103               		.section	.text.USB_ResetInterface,"ax",@progbits
 104               	.global	USB_ResetInterface
 106               	USB_ResetInterface:
 107               	.LFB87:
 117:../lufa-LUFA-111009/LUFA/Drivers/USB/Core/AVR8/USBController_AVR8.c **** 
 118:../lufa-LUFA-111009/LUFA/Drivers/USB/Core/AVR8/USBController_AVR8.c **** void USB_ResetInterface(void)
 119:../lufa-LUFA-111009/LUFA/Drivers/USB/Core/AVR8/USBController_AVR8.c **** {
 108               		.loc 1 119 1 is_stmt 1 view -0
 109               		.cfi_startproc
 110 0000 0F93      		push r16
 111               	.LCFI0:
 112               		.cfi_def_cfa_offset 3
 113               		.cfi_offset 16, -2
 114 0002 1F93      		push r17
 115               	.LCFI1:
 116               		.cfi_def_cfa_offset 4
 117               		.cfi_offset 17, -3
 118 0004 CF93      		push r28
 119               	.LCFI2:
 120               		.cfi_def_cfa_offset 5
 121               		.cfi_offset 28, -4
 122 0006 DF93      		push r29
 123               	.LCFI3:
 124               		.cfi_def_cfa_offset 6
 125               		.cfi_offset 29, -5
 126               	/* prologue: function */
 127               	/* frame size = 0 */
 128               	/* stack size = 4 */
 129               	.L__stack_usage = 4
 120:../lufa-LUFA-111009/LUFA/Drivers/USB/Core/AVR8/USBController_AVR8.c **** 	#if defined(USB_CAN_BE_BOTH)
 121:../lufa-LUFA-111009/LUFA/Drivers/USB/Core/AVR8/USBController_AVR8.c **** 	bool UIDModeSelectEnabled = ((UHWCON & (1 << UIDE)) != 0);
 122:../lufa-LUFA-111009/LUFA/Drivers/USB/Core/AVR8/USBController_AVR8.c **** 	#endif
 123:../lufa-LUFA-111009/LUFA/Drivers/USB/Core/AVR8/USBController_AVR8.c **** 
 124:../lufa-LUFA-111009/LUFA/Drivers/USB/Core/AVR8/USBController_AVR8.c **** 	USB_INT_DisableAllInterrupts();
 130               		.loc 1 124 2 view .LVU28
 131 0008 0E94 0000 		call USB_INT_DisableAllInterrupts
 132               	.LVL2:
 125:../lufa-LUFA-111009/LUFA/Drivers/USB/Core/AVR8/USBController_AVR8.c **** 	USB_INT_ClearAllInterrupts();
 133               		.loc 1 125 2 view .LVU29
 134 000c 0E94 0000 		call USB_INT_ClearAllInterrupts
 135               	.LVL3:
 126:../lufa-LUFA-111009/LUFA/Drivers/USB/Core/AVR8/USBController_AVR8.c **** 
 127:../lufa-LUFA-111009/LUFA/Drivers/USB/Core/AVR8/USBController_AVR8.c **** 	USB_Controller_Reset();
 136               		.loc 1 127 2 view .LVU30
 137               	.LBB74:
 138               	.LBI74:
 407:../lufa-LUFA-111009/LUFA/Drivers/USB/Core/AVR8/../AVR8/USBController_AVR8.h **** 			}
 408:../lufa-LUFA-111009/LUFA/Drivers/USB/Core/AVR8/../AVR8/USBController_AVR8.h **** 
 409:../lufa-LUFA-111009/LUFA/Drivers/USB/Core/AVR8/../AVR8/USBController_AVR8.h **** 			static inline void USB_Controller_Reset(void) ATTR_ALWAYS_INLINE;
 410:../lufa-LUFA-111009/LUFA/Drivers/USB/Core/AVR8/../AVR8/USBController_AVR8.h **** 			static inline void USB_Controller_Reset(void)
 139               		.loc 2 410 23 view .LVU31
 140               	.LBB75:
 411:../lufa-LUFA-111009/LUFA/Drivers/USB/Core/AVR8/../AVR8/USBController_AVR8.h **** 			{
 412:../lufa-LUFA-111009/LUFA/Drivers/USB/Core/AVR8/../AVR8/USBController_AVR8.h **** 				USBCON &= ~(1 << USBE);
 141               		.loc 2 412 5 view .LVU32
 142               		.loc 2 412 12 is_stmt 0 view .LVU33
 143 0010 C8ED      		ldi r28,lo8(-40)
 144 0012 D0E0      		ldi r29,0
 145 0014 8881      		ld r24,Y
 146 0016 8F77      		andi r24,lo8(127)
 147 0018 8883      		st Y,r24
 413:../lufa-LUFA-111009/LUFA/Drivers/USB/Core/AVR8/../AVR8/USBController_AVR8.h **** 				USBCON |=  (1 << USBE);
 148               		.loc 2 413 5 is_stmt 1 view .LVU34
 149 001a 8881      		ld r24,Y
 150               		.loc 2 413 12 is_stmt 0 view .LVU35
 151 001c 8068      		ori r24,lo8(-128)
 152 001e 8883      		st Y,r24
 153               	.LBE75:
 154               	.LBE74:
 128:../lufa-LUFA-111009/LUFA/Drivers/USB/Core/AVR8/USBController_AVR8.c **** 
 129:../lufa-LUFA-111009/LUFA/Drivers/USB/Core/AVR8/USBController_AVR8.c **** 	#if defined(USB_CAN_BE_BOTH)
 130:../lufa-LUFA-111009/LUFA/Drivers/USB/Core/AVR8/USBController_AVR8.c **** 	if (UIDModeSelectEnabled)
 131:../lufa-LUFA-111009/LUFA/Drivers/USB/Core/AVR8/USBController_AVR8.c **** 	  USB_INT_Enable(USB_INT_IDTI);
 132:../lufa-LUFA-111009/LUFA/Drivers/USB/Core/AVR8/USBController_AVR8.c **** 	#endif
 133:../lufa-LUFA-111009/LUFA/Drivers/USB/Core/AVR8/USBController_AVR8.c **** 
 134:../lufa-LUFA-111009/LUFA/Drivers/USB/Core/AVR8/USBController_AVR8.c **** 	USB_CLK_Unfreeze();
 155               		.loc 1 134 2 is_stmt 1 view .LVU36
 156               	.LBB76:
 157               	.LBI76:
 392:../lufa-LUFA-111009/LUFA/Drivers/USB/Core/AVR8/../AVR8/USBController_AVR8.h **** 			{
 158               		.loc 2 392 23 view .LVU37
 159               	.LBB77:
 394:../lufa-LUFA-111009/LUFA/Drivers/USB/Core/AVR8/../AVR8/USBController_AVR8.h **** 			}
 160               		.loc 2 394 5 view .LVU38
 394:../lufa-LUFA-111009/LUFA/Drivers/USB/Core/AVR8/../AVR8/USBController_AVR8.h **** 			}
 161               		.loc 2 394 13 is_stmt 0 view .LVU39
 162 0020 8881      		ld r24,Y
 163 0022 8F7D      		andi r24,lo8(-33)
 164 0024 8883      		st Y,r24
 165               	.LBE77:
 166               	.LBE76:
 135:../lufa-LUFA-111009/LUFA/Drivers/USB/Core/AVR8/USBController_AVR8.c **** 
 136:../lufa-LUFA-111009/LUFA/Drivers/USB/Core/AVR8/USBController_AVR8.c **** 	if (USB_CurrentMode == USB_MODE_Device)
 167               		.loc 1 136 2 is_stmt 1 view .LVU40
 137:../lufa-LUFA-111009/LUFA/Drivers/USB/Core/AVR8/USBController_AVR8.c **** 	{
 138:../lufa-LUFA-111009/LUFA/Drivers/USB/Core/AVR8/USBController_AVR8.c **** 		#if defined(USB_CAN_BE_DEVICE)
 139:../lufa-LUFA-111009/LUFA/Drivers/USB/Core/AVR8/USBController_AVR8.c **** 		#if (defined(USB_SERIES_6_AVR) || defined(USB_SERIES_7_AVR))
 140:../lufa-LUFA-111009/LUFA/Drivers/USB/Core/AVR8/USBController_AVR8.c **** 		UHWCON |=  (1 << UIMOD);
 141:../lufa-LUFA-111009/LUFA/Drivers/USB/Core/AVR8/USBController_AVR8.c **** 		#endif
 142:../lufa-LUFA-111009/LUFA/Drivers/USB/Core/AVR8/USBController_AVR8.c **** 
 143:../lufa-LUFA-111009/LUFA/Drivers/USB/Core/AVR8/USBController_AVR8.c **** 		if (!(USB_Options & USB_OPT_MANUAL_PLL))
 168               		.loc 1 143 3 view .LVU41
 144:../lufa-LUFA-111009/LUFA/Drivers/USB/Core/AVR8/USBController_AVR8.c **** 		{
 145:../lufa-LUFA-111009/LUFA/Drivers/USB/Core/AVR8/USBController_AVR8.c **** 			#if defined(USB_SERIES_2_AVR)
 146:../lufa-LUFA-111009/LUFA/Drivers/USB/Core/AVR8/USBController_AVR8.c **** 			USB_PLL_On();
 147:../lufa-LUFA-111009/LUFA/Drivers/USB/Core/AVR8/USBController_AVR8.c **** 			while (!(USB_PLL_IsReady()));
 148:../lufa-LUFA-111009/LUFA/Drivers/USB/Core/AVR8/USBController_AVR8.c **** 			#else
 149:../lufa-LUFA-111009/LUFA/Drivers/USB/Core/AVR8/USBController_AVR8.c **** 			USB_PLL_Off();
 169               		.loc 1 149 4 view .LVU42
 170               	.LBB78:
 171               	.LBI78:
 340:../lufa-LUFA-111009/LUFA/Drivers/USB/Core/AVR8/../AVR8/USBController_AVR8.h **** 			{
 172               		.loc 2 340 23 view .LVU43
 173               	.LBB79:
 342:../lufa-LUFA-111009/LUFA/Drivers/USB/Core/AVR8/../AVR8/USBController_AVR8.h **** 			}
 174               		.loc 2 342 5 view .LVU44
 342:../lufa-LUFA-111009/LUFA/Drivers/USB/Core/AVR8/../AVR8/USBController_AVR8.h **** 			}
 175               		.loc 2 342 12 is_stmt 0 view .LVU45
 176 0026 19BC      		out 0x29,__zero_reg__
 177               	.LBE79:
 178               	.LBE78:
 150:../lufa-LUFA-111009/LUFA/Drivers/USB/Core/AVR8/USBController_AVR8.c **** 			#endif
 151:../lufa-LUFA-111009/LUFA/Drivers/USB/Core/AVR8/USBController_AVR8.c **** 		}
 152:../lufa-LUFA-111009/LUFA/Drivers/USB/Core/AVR8/USBController_AVR8.c **** 
 153:../lufa-LUFA-111009/LUFA/Drivers/USB/Core/AVR8/USBController_AVR8.c **** 		USB_Init_Device();
 179               		.loc 1 153 3 is_stmt 1 view .LVU46
 180               	.LBB80:
 181               	.LBI80:
 154:../lufa-LUFA-111009/LUFA/Drivers/USB/Core/AVR8/USBController_AVR8.c **** 		#endif
 155:../lufa-LUFA-111009/LUFA/Drivers/USB/Core/AVR8/USBController_AVR8.c **** 	}
 156:../lufa-LUFA-111009/LUFA/Drivers/USB/Core/AVR8/USBController_AVR8.c **** 	else if (USB_CurrentMode == USB_MODE_Host)
 157:../lufa-LUFA-111009/LUFA/Drivers/USB/Core/AVR8/USBController_AVR8.c **** 	{
 158:../lufa-LUFA-111009/LUFA/Drivers/USB/Core/AVR8/USBController_AVR8.c **** 		#if defined(USB_CAN_BE_HOST)
 159:../lufa-LUFA-111009/LUFA/Drivers/USB/Core/AVR8/USBController_AVR8.c **** 		UHWCON &= ~(1 << UIMOD);
 160:../lufa-LUFA-111009/LUFA/Drivers/USB/Core/AVR8/USBController_AVR8.c **** 
 161:../lufa-LUFA-111009/LUFA/Drivers/USB/Core/AVR8/USBController_AVR8.c **** 		if (!(USB_Options & USB_OPT_MANUAL_PLL))
 162:../lufa-LUFA-111009/LUFA/Drivers/USB/Core/AVR8/USBController_AVR8.c **** 		{
 163:../lufa-LUFA-111009/LUFA/Drivers/USB/Core/AVR8/USBController_AVR8.c **** 			#if defined(USB_CAN_BE_HOST)
 164:../lufa-LUFA-111009/LUFA/Drivers/USB/Core/AVR8/USBController_AVR8.c **** 			USB_PLL_On();
 165:../lufa-LUFA-111009/LUFA/Drivers/USB/Core/AVR8/USBController_AVR8.c **** 			while (!(USB_PLL_IsReady()));		
 166:../lufa-LUFA-111009/LUFA/Drivers/USB/Core/AVR8/USBController_AVR8.c **** 			#endif
 167:../lufa-LUFA-111009/LUFA/Drivers/USB/Core/AVR8/USBController_AVR8.c **** 		}
 168:../lufa-LUFA-111009/LUFA/Drivers/USB/Core/AVR8/USBController_AVR8.c **** 
 169:../lufa-LUFA-111009/LUFA/Drivers/USB/Core/AVR8/USBController_AVR8.c **** 		USB_Init_Host();
 170:../lufa-LUFA-111009/LUFA/Drivers/USB/Core/AVR8/USBController_AVR8.c **** 		#endif
 171:../lufa-LUFA-111009/LUFA/Drivers/USB/Core/AVR8/USBController_AVR8.c **** 	}
 172:../lufa-LUFA-111009/LUFA/Drivers/USB/Core/AVR8/USBController_AVR8.c **** 
 173:../lufa-LUFA-111009/LUFA/Drivers/USB/Core/AVR8/USBController_AVR8.c **** 	#if (defined(USB_SERIES_4_AVR) || defined(USB_SERIES_6_AVR) || defined(USB_SERIES_7_AVR))
 174:../lufa-LUFA-111009/LUFA/Drivers/USB/Core/AVR8/USBController_AVR8.c **** 	USB_OTGPAD_On();
 175:../lufa-LUFA-111009/LUFA/Drivers/USB/Core/AVR8/USBController_AVR8.c **** 	#endif
 176:../lufa-LUFA-111009/LUFA/Drivers/USB/Core/AVR8/USBController_AVR8.c **** }
 177:../lufa-LUFA-111009/LUFA/Drivers/USB/Core/AVR8/USBController_AVR8.c **** 
 178:../lufa-LUFA-111009/LUFA/Drivers/USB/Core/AVR8/USBController_AVR8.c **** #if defined(USB_CAN_BE_DEVICE)
 179:../lufa-LUFA-111009/LUFA/Drivers/USB/Core/AVR8/USBController_AVR8.c **** static void USB_Init_Device(void)
 182               		.loc 1 179 13 view .LVU47
 183               	.LBB81:
 180:../lufa-LUFA-111009/LUFA/Drivers/USB/Core/AVR8/USBController_AVR8.c **** {
 181:../lufa-LUFA-111009/LUFA/Drivers/USB/Core/AVR8/USBController_AVR8.c **** 	USB_DeviceState                 = DEVICE_STATE_Unattached;
 184               		.loc 1 181 2 view .LVU48
 185               		.loc 1 181 34 is_stmt 0 view .LVU49
 186 0028 1EBA      		out 0x1e,__zero_reg__
 182:../lufa-LUFA-111009/LUFA/Drivers/USB/Core/AVR8/USBController_AVR8.c **** 	USB_Device_ConfigurationNumber  = 0;
 187               		.loc 1 182 2 is_stmt 1 view .LVU50
 188               		.loc 1 182 34 is_stmt 0 view .LVU51
 189 002a 1092 0000 		sts USB_Device_ConfigurationNumber,__zero_reg__
 183:../lufa-LUFA-111009/LUFA/Drivers/USB/Core/AVR8/USBController_AVR8.c **** 
 184:../lufa-LUFA-111009/LUFA/Drivers/USB/Core/AVR8/USBController_AVR8.c **** 	#if !defined(NO_DEVICE_REMOTE_WAKEUP)
 185:../lufa-LUFA-111009/LUFA/Drivers/USB/Core/AVR8/USBController_AVR8.c **** 	USB_Device_RemoteWakeupEnabled  = false;
 186:../lufa-LUFA-111009/LUFA/Drivers/USB/Core/AVR8/USBController_AVR8.c **** 	#endif
 187:../lufa-LUFA-111009/LUFA/Drivers/USB/Core/AVR8/USBController_AVR8.c **** 
 188:../lufa-LUFA-111009/LUFA/Drivers/USB/Core/AVR8/USBController_AVR8.c **** 	#if !defined(NO_DEVICE_SELF_POWER)
 189:../lufa-LUFA-111009/LUFA/Drivers/USB/Core/AVR8/USBController_AVR8.c **** 	USB_Device_CurrentlySelfPowered = false;
 190:../lufa-LUFA-111009/LUFA/Drivers/USB/Core/AVR8/USBController_AVR8.c **** 	#endif
 191:../lufa-LUFA-111009/LUFA/Drivers/USB/Core/AVR8/USBController_AVR8.c **** 
 192:../lufa-LUFA-111009/LUFA/Drivers/USB/Core/AVR8/USBController_AVR8.c **** 	#if !defined(FIXED_CONTROL_ENDPOINT_SIZE)
 193:../lufa-LUFA-111009/LUFA/Drivers/USB/Core/AVR8/USBController_AVR8.c **** 	USB_Descriptor_Device_t* DeviceDescriptorPtr;
 194:../lufa-LUFA-111009/LUFA/Drivers/USB/Core/AVR8/USBController_AVR8.c **** 	
 195:../lufa-LUFA-111009/LUFA/Drivers/USB/Core/AVR8/USBController_AVR8.c **** 	#if defined(ARCH_HAS_MULTI_ADDRESS_SPACE) && \
 196:../lufa-LUFA-111009/LUFA/Drivers/USB/Core/AVR8/USBController_AVR8.c **** 	    !(defined(USE_FLASH_DESCRIPTORS) || defined(USE_EEPROM_DESCRIPTORS) || defined(USE_RAM_DESCRIP
 197:../lufa-LUFA-111009/LUFA/Drivers/USB/Core/AVR8/USBController_AVR8.c **** 	uint8_t DescriptorAddressSpace;
 198:../lufa-LUFA-111009/LUFA/Drivers/USB/Core/AVR8/USBController_AVR8.c **** 
 199:../lufa-LUFA-111009/LUFA/Drivers/USB/Core/AVR8/USBController_AVR8.c **** 	if (CALLBACK_USB_GetDescriptor((DTYPE_Device << 8), 0, (void*)&DeviceDescriptorPtr, &DescriptorAdd
 200:../lufa-LUFA-111009/LUFA/Drivers/USB/Core/AVR8/USBController_AVR8.c **** 	{
 201:../lufa-LUFA-111009/LUFA/Drivers/USB/Core/AVR8/USBController_AVR8.c **** 		if (DescriptorAddressSpace == MEMSPACE_FLASH)
 202:../lufa-LUFA-111009/LUFA/Drivers/USB/Core/AVR8/USBController_AVR8.c **** 		  USB_Device_ControlEndpointSize = pgm_read_byte(&DeviceDescriptorPtr->Endpoint0Size);
 203:../lufa-LUFA-111009/LUFA/Drivers/USB/Core/AVR8/USBController_AVR8.c **** 		else if (DescriptorAddressSpace == MEMSPACE_EEPROM)
 204:../lufa-LUFA-111009/LUFA/Drivers/USB/Core/AVR8/USBController_AVR8.c **** 		  USB_Device_ControlEndpointSize = eeprom_read_byte(&DeviceDescriptorPtr->Endpoint0Size);
 205:../lufa-LUFA-111009/LUFA/Drivers/USB/Core/AVR8/USBController_AVR8.c **** 		else
 206:../lufa-LUFA-111009/LUFA/Drivers/USB/Core/AVR8/USBController_AVR8.c **** 		  USB_Device_ControlEndpointSize = DeviceDescriptorPtr->Endpoint0Size;
 207:../lufa-LUFA-111009/LUFA/Drivers/USB/Core/AVR8/USBController_AVR8.c **** 	}
 208:../lufa-LUFA-111009/LUFA/Drivers/USB/Core/AVR8/USBController_AVR8.c **** 	#else
 209:../lufa-LUFA-111009/LUFA/Drivers/USB/Core/AVR8/USBController_AVR8.c **** 	if (CALLBACK_USB_GetDescriptor((DTYPE_Device << 8), 0, (void*)&DeviceDescriptorPtr) != NO_DESCRIPT
 210:../lufa-LUFA-111009/LUFA/Drivers/USB/Core/AVR8/USBController_AVR8.c **** 	{
 211:../lufa-LUFA-111009/LUFA/Drivers/USB/Core/AVR8/USBController_AVR8.c **** 		#if defined(USE_RAM_DESCRIPTORS)
 212:../lufa-LUFA-111009/LUFA/Drivers/USB/Core/AVR8/USBController_AVR8.c **** 		USB_Device_ControlEndpointSize = DeviceDescriptorPtr->Endpoint0Size;
 213:../lufa-LUFA-111009/LUFA/Drivers/USB/Core/AVR8/USBController_AVR8.c **** 		#elif defined(USE_EEPROM_DESCRIPTORS)
 214:../lufa-LUFA-111009/LUFA/Drivers/USB/Core/AVR8/USBController_AVR8.c **** 		USB_Device_ControlEndpointSize = eeprom_read_byte(&DeviceDescriptorPtr->Endpoint0Size);
 215:../lufa-LUFA-111009/LUFA/Drivers/USB/Core/AVR8/USBController_AVR8.c **** 		#else
 216:../lufa-LUFA-111009/LUFA/Drivers/USB/Core/AVR8/USBController_AVR8.c **** 		USB_Device_ControlEndpointSize = pgm_read_byte(&DeviceDescriptorPtr->Endpoint0Size);
 217:../lufa-LUFA-111009/LUFA/Drivers/USB/Core/AVR8/USBController_AVR8.c **** 		#endif
 218:../lufa-LUFA-111009/LUFA/Drivers/USB/Core/AVR8/USBController_AVR8.c **** 	}	
 219:../lufa-LUFA-111009/LUFA/Drivers/USB/Core/AVR8/USBController_AVR8.c **** 	#endif
 220:../lufa-LUFA-111009/LUFA/Drivers/USB/Core/AVR8/USBController_AVR8.c **** 	#endif
 221:../lufa-LUFA-111009/LUFA/Drivers/USB/Core/AVR8/USBController_AVR8.c **** 
 222:../lufa-LUFA-111009/LUFA/Drivers/USB/Core/AVR8/USBController_AVR8.c **** 	#if (defined(USB_SERIES_4_AVR) || defined(USB_SERIES_6_AVR) || defined(USB_SERIES_7_AVR))
 223:../lufa-LUFA-111009/LUFA/Drivers/USB/Core/AVR8/USBController_AVR8.c **** 	if (USB_Options & USB_DEVICE_OPT_LOWSPEED)
 190               		.loc 1 223 2 is_stmt 1 view .LVU52
 224:../lufa-LUFA-111009/LUFA/Drivers/USB/Core/AVR8/USBController_AVR8.c **** 	  USB_Device_SetLowSpeed();
 225:../lufa-LUFA-111009/LUFA/Drivers/USB/Core/AVR8/USBController_AVR8.c **** 	else
 226:../lufa-LUFA-111009/LUFA/Drivers/USB/Core/AVR8/USBController_AVR8.c **** 	  USB_Device_SetFullSpeed();
 191               		.loc 1 226 4 view .LVU53
 192               	.LBB82:
 193               	.LBI82:
 194               		.file 3 "../lufa-LUFA-111009/LUFA/Drivers/USB/Core/AVR8/../AVR8/../AVR8/Device_AVR8.h"
   1:../lufa-LUFA-111009/LUFA/Drivers/USB/Core/AVR8/../AVR8/../AVR8/Device_AVR8.h **** /*
   2:../lufa-LUFA-111009/LUFA/Drivers/USB/Core/AVR8/../AVR8/../AVR8/Device_AVR8.h ****              LUFA Library
   3:../lufa-LUFA-111009/LUFA/Drivers/USB/Core/AVR8/../AVR8/../AVR8/Device_AVR8.h ****      Copyright (C) Dean Camera, 2011.
   4:../lufa-LUFA-111009/LUFA/Drivers/USB/Core/AVR8/../AVR8/../AVR8/Device_AVR8.h **** 
   5:../lufa-LUFA-111009/LUFA/Drivers/USB/Core/AVR8/../AVR8/../AVR8/Device_AVR8.h ****   dean [at] fourwalledcubicle [dot] com
   6:../lufa-LUFA-111009/LUFA/Drivers/USB/Core/AVR8/../AVR8/../AVR8/Device_AVR8.h ****            www.lufa-lib.org
   7:../lufa-LUFA-111009/LUFA/Drivers/USB/Core/AVR8/../AVR8/../AVR8/Device_AVR8.h **** */
   8:../lufa-LUFA-111009/LUFA/Drivers/USB/Core/AVR8/../AVR8/../AVR8/Device_AVR8.h **** 
   9:../lufa-LUFA-111009/LUFA/Drivers/USB/Core/AVR8/../AVR8/../AVR8/Device_AVR8.h **** /*
  10:../lufa-LUFA-111009/LUFA/Drivers/USB/Core/AVR8/../AVR8/../AVR8/Device_AVR8.h ****   Copyright 2011  Dean Camera (dean [at] fourwalledcubicle [dot] com)
  11:../lufa-LUFA-111009/LUFA/Drivers/USB/Core/AVR8/../AVR8/../AVR8/Device_AVR8.h **** 
  12:../lufa-LUFA-111009/LUFA/Drivers/USB/Core/AVR8/../AVR8/../AVR8/Device_AVR8.h ****   Permission to use, copy, modify, distribute, and sell this
  13:../lufa-LUFA-111009/LUFA/Drivers/USB/Core/AVR8/../AVR8/../AVR8/Device_AVR8.h ****   software and its documentation for any purpose is hereby granted
  14:../lufa-LUFA-111009/LUFA/Drivers/USB/Core/AVR8/../AVR8/../AVR8/Device_AVR8.h ****   without fee, provided that the above copyright notice appear in
  15:../lufa-LUFA-111009/LUFA/Drivers/USB/Core/AVR8/../AVR8/../AVR8/Device_AVR8.h ****   all copies and that both that the copyright notice and this
  16:../lufa-LUFA-111009/LUFA/Drivers/USB/Core/AVR8/../AVR8/../AVR8/Device_AVR8.h ****   permission notice and warranty disclaimer appear in supporting
  17:../lufa-LUFA-111009/LUFA/Drivers/USB/Core/AVR8/../AVR8/../AVR8/Device_AVR8.h ****   documentation, and that the name of the author not be used in
  18:../lufa-LUFA-111009/LUFA/Drivers/USB/Core/AVR8/../AVR8/../AVR8/Device_AVR8.h ****   advertising or publicity pertaining to distribution of the
  19:../lufa-LUFA-111009/LUFA/Drivers/USB/Core/AVR8/../AVR8/../AVR8/Device_AVR8.h ****   software without specific, written prior permission.
  20:../lufa-LUFA-111009/LUFA/Drivers/USB/Core/AVR8/../AVR8/../AVR8/Device_AVR8.h **** 
  21:../lufa-LUFA-111009/LUFA/Drivers/USB/Core/AVR8/../AVR8/../AVR8/Device_AVR8.h ****   The author disclaim all warranties with regard to this
  22:../lufa-LUFA-111009/LUFA/Drivers/USB/Core/AVR8/../AVR8/../AVR8/Device_AVR8.h ****   software, including all implied warranties of merchantability
  23:../lufa-LUFA-111009/LUFA/Drivers/USB/Core/AVR8/../AVR8/../AVR8/Device_AVR8.h ****   and fitness.  In no event shall the author be liable for any
  24:../lufa-LUFA-111009/LUFA/Drivers/USB/Core/AVR8/../AVR8/../AVR8/Device_AVR8.h ****   special, indirect or consequential damages or any damages
  25:../lufa-LUFA-111009/LUFA/Drivers/USB/Core/AVR8/../AVR8/../AVR8/Device_AVR8.h ****   whatsoever resulting from loss of use, data or profits, whether
  26:../lufa-LUFA-111009/LUFA/Drivers/USB/Core/AVR8/../AVR8/../AVR8/Device_AVR8.h ****   in an action of contract, negligence or other tortious action,
  27:../lufa-LUFA-111009/LUFA/Drivers/USB/Core/AVR8/../AVR8/../AVR8/Device_AVR8.h ****   arising out of or in connection with the use or performance of
  28:../lufa-LUFA-111009/LUFA/Drivers/USB/Core/AVR8/../AVR8/../AVR8/Device_AVR8.h ****   this software.
  29:../lufa-LUFA-111009/LUFA/Drivers/USB/Core/AVR8/../AVR8/../AVR8/Device_AVR8.h **** */
  30:../lufa-LUFA-111009/LUFA/Drivers/USB/Core/AVR8/../AVR8/../AVR8/Device_AVR8.h **** 
  31:../lufa-LUFA-111009/LUFA/Drivers/USB/Core/AVR8/../AVR8/../AVR8/Device_AVR8.h **** /** \file
  32:../lufa-LUFA-111009/LUFA/Drivers/USB/Core/AVR8/../AVR8/../AVR8/Device_AVR8.h ****  *  \brief USB Device definitions for the AVR8 microcontrollers.
  33:../lufa-LUFA-111009/LUFA/Drivers/USB/Core/AVR8/../AVR8/../AVR8/Device_AVR8.h ****  *  \copydetails Group_Device_AVR8
  34:../lufa-LUFA-111009/LUFA/Drivers/USB/Core/AVR8/../AVR8/../AVR8/Device_AVR8.h ****  *
  35:../lufa-LUFA-111009/LUFA/Drivers/USB/Core/AVR8/../AVR8/../AVR8/Device_AVR8.h ****  *  \note This file should not be included directly. It is automatically included as needed by the 
  36:../lufa-LUFA-111009/LUFA/Drivers/USB/Core/AVR8/../AVR8/../AVR8/Device_AVR8.h ****  *        dispatch header located in LUFA/Drivers/USB/USB.h.
  37:../lufa-LUFA-111009/LUFA/Drivers/USB/Core/AVR8/../AVR8/../AVR8/Device_AVR8.h ****  */
  38:../lufa-LUFA-111009/LUFA/Drivers/USB/Core/AVR8/../AVR8/../AVR8/Device_AVR8.h **** 
  39:../lufa-LUFA-111009/LUFA/Drivers/USB/Core/AVR8/../AVR8/../AVR8/Device_AVR8.h **** /** \ingroup Group_Device
  40:../lufa-LUFA-111009/LUFA/Drivers/USB/Core/AVR8/../AVR8/../AVR8/Device_AVR8.h ****  *  \defgroup Group_Device_AVR8 Device Management (AVR8)
  41:../lufa-LUFA-111009/LUFA/Drivers/USB/Core/AVR8/../AVR8/../AVR8/Device_AVR8.h ****  *  \brief USB Device definitions for the AVR8 microcontrollers.
  42:../lufa-LUFA-111009/LUFA/Drivers/USB/Core/AVR8/../AVR8/../AVR8/Device_AVR8.h ****  *
  43:../lufa-LUFA-111009/LUFA/Drivers/USB/Core/AVR8/../AVR8/../AVR8/Device_AVR8.h ****  *  Architecture specific USB Device definitions for the Atmel 8-bit AVR microcontrollers.
  44:../lufa-LUFA-111009/LUFA/Drivers/USB/Core/AVR8/../AVR8/../AVR8/Device_AVR8.h ****  *
  45:../lufa-LUFA-111009/LUFA/Drivers/USB/Core/AVR8/../AVR8/../AVR8/Device_AVR8.h ****  *  @{
  46:../lufa-LUFA-111009/LUFA/Drivers/USB/Core/AVR8/../AVR8/../AVR8/Device_AVR8.h ****  */
  47:../lufa-LUFA-111009/LUFA/Drivers/USB/Core/AVR8/../AVR8/../AVR8/Device_AVR8.h **** 
  48:../lufa-LUFA-111009/LUFA/Drivers/USB/Core/AVR8/../AVR8/../AVR8/Device_AVR8.h **** #ifndef __USBDEVICE_AVR8_H__
  49:../lufa-LUFA-111009/LUFA/Drivers/USB/Core/AVR8/../AVR8/../AVR8/Device_AVR8.h **** #define __USBDEVICE_AVR8_H__
  50:../lufa-LUFA-111009/LUFA/Drivers/USB/Core/AVR8/../AVR8/../AVR8/Device_AVR8.h **** 
  51:../lufa-LUFA-111009/LUFA/Drivers/USB/Core/AVR8/../AVR8/../AVR8/Device_AVR8.h **** 	/* Includes: */
  52:../lufa-LUFA-111009/LUFA/Drivers/USB/Core/AVR8/../AVR8/../AVR8/Device_AVR8.h **** 		#include "../../../../Common/Common.h"
  53:../lufa-LUFA-111009/LUFA/Drivers/USB/Core/AVR8/../AVR8/../AVR8/Device_AVR8.h **** 		#include "../USBController.h"
  54:../lufa-LUFA-111009/LUFA/Drivers/USB/Core/AVR8/../AVR8/../AVR8/Device_AVR8.h **** 		#include "../StdDescriptors.h"
  55:../lufa-LUFA-111009/LUFA/Drivers/USB/Core/AVR8/../AVR8/../AVR8/Device_AVR8.h **** 		#include "../USBInterrupt.h"
  56:../lufa-LUFA-111009/LUFA/Drivers/USB/Core/AVR8/../AVR8/../AVR8/Device_AVR8.h **** 		#include "../Endpoint.h"
  57:../lufa-LUFA-111009/LUFA/Drivers/USB/Core/AVR8/../AVR8/../AVR8/Device_AVR8.h **** 		
  58:../lufa-LUFA-111009/LUFA/Drivers/USB/Core/AVR8/../AVR8/../AVR8/Device_AVR8.h **** 	/* Enable C linkage for C++ Compilers: */
  59:../lufa-LUFA-111009/LUFA/Drivers/USB/Core/AVR8/../AVR8/../AVR8/Device_AVR8.h **** 		#if defined(__cplusplus)
  60:../lufa-LUFA-111009/LUFA/Drivers/USB/Core/AVR8/../AVR8/../AVR8/Device_AVR8.h **** 			extern "C" {
  61:../lufa-LUFA-111009/LUFA/Drivers/USB/Core/AVR8/../AVR8/../AVR8/Device_AVR8.h **** 		#endif
  62:../lufa-LUFA-111009/LUFA/Drivers/USB/Core/AVR8/../AVR8/../AVR8/Device_AVR8.h **** 
  63:../lufa-LUFA-111009/LUFA/Drivers/USB/Core/AVR8/../AVR8/../AVR8/Device_AVR8.h **** 	/* Preprocessor Checks: */
  64:../lufa-LUFA-111009/LUFA/Drivers/USB/Core/AVR8/../AVR8/../AVR8/Device_AVR8.h **** 		#if !defined(__INCLUDE_FROM_USB_DRIVER)
  65:../lufa-LUFA-111009/LUFA/Drivers/USB/Core/AVR8/../AVR8/../AVR8/Device_AVR8.h **** 			#error Do not include this file directly. Include LUFA/Drivers/USB/USB.h instead.
  66:../lufa-LUFA-111009/LUFA/Drivers/USB/Core/AVR8/../AVR8/../AVR8/Device_AVR8.h **** 		#endif
  67:../lufa-LUFA-111009/LUFA/Drivers/USB/Core/AVR8/../AVR8/../AVR8/Device_AVR8.h **** 
  68:../lufa-LUFA-111009/LUFA/Drivers/USB/Core/AVR8/../AVR8/../AVR8/Device_AVR8.h **** 		#if (defined(USE_RAM_DESCRIPTORS) && defined(USE_EEPROM_DESCRIPTORS))
  69:../lufa-LUFA-111009/LUFA/Drivers/USB/Core/AVR8/../AVR8/../AVR8/Device_AVR8.h **** 			#error USE_RAM_DESCRIPTORS and USE_EEPROM_DESCRIPTORS are mutually exclusive.
  70:../lufa-LUFA-111009/LUFA/Drivers/USB/Core/AVR8/../AVR8/../AVR8/Device_AVR8.h **** 		#endif
  71:../lufa-LUFA-111009/LUFA/Drivers/USB/Core/AVR8/../AVR8/../AVR8/Device_AVR8.h **** 
  72:../lufa-LUFA-111009/LUFA/Drivers/USB/Core/AVR8/../AVR8/../AVR8/Device_AVR8.h **** 	/* Public Interface - May be used in end-application: */
  73:../lufa-LUFA-111009/LUFA/Drivers/USB/Core/AVR8/../AVR8/../AVR8/Device_AVR8.h **** 		/* Macros: */
  74:../lufa-LUFA-111009/LUFA/Drivers/USB/Core/AVR8/../AVR8/../AVR8/Device_AVR8.h **** 			/** \name USB Device Mode Option Masks */
  75:../lufa-LUFA-111009/LUFA/Drivers/USB/Core/AVR8/../AVR8/../AVR8/Device_AVR8.h **** 			//@{
  76:../lufa-LUFA-111009/LUFA/Drivers/USB/Core/AVR8/../AVR8/../AVR8/Device_AVR8.h **** 			#if defined(USB_SERIES_4_AVR) || defined(USB_SERIES_6_AVR) || defined(USB_SERIES_7_AVR) || defin
  77:../lufa-LUFA-111009/LUFA/Drivers/USB/Core/AVR8/../AVR8/../AVR8/Device_AVR8.h **** 				/** Mask for the Options parameter of the \ref USB_Init() function. This indicates that the
  78:../lufa-LUFA-111009/LUFA/Drivers/USB/Core/AVR8/../AVR8/../AVR8/Device_AVR8.h **** 				 *  USB interface should be initialized in low speed (1.5Mb/s) mode.
  79:../lufa-LUFA-111009/LUFA/Drivers/USB/Core/AVR8/../AVR8/../AVR8/Device_AVR8.h **** 				 *
  80:../lufa-LUFA-111009/LUFA/Drivers/USB/Core/AVR8/../AVR8/../AVR8/Device_AVR8.h **** 				 *  \note Low Speed mode is not available on all USB AVR models.
  81:../lufa-LUFA-111009/LUFA/Drivers/USB/Core/AVR8/../AVR8/../AVR8/Device_AVR8.h **** 				 *        \n
  82:../lufa-LUFA-111009/LUFA/Drivers/USB/Core/AVR8/../AVR8/../AVR8/Device_AVR8.h **** 				 *
  83:../lufa-LUFA-111009/LUFA/Drivers/USB/Core/AVR8/../AVR8/../AVR8/Device_AVR8.h **** 				 *  \note Restrictions apply on the number, size and type of endpoints which can be used
  84:../lufa-LUFA-111009/LUFA/Drivers/USB/Core/AVR8/../AVR8/../AVR8/Device_AVR8.h **** 				 *        when running in low speed mode - refer to the USB 2.0 specification.
  85:../lufa-LUFA-111009/LUFA/Drivers/USB/Core/AVR8/../AVR8/../AVR8/Device_AVR8.h **** 				 */
  86:../lufa-LUFA-111009/LUFA/Drivers/USB/Core/AVR8/../AVR8/../AVR8/Device_AVR8.h **** 				#define USB_DEVICE_OPT_LOWSPEED            (1 << 0)
  87:../lufa-LUFA-111009/LUFA/Drivers/USB/Core/AVR8/../AVR8/../AVR8/Device_AVR8.h **** 			#endif
  88:../lufa-LUFA-111009/LUFA/Drivers/USB/Core/AVR8/../AVR8/../AVR8/Device_AVR8.h **** 
  89:../lufa-LUFA-111009/LUFA/Drivers/USB/Core/AVR8/../AVR8/../AVR8/Device_AVR8.h **** 			/** Mask for the Options parameter of the \ref USB_Init() function. This indicates that the
  90:../lufa-LUFA-111009/LUFA/Drivers/USB/Core/AVR8/../AVR8/../AVR8/Device_AVR8.h **** 			 *  USB interface should be initialized in full speed (12Mb/s) mode.
  91:../lufa-LUFA-111009/LUFA/Drivers/USB/Core/AVR8/../AVR8/../AVR8/Device_AVR8.h **** 			 */
  92:../lufa-LUFA-111009/LUFA/Drivers/USB/Core/AVR8/../AVR8/../AVR8/Device_AVR8.h **** 			#define USB_DEVICE_OPT_FULLSPEED               (0 << 0)
  93:../lufa-LUFA-111009/LUFA/Drivers/USB/Core/AVR8/../AVR8/../AVR8/Device_AVR8.h **** 			//@}
  94:../lufa-LUFA-111009/LUFA/Drivers/USB/Core/AVR8/../AVR8/../AVR8/Device_AVR8.h **** 			
  95:../lufa-LUFA-111009/LUFA/Drivers/USB/Core/AVR8/../AVR8/../AVR8/Device_AVR8.h **** 			#if (!defined(NO_INTERNAL_SERIAL) && \
  96:../lufa-LUFA-111009/LUFA/Drivers/USB/Core/AVR8/../AVR8/../AVR8/Device_AVR8.h **** 			     (defined(USB_SERIES_7_AVR) || defined(USB_SERIES_6_AVR) || defined(USB_SERIES_4_AVR) || \
  97:../lufa-LUFA-111009/LUFA/Drivers/USB/Core/AVR8/../AVR8/../AVR8/Device_AVR8.h **** 			      (defined(USB_SERIES_2_AVR) && (!defined(__AVR_AT90USB82__) || defined(__AVR_AT90USB162__))
  98:../lufa-LUFA-111009/LUFA/Drivers/USB/Core/AVR8/../AVR8/../AVR8/Device_AVR8.h **** 				  defined(__DOXYGEN__)))
  99:../lufa-LUFA-111009/LUFA/Drivers/USB/Core/AVR8/../AVR8/../AVR8/Device_AVR8.h **** 				/** String descriptor index for the device's unique serial number string descriptor within the 
 100:../lufa-LUFA-111009/LUFA/Drivers/USB/Core/AVR8/../AVR8/../AVR8/Device_AVR8.h **** 				 *  This unique serial number is used by the host to associate resources to the device (such as
 101:../lufa-LUFA-111009/LUFA/Drivers/USB/Core/AVR8/../AVR8/../AVR8/Device_AVR8.h **** 				 *  number allocations) to a device regardless of the port it is plugged in to on the host. Som
 102:../lufa-LUFA-111009/LUFA/Drivers/USB/Core/AVR8/../AVR8/../AVR8/Device_AVR8.h **** 				 *  a unique serial number internally, and setting the device descriptors serial number string 
 103:../lufa-LUFA-111009/LUFA/Drivers/USB/Core/AVR8/../AVR8/../AVR8/Device_AVR8.h **** 				 *  will cause it to use the internal serial number.
 104:../lufa-LUFA-111009/LUFA/Drivers/USB/Core/AVR8/../AVR8/../AVR8/Device_AVR8.h **** 				 *
 105:../lufa-LUFA-111009/LUFA/Drivers/USB/Core/AVR8/../AVR8/../AVR8/Device_AVR8.h **** 				 *  On unsupported devices, this will evaluate to \ref NO_DESCRIPTOR and so will force the host
 106:../lufa-LUFA-111009/LUFA/Drivers/USB/Core/AVR8/../AVR8/../AVR8/Device_AVR8.h **** 				 *  number for the device.
 107:../lufa-LUFA-111009/LUFA/Drivers/USB/Core/AVR8/../AVR8/../AVR8/Device_AVR8.h **** 				 */
 108:../lufa-LUFA-111009/LUFA/Drivers/USB/Core/AVR8/../AVR8/../AVR8/Device_AVR8.h **** 				#define USE_INTERNAL_SERIAL            0xDC
 109:../lufa-LUFA-111009/LUFA/Drivers/USB/Core/AVR8/../AVR8/../AVR8/Device_AVR8.h **** 
 110:../lufa-LUFA-111009/LUFA/Drivers/USB/Core/AVR8/../AVR8/../AVR8/Device_AVR8.h **** 				/** Length of the device's unique internal serial number, in bits, if present on the selected m
 111:../lufa-LUFA-111009/LUFA/Drivers/USB/Core/AVR8/../AVR8/../AVR8/Device_AVR8.h **** 				 *  model.
 112:../lufa-LUFA-111009/LUFA/Drivers/USB/Core/AVR8/../AVR8/../AVR8/Device_AVR8.h **** 				 */
 113:../lufa-LUFA-111009/LUFA/Drivers/USB/Core/AVR8/../AVR8/../AVR8/Device_AVR8.h **** 				#define INTERNAL_SERIAL_LENGTH_BITS    80
 114:../lufa-LUFA-111009/LUFA/Drivers/USB/Core/AVR8/../AVR8/../AVR8/Device_AVR8.h **** 				
 115:../lufa-LUFA-111009/LUFA/Drivers/USB/Core/AVR8/../AVR8/../AVR8/Device_AVR8.h **** 				/** Start address of the internal serial number, in the appropriate address space, if present o
 116:../lufa-LUFA-111009/LUFA/Drivers/USB/Core/AVR8/../AVR8/../AVR8/Device_AVR8.h **** 				 *  model.
 117:../lufa-LUFA-111009/LUFA/Drivers/USB/Core/AVR8/../AVR8/../AVR8/Device_AVR8.h **** 				 */
 118:../lufa-LUFA-111009/LUFA/Drivers/USB/Core/AVR8/../AVR8/../AVR8/Device_AVR8.h **** 				#define INTERNAL_SERIAL_START_ADDRESS  0x0E
 119:../lufa-LUFA-111009/LUFA/Drivers/USB/Core/AVR8/../AVR8/../AVR8/Device_AVR8.h **** 			#else
 120:../lufa-LUFA-111009/LUFA/Drivers/USB/Core/AVR8/../AVR8/../AVR8/Device_AVR8.h **** 				#define USE_INTERNAL_SERIAL            NO_DESCRIPTOR
 121:../lufa-LUFA-111009/LUFA/Drivers/USB/Core/AVR8/../AVR8/../AVR8/Device_AVR8.h **** 
 122:../lufa-LUFA-111009/LUFA/Drivers/USB/Core/AVR8/../AVR8/../AVR8/Device_AVR8.h **** 				#define INTERNAL_SERIAL_LENGTH_BITS    0
 123:../lufa-LUFA-111009/LUFA/Drivers/USB/Core/AVR8/../AVR8/../AVR8/Device_AVR8.h **** 				#define INTERNAL_SERIAL_START_ADDRESS  0
 124:../lufa-LUFA-111009/LUFA/Drivers/USB/Core/AVR8/../AVR8/../AVR8/Device_AVR8.h **** 			#endif			
 125:../lufa-LUFA-111009/LUFA/Drivers/USB/Core/AVR8/../AVR8/../AVR8/Device_AVR8.h **** 			
 126:../lufa-LUFA-111009/LUFA/Drivers/USB/Core/AVR8/../AVR8/../AVR8/Device_AVR8.h **** 		/* Function Prototypes: */
 127:../lufa-LUFA-111009/LUFA/Drivers/USB/Core/AVR8/../AVR8/../AVR8/Device_AVR8.h **** 			/** Sends a Remote Wakeup request to the host. This signals to the host that the device should
 128:../lufa-LUFA-111009/LUFA/Drivers/USB/Core/AVR8/../AVR8/../AVR8/Device_AVR8.h **** 			 *  be taken out of suspended mode, and communications should resume.
 129:../lufa-LUFA-111009/LUFA/Drivers/USB/Core/AVR8/../AVR8/../AVR8/Device_AVR8.h **** 			 *
 130:../lufa-LUFA-111009/LUFA/Drivers/USB/Core/AVR8/../AVR8/../AVR8/Device_AVR8.h **** 			 *  Typically, this is implemented so that HID devices (mice, keyboards, etc.) can wake up the
 131:../lufa-LUFA-111009/LUFA/Drivers/USB/Core/AVR8/../AVR8/../AVR8/Device_AVR8.h **** 			 *  host computer when the host has suspended all USB devices to enter a low power state.
 132:../lufa-LUFA-111009/LUFA/Drivers/USB/Core/AVR8/../AVR8/../AVR8/Device_AVR8.h **** 			 *
 133:../lufa-LUFA-111009/LUFA/Drivers/USB/Core/AVR8/../AVR8/../AVR8/Device_AVR8.h **** 			 *  \note This macro should only be used if the device has indicated to the host that it
 134:../lufa-LUFA-111009/LUFA/Drivers/USB/Core/AVR8/../AVR8/../AVR8/Device_AVR8.h **** 			 *        supports the Remote Wakeup feature in the device descriptors, and should only be
 135:../lufa-LUFA-111009/LUFA/Drivers/USB/Core/AVR8/../AVR8/../AVR8/Device_AVR8.h **** 			 *        issued if the host is currently allowing remote wakeup events from the device (i.e.,
 136:../lufa-LUFA-111009/LUFA/Drivers/USB/Core/AVR8/../AVR8/../AVR8/Device_AVR8.h **** 			 *        the \ref USB_Device_RemoteWakeupEnabled flag is set). When the \c NO_DEVICE_REMOTE_WAK
 137:../lufa-LUFA-111009/LUFA/Drivers/USB/Core/AVR8/../AVR8/../AVR8/Device_AVR8.h **** 			 *        compile time option is used, this macro is unavailable.
 138:../lufa-LUFA-111009/LUFA/Drivers/USB/Core/AVR8/../AVR8/../AVR8/Device_AVR8.h **** 			 *        \n\n
 139:../lufa-LUFA-111009/LUFA/Drivers/USB/Core/AVR8/../AVR8/../AVR8/Device_AVR8.h **** 			 *
 140:../lufa-LUFA-111009/LUFA/Drivers/USB/Core/AVR8/../AVR8/../AVR8/Device_AVR8.h **** 			 *  \note The USB clock must be running for this function to operate. If the stack is initialize
 141:../lufa-LUFA-111009/LUFA/Drivers/USB/Core/AVR8/../AVR8/../AVR8/Device_AVR8.h **** 			 *        the \ref USB_OPT_MANUAL_PLL option enabled, the user must ensure that the PLL is runni
 142:../lufa-LUFA-111009/LUFA/Drivers/USB/Core/AVR8/../AVR8/../AVR8/Device_AVR8.h **** 			 *        before attempting to call this function.
 143:../lufa-LUFA-111009/LUFA/Drivers/USB/Core/AVR8/../AVR8/../AVR8/Device_AVR8.h **** 			 *
 144:../lufa-LUFA-111009/LUFA/Drivers/USB/Core/AVR8/../AVR8/../AVR8/Device_AVR8.h **** 			 *  \see \ref Group_StdDescriptors for more information on the RMWAKEUP feature and device descr
 145:../lufa-LUFA-111009/LUFA/Drivers/USB/Core/AVR8/../AVR8/../AVR8/Device_AVR8.h **** 			 */
 146:../lufa-LUFA-111009/LUFA/Drivers/USB/Core/AVR8/../AVR8/../AVR8/Device_AVR8.h **** 			void USB_Device_SendRemoteWakeup(void);
 147:../lufa-LUFA-111009/LUFA/Drivers/USB/Core/AVR8/../AVR8/../AVR8/Device_AVR8.h **** 
 148:../lufa-LUFA-111009/LUFA/Drivers/USB/Core/AVR8/../AVR8/../AVR8/Device_AVR8.h **** 		/* Inline Functions: */
 149:../lufa-LUFA-111009/LUFA/Drivers/USB/Core/AVR8/../AVR8/../AVR8/Device_AVR8.h **** 			/** Returns the current USB frame number, when in device mode. Every millisecond the USB bus is 
 150:../lufa-LUFA-111009/LUFA/Drivers/USB/Core/AVR8/../AVR8/../AVR8/Device_AVR8.h **** 			 *  the frame number is incremented by one.
 151:../lufa-LUFA-111009/LUFA/Drivers/USB/Core/AVR8/../AVR8/../AVR8/Device_AVR8.h **** 			 *
 152:../lufa-LUFA-111009/LUFA/Drivers/USB/Core/AVR8/../AVR8/../AVR8/Device_AVR8.h **** 			 *  \return Current USB frame number from the USB controller.
 153:../lufa-LUFA-111009/LUFA/Drivers/USB/Core/AVR8/../AVR8/../AVR8/Device_AVR8.h **** 			 */
 154:../lufa-LUFA-111009/LUFA/Drivers/USB/Core/AVR8/../AVR8/../AVR8/Device_AVR8.h **** 			static inline uint16_t USB_Device_GetFrameNumber(void) ATTR_ALWAYS_INLINE ATTR_WARN_UNUSED_RESUL
 155:../lufa-LUFA-111009/LUFA/Drivers/USB/Core/AVR8/../AVR8/../AVR8/Device_AVR8.h **** 			static inline uint16_t USB_Device_GetFrameNumber(void)
 156:../lufa-LUFA-111009/LUFA/Drivers/USB/Core/AVR8/../AVR8/../AVR8/Device_AVR8.h **** 			{
 157:../lufa-LUFA-111009/LUFA/Drivers/USB/Core/AVR8/../AVR8/../AVR8/Device_AVR8.h **** 				return UDFNUM;
 158:../lufa-LUFA-111009/LUFA/Drivers/USB/Core/AVR8/../AVR8/../AVR8/Device_AVR8.h **** 			}
 159:../lufa-LUFA-111009/LUFA/Drivers/USB/Core/AVR8/../AVR8/../AVR8/Device_AVR8.h **** 
 160:../lufa-LUFA-111009/LUFA/Drivers/USB/Core/AVR8/../AVR8/../AVR8/Device_AVR8.h **** 			#if !defined(NO_SOF_EVENTS)
 161:../lufa-LUFA-111009/LUFA/Drivers/USB/Core/AVR8/../AVR8/../AVR8/Device_AVR8.h **** 				/** Enables the device mode Start Of Frame events. When enabled, this causes the
 162:../lufa-LUFA-111009/LUFA/Drivers/USB/Core/AVR8/../AVR8/../AVR8/Device_AVR8.h **** 				 *  \ref EVENT_USB_Device_StartOfFrame() event to fire once per millisecond, synchronized to th
 163:../lufa-LUFA-111009/LUFA/Drivers/USB/Core/AVR8/../AVR8/../AVR8/Device_AVR8.h **** 				 *  at the start of each USB frame when enumerated in device mode.
 164:../lufa-LUFA-111009/LUFA/Drivers/USB/Core/AVR8/../AVR8/../AVR8/Device_AVR8.h **** 				 *
 165:../lufa-LUFA-111009/LUFA/Drivers/USB/Core/AVR8/../AVR8/../AVR8/Device_AVR8.h **** 				 *  \note Not available when the \c NO_SOF_EVENTS compile time token is defined.
 166:../lufa-LUFA-111009/LUFA/Drivers/USB/Core/AVR8/../AVR8/../AVR8/Device_AVR8.h **** 				 */
 167:../lufa-LUFA-111009/LUFA/Drivers/USB/Core/AVR8/../AVR8/../AVR8/Device_AVR8.h **** 				static inline void USB_Device_EnableSOFEvents(void) ATTR_ALWAYS_INLINE;
 168:../lufa-LUFA-111009/LUFA/Drivers/USB/Core/AVR8/../AVR8/../AVR8/Device_AVR8.h **** 				static inline void USB_Device_EnableSOFEvents(void)
 169:../lufa-LUFA-111009/LUFA/Drivers/USB/Core/AVR8/../AVR8/../AVR8/Device_AVR8.h **** 				{
 170:../lufa-LUFA-111009/LUFA/Drivers/USB/Core/AVR8/../AVR8/../AVR8/Device_AVR8.h **** 					USB_INT_Enable(USB_INT_SOFI);
 171:../lufa-LUFA-111009/LUFA/Drivers/USB/Core/AVR8/../AVR8/../AVR8/Device_AVR8.h **** 				}
 172:../lufa-LUFA-111009/LUFA/Drivers/USB/Core/AVR8/../AVR8/../AVR8/Device_AVR8.h **** 
 173:../lufa-LUFA-111009/LUFA/Drivers/USB/Core/AVR8/../AVR8/../AVR8/Device_AVR8.h **** 				/** Disables the device mode Start Of Frame events. When disabled, this stops the firing of the
 174:../lufa-LUFA-111009/LUFA/Drivers/USB/Core/AVR8/../AVR8/../AVR8/Device_AVR8.h **** 				 *  \ref EVENT_USB_Device_StartOfFrame() event when enumerated in device mode.
 175:../lufa-LUFA-111009/LUFA/Drivers/USB/Core/AVR8/../AVR8/../AVR8/Device_AVR8.h **** 				 *
 176:../lufa-LUFA-111009/LUFA/Drivers/USB/Core/AVR8/../AVR8/../AVR8/Device_AVR8.h **** 				 *  \note Not available when the \c NO_SOF_EVENTS compile time token is defined.
 177:../lufa-LUFA-111009/LUFA/Drivers/USB/Core/AVR8/../AVR8/../AVR8/Device_AVR8.h **** 				 */
 178:../lufa-LUFA-111009/LUFA/Drivers/USB/Core/AVR8/../AVR8/../AVR8/Device_AVR8.h **** 				static inline void USB_Device_DisableSOFEvents(void) ATTR_ALWAYS_INLINE;
 179:../lufa-LUFA-111009/LUFA/Drivers/USB/Core/AVR8/../AVR8/../AVR8/Device_AVR8.h **** 				static inline void USB_Device_DisableSOFEvents(void)
 180:../lufa-LUFA-111009/LUFA/Drivers/USB/Core/AVR8/../AVR8/../AVR8/Device_AVR8.h **** 				{
 181:../lufa-LUFA-111009/LUFA/Drivers/USB/Core/AVR8/../AVR8/../AVR8/Device_AVR8.h **** 					USB_INT_Disable(USB_INT_SOFI);
 182:../lufa-LUFA-111009/LUFA/Drivers/USB/Core/AVR8/../AVR8/../AVR8/Device_AVR8.h **** 				}
 183:../lufa-LUFA-111009/LUFA/Drivers/USB/Core/AVR8/../AVR8/../AVR8/Device_AVR8.h **** 			#endif
 184:../lufa-LUFA-111009/LUFA/Drivers/USB/Core/AVR8/../AVR8/../AVR8/Device_AVR8.h **** 
 185:../lufa-LUFA-111009/LUFA/Drivers/USB/Core/AVR8/../AVR8/../AVR8/Device_AVR8.h **** 	/* Private Interface - For use in library only: */
 186:../lufa-LUFA-111009/LUFA/Drivers/USB/Core/AVR8/../AVR8/../AVR8/Device_AVR8.h **** 	#if !defined(__DOXYGEN__)
 187:../lufa-LUFA-111009/LUFA/Drivers/USB/Core/AVR8/../AVR8/../AVR8/Device_AVR8.h **** 		/* Inline Functions: */
 188:../lufa-LUFA-111009/LUFA/Drivers/USB/Core/AVR8/../AVR8/../AVR8/Device_AVR8.h **** 			#if defined(USB_DEVICE_OPT_LOWSPEED)
 189:../lufa-LUFA-111009/LUFA/Drivers/USB/Core/AVR8/../AVR8/../AVR8/Device_AVR8.h **** 			static inline void USB_Device_SetLowSpeed(void) ATTR_ALWAYS_INLINE;
 190:../lufa-LUFA-111009/LUFA/Drivers/USB/Core/AVR8/../AVR8/../AVR8/Device_AVR8.h **** 			static inline void USB_Device_SetLowSpeed(void)
 191:../lufa-LUFA-111009/LUFA/Drivers/USB/Core/AVR8/../AVR8/../AVR8/Device_AVR8.h **** 			{
 192:../lufa-LUFA-111009/LUFA/Drivers/USB/Core/AVR8/../AVR8/../AVR8/Device_AVR8.h **** 				UDCON |=  (1 << LSM);
 193:../lufa-LUFA-111009/LUFA/Drivers/USB/Core/AVR8/../AVR8/../AVR8/Device_AVR8.h **** 			}
 194:../lufa-LUFA-111009/LUFA/Drivers/USB/Core/AVR8/../AVR8/../AVR8/Device_AVR8.h **** 
 195:../lufa-LUFA-111009/LUFA/Drivers/USB/Core/AVR8/../AVR8/../AVR8/Device_AVR8.h **** 			static inline void USB_Device_SetFullSpeed(void) ATTR_ALWAYS_INLINE;
 196:../lufa-LUFA-111009/LUFA/Drivers/USB/Core/AVR8/../AVR8/../AVR8/Device_AVR8.h **** 			static inline void USB_Device_SetFullSpeed(void)
 195               		.loc 3 196 23 view .LVU54
 196               	.LBB83:
 197:../lufa-LUFA-111009/LUFA/Drivers/USB/Core/AVR8/../AVR8/../AVR8/Device_AVR8.h **** 			{
 198:../lufa-LUFA-111009/LUFA/Drivers/USB/Core/AVR8/../AVR8/../AVR8/Device_AVR8.h **** 				UDCON &= ~(1 << LSM);
 197               		.loc 3 198 5 view .LVU55
 198               		.loc 3 198 11 is_stmt 0 view .LVU56
 199 002e 00EE      		ldi r16,lo8(-32)
 200 0030 10E0      		ldi r17,0
 201 0032 F801      		movw r30,r16
 202 0034 8081      		ld r24,Z
 203 0036 8B7F      		andi r24,lo8(-5)
 204 0038 8083      		st Z,r24
 205               	.LBE83:
 206               	.LBE82:
 227:../lufa-LUFA-111009/LUFA/Drivers/USB/Core/AVR8/USBController_AVR8.c **** 
 228:../lufa-LUFA-111009/LUFA/Drivers/USB/Core/AVR8/USBController_AVR8.c **** 	USB_INT_Enable(USB_INT_VBUSTI);
 207               		.loc 1 228 2 is_stmt 1 view .LVU57
 208               	.LVL4:
 209               	.LBB84:
 210               	.LBI84:
 211               		.file 4 "../lufa-LUFA-111009/LUFA/Drivers/USB/Core/AVR8/../AVR8/../AVR8/USBInterrupt_AVR8.h"
   1:../lufa-LUFA-111009/LUFA/Drivers/USB/Core/AVR8/../AVR8/../AVR8/USBInterrupt_AVR8.h **** /*
   2:../lufa-LUFA-111009/LUFA/Drivers/USB/Core/AVR8/../AVR8/../AVR8/USBInterrupt_AVR8.h ****              LUFA Library
   3:../lufa-LUFA-111009/LUFA/Drivers/USB/Core/AVR8/../AVR8/../AVR8/USBInterrupt_AVR8.h ****      Copyright (C) Dean Camera, 2011.
   4:../lufa-LUFA-111009/LUFA/Drivers/USB/Core/AVR8/../AVR8/../AVR8/USBInterrupt_AVR8.h **** 
   5:../lufa-LUFA-111009/LUFA/Drivers/USB/Core/AVR8/../AVR8/../AVR8/USBInterrupt_AVR8.h ****   dean [at] fourwalledcubicle [dot] com
   6:../lufa-LUFA-111009/LUFA/Drivers/USB/Core/AVR8/../AVR8/../AVR8/USBInterrupt_AVR8.h ****            www.lufa-lib.org
   7:../lufa-LUFA-111009/LUFA/Drivers/USB/Core/AVR8/../AVR8/../AVR8/USBInterrupt_AVR8.h **** */
   8:../lufa-LUFA-111009/LUFA/Drivers/USB/Core/AVR8/../AVR8/../AVR8/USBInterrupt_AVR8.h **** 
   9:../lufa-LUFA-111009/LUFA/Drivers/USB/Core/AVR8/../AVR8/../AVR8/USBInterrupt_AVR8.h **** /*
  10:../lufa-LUFA-111009/LUFA/Drivers/USB/Core/AVR8/../AVR8/../AVR8/USBInterrupt_AVR8.h ****   Copyright 2011  Dean Camera (dean [at] fourwalledcubicle [dot] com)
  11:../lufa-LUFA-111009/LUFA/Drivers/USB/Core/AVR8/../AVR8/../AVR8/USBInterrupt_AVR8.h **** 
  12:../lufa-LUFA-111009/LUFA/Drivers/USB/Core/AVR8/../AVR8/../AVR8/USBInterrupt_AVR8.h ****   Permission to use, copy, modify, distribute, and sell this
  13:../lufa-LUFA-111009/LUFA/Drivers/USB/Core/AVR8/../AVR8/../AVR8/USBInterrupt_AVR8.h ****   software and its documentation for any purpose is hereby granted
  14:../lufa-LUFA-111009/LUFA/Drivers/USB/Core/AVR8/../AVR8/../AVR8/USBInterrupt_AVR8.h ****   without fee, provided that the above copyright notice appear in
  15:../lufa-LUFA-111009/LUFA/Drivers/USB/Core/AVR8/../AVR8/../AVR8/USBInterrupt_AVR8.h ****   all copies and that both that the copyright notice and this
  16:../lufa-LUFA-111009/LUFA/Drivers/USB/Core/AVR8/../AVR8/../AVR8/USBInterrupt_AVR8.h ****   permission notice and warranty disclaimer appear in supporting
  17:../lufa-LUFA-111009/LUFA/Drivers/USB/Core/AVR8/../AVR8/../AVR8/USBInterrupt_AVR8.h ****   documentation, and that the name of the author not be used in
  18:../lufa-LUFA-111009/LUFA/Drivers/USB/Core/AVR8/../AVR8/../AVR8/USBInterrupt_AVR8.h ****   advertising or publicity pertaining to distribution of the
  19:../lufa-LUFA-111009/LUFA/Drivers/USB/Core/AVR8/../AVR8/../AVR8/USBInterrupt_AVR8.h ****   software without specific, written prior permission.
  20:../lufa-LUFA-111009/LUFA/Drivers/USB/Core/AVR8/../AVR8/../AVR8/USBInterrupt_AVR8.h **** 
  21:../lufa-LUFA-111009/LUFA/Drivers/USB/Core/AVR8/../AVR8/../AVR8/USBInterrupt_AVR8.h ****   The author disclaim all warranties with regard to this
  22:../lufa-LUFA-111009/LUFA/Drivers/USB/Core/AVR8/../AVR8/../AVR8/USBInterrupt_AVR8.h ****   software, including all implied warranties of merchantability
  23:../lufa-LUFA-111009/LUFA/Drivers/USB/Core/AVR8/../AVR8/../AVR8/USBInterrupt_AVR8.h ****   and fitness.  In no event shall the author be liable for any
  24:../lufa-LUFA-111009/LUFA/Drivers/USB/Core/AVR8/../AVR8/../AVR8/USBInterrupt_AVR8.h ****   special, indirect or consequential damages or any damages
  25:../lufa-LUFA-111009/LUFA/Drivers/USB/Core/AVR8/../AVR8/../AVR8/USBInterrupt_AVR8.h ****   whatsoever resulting from loss of use, data or profits, whether
  26:../lufa-LUFA-111009/LUFA/Drivers/USB/Core/AVR8/../AVR8/../AVR8/USBInterrupt_AVR8.h ****   in an action of contract, negligence or other tortious action,
  27:../lufa-LUFA-111009/LUFA/Drivers/USB/Core/AVR8/../AVR8/../AVR8/USBInterrupt_AVR8.h ****   arising out of or in connection with the use or performance of
  28:../lufa-LUFA-111009/LUFA/Drivers/USB/Core/AVR8/../AVR8/../AVR8/USBInterrupt_AVR8.h ****   this software.
  29:../lufa-LUFA-111009/LUFA/Drivers/USB/Core/AVR8/../AVR8/../AVR8/USBInterrupt_AVR8.h **** */
  30:../lufa-LUFA-111009/LUFA/Drivers/USB/Core/AVR8/../AVR8/../AVR8/USBInterrupt_AVR8.h **** 
  31:../lufa-LUFA-111009/LUFA/Drivers/USB/Core/AVR8/../AVR8/../AVR8/USBInterrupt_AVR8.h **** /** \file
  32:../lufa-LUFA-111009/LUFA/Drivers/USB/Core/AVR8/../AVR8/../AVR8/USBInterrupt_AVR8.h ****  *  \brief USB Controller Interrupt definitions for the AVR8 microcontrollers.
  33:../lufa-LUFA-111009/LUFA/Drivers/USB/Core/AVR8/../AVR8/../AVR8/USBInterrupt_AVR8.h ****  *
  34:../lufa-LUFA-111009/LUFA/Drivers/USB/Core/AVR8/../AVR8/../AVR8/USBInterrupt_AVR8.h ****  *  This file contains definitions required for the correct handling of low level USB service routi
  35:../lufa-LUFA-111009/LUFA/Drivers/USB/Core/AVR8/../AVR8/../AVR8/USBInterrupt_AVR8.h ****  *  from the USB controller.
  36:../lufa-LUFA-111009/LUFA/Drivers/USB/Core/AVR8/../AVR8/../AVR8/USBInterrupt_AVR8.h ****  *
  37:../lufa-LUFA-111009/LUFA/Drivers/USB/Core/AVR8/../AVR8/../AVR8/USBInterrupt_AVR8.h ****  *  \note This file should not be included directly. It is automatically included as needed by the 
  38:../lufa-LUFA-111009/LUFA/Drivers/USB/Core/AVR8/../AVR8/../AVR8/USBInterrupt_AVR8.h ****  *        dispatch header located in LUFA/Drivers/USB/USB.h.
  39:../lufa-LUFA-111009/LUFA/Drivers/USB/Core/AVR8/../AVR8/../AVR8/USBInterrupt_AVR8.h ****  */
  40:../lufa-LUFA-111009/LUFA/Drivers/USB/Core/AVR8/../AVR8/../AVR8/USBInterrupt_AVR8.h **** 
  41:../lufa-LUFA-111009/LUFA/Drivers/USB/Core/AVR8/../AVR8/../AVR8/USBInterrupt_AVR8.h **** #ifndef __USBINTERRUPT_AVR8_H__
  42:../lufa-LUFA-111009/LUFA/Drivers/USB/Core/AVR8/../AVR8/../AVR8/USBInterrupt_AVR8.h **** #define __USBINTERRUPT_AVR8_H__
  43:../lufa-LUFA-111009/LUFA/Drivers/USB/Core/AVR8/../AVR8/../AVR8/USBInterrupt_AVR8.h **** 
  44:../lufa-LUFA-111009/LUFA/Drivers/USB/Core/AVR8/../AVR8/../AVR8/USBInterrupt_AVR8.h **** 	/* Includes: */
  45:../lufa-LUFA-111009/LUFA/Drivers/USB/Core/AVR8/../AVR8/../AVR8/USBInterrupt_AVR8.h **** 		#include "../../../../Common/Common.h"
  46:../lufa-LUFA-111009/LUFA/Drivers/USB/Core/AVR8/../AVR8/../AVR8/USBInterrupt_AVR8.h **** 
  47:../lufa-LUFA-111009/LUFA/Drivers/USB/Core/AVR8/../AVR8/../AVR8/USBInterrupt_AVR8.h **** 	/* Enable C linkage for C++ Compilers: */
  48:../lufa-LUFA-111009/LUFA/Drivers/USB/Core/AVR8/../AVR8/../AVR8/USBInterrupt_AVR8.h **** 		#if defined(__cplusplus)
  49:../lufa-LUFA-111009/LUFA/Drivers/USB/Core/AVR8/../AVR8/../AVR8/USBInterrupt_AVR8.h **** 			extern "C" {
  50:../lufa-LUFA-111009/LUFA/Drivers/USB/Core/AVR8/../AVR8/../AVR8/USBInterrupt_AVR8.h **** 		#endif
  51:../lufa-LUFA-111009/LUFA/Drivers/USB/Core/AVR8/../AVR8/../AVR8/USBInterrupt_AVR8.h **** 
  52:../lufa-LUFA-111009/LUFA/Drivers/USB/Core/AVR8/../AVR8/../AVR8/USBInterrupt_AVR8.h **** 	/* Preprocessor Checks: */
  53:../lufa-LUFA-111009/LUFA/Drivers/USB/Core/AVR8/../AVR8/../AVR8/USBInterrupt_AVR8.h **** 		#if !defined(__INCLUDE_FROM_USB_DRIVER)
  54:../lufa-LUFA-111009/LUFA/Drivers/USB/Core/AVR8/../AVR8/../AVR8/USBInterrupt_AVR8.h **** 			#error Do not include this file directly. Include LUFA/Drivers/USB/USB.h instead.
  55:../lufa-LUFA-111009/LUFA/Drivers/USB/Core/AVR8/../AVR8/../AVR8/USBInterrupt_AVR8.h **** 		#endif
  56:../lufa-LUFA-111009/LUFA/Drivers/USB/Core/AVR8/../AVR8/../AVR8/USBInterrupt_AVR8.h **** 
  57:../lufa-LUFA-111009/LUFA/Drivers/USB/Core/AVR8/../AVR8/../AVR8/USBInterrupt_AVR8.h **** 	/* Private Interface - For use in library only: */
  58:../lufa-LUFA-111009/LUFA/Drivers/USB/Core/AVR8/../AVR8/../AVR8/USBInterrupt_AVR8.h **** 	#if !defined(__DOXYGEN__)
  59:../lufa-LUFA-111009/LUFA/Drivers/USB/Core/AVR8/../AVR8/../AVR8/USBInterrupt_AVR8.h **** 		/* Enums: */
  60:../lufa-LUFA-111009/LUFA/Drivers/USB/Core/AVR8/../AVR8/../AVR8/USBInterrupt_AVR8.h **** 			enum USB_Interrupts_t
  61:../lufa-LUFA-111009/LUFA/Drivers/USB/Core/AVR8/../AVR8/../AVR8/USBInterrupt_AVR8.h **** 			{
  62:../lufa-LUFA-111009/LUFA/Drivers/USB/Core/AVR8/../AVR8/../AVR8/USBInterrupt_AVR8.h **** 				#if (defined(USB_SERIES_4_AVR) || defined(USB_SERIES_6_AVR) || defined(USB_SERIES_7_AVR) || def
  63:../lufa-LUFA-111009/LUFA/Drivers/USB/Core/AVR8/../AVR8/../AVR8/USBInterrupt_AVR8.h **** 				USB_INT_VBUSTI  = 0,
  64:../lufa-LUFA-111009/LUFA/Drivers/USB/Core/AVR8/../AVR8/../AVR8/USBInterrupt_AVR8.h **** 				#endif
  65:../lufa-LUFA-111009/LUFA/Drivers/USB/Core/AVR8/../AVR8/../AVR8/USBInterrupt_AVR8.h **** 				#if (defined(USB_CAN_BE_BOTH) || defined(__DOXYGEN__))
  66:../lufa-LUFA-111009/LUFA/Drivers/USB/Core/AVR8/../AVR8/../AVR8/USBInterrupt_AVR8.h **** 				USB_INT_IDTI    = 1,
  67:../lufa-LUFA-111009/LUFA/Drivers/USB/Core/AVR8/../AVR8/../AVR8/USBInterrupt_AVR8.h **** 				#endif
  68:../lufa-LUFA-111009/LUFA/Drivers/USB/Core/AVR8/../AVR8/../AVR8/USBInterrupt_AVR8.h **** 				#if (defined(USB_CAN_BE_DEVICE) || defined(__DOXYGEN__))
  69:../lufa-LUFA-111009/LUFA/Drivers/USB/Core/AVR8/../AVR8/../AVR8/USBInterrupt_AVR8.h **** 				USB_INT_WAKEUPI = 2,
  70:../lufa-LUFA-111009/LUFA/Drivers/USB/Core/AVR8/../AVR8/../AVR8/USBInterrupt_AVR8.h **** 				USB_INT_SUSPI   = 3,
  71:../lufa-LUFA-111009/LUFA/Drivers/USB/Core/AVR8/../AVR8/../AVR8/USBInterrupt_AVR8.h **** 				USB_INT_EORSTI  = 4,
  72:../lufa-LUFA-111009/LUFA/Drivers/USB/Core/AVR8/../AVR8/../AVR8/USBInterrupt_AVR8.h **** 				USB_INT_SOFI    = 5,
  73:../lufa-LUFA-111009/LUFA/Drivers/USB/Core/AVR8/../AVR8/../AVR8/USBInterrupt_AVR8.h **** 				USB_INT_RXSTPI  = 6,
  74:../lufa-LUFA-111009/LUFA/Drivers/USB/Core/AVR8/../AVR8/../AVR8/USBInterrupt_AVR8.h **** 				#endif
  75:../lufa-LUFA-111009/LUFA/Drivers/USB/Core/AVR8/../AVR8/../AVR8/USBInterrupt_AVR8.h **** 				#if (defined(USB_CAN_BE_HOST) || defined(__DOXYGEN__))
  76:../lufa-LUFA-111009/LUFA/Drivers/USB/Core/AVR8/../AVR8/../AVR8/USBInterrupt_AVR8.h **** 				USB_INT_HSOFI   = 7,
  77:../lufa-LUFA-111009/LUFA/Drivers/USB/Core/AVR8/../AVR8/../AVR8/USBInterrupt_AVR8.h **** 				USB_INT_DCONNI  = 8,
  78:../lufa-LUFA-111009/LUFA/Drivers/USB/Core/AVR8/../AVR8/../AVR8/USBInterrupt_AVR8.h **** 				USB_INT_DDISCI  = 9,
  79:../lufa-LUFA-111009/LUFA/Drivers/USB/Core/AVR8/../AVR8/../AVR8/USBInterrupt_AVR8.h **** 				USB_INT_RSTI    = 10,
  80:../lufa-LUFA-111009/LUFA/Drivers/USB/Core/AVR8/../AVR8/../AVR8/USBInterrupt_AVR8.h **** 				USB_INT_BCERRI  = 11,
  81:../lufa-LUFA-111009/LUFA/Drivers/USB/Core/AVR8/../AVR8/../AVR8/USBInterrupt_AVR8.h **** 				USB_INT_VBERRI  = 12,
  82:../lufa-LUFA-111009/LUFA/Drivers/USB/Core/AVR8/../AVR8/../AVR8/USBInterrupt_AVR8.h **** 				USB_INT_SRPI    = 13,
  83:../lufa-LUFA-111009/LUFA/Drivers/USB/Core/AVR8/../AVR8/../AVR8/USBInterrupt_AVR8.h **** 				#endif
  84:../lufa-LUFA-111009/LUFA/Drivers/USB/Core/AVR8/../AVR8/../AVR8/USBInterrupt_AVR8.h **** 			};
  85:../lufa-LUFA-111009/LUFA/Drivers/USB/Core/AVR8/../AVR8/../AVR8/USBInterrupt_AVR8.h **** 
  86:../lufa-LUFA-111009/LUFA/Drivers/USB/Core/AVR8/../AVR8/../AVR8/USBInterrupt_AVR8.h **** 		/* Inline Functions: */
  87:../lufa-LUFA-111009/LUFA/Drivers/USB/Core/AVR8/../AVR8/../AVR8/USBInterrupt_AVR8.h **** 			static inline void USB_INT_Enable(const uint8_t Interrupt) ATTR_ALWAYS_INLINE;
  88:../lufa-LUFA-111009/LUFA/Drivers/USB/Core/AVR8/../AVR8/../AVR8/USBInterrupt_AVR8.h **** 			static inline void USB_INT_Enable(const uint8_t Interrupt)
 212               		.loc 4 88 23 view .LVU58
 213               	.LBB85:
  89:../lufa-LUFA-111009/LUFA/Drivers/USB/Core/AVR8/../AVR8/../AVR8/USBInterrupt_AVR8.h **** 			{
  90:../lufa-LUFA-111009/LUFA/Drivers/USB/Core/AVR8/../AVR8/../AVR8/USBInterrupt_AVR8.h **** 				switch (Interrupt)
 214               		.loc 4 90 5 view .LVU59
  91:../lufa-LUFA-111009/LUFA/Drivers/USB/Core/AVR8/../AVR8/../AVR8/USBInterrupt_AVR8.h **** 				{
  92:../lufa-LUFA-111009/LUFA/Drivers/USB/Core/AVR8/../AVR8/../AVR8/USBInterrupt_AVR8.h **** 					#if (defined(USB_SERIES_4_AVR) || defined(USB_SERIES_6_AVR) || defined(USB_SERIES_7_AVR))
  93:../lufa-LUFA-111009/LUFA/Drivers/USB/Core/AVR8/../AVR8/../AVR8/USBInterrupt_AVR8.h **** 					case USB_INT_VBUSTI:
  94:../lufa-LUFA-111009/LUFA/Drivers/USB/Core/AVR8/../AVR8/../AVR8/USBInterrupt_AVR8.h **** 						USBCON |= (1 << VBUSTE);
 215               		.loc 4 94 7 view .LVU60
 216 003a 8881      		ld r24,Y
 217               		.loc 4 94 14 is_stmt 0 view .LVU61
 218 003c 8160      		ori r24,lo8(1)
 219 003e 8883      		st Y,r24
  95:../lufa-LUFA-111009/LUFA/Drivers/USB/Core/AVR8/../AVR8/../AVR8/USBInterrupt_AVR8.h **** 						break;
 220               		.loc 4 95 7 is_stmt 1 view .LVU62
 221               	.LVL5:
 222               		.loc 4 95 7 is_stmt 0 view .LVU63
 223               	.LBE85:
 224               	.LBE84:
 225               	.LBB86:
 226               	.LBB87:
 227               		.file 5 "../lufa-LUFA-111009/LUFA/Drivers/USB/Core/AVR8/../AVR8/../AVR8/Endpoint_AVR8.h"
   1:../lufa-LUFA-111009/LUFA/Drivers/USB/Core/AVR8/../AVR8/../AVR8/Endpoint_AVR8.h **** /*
   2:../lufa-LUFA-111009/LUFA/Drivers/USB/Core/AVR8/../AVR8/../AVR8/Endpoint_AVR8.h ****              LUFA Library
   3:../lufa-LUFA-111009/LUFA/Drivers/USB/Core/AVR8/../AVR8/../AVR8/Endpoint_AVR8.h ****      Copyright (C) Dean Camera, 2011.
   4:../lufa-LUFA-111009/LUFA/Drivers/USB/Core/AVR8/../AVR8/../AVR8/Endpoint_AVR8.h **** 
   5:../lufa-LUFA-111009/LUFA/Drivers/USB/Core/AVR8/../AVR8/../AVR8/Endpoint_AVR8.h ****   dean [at] fourwalledcubicle [dot] com
   6:../lufa-LUFA-111009/LUFA/Drivers/USB/Core/AVR8/../AVR8/../AVR8/Endpoint_AVR8.h ****            www.lufa-lib.org
   7:../lufa-LUFA-111009/LUFA/Drivers/USB/Core/AVR8/../AVR8/../AVR8/Endpoint_AVR8.h **** */
   8:../lufa-LUFA-111009/LUFA/Drivers/USB/Core/AVR8/../AVR8/../AVR8/Endpoint_AVR8.h **** 
   9:../lufa-LUFA-111009/LUFA/Drivers/USB/Core/AVR8/../AVR8/../AVR8/Endpoint_AVR8.h **** /*
  10:../lufa-LUFA-111009/LUFA/Drivers/USB/Core/AVR8/../AVR8/../AVR8/Endpoint_AVR8.h ****   Copyright 2011  Dean Camera (dean [at] fourwalledcubicle [dot] com)
  11:../lufa-LUFA-111009/LUFA/Drivers/USB/Core/AVR8/../AVR8/../AVR8/Endpoint_AVR8.h **** 
  12:../lufa-LUFA-111009/LUFA/Drivers/USB/Core/AVR8/../AVR8/../AVR8/Endpoint_AVR8.h ****   Permission to use, copy, modify, distribute, and sell this
  13:../lufa-LUFA-111009/LUFA/Drivers/USB/Core/AVR8/../AVR8/../AVR8/Endpoint_AVR8.h ****   software and its documentation for any purpose is hereby granted
  14:../lufa-LUFA-111009/LUFA/Drivers/USB/Core/AVR8/../AVR8/../AVR8/Endpoint_AVR8.h ****   without fee, provided that the above copyright notice appear in
  15:../lufa-LUFA-111009/LUFA/Drivers/USB/Core/AVR8/../AVR8/../AVR8/Endpoint_AVR8.h ****   all copies and that both that the copyright notice and this
  16:../lufa-LUFA-111009/LUFA/Drivers/USB/Core/AVR8/../AVR8/../AVR8/Endpoint_AVR8.h ****   permission notice and warranty disclaimer appear in supporting
  17:../lufa-LUFA-111009/LUFA/Drivers/USB/Core/AVR8/../AVR8/../AVR8/Endpoint_AVR8.h ****   documentation, and that the name of the author not be used in
  18:../lufa-LUFA-111009/LUFA/Drivers/USB/Core/AVR8/../AVR8/../AVR8/Endpoint_AVR8.h ****   advertising or publicity pertaining to distribution of the
  19:../lufa-LUFA-111009/LUFA/Drivers/USB/Core/AVR8/../AVR8/../AVR8/Endpoint_AVR8.h ****   software without specific, written prior permission.
  20:../lufa-LUFA-111009/LUFA/Drivers/USB/Core/AVR8/../AVR8/../AVR8/Endpoint_AVR8.h **** 
  21:../lufa-LUFA-111009/LUFA/Drivers/USB/Core/AVR8/../AVR8/../AVR8/Endpoint_AVR8.h ****   The author disclaim all warranties with regard to this
  22:../lufa-LUFA-111009/LUFA/Drivers/USB/Core/AVR8/../AVR8/../AVR8/Endpoint_AVR8.h ****   software, including all implied warranties of merchantability
  23:../lufa-LUFA-111009/LUFA/Drivers/USB/Core/AVR8/../AVR8/../AVR8/Endpoint_AVR8.h ****   and fitness.  In no event shall the author be liable for any
  24:../lufa-LUFA-111009/LUFA/Drivers/USB/Core/AVR8/../AVR8/../AVR8/Endpoint_AVR8.h ****   special, indirect or consequential damages or any damages
  25:../lufa-LUFA-111009/LUFA/Drivers/USB/Core/AVR8/../AVR8/../AVR8/Endpoint_AVR8.h ****   whatsoever resulting from loss of use, data or profits, whether
  26:../lufa-LUFA-111009/LUFA/Drivers/USB/Core/AVR8/../AVR8/../AVR8/Endpoint_AVR8.h ****   in an action of contract, negligence or other tortious action,
  27:../lufa-LUFA-111009/LUFA/Drivers/USB/Core/AVR8/../AVR8/../AVR8/Endpoint_AVR8.h ****   arising out of or in connection with the use or performance of
  28:../lufa-LUFA-111009/LUFA/Drivers/USB/Core/AVR8/../AVR8/../AVR8/Endpoint_AVR8.h ****   this software.
  29:../lufa-LUFA-111009/LUFA/Drivers/USB/Core/AVR8/../AVR8/../AVR8/Endpoint_AVR8.h **** */
  30:../lufa-LUFA-111009/LUFA/Drivers/USB/Core/AVR8/../AVR8/../AVR8/Endpoint_AVR8.h **** 
  31:../lufa-LUFA-111009/LUFA/Drivers/USB/Core/AVR8/../AVR8/../AVR8/Endpoint_AVR8.h **** /** \file
  32:../lufa-LUFA-111009/LUFA/Drivers/USB/Core/AVR8/../AVR8/../AVR8/Endpoint_AVR8.h ****  *  \brief USB Endpoint definitions for the AVR8 microcontrollers.
  33:../lufa-LUFA-111009/LUFA/Drivers/USB/Core/AVR8/../AVR8/../AVR8/Endpoint_AVR8.h ****  *  \copydetails Group_EndpointManagement_AVR8
  34:../lufa-LUFA-111009/LUFA/Drivers/USB/Core/AVR8/../AVR8/../AVR8/Endpoint_AVR8.h ****  *
  35:../lufa-LUFA-111009/LUFA/Drivers/USB/Core/AVR8/../AVR8/../AVR8/Endpoint_AVR8.h ****  *  \note This file should not be included directly. It is automatically included as needed by the 
  36:../lufa-LUFA-111009/LUFA/Drivers/USB/Core/AVR8/../AVR8/../AVR8/Endpoint_AVR8.h ****  *        dispatch header located in LUFA/Drivers/USB/USB.h.
  37:../lufa-LUFA-111009/LUFA/Drivers/USB/Core/AVR8/../AVR8/../AVR8/Endpoint_AVR8.h ****  */
  38:../lufa-LUFA-111009/LUFA/Drivers/USB/Core/AVR8/../AVR8/../AVR8/Endpoint_AVR8.h **** 
  39:../lufa-LUFA-111009/LUFA/Drivers/USB/Core/AVR8/../AVR8/../AVR8/Endpoint_AVR8.h **** /** \ingroup Group_EndpointRW
  40:../lufa-LUFA-111009/LUFA/Drivers/USB/Core/AVR8/../AVR8/../AVR8/Endpoint_AVR8.h ****  *  \defgroup Group_EndpointRW_AVR8 Endpoint Data Reading and Writing (AVR8)
  41:../lufa-LUFA-111009/LUFA/Drivers/USB/Core/AVR8/../AVR8/../AVR8/Endpoint_AVR8.h ****  *  \brief Endpoint data read/write definitions for the Atmel AVR8 architecture.
  42:../lufa-LUFA-111009/LUFA/Drivers/USB/Core/AVR8/../AVR8/../AVR8/Endpoint_AVR8.h ****  *
  43:../lufa-LUFA-111009/LUFA/Drivers/USB/Core/AVR8/../AVR8/../AVR8/Endpoint_AVR8.h ****  *  Functions, macros, variables, enums and types related to data reading and writing from and to e
  44:../lufa-LUFA-111009/LUFA/Drivers/USB/Core/AVR8/../AVR8/../AVR8/Endpoint_AVR8.h ****  */
  45:../lufa-LUFA-111009/LUFA/Drivers/USB/Core/AVR8/../AVR8/../AVR8/Endpoint_AVR8.h **** 
  46:../lufa-LUFA-111009/LUFA/Drivers/USB/Core/AVR8/../AVR8/../AVR8/Endpoint_AVR8.h **** /** \ingroup Group_EndpointPrimitiveRW
  47:../lufa-LUFA-111009/LUFA/Drivers/USB/Core/AVR8/../AVR8/../AVR8/Endpoint_AVR8.h ****  *  \defgroup Group_EndpointPrimitiveRW_AVR8 Read/Write of Primitive Data Types (AVR8)
  48:../lufa-LUFA-111009/LUFA/Drivers/USB/Core/AVR8/../AVR8/../AVR8/Endpoint_AVR8.h ****  *  \brief Endpoint primitive read/write definitions for the Atmel AVR8 architecture.
  49:../lufa-LUFA-111009/LUFA/Drivers/USB/Core/AVR8/../AVR8/../AVR8/Endpoint_AVR8.h ****  *
  50:../lufa-LUFA-111009/LUFA/Drivers/USB/Core/AVR8/../AVR8/../AVR8/Endpoint_AVR8.h ****  *  Functions, macros, variables, enums and types related to data reading and writing of primitive 
  51:../lufa-LUFA-111009/LUFA/Drivers/USB/Core/AVR8/../AVR8/../AVR8/Endpoint_AVR8.h ****  *  from and to endpoints.
  52:../lufa-LUFA-111009/LUFA/Drivers/USB/Core/AVR8/../AVR8/../AVR8/Endpoint_AVR8.h ****  */
  53:../lufa-LUFA-111009/LUFA/Drivers/USB/Core/AVR8/../AVR8/../AVR8/Endpoint_AVR8.h **** 
  54:../lufa-LUFA-111009/LUFA/Drivers/USB/Core/AVR8/../AVR8/../AVR8/Endpoint_AVR8.h **** /** \ingroup Group_EndpointPacketManagement
  55:../lufa-LUFA-111009/LUFA/Drivers/USB/Core/AVR8/../AVR8/../AVR8/Endpoint_AVR8.h ****  *  \defgroup Group_EndpointPacketManagement_AVR8 Endpoint Packet Management (AVR8)
  56:../lufa-LUFA-111009/LUFA/Drivers/USB/Core/AVR8/../AVR8/../AVR8/Endpoint_AVR8.h ****  *  \brief Endpoint packet management definitions for the Atmel AVR8 architecture.
  57:../lufa-LUFA-111009/LUFA/Drivers/USB/Core/AVR8/../AVR8/../AVR8/Endpoint_AVR8.h ****  *
  58:../lufa-LUFA-111009/LUFA/Drivers/USB/Core/AVR8/../AVR8/../AVR8/Endpoint_AVR8.h ****  *  Functions, macros, variables, enums and types related to packet management of endpoints.
  59:../lufa-LUFA-111009/LUFA/Drivers/USB/Core/AVR8/../AVR8/../AVR8/Endpoint_AVR8.h ****  */
  60:../lufa-LUFA-111009/LUFA/Drivers/USB/Core/AVR8/../AVR8/../AVR8/Endpoint_AVR8.h **** 
  61:../lufa-LUFA-111009/LUFA/Drivers/USB/Core/AVR8/../AVR8/../AVR8/Endpoint_AVR8.h **** /** \ingroup Group_EndpointManagement
  62:../lufa-LUFA-111009/LUFA/Drivers/USB/Core/AVR8/../AVR8/../AVR8/Endpoint_AVR8.h ****  *  \defgroup Group_EndpointManagement_AVR8 Endpoint Management (AVR8)
  63:../lufa-LUFA-111009/LUFA/Drivers/USB/Core/AVR8/../AVR8/../AVR8/Endpoint_AVR8.h ****  *  \brief Endpoint management definitions for the Atmel AVR8 architecture.
  64:../lufa-LUFA-111009/LUFA/Drivers/USB/Core/AVR8/../AVR8/../AVR8/Endpoint_AVR8.h ****  *
  65:../lufa-LUFA-111009/LUFA/Drivers/USB/Core/AVR8/../AVR8/../AVR8/Endpoint_AVR8.h ****  *  Functions, macros and enums related to endpoint management when in USB Device mode. This
  66:../lufa-LUFA-111009/LUFA/Drivers/USB/Core/AVR8/../AVR8/../AVR8/Endpoint_AVR8.h ****  *  module contains the endpoint management macros, as well as endpoint interrupt and data
  67:../lufa-LUFA-111009/LUFA/Drivers/USB/Core/AVR8/../AVR8/../AVR8/Endpoint_AVR8.h ****  *  send/receive functions for various data types.
  68:../lufa-LUFA-111009/LUFA/Drivers/USB/Core/AVR8/../AVR8/../AVR8/Endpoint_AVR8.h ****  *
  69:../lufa-LUFA-111009/LUFA/Drivers/USB/Core/AVR8/../AVR8/../AVR8/Endpoint_AVR8.h ****  *  @{
  70:../lufa-LUFA-111009/LUFA/Drivers/USB/Core/AVR8/../AVR8/../AVR8/Endpoint_AVR8.h ****  */
  71:../lufa-LUFA-111009/LUFA/Drivers/USB/Core/AVR8/../AVR8/../AVR8/Endpoint_AVR8.h **** 
  72:../lufa-LUFA-111009/LUFA/Drivers/USB/Core/AVR8/../AVR8/../AVR8/Endpoint_AVR8.h **** #ifndef __ENDPOINT_AVR8_H__
  73:../lufa-LUFA-111009/LUFA/Drivers/USB/Core/AVR8/../AVR8/../AVR8/Endpoint_AVR8.h **** #define __ENDPOINT_AVR8_H__
  74:../lufa-LUFA-111009/LUFA/Drivers/USB/Core/AVR8/../AVR8/../AVR8/Endpoint_AVR8.h **** 
  75:../lufa-LUFA-111009/LUFA/Drivers/USB/Core/AVR8/../AVR8/../AVR8/Endpoint_AVR8.h **** 	/* Includes: */
  76:../lufa-LUFA-111009/LUFA/Drivers/USB/Core/AVR8/../AVR8/../AVR8/Endpoint_AVR8.h **** 		#include "../../../../Common/Common.h"
  77:../lufa-LUFA-111009/LUFA/Drivers/USB/Core/AVR8/../AVR8/../AVR8/Endpoint_AVR8.h **** 		#include "../USBTask.h"
  78:../lufa-LUFA-111009/LUFA/Drivers/USB/Core/AVR8/../AVR8/../AVR8/Endpoint_AVR8.h **** 		#include "../USBInterrupt.h"
  79:../lufa-LUFA-111009/LUFA/Drivers/USB/Core/AVR8/../AVR8/../AVR8/Endpoint_AVR8.h **** 
  80:../lufa-LUFA-111009/LUFA/Drivers/USB/Core/AVR8/../AVR8/../AVR8/Endpoint_AVR8.h **** 	/* Enable C linkage for C++ Compilers: */
  81:../lufa-LUFA-111009/LUFA/Drivers/USB/Core/AVR8/../AVR8/../AVR8/Endpoint_AVR8.h **** 		#if defined(__cplusplus)
  82:../lufa-LUFA-111009/LUFA/Drivers/USB/Core/AVR8/../AVR8/../AVR8/Endpoint_AVR8.h **** 			extern "C" {
  83:../lufa-LUFA-111009/LUFA/Drivers/USB/Core/AVR8/../AVR8/../AVR8/Endpoint_AVR8.h **** 		#endif
  84:../lufa-LUFA-111009/LUFA/Drivers/USB/Core/AVR8/../AVR8/../AVR8/Endpoint_AVR8.h **** 
  85:../lufa-LUFA-111009/LUFA/Drivers/USB/Core/AVR8/../AVR8/../AVR8/Endpoint_AVR8.h **** 	/* Preprocessor Checks: */
  86:../lufa-LUFA-111009/LUFA/Drivers/USB/Core/AVR8/../AVR8/../AVR8/Endpoint_AVR8.h **** 		#if !defined(__INCLUDE_FROM_USB_DRIVER)
  87:../lufa-LUFA-111009/LUFA/Drivers/USB/Core/AVR8/../AVR8/../AVR8/Endpoint_AVR8.h **** 			#error Do not include this file directly. Include LUFA/Drivers/USB/USB.h instead.
  88:../lufa-LUFA-111009/LUFA/Drivers/USB/Core/AVR8/../AVR8/../AVR8/Endpoint_AVR8.h **** 		#endif
  89:../lufa-LUFA-111009/LUFA/Drivers/USB/Core/AVR8/../AVR8/../AVR8/Endpoint_AVR8.h **** 
  90:../lufa-LUFA-111009/LUFA/Drivers/USB/Core/AVR8/../AVR8/../AVR8/Endpoint_AVR8.h **** 	/* Private Interface - For use in library only: */
  91:../lufa-LUFA-111009/LUFA/Drivers/USB/Core/AVR8/../AVR8/../AVR8/Endpoint_AVR8.h **** 	#if !defined(__DOXYGEN__)
  92:../lufa-LUFA-111009/LUFA/Drivers/USB/Core/AVR8/../AVR8/../AVR8/Endpoint_AVR8.h **** 		/* Macros: */
  93:../lufa-LUFA-111009/LUFA/Drivers/USB/Core/AVR8/../AVR8/../AVR8/Endpoint_AVR8.h **** 			#define _ENDPOINT_GET_MAXSIZE(EPIndex)         _ENDPOINT_GET_MAXSIZE2(ENDPOINT_DETAILS_EP ## EPI
  94:../lufa-LUFA-111009/LUFA/Drivers/USB/Core/AVR8/../AVR8/../AVR8/Endpoint_AVR8.h **** 			#define _ENDPOINT_GET_MAXSIZE2(EPDetails)      _ENDPOINT_GET_MAXSIZE3(EPDetails)
  95:../lufa-LUFA-111009/LUFA/Drivers/USB/Core/AVR8/../AVR8/../AVR8/Endpoint_AVR8.h **** 			#define _ENDPOINT_GET_MAXSIZE3(MaxSize, Banks) (MaxSize)
  96:../lufa-LUFA-111009/LUFA/Drivers/USB/Core/AVR8/../AVR8/../AVR8/Endpoint_AVR8.h **** 
  97:../lufa-LUFA-111009/LUFA/Drivers/USB/Core/AVR8/../AVR8/../AVR8/Endpoint_AVR8.h **** 			#define _ENDPOINT_GET_BANKS(EPIndex)           _ENDPOINT_GET_BANKS2(ENDPOINT_DETAILS_EP ## EPInd
  98:../lufa-LUFA-111009/LUFA/Drivers/USB/Core/AVR8/../AVR8/../AVR8/Endpoint_AVR8.h **** 			#define _ENDPOINT_GET_BANKS2(EPDetails)        _ENDPOINT_GET_BANKS3(EPDetails)
  99:../lufa-LUFA-111009/LUFA/Drivers/USB/Core/AVR8/../AVR8/../AVR8/Endpoint_AVR8.h **** 			#define _ENDPOINT_GET_BANKS3(MaxSize, Banks)   (Banks)
 100:../lufa-LUFA-111009/LUFA/Drivers/USB/Core/AVR8/../AVR8/../AVR8/Endpoint_AVR8.h **** 
 101:../lufa-LUFA-111009/LUFA/Drivers/USB/Core/AVR8/../AVR8/../AVR8/Endpoint_AVR8.h **** 			#if defined(USB_SERIES_4_AVR) || defined(USB_SERIES_6_AVR) || defined(USB_SERIES_7_AVR)
 102:../lufa-LUFA-111009/LUFA/Drivers/USB/Core/AVR8/../AVR8/../AVR8/Endpoint_AVR8.h **** 				#define ENDPOINT_DETAILS_MAXEP             7
 103:../lufa-LUFA-111009/LUFA/Drivers/USB/Core/AVR8/../AVR8/../AVR8/Endpoint_AVR8.h **** 
 104:../lufa-LUFA-111009/LUFA/Drivers/USB/Core/AVR8/../AVR8/../AVR8/Endpoint_AVR8.h **** 				#define ENDPOINT_DETAILS_EP0               64,  1
 105:../lufa-LUFA-111009/LUFA/Drivers/USB/Core/AVR8/../AVR8/../AVR8/Endpoint_AVR8.h **** 				#define ENDPOINT_DETAILS_EP1               256, 2
 106:../lufa-LUFA-111009/LUFA/Drivers/USB/Core/AVR8/../AVR8/../AVR8/Endpoint_AVR8.h **** 				#define ENDPOINT_DETAILS_EP2               64,  2
 107:../lufa-LUFA-111009/LUFA/Drivers/USB/Core/AVR8/../AVR8/../AVR8/Endpoint_AVR8.h **** 				#define ENDPOINT_DETAILS_EP3               64,  2
 108:../lufa-LUFA-111009/LUFA/Drivers/USB/Core/AVR8/../AVR8/../AVR8/Endpoint_AVR8.h **** 				#define ENDPOINT_DETAILS_EP4               64,  2
 109:../lufa-LUFA-111009/LUFA/Drivers/USB/Core/AVR8/../AVR8/../AVR8/Endpoint_AVR8.h **** 				#define ENDPOINT_DETAILS_EP5               64,  2
 110:../lufa-LUFA-111009/LUFA/Drivers/USB/Core/AVR8/../AVR8/../AVR8/Endpoint_AVR8.h **** 				#define ENDPOINT_DETAILS_EP6               64,  2
 111:../lufa-LUFA-111009/LUFA/Drivers/USB/Core/AVR8/../AVR8/../AVR8/Endpoint_AVR8.h **** 			#else
 112:../lufa-LUFA-111009/LUFA/Drivers/USB/Core/AVR8/../AVR8/../AVR8/Endpoint_AVR8.h **** 				#define ENDPOINT_DETAILS_MAXEP             5
 113:../lufa-LUFA-111009/LUFA/Drivers/USB/Core/AVR8/../AVR8/../AVR8/Endpoint_AVR8.h **** 
 114:../lufa-LUFA-111009/LUFA/Drivers/USB/Core/AVR8/../AVR8/../AVR8/Endpoint_AVR8.h **** 				#define ENDPOINT_DETAILS_EP0               64,  1
 115:../lufa-LUFA-111009/LUFA/Drivers/USB/Core/AVR8/../AVR8/../AVR8/Endpoint_AVR8.h **** 				#define ENDPOINT_DETAILS_EP1               64,  1
 116:../lufa-LUFA-111009/LUFA/Drivers/USB/Core/AVR8/../AVR8/../AVR8/Endpoint_AVR8.h **** 				#define ENDPOINT_DETAILS_EP2               64,  1
 117:../lufa-LUFA-111009/LUFA/Drivers/USB/Core/AVR8/../AVR8/../AVR8/Endpoint_AVR8.h **** 				#define ENDPOINT_DETAILS_EP3               64,  2
 118:../lufa-LUFA-111009/LUFA/Drivers/USB/Core/AVR8/../AVR8/../AVR8/Endpoint_AVR8.h **** 				#define ENDPOINT_DETAILS_EP4               64,  2
 119:../lufa-LUFA-111009/LUFA/Drivers/USB/Core/AVR8/../AVR8/../AVR8/Endpoint_AVR8.h **** 			#endif
 120:../lufa-LUFA-111009/LUFA/Drivers/USB/Core/AVR8/../AVR8/../AVR8/Endpoint_AVR8.h **** 
 121:../lufa-LUFA-111009/LUFA/Drivers/USB/Core/AVR8/../AVR8/../AVR8/Endpoint_AVR8.h **** 		/* Inline Functions: */
 122:../lufa-LUFA-111009/LUFA/Drivers/USB/Core/AVR8/../AVR8/../AVR8/Endpoint_AVR8.h **** 			static inline uint8_t Endpoint_BytesToEPSizeMask(const uint16_t Bytes) ATTR_WARN_UNUSED_RESULT A
 123:../lufa-LUFA-111009/LUFA/Drivers/USB/Core/AVR8/../AVR8/../AVR8/Endpoint_AVR8.h **** 			                                                                       ATTR_ALWAYS_INLINE;
 124:../lufa-LUFA-111009/LUFA/Drivers/USB/Core/AVR8/../AVR8/../AVR8/Endpoint_AVR8.h **** 			static inline uint8_t Endpoint_BytesToEPSizeMask(const uint16_t Bytes)
 125:../lufa-LUFA-111009/LUFA/Drivers/USB/Core/AVR8/../AVR8/../AVR8/Endpoint_AVR8.h **** 			{
 126:../lufa-LUFA-111009/LUFA/Drivers/USB/Core/AVR8/../AVR8/../AVR8/Endpoint_AVR8.h **** 				uint8_t  MaskVal    = 0;
 127:../lufa-LUFA-111009/LUFA/Drivers/USB/Core/AVR8/../AVR8/../AVR8/Endpoint_AVR8.h **** 				uint16_t CheckBytes = 8;
 128:../lufa-LUFA-111009/LUFA/Drivers/USB/Core/AVR8/../AVR8/../AVR8/Endpoint_AVR8.h **** 
 129:../lufa-LUFA-111009/LUFA/Drivers/USB/Core/AVR8/../AVR8/../AVR8/Endpoint_AVR8.h **** 				while (CheckBytes < Bytes)
 130:../lufa-LUFA-111009/LUFA/Drivers/USB/Core/AVR8/../AVR8/../AVR8/Endpoint_AVR8.h **** 				{
 131:../lufa-LUFA-111009/LUFA/Drivers/USB/Core/AVR8/../AVR8/../AVR8/Endpoint_AVR8.h **** 					MaskVal++;
 132:../lufa-LUFA-111009/LUFA/Drivers/USB/Core/AVR8/../AVR8/../AVR8/Endpoint_AVR8.h **** 					CheckBytes <<= 1;
 133:../lufa-LUFA-111009/LUFA/Drivers/USB/Core/AVR8/../AVR8/../AVR8/Endpoint_AVR8.h **** 				}
 134:../lufa-LUFA-111009/LUFA/Drivers/USB/Core/AVR8/../AVR8/../AVR8/Endpoint_AVR8.h **** 
 135:../lufa-LUFA-111009/LUFA/Drivers/USB/Core/AVR8/../AVR8/../AVR8/Endpoint_AVR8.h **** 				return (MaskVal << EPSIZE0);
 136:../lufa-LUFA-111009/LUFA/Drivers/USB/Core/AVR8/../AVR8/../AVR8/Endpoint_AVR8.h **** 			}
 137:../lufa-LUFA-111009/LUFA/Drivers/USB/Core/AVR8/../AVR8/../AVR8/Endpoint_AVR8.h **** 
 138:../lufa-LUFA-111009/LUFA/Drivers/USB/Core/AVR8/../AVR8/../AVR8/Endpoint_AVR8.h **** 		/* Function Prototypes: */
 139:../lufa-LUFA-111009/LUFA/Drivers/USB/Core/AVR8/../AVR8/../AVR8/Endpoint_AVR8.h **** 			void Endpoint_ClearEndpoints(void);
 140:../lufa-LUFA-111009/LUFA/Drivers/USB/Core/AVR8/../AVR8/../AVR8/Endpoint_AVR8.h **** 			bool Endpoint_ConfigureEndpoint_Prv(const uint8_t Number,
 141:../lufa-LUFA-111009/LUFA/Drivers/USB/Core/AVR8/../AVR8/../AVR8/Endpoint_AVR8.h **** 			                                    const uint8_t UECFG0XData,
 142:../lufa-LUFA-111009/LUFA/Drivers/USB/Core/AVR8/../AVR8/../AVR8/Endpoint_AVR8.h **** 			                                    const uint8_t UECFG1XData);
 143:../lufa-LUFA-111009/LUFA/Drivers/USB/Core/AVR8/../AVR8/../AVR8/Endpoint_AVR8.h **** 
 144:../lufa-LUFA-111009/LUFA/Drivers/USB/Core/AVR8/../AVR8/../AVR8/Endpoint_AVR8.h **** 	#endif
 145:../lufa-LUFA-111009/LUFA/Drivers/USB/Core/AVR8/../AVR8/../AVR8/Endpoint_AVR8.h **** 
 146:../lufa-LUFA-111009/LUFA/Drivers/USB/Core/AVR8/../AVR8/../AVR8/Endpoint_AVR8.h **** 	/* Public Interface - May be used in end-application: */
 147:../lufa-LUFA-111009/LUFA/Drivers/USB/Core/AVR8/../AVR8/../AVR8/Endpoint_AVR8.h **** 		/* Macros: */			
 148:../lufa-LUFA-111009/LUFA/Drivers/USB/Core/AVR8/../AVR8/../AVR8/Endpoint_AVR8.h **** 			/** \name Endpoint Bank Mode Masks */
 149:../lufa-LUFA-111009/LUFA/Drivers/USB/Core/AVR8/../AVR8/../AVR8/Endpoint_AVR8.h **** 			//@{
 150:../lufa-LUFA-111009/LUFA/Drivers/USB/Core/AVR8/../AVR8/../AVR8/Endpoint_AVR8.h **** 			/** Mask for the bank mode selection for the \ref Endpoint_ConfigureEndpoint() macro. This indic
 151:../lufa-LUFA-111009/LUFA/Drivers/USB/Core/AVR8/../AVR8/../AVR8/Endpoint_AVR8.h **** 			 *  that the endpoint should have one single bank, which requires less USB FIFO memory but resul
 152:../lufa-LUFA-111009/LUFA/Drivers/USB/Core/AVR8/../AVR8/../AVR8/Endpoint_AVR8.h **** 			 *  in slower transfers as only one USB device (the AVR or the host) can access the endpoint's
 153:../lufa-LUFA-111009/LUFA/Drivers/USB/Core/AVR8/../AVR8/../AVR8/Endpoint_AVR8.h **** 			 *  bank at the one time.
 154:../lufa-LUFA-111009/LUFA/Drivers/USB/Core/AVR8/../AVR8/../AVR8/Endpoint_AVR8.h **** 			 */
 155:../lufa-LUFA-111009/LUFA/Drivers/USB/Core/AVR8/../AVR8/../AVR8/Endpoint_AVR8.h **** 			#define ENDPOINT_BANK_SINGLE                    (0 << EPBK0)
 156:../lufa-LUFA-111009/LUFA/Drivers/USB/Core/AVR8/../AVR8/../AVR8/Endpoint_AVR8.h **** 
 157:../lufa-LUFA-111009/LUFA/Drivers/USB/Core/AVR8/../AVR8/../AVR8/Endpoint_AVR8.h **** 			/** Mask for the bank mode selection for the \ref Endpoint_ConfigureEndpoint() macro. This indic
 158:../lufa-LUFA-111009/LUFA/Drivers/USB/Core/AVR8/../AVR8/../AVR8/Endpoint_AVR8.h **** 			 *  that the endpoint should have two banks, which requires more USB FIFO memory but results
 159:../lufa-LUFA-111009/LUFA/Drivers/USB/Core/AVR8/../AVR8/../AVR8/Endpoint_AVR8.h **** 			 *  in faster transfers as one USB device (the AVR or the host) can access one bank while the ot
 160:../lufa-LUFA-111009/LUFA/Drivers/USB/Core/AVR8/../AVR8/../AVR8/Endpoint_AVR8.h **** 			 *  accesses the second bank.
 161:../lufa-LUFA-111009/LUFA/Drivers/USB/Core/AVR8/../AVR8/../AVR8/Endpoint_AVR8.h **** 			 */
 162:../lufa-LUFA-111009/LUFA/Drivers/USB/Core/AVR8/../AVR8/../AVR8/Endpoint_AVR8.h **** 			#define ENDPOINT_BANK_DOUBLE                    (1 << EPBK0)
 163:../lufa-LUFA-111009/LUFA/Drivers/USB/Core/AVR8/../AVR8/../AVR8/Endpoint_AVR8.h **** 			//@}
 164:../lufa-LUFA-111009/LUFA/Drivers/USB/Core/AVR8/../AVR8/../AVR8/Endpoint_AVR8.h **** 
 165:../lufa-LUFA-111009/LUFA/Drivers/USB/Core/AVR8/../AVR8/../AVR8/Endpoint_AVR8.h **** 			#if (!defined(FIXED_CONTROL_ENDPOINT_SIZE) || defined(__DOXYGEN__))
 166:../lufa-LUFA-111009/LUFA/Drivers/USB/Core/AVR8/../AVR8/../AVR8/Endpoint_AVR8.h **** 				/** Default size of the default control endpoint's bank, until altered by the control endpoint 
 167:../lufa-LUFA-111009/LUFA/Drivers/USB/Core/AVR8/../AVR8/../AVR8/Endpoint_AVR8.h **** 				 *  value in the device descriptor. Not available if the \c FIXED_CONTROL_ENDPOINT_SIZE token i
 168:../lufa-LUFA-111009/LUFA/Drivers/USB/Core/AVR8/../AVR8/../AVR8/Endpoint_AVR8.h **** 				 */
 169:../lufa-LUFA-111009/LUFA/Drivers/USB/Core/AVR8/../AVR8/../AVR8/Endpoint_AVR8.h **** 				#define ENDPOINT_CONTROLEP_DEFAULT_SIZE     8
 170:../lufa-LUFA-111009/LUFA/Drivers/USB/Core/AVR8/../AVR8/../AVR8/Endpoint_AVR8.h **** 			#endif
 171:../lufa-LUFA-111009/LUFA/Drivers/USB/Core/AVR8/../AVR8/../AVR8/Endpoint_AVR8.h **** 
 172:../lufa-LUFA-111009/LUFA/Drivers/USB/Core/AVR8/../AVR8/../AVR8/Endpoint_AVR8.h **** 			/** Retrieves the maximum bank size in bytes of a given endpoint.
 173:../lufa-LUFA-111009/LUFA/Drivers/USB/Core/AVR8/../AVR8/../AVR8/Endpoint_AVR8.h **** 			 *
 174:../lufa-LUFA-111009/LUFA/Drivers/USB/Core/AVR8/../AVR8/../AVR8/Endpoint_AVR8.h **** 			 *  \note This macro will only work correctly on endpoint indexes that are compile-time constant
 175:../lufa-LUFA-111009/LUFA/Drivers/USB/Core/AVR8/../AVR8/../AVR8/Endpoint_AVR8.h **** 			 *        defined by the preprocessor.
 176:../lufa-LUFA-111009/LUFA/Drivers/USB/Core/AVR8/../AVR8/../AVR8/Endpoint_AVR8.h **** 			 *
 177:../lufa-LUFA-111009/LUFA/Drivers/USB/Core/AVR8/../AVR8/../AVR8/Endpoint_AVR8.h **** 			 *  \param[in] EPIndex  Endpoint number, a value between 0 and (\ref ENDPOINT_TOTAL_ENDPOINTS - 
 178:../lufa-LUFA-111009/LUFA/Drivers/USB/Core/AVR8/../AVR8/../AVR8/Endpoint_AVR8.h **** 			 */
 179:../lufa-LUFA-111009/LUFA/Drivers/USB/Core/AVR8/../AVR8/../AVR8/Endpoint_AVR8.h **** 			#define ENDPOINT_MAX_SIZE(EPIndex)              _ENDPOINT_GET_MAXSIZE(EPIndex)
 180:../lufa-LUFA-111009/LUFA/Drivers/USB/Core/AVR8/../AVR8/../AVR8/Endpoint_AVR8.h **** 
 181:../lufa-LUFA-111009/LUFA/Drivers/USB/Core/AVR8/../AVR8/../AVR8/Endpoint_AVR8.h **** 			/** Retrieves the total number of banks supported by the given endpoint.
 182:../lufa-LUFA-111009/LUFA/Drivers/USB/Core/AVR8/../AVR8/../AVR8/Endpoint_AVR8.h **** 			 *
 183:../lufa-LUFA-111009/LUFA/Drivers/USB/Core/AVR8/../AVR8/../AVR8/Endpoint_AVR8.h **** 			 *  \note This macro will only work correctly on endpoint indexes that are compile-time constant
 184:../lufa-LUFA-111009/LUFA/Drivers/USB/Core/AVR8/../AVR8/../AVR8/Endpoint_AVR8.h **** 			 *        defined by the preprocessor.
 185:../lufa-LUFA-111009/LUFA/Drivers/USB/Core/AVR8/../AVR8/../AVR8/Endpoint_AVR8.h **** 			 *
 186:../lufa-LUFA-111009/LUFA/Drivers/USB/Core/AVR8/../AVR8/../AVR8/Endpoint_AVR8.h **** 			 *  \param[in] EPIndex  Endpoint number, a value between 0 and (\ref ENDPOINT_TOTAL_ENDPOINTS - 
 187:../lufa-LUFA-111009/LUFA/Drivers/USB/Core/AVR8/../AVR8/../AVR8/Endpoint_AVR8.h **** 			 */
 188:../lufa-LUFA-111009/LUFA/Drivers/USB/Core/AVR8/../AVR8/../AVR8/Endpoint_AVR8.h **** 			#define ENDPOINT_BANKS_SUPPORTED(EPIndex)       _ENDPOINT_GET_BANKS(EPIndex)
 189:../lufa-LUFA-111009/LUFA/Drivers/USB/Core/AVR8/../AVR8/../AVR8/Endpoint_AVR8.h **** 
 190:../lufa-LUFA-111009/LUFA/Drivers/USB/Core/AVR8/../AVR8/../AVR8/Endpoint_AVR8.h **** 			#if !defined(CONTROL_ONLY_DEVICE) || defined(__DOXYGEN__)
 191:../lufa-LUFA-111009/LUFA/Drivers/USB/Core/AVR8/../AVR8/../AVR8/Endpoint_AVR8.h **** 				/** Total number of endpoints (including the default control endpoint at address 0) which may
 192:../lufa-LUFA-111009/LUFA/Drivers/USB/Core/AVR8/../AVR8/../AVR8/Endpoint_AVR8.h **** 				 *  be used in the device. Different USB AVR models support different amounts of endpoints,
 193:../lufa-LUFA-111009/LUFA/Drivers/USB/Core/AVR8/../AVR8/../AVR8/Endpoint_AVR8.h **** 				 *  this value reflects the maximum number of endpoints for the currently selected AVR model.
 194:../lufa-LUFA-111009/LUFA/Drivers/USB/Core/AVR8/../AVR8/../AVR8/Endpoint_AVR8.h **** 				 */
 195:../lufa-LUFA-111009/LUFA/Drivers/USB/Core/AVR8/../AVR8/../AVR8/Endpoint_AVR8.h **** 				#define ENDPOINT_TOTAL_ENDPOINTS            ENDPOINT_DETAILS_MAXEP
 196:../lufa-LUFA-111009/LUFA/Drivers/USB/Core/AVR8/../AVR8/../AVR8/Endpoint_AVR8.h **** 			#else
 197:../lufa-LUFA-111009/LUFA/Drivers/USB/Core/AVR8/../AVR8/../AVR8/Endpoint_AVR8.h **** 				#define ENDPOINT_TOTAL_ENDPOINTS            1
 198:../lufa-LUFA-111009/LUFA/Drivers/USB/Core/AVR8/../AVR8/../AVR8/Endpoint_AVR8.h **** 			#endif
 199:../lufa-LUFA-111009/LUFA/Drivers/USB/Core/AVR8/../AVR8/../AVR8/Endpoint_AVR8.h **** 
 200:../lufa-LUFA-111009/LUFA/Drivers/USB/Core/AVR8/../AVR8/../AVR8/Endpoint_AVR8.h **** 		/* Enums: */
 201:../lufa-LUFA-111009/LUFA/Drivers/USB/Core/AVR8/../AVR8/../AVR8/Endpoint_AVR8.h **** 			/** Enum for the possible error return codes of the \ref Endpoint_WaitUntilReady() function.
 202:../lufa-LUFA-111009/LUFA/Drivers/USB/Core/AVR8/../AVR8/../AVR8/Endpoint_AVR8.h **** 			 *
 203:../lufa-LUFA-111009/LUFA/Drivers/USB/Core/AVR8/../AVR8/../AVR8/Endpoint_AVR8.h **** 			 *  \ingroup Group_EndpointRW_AVR8
 204:../lufa-LUFA-111009/LUFA/Drivers/USB/Core/AVR8/../AVR8/../AVR8/Endpoint_AVR8.h **** 			 */
 205:../lufa-LUFA-111009/LUFA/Drivers/USB/Core/AVR8/../AVR8/../AVR8/Endpoint_AVR8.h **** 			enum Endpoint_WaitUntilReady_ErrorCodes_t
 206:../lufa-LUFA-111009/LUFA/Drivers/USB/Core/AVR8/../AVR8/../AVR8/Endpoint_AVR8.h **** 			{
 207:../lufa-LUFA-111009/LUFA/Drivers/USB/Core/AVR8/../AVR8/../AVR8/Endpoint_AVR8.h **** 				ENDPOINT_READYWAIT_NoError                 = 0, /**< Endpoint is ready for next packet, no erro
 208:../lufa-LUFA-111009/LUFA/Drivers/USB/Core/AVR8/../AVR8/../AVR8/Endpoint_AVR8.h **** 				ENDPOINT_READYWAIT_EndpointStalled         = 1, /**< The endpoint was stalled during the stream
 209:../lufa-LUFA-111009/LUFA/Drivers/USB/Core/AVR8/../AVR8/../AVR8/Endpoint_AVR8.h **** 				                                                 *   transfer by the host or device.
 210:../lufa-LUFA-111009/LUFA/Drivers/USB/Core/AVR8/../AVR8/../AVR8/Endpoint_AVR8.h **** 				                                                 */
 211:../lufa-LUFA-111009/LUFA/Drivers/USB/Core/AVR8/../AVR8/../AVR8/Endpoint_AVR8.h **** 				ENDPOINT_READYWAIT_DeviceDisconnected      = 2,	/**< Device was disconnected from the host whil
 212:../lufa-LUFA-111009/LUFA/Drivers/USB/Core/AVR8/../AVR8/../AVR8/Endpoint_AVR8.h **** 				                                                 *   waiting for the endpoint to become ready.
 213:../lufa-LUFA-111009/LUFA/Drivers/USB/Core/AVR8/../AVR8/../AVR8/Endpoint_AVR8.h **** 				                                                 */
 214:../lufa-LUFA-111009/LUFA/Drivers/USB/Core/AVR8/../AVR8/../AVR8/Endpoint_AVR8.h **** 				ENDPOINT_READYWAIT_BusSuspended            = 3, /**< The USB bus has been suspended by the host
 215:../lufa-LUFA-111009/LUFA/Drivers/USB/Core/AVR8/../AVR8/../AVR8/Endpoint_AVR8.h **** 				                                                 *   no USB endpoint traffic can occur until th
 216:../lufa-LUFA-111009/LUFA/Drivers/USB/Core/AVR8/../AVR8/../AVR8/Endpoint_AVR8.h **** 				                                                 *   has resumed.
 217:../lufa-LUFA-111009/LUFA/Drivers/USB/Core/AVR8/../AVR8/../AVR8/Endpoint_AVR8.h **** 				                                                 */
 218:../lufa-LUFA-111009/LUFA/Drivers/USB/Core/AVR8/../AVR8/../AVR8/Endpoint_AVR8.h **** 				ENDPOINT_READYWAIT_Timeout                 = 4, /**< The host failed to accept or send the next
 219:../lufa-LUFA-111009/LUFA/Drivers/USB/Core/AVR8/../AVR8/../AVR8/Endpoint_AVR8.h **** 				                                                 *   within the software timeout period set by 
 220:../lufa-LUFA-111009/LUFA/Drivers/USB/Core/AVR8/../AVR8/../AVR8/Endpoint_AVR8.h **** 				                                                 *   \ref USB_STREAM_TIMEOUT_MS macro.
 221:../lufa-LUFA-111009/LUFA/Drivers/USB/Core/AVR8/../AVR8/../AVR8/Endpoint_AVR8.h **** 				                                                 */
 222:../lufa-LUFA-111009/LUFA/Drivers/USB/Core/AVR8/../AVR8/../AVR8/Endpoint_AVR8.h **** 			};
 223:../lufa-LUFA-111009/LUFA/Drivers/USB/Core/AVR8/../AVR8/../AVR8/Endpoint_AVR8.h **** 
 224:../lufa-LUFA-111009/LUFA/Drivers/USB/Core/AVR8/../AVR8/../AVR8/Endpoint_AVR8.h **** 		/* Inline Functions: */
 225:../lufa-LUFA-111009/LUFA/Drivers/USB/Core/AVR8/../AVR8/../AVR8/Endpoint_AVR8.h **** 			/** Configures the specified endpoint number with the given endpoint type, direction, bank size
 226:../lufa-LUFA-111009/LUFA/Drivers/USB/Core/AVR8/../AVR8/../AVR8/Endpoint_AVR8.h **** 			 *  and banking mode. Once configured, the endpoint may be read from or written to, depending
 227:../lufa-LUFA-111009/LUFA/Drivers/USB/Core/AVR8/../AVR8/../AVR8/Endpoint_AVR8.h **** 			 *  on its direction.
 228:../lufa-LUFA-111009/LUFA/Drivers/USB/Core/AVR8/../AVR8/../AVR8/Endpoint_AVR8.h **** 			 *
 229:../lufa-LUFA-111009/LUFA/Drivers/USB/Core/AVR8/../AVR8/../AVR8/Endpoint_AVR8.h **** 			 *  \param[in] Number     Endpoint number to configure. This must be more than 0 and less than
 230:../lufa-LUFA-111009/LUFA/Drivers/USB/Core/AVR8/../AVR8/../AVR8/Endpoint_AVR8.h **** 			 *                        \ref ENDPOINT_TOTAL_ENDPOINTS.
 231:../lufa-LUFA-111009/LUFA/Drivers/USB/Core/AVR8/../AVR8/../AVR8/Endpoint_AVR8.h **** 			 *
 232:../lufa-LUFA-111009/LUFA/Drivers/USB/Core/AVR8/../AVR8/../AVR8/Endpoint_AVR8.h **** 			 *  \param[in] Type       Type of endpoint to configure, a \c EP_TYPE_* mask. Not all endpoint t
 233:../lufa-LUFA-111009/LUFA/Drivers/USB/Core/AVR8/../AVR8/../AVR8/Endpoint_AVR8.h **** 			 *                        are available on Low Speed USB devices - refer to the USB 2.0 specific
 234:../lufa-LUFA-111009/LUFA/Drivers/USB/Core/AVR8/../AVR8/../AVR8/Endpoint_AVR8.h **** 			 *
 235:../lufa-LUFA-111009/LUFA/Drivers/USB/Core/AVR8/../AVR8/../AVR8/Endpoint_AVR8.h **** 			 *  \param[in] Direction  Endpoint data direction, either \ref ENDPOINT_DIR_OUT or \ref ENDPOINT
 236:../lufa-LUFA-111009/LUFA/Drivers/USB/Core/AVR8/../AVR8/../AVR8/Endpoint_AVR8.h **** 			 *                        All endpoints (except Control type) are unidirectional - data may only
 237:../lufa-LUFA-111009/LUFA/Drivers/USB/Core/AVR8/../AVR8/../AVR8/Endpoint_AVR8.h **** 			 *                        from or written to the endpoint bank based on its direction, not both.
 238:../lufa-LUFA-111009/LUFA/Drivers/USB/Core/AVR8/../AVR8/../AVR8/Endpoint_AVR8.h **** 			 *
 239:../lufa-LUFA-111009/LUFA/Drivers/USB/Core/AVR8/../AVR8/../AVR8/Endpoint_AVR8.h **** 			 *  \param[in] Size       Size of the endpoint's bank, where packets are stored before they are 
 240:../lufa-LUFA-111009/LUFA/Drivers/USB/Core/AVR8/../AVR8/../AVR8/Endpoint_AVR8.h **** 			 *                        to the USB host, or after they have been received from the USB host (d
 241:../lufa-LUFA-111009/LUFA/Drivers/USB/Core/AVR8/../AVR8/../AVR8/Endpoint_AVR8.h **** 			 *                        the endpoint's data direction). The bank size must indicate the maximu
 242:../lufa-LUFA-111009/LUFA/Drivers/USB/Core/AVR8/../AVR8/../AVR8/Endpoint_AVR8.h **** 			 *                        that the endpoint can handle.
 243:../lufa-LUFA-111009/LUFA/Drivers/USB/Core/AVR8/../AVR8/../AVR8/Endpoint_AVR8.h **** 			 *
 244:../lufa-LUFA-111009/LUFA/Drivers/USB/Core/AVR8/../AVR8/../AVR8/Endpoint_AVR8.h **** 			 *  \param[in] Banks      Number of banks to use for the endpoint being configured, an \c ENDPOI
 245:../lufa-LUFA-111009/LUFA/Drivers/USB/Core/AVR8/../AVR8/../AVR8/Endpoint_AVR8.h **** 			 *                        More banks uses more USB DPRAM, but offers better performance. Isochro
 246:../lufa-LUFA-111009/LUFA/Drivers/USB/Core/AVR8/../AVR8/../AVR8/Endpoint_AVR8.h **** 			 *                        endpoints <b>must</b> have at least two banks.
 247:../lufa-LUFA-111009/LUFA/Drivers/USB/Core/AVR8/../AVR8/../AVR8/Endpoint_AVR8.h **** 			 *
 248:../lufa-LUFA-111009/LUFA/Drivers/USB/Core/AVR8/../AVR8/../AVR8/Endpoint_AVR8.h **** 			 *  \note When the \c ORDERED_EP_CONFIG compile time option is used, Endpoints <b>must</b> be co
 249:../lufa-LUFA-111009/LUFA/Drivers/USB/Core/AVR8/../AVR8/../AVR8/Endpoint_AVR8.h **** 			 *        ascending order, or bank corruption will occur.
 250:../lufa-LUFA-111009/LUFA/Drivers/USB/Core/AVR8/../AVR8/../AVR8/Endpoint_AVR8.h **** 			 *        \n\n
 251:../lufa-LUFA-111009/LUFA/Drivers/USB/Core/AVR8/../AVR8/../AVR8/Endpoint_AVR8.h **** 			 *
 252:../lufa-LUFA-111009/LUFA/Drivers/USB/Core/AVR8/../AVR8/../AVR8/Endpoint_AVR8.h **** 			 *  \note Different endpoints may have different maximum packet sizes based on the endpoint's in
 253:../lufa-LUFA-111009/LUFA/Drivers/USB/Core/AVR8/../AVR8/../AVR8/Endpoint_AVR8.h **** 			 *        the chosen microcontroller model's datasheet to determine the maximum bank size for ea
 254:../lufa-LUFA-111009/LUFA/Drivers/USB/Core/AVR8/../AVR8/../AVR8/Endpoint_AVR8.h **** 			 *        \n\n
 255:../lufa-LUFA-111009/LUFA/Drivers/USB/Core/AVR8/../AVR8/../AVR8/Endpoint_AVR8.h **** 			 *
 256:../lufa-LUFA-111009/LUFA/Drivers/USB/Core/AVR8/../AVR8/../AVR8/Endpoint_AVR8.h **** 			 *  \note The default control endpoint should not be manually configured by the user application
 257:../lufa-LUFA-111009/LUFA/Drivers/USB/Core/AVR8/../AVR8/../AVR8/Endpoint_AVR8.h **** 			 *        it is automatically configured by the library internally.
 258:../lufa-LUFA-111009/LUFA/Drivers/USB/Core/AVR8/../AVR8/../AVR8/Endpoint_AVR8.h **** 			 *        \n\n
 259:../lufa-LUFA-111009/LUFA/Drivers/USB/Core/AVR8/../AVR8/../AVR8/Endpoint_AVR8.h **** 			 *
 260:../lufa-LUFA-111009/LUFA/Drivers/USB/Core/AVR8/../AVR8/../AVR8/Endpoint_AVR8.h **** 			 *  \note This routine will automatically select the specified endpoint upon success. Upon failu
 261:../lufa-LUFA-111009/LUFA/Drivers/USB/Core/AVR8/../AVR8/../AVR8/Endpoint_AVR8.h **** 			 *        which failed to reconfigure correctly will be selected.
 262:../lufa-LUFA-111009/LUFA/Drivers/USB/Core/AVR8/../AVR8/../AVR8/Endpoint_AVR8.h **** 			 *
 263:../lufa-LUFA-111009/LUFA/Drivers/USB/Core/AVR8/../AVR8/../AVR8/Endpoint_AVR8.h **** 			 *  \return Boolean \c true if the configuration succeeded, \c false otherwise.
 264:../lufa-LUFA-111009/LUFA/Drivers/USB/Core/AVR8/../AVR8/../AVR8/Endpoint_AVR8.h **** 			 */
 265:../lufa-LUFA-111009/LUFA/Drivers/USB/Core/AVR8/../AVR8/../AVR8/Endpoint_AVR8.h **** 			static inline bool Endpoint_ConfigureEndpoint(const uint8_t Number,
 266:../lufa-LUFA-111009/LUFA/Drivers/USB/Core/AVR8/../AVR8/../AVR8/Endpoint_AVR8.h **** 			                                              const uint8_t Type,
 267:../lufa-LUFA-111009/LUFA/Drivers/USB/Core/AVR8/../AVR8/../AVR8/Endpoint_AVR8.h **** 			                                              const uint8_t Direction,
 268:../lufa-LUFA-111009/LUFA/Drivers/USB/Core/AVR8/../AVR8/../AVR8/Endpoint_AVR8.h **** 			                                              const uint16_t Size,
 269:../lufa-LUFA-111009/LUFA/Drivers/USB/Core/AVR8/../AVR8/../AVR8/Endpoint_AVR8.h **** 			                                              const uint8_t Banks) ATTR_ALWAYS_INLINE;
 270:../lufa-LUFA-111009/LUFA/Drivers/USB/Core/AVR8/../AVR8/../AVR8/Endpoint_AVR8.h **** 			static inline bool Endpoint_ConfigureEndpoint(const uint8_t Number,
 271:../lufa-LUFA-111009/LUFA/Drivers/USB/Core/AVR8/../AVR8/../AVR8/Endpoint_AVR8.h **** 			                                              const uint8_t Type,
 272:../lufa-LUFA-111009/LUFA/Drivers/USB/Core/AVR8/../AVR8/../AVR8/Endpoint_AVR8.h **** 			                                              const uint8_t Direction,
 273:../lufa-LUFA-111009/LUFA/Drivers/USB/Core/AVR8/../AVR8/../AVR8/Endpoint_AVR8.h **** 			                                              const uint16_t Size,
 274:../lufa-LUFA-111009/LUFA/Drivers/USB/Core/AVR8/../AVR8/../AVR8/Endpoint_AVR8.h **** 			                                              const uint8_t Banks)
 275:../lufa-LUFA-111009/LUFA/Drivers/USB/Core/AVR8/../AVR8/../AVR8/Endpoint_AVR8.h **** 			{
 276:../lufa-LUFA-111009/LUFA/Drivers/USB/Core/AVR8/../AVR8/../AVR8/Endpoint_AVR8.h **** 				return Endpoint_ConfigureEndpoint_Prv(Number, ((Type << EPTYPE0) | (Direction ? (1 << EPDIR) : 
 228               		.loc 5 276 12 view .LVU64
 229 0040 42E0      		ldi r20,lo8(2)
 230 0042 60E0      		ldi r22,0
 231 0044 80E0      		ldi r24,0
 232 0046 0E94 0000 		call Endpoint_ConfigureEndpoint_Prv
 233               	.LVL6:
 234               	.LBE87:
 235               	.LBE86:
 229:../lufa-LUFA-111009/LUFA/Drivers/USB/Core/AVR8/USBController_AVR8.c **** 	#endif
 230:../lufa-LUFA-111009/LUFA/Drivers/USB/Core/AVR8/USBController_AVR8.c **** 
 231:../lufa-LUFA-111009/LUFA/Drivers/USB/Core/AVR8/USBController_AVR8.c **** 	Endpoint_ConfigureEndpoint(ENDPOINT_CONTROLEP, EP_TYPE_CONTROL,
 232:../lufa-LUFA-111009/LUFA/Drivers/USB/Core/AVR8/USBController_AVR8.c **** 							   ENDPOINT_DIR_OUT, USB_Device_ControlEndpointSize,
 233:../lufa-LUFA-111009/LUFA/Drivers/USB/Core/AVR8/USBController_AVR8.c **** 							   ENDPOINT_BANK_SINGLE);
 234:../lufa-LUFA-111009/LUFA/Drivers/USB/Core/AVR8/USBController_AVR8.c **** 
 235:../lufa-LUFA-111009/LUFA/Drivers/USB/Core/AVR8/USBController_AVR8.c **** 	USB_INT_Clear(USB_INT_SUSPI);
 236               		.loc 1 235 2 is_stmt 1 view .LVU65
 237               	.LBB88:
 238               	.LBI88:
  96:../lufa-LUFA-111009/LUFA/Drivers/USB/Core/AVR8/../AVR8/../AVR8/USBInterrupt_AVR8.h **** 					#endif
  97:../lufa-LUFA-111009/LUFA/Drivers/USB/Core/AVR8/../AVR8/../AVR8/USBInterrupt_AVR8.h **** 					#if defined(USB_CAN_BE_BOTH)
  98:../lufa-LUFA-111009/LUFA/Drivers/USB/Core/AVR8/../AVR8/../AVR8/USBInterrupt_AVR8.h **** 					case USB_INT_IDTI:
  99:../lufa-LUFA-111009/LUFA/Drivers/USB/Core/AVR8/../AVR8/../AVR8/USBInterrupt_AVR8.h **** 						USBCON |= (1 << IDTE);
 100:../lufa-LUFA-111009/LUFA/Drivers/USB/Core/AVR8/../AVR8/../AVR8/USBInterrupt_AVR8.h **** 						break;
 101:../lufa-LUFA-111009/LUFA/Drivers/USB/Core/AVR8/../AVR8/../AVR8/USBInterrupt_AVR8.h **** 					#endif
 102:../lufa-LUFA-111009/LUFA/Drivers/USB/Core/AVR8/../AVR8/../AVR8/USBInterrupt_AVR8.h **** 					#if defined(USB_CAN_BE_DEVICE)
 103:../lufa-LUFA-111009/LUFA/Drivers/USB/Core/AVR8/../AVR8/../AVR8/USBInterrupt_AVR8.h **** 					case USB_INT_WAKEUPI:
 104:../lufa-LUFA-111009/LUFA/Drivers/USB/Core/AVR8/../AVR8/../AVR8/USBInterrupt_AVR8.h **** 						UDIEN  |= (1 << WAKEUPE);
 105:../lufa-LUFA-111009/LUFA/Drivers/USB/Core/AVR8/../AVR8/../AVR8/USBInterrupt_AVR8.h **** 						break;
 106:../lufa-LUFA-111009/LUFA/Drivers/USB/Core/AVR8/../AVR8/../AVR8/USBInterrupt_AVR8.h **** 					case USB_INT_SUSPI:
 107:../lufa-LUFA-111009/LUFA/Drivers/USB/Core/AVR8/../AVR8/../AVR8/USBInterrupt_AVR8.h **** 						UDIEN  |= (1 << SUSPE);
 108:../lufa-LUFA-111009/LUFA/Drivers/USB/Core/AVR8/../AVR8/../AVR8/USBInterrupt_AVR8.h **** 						break;
 109:../lufa-LUFA-111009/LUFA/Drivers/USB/Core/AVR8/../AVR8/../AVR8/USBInterrupt_AVR8.h **** 					case USB_INT_EORSTI:
 110:../lufa-LUFA-111009/LUFA/Drivers/USB/Core/AVR8/../AVR8/../AVR8/USBInterrupt_AVR8.h **** 						UDIEN  |= (1 << EORSTE);
 111:../lufa-LUFA-111009/LUFA/Drivers/USB/Core/AVR8/../AVR8/../AVR8/USBInterrupt_AVR8.h **** 						break;
 112:../lufa-LUFA-111009/LUFA/Drivers/USB/Core/AVR8/../AVR8/../AVR8/USBInterrupt_AVR8.h **** 					case USB_INT_SOFI:
 113:../lufa-LUFA-111009/LUFA/Drivers/USB/Core/AVR8/../AVR8/../AVR8/USBInterrupt_AVR8.h **** 						UDIEN  |= (1 << SOFE);
 114:../lufa-LUFA-111009/LUFA/Drivers/USB/Core/AVR8/../AVR8/../AVR8/USBInterrupt_AVR8.h **** 						break;
 115:../lufa-LUFA-111009/LUFA/Drivers/USB/Core/AVR8/../AVR8/../AVR8/USBInterrupt_AVR8.h **** 					case USB_INT_RXSTPI:
 116:../lufa-LUFA-111009/LUFA/Drivers/USB/Core/AVR8/../AVR8/../AVR8/USBInterrupt_AVR8.h **** 						UEIENX |= (1 << RXSTPE);
 117:../lufa-LUFA-111009/LUFA/Drivers/USB/Core/AVR8/../AVR8/../AVR8/USBInterrupt_AVR8.h **** 						break;
 118:../lufa-LUFA-111009/LUFA/Drivers/USB/Core/AVR8/../AVR8/../AVR8/USBInterrupt_AVR8.h **** 					#endif
 119:../lufa-LUFA-111009/LUFA/Drivers/USB/Core/AVR8/../AVR8/../AVR8/USBInterrupt_AVR8.h **** 					#if defined(USB_CAN_BE_HOST)
 120:../lufa-LUFA-111009/LUFA/Drivers/USB/Core/AVR8/../AVR8/../AVR8/USBInterrupt_AVR8.h **** 					case USB_INT_HSOFI:
 121:../lufa-LUFA-111009/LUFA/Drivers/USB/Core/AVR8/../AVR8/../AVR8/USBInterrupt_AVR8.h **** 						UHIEN  |= (1 << HSOFE);
 122:../lufa-LUFA-111009/LUFA/Drivers/USB/Core/AVR8/../AVR8/../AVR8/USBInterrupt_AVR8.h **** 						break;
 123:../lufa-LUFA-111009/LUFA/Drivers/USB/Core/AVR8/../AVR8/../AVR8/USBInterrupt_AVR8.h **** 					case USB_INT_DCONNI:
 124:../lufa-LUFA-111009/LUFA/Drivers/USB/Core/AVR8/../AVR8/../AVR8/USBInterrupt_AVR8.h **** 						UHIEN  |= (1 << DCONNE);
 125:../lufa-LUFA-111009/LUFA/Drivers/USB/Core/AVR8/../AVR8/../AVR8/USBInterrupt_AVR8.h **** 						break;
 126:../lufa-LUFA-111009/LUFA/Drivers/USB/Core/AVR8/../AVR8/../AVR8/USBInterrupt_AVR8.h **** 					case USB_INT_DDISCI:
 127:../lufa-LUFA-111009/LUFA/Drivers/USB/Core/AVR8/../AVR8/../AVR8/USBInterrupt_AVR8.h **** 						UHIEN  |= (1 << DDISCE);
 128:../lufa-LUFA-111009/LUFA/Drivers/USB/Core/AVR8/../AVR8/../AVR8/USBInterrupt_AVR8.h **** 						break;
 129:../lufa-LUFA-111009/LUFA/Drivers/USB/Core/AVR8/../AVR8/../AVR8/USBInterrupt_AVR8.h **** 					case USB_INT_RSTI:
 130:../lufa-LUFA-111009/LUFA/Drivers/USB/Core/AVR8/../AVR8/../AVR8/USBInterrupt_AVR8.h **** 						UHIEN  |= (1 << RSTE);
 131:../lufa-LUFA-111009/LUFA/Drivers/USB/Core/AVR8/../AVR8/../AVR8/USBInterrupt_AVR8.h **** 						break;
 132:../lufa-LUFA-111009/LUFA/Drivers/USB/Core/AVR8/../AVR8/../AVR8/USBInterrupt_AVR8.h **** 					case USB_INT_BCERRI:
 133:../lufa-LUFA-111009/LUFA/Drivers/USB/Core/AVR8/../AVR8/../AVR8/USBInterrupt_AVR8.h **** 						OTGIEN |= (1 << BCERRE);
 134:../lufa-LUFA-111009/LUFA/Drivers/USB/Core/AVR8/../AVR8/../AVR8/USBInterrupt_AVR8.h **** 						break;
 135:../lufa-LUFA-111009/LUFA/Drivers/USB/Core/AVR8/../AVR8/../AVR8/USBInterrupt_AVR8.h **** 					case USB_INT_VBERRI:
 136:../lufa-LUFA-111009/LUFA/Drivers/USB/Core/AVR8/../AVR8/../AVR8/USBInterrupt_AVR8.h **** 						OTGIEN |= (1 << VBERRE);
 137:../lufa-LUFA-111009/LUFA/Drivers/USB/Core/AVR8/../AVR8/../AVR8/USBInterrupt_AVR8.h **** 						break;
 138:../lufa-LUFA-111009/LUFA/Drivers/USB/Core/AVR8/../AVR8/../AVR8/USBInterrupt_AVR8.h **** 					case USB_INT_SRPI:
 139:../lufa-LUFA-111009/LUFA/Drivers/USB/Core/AVR8/../AVR8/../AVR8/USBInterrupt_AVR8.h **** 						OTGIEN |= (1 << SRPE);						
 140:../lufa-LUFA-111009/LUFA/Drivers/USB/Core/AVR8/../AVR8/../AVR8/USBInterrupt_AVR8.h **** 						break;
 141:../lufa-LUFA-111009/LUFA/Drivers/USB/Core/AVR8/../AVR8/../AVR8/USBInterrupt_AVR8.h **** 					#endif
 142:../lufa-LUFA-111009/LUFA/Drivers/USB/Core/AVR8/../AVR8/../AVR8/USBInterrupt_AVR8.h **** 				}
 143:../lufa-LUFA-111009/LUFA/Drivers/USB/Core/AVR8/../AVR8/../AVR8/USBInterrupt_AVR8.h **** 			}
 144:../lufa-LUFA-111009/LUFA/Drivers/USB/Core/AVR8/../AVR8/../AVR8/USBInterrupt_AVR8.h **** 
 145:../lufa-LUFA-111009/LUFA/Drivers/USB/Core/AVR8/../AVR8/../AVR8/USBInterrupt_AVR8.h **** 			static inline void USB_INT_Disable(const uint8_t Interrupt) ATTR_ALWAYS_INLINE;
 146:../lufa-LUFA-111009/LUFA/Drivers/USB/Core/AVR8/../AVR8/../AVR8/USBInterrupt_AVR8.h **** 			static inline void USB_INT_Disable(const uint8_t Interrupt)
 147:../lufa-LUFA-111009/LUFA/Drivers/USB/Core/AVR8/../AVR8/../AVR8/USBInterrupt_AVR8.h **** 			{
 148:../lufa-LUFA-111009/LUFA/Drivers/USB/Core/AVR8/../AVR8/../AVR8/USBInterrupt_AVR8.h **** 				switch (Interrupt)
 149:../lufa-LUFA-111009/LUFA/Drivers/USB/Core/AVR8/../AVR8/../AVR8/USBInterrupt_AVR8.h **** 				{
 150:../lufa-LUFA-111009/LUFA/Drivers/USB/Core/AVR8/../AVR8/../AVR8/USBInterrupt_AVR8.h **** 					#if (defined(USB_SERIES_4_AVR) || defined(USB_SERIES_6_AVR) || defined(USB_SERIES_7_AVR))
 151:../lufa-LUFA-111009/LUFA/Drivers/USB/Core/AVR8/../AVR8/../AVR8/USBInterrupt_AVR8.h **** 					case USB_INT_VBUSTI:
 152:../lufa-LUFA-111009/LUFA/Drivers/USB/Core/AVR8/../AVR8/../AVR8/USBInterrupt_AVR8.h **** 						USBCON &= ~(1 << VBUSTE);
 153:../lufa-LUFA-111009/LUFA/Drivers/USB/Core/AVR8/../AVR8/../AVR8/USBInterrupt_AVR8.h **** 						break;
 154:../lufa-LUFA-111009/LUFA/Drivers/USB/Core/AVR8/../AVR8/../AVR8/USBInterrupt_AVR8.h **** 					#endif
 155:../lufa-LUFA-111009/LUFA/Drivers/USB/Core/AVR8/../AVR8/../AVR8/USBInterrupt_AVR8.h **** 					#if defined(USB_CAN_BE_BOTH)
 156:../lufa-LUFA-111009/LUFA/Drivers/USB/Core/AVR8/../AVR8/../AVR8/USBInterrupt_AVR8.h **** 					case USB_INT_IDTI:
 157:../lufa-LUFA-111009/LUFA/Drivers/USB/Core/AVR8/../AVR8/../AVR8/USBInterrupt_AVR8.h **** 						USBCON &= ~(1 << IDTE);
 158:../lufa-LUFA-111009/LUFA/Drivers/USB/Core/AVR8/../AVR8/../AVR8/USBInterrupt_AVR8.h **** 						break;
 159:../lufa-LUFA-111009/LUFA/Drivers/USB/Core/AVR8/../AVR8/../AVR8/USBInterrupt_AVR8.h **** 					#endif
 160:../lufa-LUFA-111009/LUFA/Drivers/USB/Core/AVR8/../AVR8/../AVR8/USBInterrupt_AVR8.h **** 					#if defined(USB_CAN_BE_DEVICE)
 161:../lufa-LUFA-111009/LUFA/Drivers/USB/Core/AVR8/../AVR8/../AVR8/USBInterrupt_AVR8.h **** 					case USB_INT_WAKEUPI:
 162:../lufa-LUFA-111009/LUFA/Drivers/USB/Core/AVR8/../AVR8/../AVR8/USBInterrupt_AVR8.h **** 						UDIEN  &= ~(1 << WAKEUPE);
 163:../lufa-LUFA-111009/LUFA/Drivers/USB/Core/AVR8/../AVR8/../AVR8/USBInterrupt_AVR8.h **** 						break;
 164:../lufa-LUFA-111009/LUFA/Drivers/USB/Core/AVR8/../AVR8/../AVR8/USBInterrupt_AVR8.h **** 					case USB_INT_SUSPI:
 165:../lufa-LUFA-111009/LUFA/Drivers/USB/Core/AVR8/../AVR8/../AVR8/USBInterrupt_AVR8.h **** 						UDIEN  &= ~(1 << SUSPE);
 166:../lufa-LUFA-111009/LUFA/Drivers/USB/Core/AVR8/../AVR8/../AVR8/USBInterrupt_AVR8.h **** 						break;
 167:../lufa-LUFA-111009/LUFA/Drivers/USB/Core/AVR8/../AVR8/../AVR8/USBInterrupt_AVR8.h **** 					case USB_INT_EORSTI:
 168:../lufa-LUFA-111009/LUFA/Drivers/USB/Core/AVR8/../AVR8/../AVR8/USBInterrupt_AVR8.h **** 						UDIEN  &= ~(1 << EORSTE);
 169:../lufa-LUFA-111009/LUFA/Drivers/USB/Core/AVR8/../AVR8/../AVR8/USBInterrupt_AVR8.h **** 						break;
 170:../lufa-LUFA-111009/LUFA/Drivers/USB/Core/AVR8/../AVR8/../AVR8/USBInterrupt_AVR8.h **** 					case USB_INT_SOFI:
 171:../lufa-LUFA-111009/LUFA/Drivers/USB/Core/AVR8/../AVR8/../AVR8/USBInterrupt_AVR8.h **** 						UDIEN  &= ~(1 << SOFE);
 172:../lufa-LUFA-111009/LUFA/Drivers/USB/Core/AVR8/../AVR8/../AVR8/USBInterrupt_AVR8.h **** 						break;
 173:../lufa-LUFA-111009/LUFA/Drivers/USB/Core/AVR8/../AVR8/../AVR8/USBInterrupt_AVR8.h **** 					case USB_INT_RXSTPI:
 174:../lufa-LUFA-111009/LUFA/Drivers/USB/Core/AVR8/../AVR8/../AVR8/USBInterrupt_AVR8.h **** 						UEIENX &= ~(1 << RXSTPE);
 175:../lufa-LUFA-111009/LUFA/Drivers/USB/Core/AVR8/../AVR8/../AVR8/USBInterrupt_AVR8.h **** 						break;
 176:../lufa-LUFA-111009/LUFA/Drivers/USB/Core/AVR8/../AVR8/../AVR8/USBInterrupt_AVR8.h **** 					#endif
 177:../lufa-LUFA-111009/LUFA/Drivers/USB/Core/AVR8/../AVR8/../AVR8/USBInterrupt_AVR8.h **** 					#if defined(USB_CAN_BE_HOST)
 178:../lufa-LUFA-111009/LUFA/Drivers/USB/Core/AVR8/../AVR8/../AVR8/USBInterrupt_AVR8.h **** 					case USB_INT_HSOFI:
 179:../lufa-LUFA-111009/LUFA/Drivers/USB/Core/AVR8/../AVR8/../AVR8/USBInterrupt_AVR8.h **** 						UHIEN  &= ~(1 << HSOFE);
 180:../lufa-LUFA-111009/LUFA/Drivers/USB/Core/AVR8/../AVR8/../AVR8/USBInterrupt_AVR8.h **** 						break;
 181:../lufa-LUFA-111009/LUFA/Drivers/USB/Core/AVR8/../AVR8/../AVR8/USBInterrupt_AVR8.h **** 					case USB_INT_DCONNI:
 182:../lufa-LUFA-111009/LUFA/Drivers/USB/Core/AVR8/../AVR8/../AVR8/USBInterrupt_AVR8.h **** 						UHIEN  &= ~(1 << DCONNE);
 183:../lufa-LUFA-111009/LUFA/Drivers/USB/Core/AVR8/../AVR8/../AVR8/USBInterrupt_AVR8.h **** 						break;
 184:../lufa-LUFA-111009/LUFA/Drivers/USB/Core/AVR8/../AVR8/../AVR8/USBInterrupt_AVR8.h **** 					case USB_INT_DDISCI:
 185:../lufa-LUFA-111009/LUFA/Drivers/USB/Core/AVR8/../AVR8/../AVR8/USBInterrupt_AVR8.h **** 						UHIEN  &= ~(1 << DDISCE);
 186:../lufa-LUFA-111009/LUFA/Drivers/USB/Core/AVR8/../AVR8/../AVR8/USBInterrupt_AVR8.h **** 						break;
 187:../lufa-LUFA-111009/LUFA/Drivers/USB/Core/AVR8/../AVR8/../AVR8/USBInterrupt_AVR8.h **** 					case USB_INT_RSTI:
 188:../lufa-LUFA-111009/LUFA/Drivers/USB/Core/AVR8/../AVR8/../AVR8/USBInterrupt_AVR8.h **** 						UHIEN  &= ~(1 << RSTE);
 189:../lufa-LUFA-111009/LUFA/Drivers/USB/Core/AVR8/../AVR8/../AVR8/USBInterrupt_AVR8.h **** 						break;
 190:../lufa-LUFA-111009/LUFA/Drivers/USB/Core/AVR8/../AVR8/../AVR8/USBInterrupt_AVR8.h **** 					case USB_INT_BCERRI:
 191:../lufa-LUFA-111009/LUFA/Drivers/USB/Core/AVR8/../AVR8/../AVR8/USBInterrupt_AVR8.h **** 						OTGIEN &= ~(1 << BCERRE);
 192:../lufa-LUFA-111009/LUFA/Drivers/USB/Core/AVR8/../AVR8/../AVR8/USBInterrupt_AVR8.h **** 						break;
 193:../lufa-LUFA-111009/LUFA/Drivers/USB/Core/AVR8/../AVR8/../AVR8/USBInterrupt_AVR8.h **** 					case USB_INT_VBERRI:
 194:../lufa-LUFA-111009/LUFA/Drivers/USB/Core/AVR8/../AVR8/../AVR8/USBInterrupt_AVR8.h **** 						OTGIEN &= ~(1 << VBERRE);
 195:../lufa-LUFA-111009/LUFA/Drivers/USB/Core/AVR8/../AVR8/../AVR8/USBInterrupt_AVR8.h **** 						break;
 196:../lufa-LUFA-111009/LUFA/Drivers/USB/Core/AVR8/../AVR8/../AVR8/USBInterrupt_AVR8.h **** 					case USB_INT_SRPI:
 197:../lufa-LUFA-111009/LUFA/Drivers/USB/Core/AVR8/../AVR8/../AVR8/USBInterrupt_AVR8.h **** 						OTGIEN &= ~(1 << SRPE);						
 198:../lufa-LUFA-111009/LUFA/Drivers/USB/Core/AVR8/../AVR8/../AVR8/USBInterrupt_AVR8.h **** 						break;
 199:../lufa-LUFA-111009/LUFA/Drivers/USB/Core/AVR8/../AVR8/../AVR8/USBInterrupt_AVR8.h **** 					#endif
 200:../lufa-LUFA-111009/LUFA/Drivers/USB/Core/AVR8/../AVR8/../AVR8/USBInterrupt_AVR8.h **** 				}
 201:../lufa-LUFA-111009/LUFA/Drivers/USB/Core/AVR8/../AVR8/../AVR8/USBInterrupt_AVR8.h **** 			}
 202:../lufa-LUFA-111009/LUFA/Drivers/USB/Core/AVR8/../AVR8/../AVR8/USBInterrupt_AVR8.h **** 			
 203:../lufa-LUFA-111009/LUFA/Drivers/USB/Core/AVR8/../AVR8/../AVR8/USBInterrupt_AVR8.h **** 			static inline void USB_INT_Clear(const uint8_t Interrupt) ATTR_ALWAYS_INLINE;
 204:../lufa-LUFA-111009/LUFA/Drivers/USB/Core/AVR8/../AVR8/../AVR8/USBInterrupt_AVR8.h **** 			static inline void USB_INT_Clear(const uint8_t Interrupt)
 239               		.loc 4 204 23 view .LVU66
 240               	.LBB89:
 205:../lufa-LUFA-111009/LUFA/Drivers/USB/Core/AVR8/../AVR8/../AVR8/USBInterrupt_AVR8.h **** 			{
 206:../lufa-LUFA-111009/LUFA/Drivers/USB/Core/AVR8/../AVR8/../AVR8/USBInterrupt_AVR8.h **** 				switch (Interrupt)
 241               		.loc 4 206 5 view .LVU67
 207:../lufa-LUFA-111009/LUFA/Drivers/USB/Core/AVR8/../AVR8/../AVR8/USBInterrupt_AVR8.h **** 				{
 208:../lufa-LUFA-111009/LUFA/Drivers/USB/Core/AVR8/../AVR8/../AVR8/USBInterrupt_AVR8.h **** 					#if (defined(USB_SERIES_4_AVR) || defined(USB_SERIES_6_AVR) || defined(USB_SERIES_7_AVR))
 209:../lufa-LUFA-111009/LUFA/Drivers/USB/Core/AVR8/../AVR8/../AVR8/USBInterrupt_AVR8.h **** 					case USB_INT_VBUSTI:
 210:../lufa-LUFA-111009/LUFA/Drivers/USB/Core/AVR8/../AVR8/../AVR8/USBInterrupt_AVR8.h **** 						USBINT &= ~(1 << VBUSTI);
 211:../lufa-LUFA-111009/LUFA/Drivers/USB/Core/AVR8/../AVR8/../AVR8/USBInterrupt_AVR8.h **** 						break;
 212:../lufa-LUFA-111009/LUFA/Drivers/USB/Core/AVR8/../AVR8/../AVR8/USBInterrupt_AVR8.h **** 					#endif
 213:../lufa-LUFA-111009/LUFA/Drivers/USB/Core/AVR8/../AVR8/../AVR8/USBInterrupt_AVR8.h **** 					#if defined(USB_CAN_BE_BOTH)
 214:../lufa-LUFA-111009/LUFA/Drivers/USB/Core/AVR8/../AVR8/../AVR8/USBInterrupt_AVR8.h **** 					case USB_INT_IDTI:
 215:../lufa-LUFA-111009/LUFA/Drivers/USB/Core/AVR8/../AVR8/../AVR8/USBInterrupt_AVR8.h **** 						USBINT &= ~(1 << IDTI);
 216:../lufa-LUFA-111009/LUFA/Drivers/USB/Core/AVR8/../AVR8/../AVR8/USBInterrupt_AVR8.h **** 						break;
 217:../lufa-LUFA-111009/LUFA/Drivers/USB/Core/AVR8/../AVR8/../AVR8/USBInterrupt_AVR8.h **** 					#endif
 218:../lufa-LUFA-111009/LUFA/Drivers/USB/Core/AVR8/../AVR8/../AVR8/USBInterrupt_AVR8.h **** 					#if defined(USB_CAN_BE_DEVICE)
 219:../lufa-LUFA-111009/LUFA/Drivers/USB/Core/AVR8/../AVR8/../AVR8/USBInterrupt_AVR8.h **** 					case USB_INT_WAKEUPI:
 220:../lufa-LUFA-111009/LUFA/Drivers/USB/Core/AVR8/../AVR8/../AVR8/USBInterrupt_AVR8.h **** 						UDINT  &= ~(1 << WAKEUPI);
 221:../lufa-LUFA-111009/LUFA/Drivers/USB/Core/AVR8/../AVR8/../AVR8/USBInterrupt_AVR8.h **** 						break;
 222:../lufa-LUFA-111009/LUFA/Drivers/USB/Core/AVR8/../AVR8/../AVR8/USBInterrupt_AVR8.h **** 					case USB_INT_SUSPI:
 223:../lufa-LUFA-111009/LUFA/Drivers/USB/Core/AVR8/../AVR8/../AVR8/USBInterrupt_AVR8.h **** 						UDINT  &= ~(1 << SUSPI);
 242               		.loc 4 223 7 view .LVU68
 243               		.loc 4 223 14 is_stmt 0 view .LVU69
 244 004a E1EE      		ldi r30,lo8(-31)
 245 004c F0E0      		ldi r31,0
 246 004e 8081      		ld r24,Z
 247 0050 8E7F      		andi r24,lo8(-2)
 248 0052 8083      		st Z,r24
 224:../lufa-LUFA-111009/LUFA/Drivers/USB/Core/AVR8/../AVR8/../AVR8/USBInterrupt_AVR8.h **** 						break;
 249               		.loc 4 224 7 is_stmt 1 view .LVU70
 250               	.LVL7:
 251               		.loc 4 224 7 is_stmt 0 view .LVU71
 252               	.LBE89:
 253               	.LBE88:
 236:../lufa-LUFA-111009/LUFA/Drivers/USB/Core/AVR8/USBController_AVR8.c **** 	USB_INT_Enable(USB_INT_SUSPI);
 254               		.loc 1 236 2 is_stmt 1 view .LVU72
 255               	.LBB90:
 256               	.LBI90:
  88:../lufa-LUFA-111009/LUFA/Drivers/USB/Core/AVR8/../AVR8/../AVR8/USBInterrupt_AVR8.h **** 			{
 257               		.loc 4 88 23 view .LVU73
 258               	.LBB91:
  90:../lufa-LUFA-111009/LUFA/Drivers/USB/Core/AVR8/../AVR8/../AVR8/USBInterrupt_AVR8.h **** 				{
 259               		.loc 4 90 5 view .LVU74
 107:../lufa-LUFA-111009/LUFA/Drivers/USB/Core/AVR8/../AVR8/../AVR8/USBInterrupt_AVR8.h **** 						break;
 260               		.loc 4 107 7 view .LVU75
 261 0054 E2EE      		ldi r30,lo8(-30)
 262 0056 F0E0      		ldi r31,0
 263 0058 8081      		ld r24,Z
 107:../lufa-LUFA-111009/LUFA/Drivers/USB/Core/AVR8/../AVR8/../AVR8/USBInterrupt_AVR8.h **** 						break;
 264               		.loc 4 107 14 is_stmt 0 view .LVU76
 265 005a 8160      		ori r24,lo8(1)
 266 005c 8083      		st Z,r24
 108:../lufa-LUFA-111009/LUFA/Drivers/USB/Core/AVR8/../AVR8/../AVR8/USBInterrupt_AVR8.h **** 					case USB_INT_EORSTI:
 267               		.loc 4 108 7 is_stmt 1 view .LVU77
 268               	.LVL8:
 108:../lufa-LUFA-111009/LUFA/Drivers/USB/Core/AVR8/../AVR8/../AVR8/USBInterrupt_AVR8.h **** 					case USB_INT_EORSTI:
 269               		.loc 4 108 7 is_stmt 0 view .LVU78
 270               	.LBE91:
 271               	.LBE90:
 237:../lufa-LUFA-111009/LUFA/Drivers/USB/Core/AVR8/USBController_AVR8.c **** 	USB_INT_Enable(USB_INT_EORSTI);
 272               		.loc 1 237 2 is_stmt 1 view .LVU79
 273               	.LBB92:
 274               	.LBI92:
  88:../lufa-LUFA-111009/LUFA/Drivers/USB/Core/AVR8/../AVR8/../AVR8/USBInterrupt_AVR8.h **** 			{
 275               		.loc 4 88 23 view .LVU80
 276               	.LBB93:
  90:../lufa-LUFA-111009/LUFA/Drivers/USB/Core/AVR8/../AVR8/../AVR8/USBInterrupt_AVR8.h **** 				{
 277               		.loc 4 90 5 view .LVU81
 110:../lufa-LUFA-111009/LUFA/Drivers/USB/Core/AVR8/../AVR8/../AVR8/USBInterrupt_AVR8.h **** 						break;
 278               		.loc 4 110 7 view .LVU82
 279 005e 8081      		ld r24,Z
 110:../lufa-LUFA-111009/LUFA/Drivers/USB/Core/AVR8/../AVR8/../AVR8/USBInterrupt_AVR8.h **** 						break;
 280               		.loc 4 110 14 is_stmt 0 view .LVU83
 281 0060 8860      		ori r24,lo8(8)
 282 0062 8083      		st Z,r24
 111:../lufa-LUFA-111009/LUFA/Drivers/USB/Core/AVR8/../AVR8/../AVR8/USBInterrupt_AVR8.h **** 					case USB_INT_SOFI:
 283               		.loc 4 111 7 is_stmt 1 view .LVU84
 284               	.LVL9:
 111:../lufa-LUFA-111009/LUFA/Drivers/USB/Core/AVR8/../AVR8/../AVR8/USBInterrupt_AVR8.h **** 					case USB_INT_SOFI:
 285               		.loc 4 111 7 is_stmt 0 view .LVU85
 286               	.LBE93:
 287               	.LBE92:
 238:../lufa-LUFA-111009/LUFA/Drivers/USB/Core/AVR8/USBController_AVR8.c **** 
 239:../lufa-LUFA-111009/LUFA/Drivers/USB/Core/AVR8/USBController_AVR8.c **** 	USB_Attach();
 288               		.loc 1 239 2 is_stmt 1 view .LVU86
 289               	.LBB94:
 290               	.LBI94:
 194:../lufa-LUFA-111009/LUFA/Drivers/USB/Core/AVR8/../AVR8/USBController_AVR8.h **** 			{
 291               		.loc 2 194 23 view .LVU87
 292               	.LBB95:
 196:../lufa-LUFA-111009/LUFA/Drivers/USB/Core/AVR8/../AVR8/USBController_AVR8.h **** 			}
 293               		.loc 2 196 5 view .LVU88
 196:../lufa-LUFA-111009/LUFA/Drivers/USB/Core/AVR8/../AVR8/USBController_AVR8.h **** 			}
 294               		.loc 2 196 12 is_stmt 0 view .LVU89
 295 0064 F801      		movw r30,r16
 296 0066 8081      		ld r24,Z
 297 0068 8E7F      		andi r24,lo8(-2)
 298 006a 8083      		st Z,r24
 299               	.LBE95:
 300               	.LBE94:
 301               	.LBE81:
 302               	.LBE80:
 171:../lufa-LUFA-111009/LUFA/Drivers/USB/Core/AVR8/USBController_AVR8.c **** 
 303               		.loc 1 171 2 is_stmt 1 view .LVU90
 174:../lufa-LUFA-111009/LUFA/Drivers/USB/Core/AVR8/USBController_AVR8.c **** 	#endif
 304               		.loc 1 174 2 view .LVU91
 305               	.LBB96:
 306               	.LBI96:
 373:../lufa-LUFA-111009/LUFA/Drivers/USB/Core/AVR8/../AVR8/USBController_AVR8.h **** 			{
 307               		.loc 2 373 23 view .LVU92
 308               	.LBB97:
 375:../lufa-LUFA-111009/LUFA/Drivers/USB/Core/AVR8/../AVR8/USBController_AVR8.h **** 			}
 309               		.loc 2 375 5 view .LVU93
 310 006c 8881      		ld r24,Y
 375:../lufa-LUFA-111009/LUFA/Drivers/USB/Core/AVR8/../AVR8/USBController_AVR8.h **** 			}
 311               		.loc 2 375 13 is_stmt 0 view .LVU94
 312 006e 8061      		ori r24,lo8(16)
 313 0070 8883      		st Y,r24
 314               	/* epilogue start */
 315               	.LBE97:
 316               	.LBE96:
 176:../lufa-LUFA-111009/LUFA/Drivers/USB/Core/AVR8/USBController_AVR8.c **** 
 317               		.loc 1 176 1 view .LVU95
 318 0072 DF91      		pop r29
 319 0074 CF91      		pop r28
 320 0076 1F91      		pop r17
 321 0078 0F91      		pop r16
 322 007a 0895      		ret
 323               		.cfi_endproc
 324               	.LFE87:
 326               		.section	.text.USB_Init,"ax",@progbits
 327               	.global	USB_Init
 329               	USB_Init:
 330               	.LFB85:
  58:../lufa-LUFA-111009/LUFA/Drivers/USB/Core/AVR8/USBController_AVR8.c **** 	#if !defined(USE_STATIC_OPTIONS)
 331               		.loc 1 58 1 is_stmt 1 view -0
 332               		.cfi_startproc
 333               	/* prologue: function */
 334               	/* frame size = 0 */
 335               	/* stack size = 0 */
 336               	.L__stack_usage = 0
  63:../lufa-LUFA-111009/LUFA/Drivers/USB/Core/AVR8/USBController_AVR8.c **** 	  USB_REG_On();
 337               		.loc 1 63 2 view .LVU97
  64:../lufa-LUFA-111009/LUFA/Drivers/USB/Core/AVR8/USBController_AVR8.c **** 	else
 338               		.loc 1 64 4 view .LVU98
 339               	.LBB98:
 340               	.LBI98:
 352:../lufa-LUFA-111009/LUFA/Drivers/USB/Core/AVR8/../AVR8/USBController_AVR8.h **** 			{
 341               		.loc 2 352 23 view .LVU99
 342               	.LBB99:
 355:../lufa-LUFA-111009/LUFA/Drivers/USB/Core/AVR8/../AVR8/USBController_AVR8.h **** 			#else
 343               		.loc 2 355 5 view .LVU100
 344 0000 E7ED      		ldi r30,lo8(-41)
 345 0002 F0E0      		ldi r31,0
 346 0004 8081      		ld r24,Z
 355:../lufa-LUFA-111009/LUFA/Drivers/USB/Core/AVR8/../AVR8/USBController_AVR8.h **** 			#else
 347               		.loc 2 355 13 is_stmt 0 view .LVU101
 348 0006 8160      		ori r24,lo8(1)
 349 0008 8083      		st Z,r24
 350               	.LBE99:
 351               	.LBE98:
  68:../lufa-LUFA-111009/LUFA/Drivers/USB/Core/AVR8/USBController_AVR8.c **** 	{
 352               		.loc 1 68 2 is_stmt 1 view .LVU102
  71:../lufa-LUFA-111009/LUFA/Drivers/USB/Core/AVR8/USBController_AVR8.c **** 		#endif
 353               		.loc 1 71 3 view .LVU103
  71:../lufa-LUFA-111009/LUFA/Drivers/USB/Core/AVR8/USBController_AVR8.c **** 		#endif
 354               		.loc 1 71 10 is_stmt 0 view .LVU104
 355 000a 8AE4      		ldi r24,lo8(74)
 356 000c 82BF      		out 0x32,r24
  89:../lufa-LUFA-111009/LUFA/Drivers/USB/Core/AVR8/USBController_AVR8.c **** 
 357               		.loc 1 89 2 is_stmt 1 view .LVU105
  89:../lufa-LUFA-111009/LUFA/Drivers/USB/Core/AVR8/USBController_AVR8.c **** 
 358               		.loc 1 89 20 is_stmt 0 view .LVU106
 359 000e 81E0      		ldi r24,lo8(1)
 360 0010 8093 0000 		sts USB_IsInitialized,r24
  91:../lufa-LUFA-111009/LUFA/Drivers/USB/Core/AVR8/USBController_AVR8.c **** }
 361               		.loc 1 91 2 is_stmt 1 view .LVU107
 362 0014 0C94 0000 		jmp USB_ResetInterface
 363               	.LVL10:
 364               		.cfi_endproc
 365               	.LFE85:
 367               		.text
 368               	.Letext0:
 369               		.file 6 "/usr/avr/sys-root/include/stdint.h"
 370               		.file 7 "../lufa-LUFA-111009/LUFA/Drivers/USB/Core/AVR8/../AVR8/../DeviceStandardReq.h"
 371               		.file 8 "../lufa-LUFA-111009/LUFA/Drivers/USB/Core/AVR8/../AVR8/../USBTask.h"
 372               		.file 9 "../lufa-LUFA-111009/LUFA/Drivers/USB/Core/AVR8/../AVR8/../Device.h"
DEFINED SYMBOLS
                            *ABS*:00000000 USBController_AVR8.c
     /tmp/ccYiywKR.s:2      *ABS*:0000003e __SP_H__
     /tmp/ccYiywKR.s:3      *ABS*:0000003d __SP_L__
     /tmp/ccYiywKR.s:4      *ABS*:0000003f __SREG__
     /tmp/ccYiywKR.s:5      *ABS*:00000000 __tmp_reg__
     /tmp/ccYiywKR.s:6      *ABS*:00000001 __zero_reg__
     /tmp/ccYiywKR.s:14     .text.USB_Disable:00000000 USB_Disable
     /tmp/ccYiywKR.s:16     .text.USB_Disable:00000000 .Loc.0
     /tmp/ccYiywKR.s:17     .text.USB_Disable:00000000 L0
     /tmp/ccYiywKR.s:22     .text.USB_Disable:00000000 .Loc.1
     /tmp/ccYiywKR.s:25     .text.USB_Disable:00000004 .Loc.2
     /tmp/ccYiywKR.s:28     .text.USB_Disable:00000008 .Loc.3
     /tmp/ccYiywKR.s:32     .text.USB_Disable:00000008 .Loc.4
     /tmp/ccYiywKR.s:34     .text.USB_Disable:00000008 .Loc.5
     /tmp/ccYiywKR.s:38     .text.USB_Disable:0000000e .Loc.6
     /tmp/ccYiywKR.s:43     .text.USB_Disable:00000012 .Loc.7
     /tmp/ccYiywKR.s:46     .text.USB_Disable:00000012 .Loc.8
     /tmp/ccYiywKR.s:48     .text.USB_Disable:00000012 .Loc.9
     /tmp/ccYiywKR.s:49     .text.USB_Disable:00000012 .Loc.10
     /tmp/ccYiywKR.s:57     .text.USB_Disable:0000001c .Loc.11
     /tmp/ccYiywKR.s:58     .text.USB_Disable:0000001c .Loc.12
     /tmp/ccYiywKR.s:61     .text.USB_Disable:0000001c .Loc.13
     /tmp/ccYiywKR.s:63     .text.USB_Disable:0000001c .Loc.14
     /tmp/ccYiywKR.s:64     .text.USB_Disable:0000001c .Loc.15
     /tmp/ccYiywKR.s:68     .text.USB_Disable:0000001e .Loc.16
     /tmp/ccYiywKR.s:71     .text.USB_Disable:0000001e .Loc.17
     /tmp/ccYiywKR.s:73     .text.USB_Disable:0000001e .Loc.18
     /tmp/ccYiywKR.s:74     .text.USB_Disable:0000001e .Loc.19
     /tmp/ccYiywKR.s:82     .text.USB_Disable:00000028 .Loc.20
     /tmp/ccYiywKR.s:85     .text.USB_Disable:00000028 .Loc.21
     /tmp/ccYiywKR.s:87     .text.USB_Disable:00000028 .Loc.22
     /tmp/ccYiywKR.s:88     .text.USB_Disable:00000028 .Loc.23
     /tmp/ccYiywKR.s:94     .text.USB_Disable:0000002e .Loc.24
     /tmp/ccYiywKR.s:95     .text.USB_Disable:0000002e .Loc.25
     /tmp/ccYiywKR.s:98     .text.USB_Disable:00000032 .Loc.26
     /tmp/ccYiywKR.s:100    .text.USB_Disable:00000034 L0
     /tmp/ccYiywKR.s:106    .text.USB_ResetInterface:00000000 USB_ResetInterface
     /tmp/ccYiywKR.s:108    .text.USB_ResetInterface:00000000 .Loc.27
     /tmp/ccYiywKR.s:109    .text.USB_ResetInterface:00000000 L0
     /tmp/ccYiywKR.s:130    .text.USB_ResetInterface:00000008 .Loc.28
     /tmp/ccYiywKR.s:133    .text.USB_ResetInterface:0000000c .Loc.29
     /tmp/ccYiywKR.s:136    .text.USB_ResetInterface:00000010 .Loc.30
     /tmp/ccYiywKR.s:139    .text.USB_ResetInterface:00000010 .Loc.31
     /tmp/ccYiywKR.s:141    .text.USB_ResetInterface:00000010 .Loc.32
     /tmp/ccYiywKR.s:142    .text.USB_ResetInterface:00000010 .Loc.33
     /tmp/ccYiywKR.s:148    .text.USB_ResetInterface:0000001a .Loc.34
     /tmp/ccYiywKR.s:150    .text.USB_ResetInterface:0000001c .Loc.35
     /tmp/ccYiywKR.s:155    .text.USB_ResetInterface:00000020 .Loc.36
     /tmp/ccYiywKR.s:158    .text.USB_ResetInterface:00000020 .Loc.37
     /tmp/ccYiywKR.s:160    .text.USB_ResetInterface:00000020 .Loc.38
     /tmp/ccYiywKR.s:161    .text.USB_ResetInterface:00000020 .Loc.39
     /tmp/ccYiywKR.s:167    .text.USB_ResetInterface:00000026 .Loc.40
     /tmp/ccYiywKR.s:168    .text.USB_ResetInterface:00000026 .Loc.41
     /tmp/ccYiywKR.s:169    .text.USB_ResetInterface:00000026 .Loc.42
     /tmp/ccYiywKR.s:172    .text.USB_ResetInterface:00000026 .Loc.43
     /tmp/ccYiywKR.s:174    .text.USB_ResetInterface:00000026 .Loc.44
     /tmp/ccYiywKR.s:175    .text.USB_ResetInterface:00000026 .Loc.45
     /tmp/ccYiywKR.s:179    .text.USB_ResetInterface:00000028 .Loc.46
     /tmp/ccYiywKR.s:182    .text.USB_ResetInterface:00000028 .Loc.47
     /tmp/ccYiywKR.s:184    .text.USB_ResetInterface:00000028 .Loc.48
     /tmp/ccYiywKR.s:185    .text.USB_ResetInterface:00000028 .Loc.49
     /tmp/ccYiywKR.s:187    .text.USB_ResetInterface:0000002a .Loc.50
     /tmp/ccYiywKR.s:188    .text.USB_ResetInterface:0000002a .Loc.51
     /tmp/ccYiywKR.s:190    .text.USB_ResetInterface:0000002e .Loc.52
     /tmp/ccYiywKR.s:191    .text.USB_ResetInterface:0000002e .Loc.53
     /tmp/ccYiywKR.s:195    .text.USB_ResetInterface:0000002e .Loc.54
     /tmp/ccYiywKR.s:197    .text.USB_ResetInterface:0000002e .Loc.55
     /tmp/ccYiywKR.s:198    .text.USB_ResetInterface:0000002e .Loc.56
     /tmp/ccYiywKR.s:207    .text.USB_ResetInterface:0000003a .Loc.57
     /tmp/ccYiywKR.s:212    .text.USB_ResetInterface:0000003a .Loc.58
     /tmp/ccYiywKR.s:214    .text.USB_ResetInterface:0000003a .Loc.59
     /tmp/ccYiywKR.s:215    .text.USB_ResetInterface:0000003a .Loc.60
     /tmp/ccYiywKR.s:217    .text.USB_ResetInterface:0000003c .Loc.61
     /tmp/ccYiywKR.s:220    .text.USB_ResetInterface:00000040 .Loc.62
     /tmp/ccYiywKR.s:222    .text.USB_ResetInterface:00000040 .Loc.63
     /tmp/ccYiywKR.s:228    .text.USB_ResetInterface:00000040 .Loc.64
     /tmp/ccYiywKR.s:236    .text.USB_ResetInterface:0000004a .Loc.65
     /tmp/ccYiywKR.s:239    .text.USB_ResetInterface:0000004a .Loc.66
     /tmp/ccYiywKR.s:241    .text.USB_ResetInterface:0000004a .Loc.67
     /tmp/ccYiywKR.s:242    .text.USB_ResetInterface:0000004a .Loc.68
     /tmp/ccYiywKR.s:243    .text.USB_ResetInterface:0000004a .Loc.69
     /tmp/ccYiywKR.s:249    .text.USB_ResetInterface:00000054 .Loc.70
     /tmp/ccYiywKR.s:251    .text.USB_ResetInterface:00000054 .Loc.71
     /tmp/ccYiywKR.s:254    .text.USB_ResetInterface:00000054 .Loc.72
     /tmp/ccYiywKR.s:257    .text.USB_ResetInterface:00000054 .Loc.73
     /tmp/ccYiywKR.s:259    .text.USB_ResetInterface:00000054 .Loc.74
     /tmp/ccYiywKR.s:260    .text.USB_ResetInterface:00000054 .Loc.75
     /tmp/ccYiywKR.s:264    .text.USB_ResetInterface:0000005a .Loc.76
     /tmp/ccYiywKR.s:267    .text.USB_ResetInterface:0000005e .Loc.77
     /tmp/ccYiywKR.s:269    .text.USB_ResetInterface:0000005e .Loc.78
     /tmp/ccYiywKR.s:272    .text.USB_ResetInterface:0000005e .Loc.79
     /tmp/ccYiywKR.s:275    .text.USB_ResetInterface:0000005e .Loc.80
     /tmp/ccYiywKR.s:277    .text.USB_ResetInterface:0000005e .Loc.81
     /tmp/ccYiywKR.s:278    .text.USB_ResetInterface:0000005e .Loc.82
     /tmp/ccYiywKR.s:280    .text.USB_ResetInterface:00000060 .Loc.83
     /tmp/ccYiywKR.s:283    .text.USB_ResetInterface:00000064 .Loc.84
     /tmp/ccYiywKR.s:285    .text.USB_ResetInterface:00000064 .Loc.85
     /tmp/ccYiywKR.s:288    .text.USB_ResetInterface:00000064 .Loc.86
     /tmp/ccYiywKR.s:291    .text.USB_ResetInterface:00000064 .Loc.87
     /tmp/ccYiywKR.s:293    .text.USB_ResetInterface:00000064 .Loc.88
     /tmp/ccYiywKR.s:294    .text.USB_ResetInterface:00000064 .Loc.89
     /tmp/ccYiywKR.s:303    .text.USB_ResetInterface:0000006c .Loc.90
     /tmp/ccYiywKR.s:304    .text.USB_ResetInterface:0000006c .Loc.91
     /tmp/ccYiywKR.s:307    .text.USB_ResetInterface:0000006c .Loc.92
     /tmp/ccYiywKR.s:309    .text.USB_ResetInterface:0000006c .Loc.93
     /tmp/ccYiywKR.s:311    .text.USB_ResetInterface:0000006e .Loc.94
     /tmp/ccYiywKR.s:317    .text.USB_ResetInterface:00000072 .Loc.95
     /tmp/ccYiywKR.s:323    .text.USB_ResetInterface:0000007c L0
     /tmp/ccYiywKR.s:329    .text.USB_Init:00000000 USB_Init
     /tmp/ccYiywKR.s:331    .text.USB_Init:00000000 .Loc.96
     /tmp/ccYiywKR.s:332    .text.USB_Init:00000000 L0
     /tmp/ccYiywKR.s:337    .text.USB_Init:00000000 .Loc.97
     /tmp/ccYiywKR.s:338    .text.USB_Init:00000000 .Loc.98
     /tmp/ccYiywKR.s:341    .text.USB_Init:00000000 .Loc.99
     /tmp/ccYiywKR.s:343    .text.USB_Init:00000000 .Loc.100
     /tmp/ccYiywKR.s:347    .text.USB_Init:00000006 .Loc.101
     /tmp/ccYiywKR.s:352    .text.USB_Init:0000000a .Loc.102
     /tmp/ccYiywKR.s:353    .text.USB_Init:0000000a .Loc.103
     /tmp/ccYiywKR.s:354    .text.USB_Init:0000000a .Loc.104
     /tmp/ccYiywKR.s:357    .text.USB_Init:0000000e .Loc.105
     /tmp/ccYiywKR.s:358    .text.USB_Init:0000000e .Loc.106
     /tmp/ccYiywKR.s:361    .text.USB_Init:00000014 .Loc.107
     /tmp/ccYiywKR.s:364    .text.USB_Init:00000018 L0
     /tmp/ccYiywKR.s:103    .text.USB_Disable:00000034 L0
     /tmp/ccYiywKR.s:326    .text.USB_ResetInterface:0000007c L0
     /tmp/ccYiywKR.s:367    .text.USB_Init:00000018 L0
                     .debug_frame:00000000 L0
     /tmp/ccYiywKR.s:1030   .debug_abbrev:00000000 .Ldebug_abbrev0
     /tmp/ccYiywKR.s:1649   .debug_ranges:00000000 .Ldebug_ranges0
     /tmp/ccYiywKR.s:1659   .debug_line:00000000 .Ldebug_line0
     /tmp/ccYiywKR.s:107    .text.USB_ResetInterface:00000000 .LFB87
     /tmp/ccYiywKR.s:324    .text.USB_ResetInterface:0000007c .LFE87
     /tmp/ccYiywKR.s:1555   .debug_loc:00000000 .LLST0
     /tmp/ccYiywKR.s:138    .text.USB_ResetInterface:00000010 .LBI74
     /tmp/ccYiywKR.s:137    .text.USB_ResetInterface:00000010 .LBB74
     /tmp/ccYiywKR.s:154    .text.USB_ResetInterface:00000020 .LBE74
     /tmp/ccYiywKR.s:157    .text.USB_ResetInterface:00000020 .LBI76
     /tmp/ccYiywKR.s:156    .text.USB_ResetInterface:00000020 .LBB76
     /tmp/ccYiywKR.s:166    .text.USB_ResetInterface:00000026 .LBE76
     /tmp/ccYiywKR.s:171    .text.USB_ResetInterface:00000026 .LBI78
     /tmp/ccYiywKR.s:170    .text.USB_ResetInterface:00000026 .LBB78
     /tmp/ccYiywKR.s:178    .text.USB_ResetInterface:00000028 .LBE78
     /tmp/ccYiywKR.s:181    .text.USB_ResetInterface:00000028 .LBI80
     /tmp/ccYiywKR.s:180    .text.USB_ResetInterface:00000028 .LBB80
     /tmp/ccYiywKR.s:302    .text.USB_ResetInterface:0000006c .LBE80
     /tmp/ccYiywKR.s:193    .text.USB_ResetInterface:0000002e .LBI82
     /tmp/ccYiywKR.s:192    .text.USB_ResetInterface:0000002e .LBB82
     /tmp/ccYiywKR.s:206    .text.USB_ResetInterface:0000003a .LBE82
     /tmp/ccYiywKR.s:210    .text.USB_ResetInterface:0000003a .LBI84
     /tmp/ccYiywKR.s:209    .text.USB_ResetInterface:0000003a .LBB84
     /tmp/ccYiywKR.s:224    .text.USB_ResetInterface:00000040 .LBE84
     /tmp/ccYiywKR.s:1591   .debug_loc:0000004b .LLST1
     /tmp/ccYiywKR.s:1588   .debug_loc:00000049 .LVUS1
     /tmp/ccYiywKR.s:225    .text.USB_ResetInterface:00000040 .LBB86
     /tmp/ccYiywKR.s:235    .text.USB_ResetInterface:0000004a .LBE86
     /tmp/ccYiywKR.s:233    .text.USB_ResetInterface:0000004a .LVL6
     /tmp/ccYiywKR.s:238    .text.USB_ResetInterface:0000004a .LBI88
     /tmp/ccYiywKR.s:237    .text.USB_ResetInterface:0000004a .LBB88
     /tmp/ccYiywKR.s:253    .text.USB_ResetInterface:00000054 .LBE88
     /tmp/ccYiywKR.s:1602   .debug_loc:00000061 .LLST2
     /tmp/ccYiywKR.s:1599   .debug_loc:0000005f .LVUS2
     /tmp/ccYiywKR.s:256    .text.USB_ResetInterface:00000054 .LBI90
     /tmp/ccYiywKR.s:255    .text.USB_ResetInterface:00000054 .LBB90
     /tmp/ccYiywKR.s:271    .text.USB_ResetInterface:0000005e .LBE90
     /tmp/ccYiywKR.s:1613   .debug_loc:00000077 .LLST3
     /tmp/ccYiywKR.s:1610   .debug_loc:00000075 .LVUS3
     /tmp/ccYiywKR.s:274    .text.USB_ResetInterface:0000005e .LBI92
     /tmp/ccYiywKR.s:273    .text.USB_ResetInterface:0000005e .LBB92
     /tmp/ccYiywKR.s:287    .text.USB_ResetInterface:00000064 .LBE92
     /tmp/ccYiywKR.s:1624   .debug_loc:0000008d .LLST4
     /tmp/ccYiywKR.s:1621   .debug_loc:0000008b .LVUS4
     /tmp/ccYiywKR.s:290    .text.USB_ResetInterface:00000064 .LBI94
     /tmp/ccYiywKR.s:289    .text.USB_ResetInterface:00000064 .LBB94
     /tmp/ccYiywKR.s:300    .text.USB_ResetInterface:0000006c .LBE94
     /tmp/ccYiywKR.s:306    .text.USB_ResetInterface:0000006c .LBI96
     /tmp/ccYiywKR.s:305    .text.USB_ResetInterface:0000006c .LBB96
     /tmp/ccYiywKR.s:316    .text.USB_ResetInterface:00000072 .LBE96
     /tmp/ccYiywKR.s:132    .text.USB_ResetInterface:0000000c .LVL2
     /tmp/ccYiywKR.s:135    .text.USB_ResetInterface:00000010 .LVL3
     /tmp/ccYiywKR.s:15     .text.USB_Disable:00000000 .LFB86
     /tmp/ccYiywKR.s:101    .text.USB_Disable:00000034 .LFE86
     /tmp/ccYiywKR.s:30     .text.USB_Disable:00000008 .LBI40
     /tmp/ccYiywKR.s:29     .text.USB_Disable:00000008 .LBB40
     /tmp/ccYiywKR.s:42     .text.USB_Disable:00000012 .LBE40
     /tmp/ccYiywKR.s:45     .text.USB_Disable:00000012 .LBI42
     /tmp/ccYiywKR.s:44     .text.USB_Disable:00000012 .LBB42
     /tmp/ccYiywKR.s:56     .text.USB_Disable:0000001c .LBE42
     /tmp/ccYiywKR.s:60     .text.USB_Disable:0000001c .LBI44
     /tmp/ccYiywKR.s:59     .text.USB_Disable:0000001c .LBB44
     /tmp/ccYiywKR.s:67     .text.USB_Disable:0000001e .LBE44
     /tmp/ccYiywKR.s:70     .text.USB_Disable:0000001e .LBI46
     /tmp/ccYiywKR.s:69     .text.USB_Disable:0000001e .LBB46
     /tmp/ccYiywKR.s:81     .text.USB_Disable:00000028 .LBE46
     /tmp/ccYiywKR.s:84     .text.USB_Disable:00000028 .LBI48
     /tmp/ccYiywKR.s:83     .text.USB_Disable:00000028 .LBB48
     /tmp/ccYiywKR.s:93     .text.USB_Disable:0000002e .LBE48
     /tmp/ccYiywKR.s:24     .text.USB_Disable:00000004 .LVL0
     /tmp/ccYiywKR.s:27     .text.USB_Disable:00000008 .LVL1
     /tmp/ccYiywKR.s:330    .text.USB_Init:00000000 .LFB85
     /tmp/ccYiywKR.s:365    .text.USB_Init:00000018 .LFE85
     /tmp/ccYiywKR.s:340    .text.USB_Init:00000000 .LBI98
     /tmp/ccYiywKR.s:339    .text.USB_Init:00000000 .LBB98
     /tmp/ccYiywKR.s:351    .text.USB_Init:0000000a .LBE98
     /tmp/ccYiywKR.s:363    .text.USB_Init:00000018 .LVL10
     /tmp/ccYiywKR.s:111    .text.USB_ResetInterface:00000002 .LCFI0
     /tmp/ccYiywKR.s:115    .text.USB_ResetInterface:00000004 .LCFI1
     /tmp/ccYiywKR.s:119    .text.USB_ResetInterface:00000006 .LCFI2
     /tmp/ccYiywKR.s:123    .text.USB_ResetInterface:00000008 .LCFI3
     /tmp/ccYiywKR.s:208    .text.USB_ResetInterface:0000003a .LVL4
     /tmp/ccYiywKR.s:221    .text.USB_ResetInterface:00000040 .LVL5
     /tmp/ccYiywKR.s:250    .text.USB_ResetInterface:00000054 .LVL7
     /tmp/ccYiywKR.s:268    .text.USB_ResetInterface:0000005e .LVL8
     /tmp/ccYiywKR.s:284    .text.USB_ResetInterface:00000064 .LVL9
     /tmp/ccYiywKR.s:374    .debug_info:00000000 .Ldebug_info0

UNDEFINED SYMBOLS
USB_INT_DisableAllInterrupts
USB_INT_ClearAllInterrupts
USB_IsInitialized
USB_Device_ConfigurationNumber
Endpoint_ConfigureEndpoint_Prv
