   1               		.file	"USBInterrupt_AVR8.c"
   2               	__SP_H__ = 0x3e
   3               	__SP_L__ = 0x3d
   4               	__SREG__ = 0x3f
   5               	__tmp_reg__ = 0
   6               	__zero_reg__ = 1
   7               		.text
   8               	.Ltext0:
   9               		.cfi_sections	.debug_frame
  10               		.file 1 "../lufa-LUFA-111009/LUFA/Drivers/USB/Core/AVR8/USBInterrupt_AVR8.c"
  11               		.section	.text.USB_INT_DisableAllInterrupts,"ax",@progbits
  12               	.global	USB_INT_DisableAllInterrupts
  14               	USB_INT_DisableAllInterrupts:
  15               	.LFB85:
   1:../lufa-LUFA-111009/LUFA/Drivers/USB/Core/AVR8/USBInterrupt_AVR8.c **** /*
   2:../lufa-LUFA-111009/LUFA/Drivers/USB/Core/AVR8/USBInterrupt_AVR8.c ****              LUFA Library
   3:../lufa-LUFA-111009/LUFA/Drivers/USB/Core/AVR8/USBInterrupt_AVR8.c ****      Copyright (C) Dean Camera, 2011.
   4:../lufa-LUFA-111009/LUFA/Drivers/USB/Core/AVR8/USBInterrupt_AVR8.c **** 
   5:../lufa-LUFA-111009/LUFA/Drivers/USB/Core/AVR8/USBInterrupt_AVR8.c ****   dean [at] fourwalledcubicle [dot] com
   6:../lufa-LUFA-111009/LUFA/Drivers/USB/Core/AVR8/USBInterrupt_AVR8.c ****            www.lufa-lib.org
   7:../lufa-LUFA-111009/LUFA/Drivers/USB/Core/AVR8/USBInterrupt_AVR8.c **** */
   8:../lufa-LUFA-111009/LUFA/Drivers/USB/Core/AVR8/USBInterrupt_AVR8.c **** 
   9:../lufa-LUFA-111009/LUFA/Drivers/USB/Core/AVR8/USBInterrupt_AVR8.c **** /*
  10:../lufa-LUFA-111009/LUFA/Drivers/USB/Core/AVR8/USBInterrupt_AVR8.c ****   Copyright 2011  Dean Camera (dean [at] fourwalledcubicle [dot] com)
  11:../lufa-LUFA-111009/LUFA/Drivers/USB/Core/AVR8/USBInterrupt_AVR8.c **** 
  12:../lufa-LUFA-111009/LUFA/Drivers/USB/Core/AVR8/USBInterrupt_AVR8.c ****   Permission to use, copy, modify, distribute, and sell this
  13:../lufa-LUFA-111009/LUFA/Drivers/USB/Core/AVR8/USBInterrupt_AVR8.c ****   software and its documentation for any purpose is hereby granted
  14:../lufa-LUFA-111009/LUFA/Drivers/USB/Core/AVR8/USBInterrupt_AVR8.c ****   without fee, provided that the above copyright notice appear in
  15:../lufa-LUFA-111009/LUFA/Drivers/USB/Core/AVR8/USBInterrupt_AVR8.c ****   all copies and that both that the copyright notice and this
  16:../lufa-LUFA-111009/LUFA/Drivers/USB/Core/AVR8/USBInterrupt_AVR8.c ****   permission notice and warranty disclaimer appear in supporting
  17:../lufa-LUFA-111009/LUFA/Drivers/USB/Core/AVR8/USBInterrupt_AVR8.c ****   documentation, and that the name of the author not be used in
  18:../lufa-LUFA-111009/LUFA/Drivers/USB/Core/AVR8/USBInterrupt_AVR8.c ****   advertising or publicity pertaining to distribution of the
  19:../lufa-LUFA-111009/LUFA/Drivers/USB/Core/AVR8/USBInterrupt_AVR8.c ****   software without specific, written prior permission.
  20:../lufa-LUFA-111009/LUFA/Drivers/USB/Core/AVR8/USBInterrupt_AVR8.c **** 
  21:../lufa-LUFA-111009/LUFA/Drivers/USB/Core/AVR8/USBInterrupt_AVR8.c ****   The author disclaim all warranties with regard to this
  22:../lufa-LUFA-111009/LUFA/Drivers/USB/Core/AVR8/USBInterrupt_AVR8.c ****   software, including all implied warranties of merchantability
  23:../lufa-LUFA-111009/LUFA/Drivers/USB/Core/AVR8/USBInterrupt_AVR8.c ****   and fitness.  In no event shall the author be liable for any
  24:../lufa-LUFA-111009/LUFA/Drivers/USB/Core/AVR8/USBInterrupt_AVR8.c ****   special, indirect or consequential damages or any damages
  25:../lufa-LUFA-111009/LUFA/Drivers/USB/Core/AVR8/USBInterrupt_AVR8.c ****   whatsoever resulting from loss of use, data or profits, whether
  26:../lufa-LUFA-111009/LUFA/Drivers/USB/Core/AVR8/USBInterrupt_AVR8.c ****   in an action of contract, negligence or other tortious action,
  27:../lufa-LUFA-111009/LUFA/Drivers/USB/Core/AVR8/USBInterrupt_AVR8.c ****   arising out of or in connection with the use or performance of
  28:../lufa-LUFA-111009/LUFA/Drivers/USB/Core/AVR8/USBInterrupt_AVR8.c ****   this software.
  29:../lufa-LUFA-111009/LUFA/Drivers/USB/Core/AVR8/USBInterrupt_AVR8.c **** */
  30:../lufa-LUFA-111009/LUFA/Drivers/USB/Core/AVR8/USBInterrupt_AVR8.c **** 
  31:../lufa-LUFA-111009/LUFA/Drivers/USB/Core/AVR8/USBInterrupt_AVR8.c **** #define  __INCLUDE_FROM_USB_DRIVER
  32:../lufa-LUFA-111009/LUFA/Drivers/USB/Core/AVR8/USBInterrupt_AVR8.c **** #include "../USBInterrupt.h"
  33:../lufa-LUFA-111009/LUFA/Drivers/USB/Core/AVR8/USBInterrupt_AVR8.c **** 
  34:../lufa-LUFA-111009/LUFA/Drivers/USB/Core/AVR8/USBInterrupt_AVR8.c **** void USB_INT_DisableAllInterrupts(void)
  35:../lufa-LUFA-111009/LUFA/Drivers/USB/Core/AVR8/USBInterrupt_AVR8.c **** {
  16               		.loc 1 35 1 view -0
  17               		.cfi_startproc
  18               	/* prologue: function */
  19               	/* frame size = 0 */
  20               	/* stack size = 0 */
  21               	.L__stack_usage = 0
  36:../lufa-LUFA-111009/LUFA/Drivers/USB/Core/AVR8/USBInterrupt_AVR8.c **** 	#if defined(USB_SERIES_6_AVR) || defined(USB_SERIES_7_AVR)
  37:../lufa-LUFA-111009/LUFA/Drivers/USB/Core/AVR8/USBInterrupt_AVR8.c **** 	USBCON &= ~((1 << VBUSTE) | (1 << IDTE));
  38:../lufa-LUFA-111009/LUFA/Drivers/USB/Core/AVR8/USBInterrupt_AVR8.c **** 	#elif defined(USB_SERIES_4_AVR)
  39:../lufa-LUFA-111009/LUFA/Drivers/USB/Core/AVR8/USBInterrupt_AVR8.c **** 	USBCON &= ~(1 << VBUSTE);
  22               		.loc 1 39 2 view .LVU1
  23               		.loc 1 39 9 is_stmt 0 view .LVU2
  24 0000 E8ED      		ldi r30,lo8(-40)
  25 0002 F0E0      		ldi r31,0
  26 0004 8081      		ld r24,Z
  27 0006 8E7F      		andi r24,lo8(-2)
  28 0008 8083      		st Z,r24
  40:../lufa-LUFA-111009/LUFA/Drivers/USB/Core/AVR8/USBInterrupt_AVR8.c **** 	#endif
  41:../lufa-LUFA-111009/LUFA/Drivers/USB/Core/AVR8/USBInterrupt_AVR8.c **** 
  42:../lufa-LUFA-111009/LUFA/Drivers/USB/Core/AVR8/USBInterrupt_AVR8.c **** 	#if defined(USB_CAN_BE_BOTH)
  43:../lufa-LUFA-111009/LUFA/Drivers/USB/Core/AVR8/USBInterrupt_AVR8.c **** 	OTGIEN  = 0;
  44:../lufa-LUFA-111009/LUFA/Drivers/USB/Core/AVR8/USBInterrupt_AVR8.c **** 	#endif
  45:../lufa-LUFA-111009/LUFA/Drivers/USB/Core/AVR8/USBInterrupt_AVR8.c **** 
  46:../lufa-LUFA-111009/LUFA/Drivers/USB/Core/AVR8/USBInterrupt_AVR8.c **** 	#if defined(USB_CAN_BE_HOST)
  47:../lufa-LUFA-111009/LUFA/Drivers/USB/Core/AVR8/USBInterrupt_AVR8.c **** 	UHIEN   = 0;
  48:../lufa-LUFA-111009/LUFA/Drivers/USB/Core/AVR8/USBInterrupt_AVR8.c **** 	#endif
  49:../lufa-LUFA-111009/LUFA/Drivers/USB/Core/AVR8/USBInterrupt_AVR8.c **** 
  50:../lufa-LUFA-111009/LUFA/Drivers/USB/Core/AVR8/USBInterrupt_AVR8.c **** 	#if defined(USB_CAN_BE_DEVICE)
  51:../lufa-LUFA-111009/LUFA/Drivers/USB/Core/AVR8/USBInterrupt_AVR8.c **** 	UDIEN   = 0;
  29               		.loc 1 51 2 is_stmt 1 view .LVU3
  30               		.loc 1 51 10 is_stmt 0 view .LVU4
  31 000a 1092 E200 		sts 226,__zero_reg__
  32               	/* epilogue start */
  52:../lufa-LUFA-111009/LUFA/Drivers/USB/Core/AVR8/USBInterrupt_AVR8.c **** 	#endif
  53:../lufa-LUFA-111009/LUFA/Drivers/USB/Core/AVR8/USBInterrupt_AVR8.c **** }
  33               		.loc 1 53 1 view .LVU5
  34 000e 0895      		ret
  35               		.cfi_endproc
  36               	.LFE85:
  38               		.section	.text.USB_INT_ClearAllInterrupts,"ax",@progbits
  39               	.global	USB_INT_ClearAllInterrupts
  41               	USB_INT_ClearAllInterrupts:
  42               	.LFB86:
  54:../lufa-LUFA-111009/LUFA/Drivers/USB/Core/AVR8/USBInterrupt_AVR8.c **** 
  55:../lufa-LUFA-111009/LUFA/Drivers/USB/Core/AVR8/USBInterrupt_AVR8.c **** void USB_INT_ClearAllInterrupts(void)
  56:../lufa-LUFA-111009/LUFA/Drivers/USB/Core/AVR8/USBInterrupt_AVR8.c **** {
  43               		.loc 1 56 1 is_stmt 1 view -0
  44               		.cfi_startproc
  45               	/* prologue: function */
  46               	/* frame size = 0 */
  47               	/* stack size = 0 */
  48               	.L__stack_usage = 0
  57:../lufa-LUFA-111009/LUFA/Drivers/USB/Core/AVR8/USBInterrupt_AVR8.c **** 	#if defined(USB_SERIES_4_AVR) || defined(USB_SERIES_6_AVR) || defined(USB_SERIES_7_AVR)
  58:../lufa-LUFA-111009/LUFA/Drivers/USB/Core/AVR8/USBInterrupt_AVR8.c **** 	USBINT = 0;
  49               		.loc 1 58 2 view .LVU7
  50               		.loc 1 58 9 is_stmt 0 view .LVU8
  51 0000 1092 DA00 		sts 218,__zero_reg__
  59:../lufa-LUFA-111009/LUFA/Drivers/USB/Core/AVR8/USBInterrupt_AVR8.c **** 	#endif
  60:../lufa-LUFA-111009/LUFA/Drivers/USB/Core/AVR8/USBInterrupt_AVR8.c **** 
  61:../lufa-LUFA-111009/LUFA/Drivers/USB/Core/AVR8/USBInterrupt_AVR8.c **** 	#if defined(USB_CAN_BE_BOTH)
  62:../lufa-LUFA-111009/LUFA/Drivers/USB/Core/AVR8/USBInterrupt_AVR8.c **** 	OTGINT = 0;
  63:../lufa-LUFA-111009/LUFA/Drivers/USB/Core/AVR8/USBInterrupt_AVR8.c **** 	#endif
  64:../lufa-LUFA-111009/LUFA/Drivers/USB/Core/AVR8/USBInterrupt_AVR8.c **** 
  65:../lufa-LUFA-111009/LUFA/Drivers/USB/Core/AVR8/USBInterrupt_AVR8.c **** 	#if defined(USB_CAN_BE_HOST)
  66:../lufa-LUFA-111009/LUFA/Drivers/USB/Core/AVR8/USBInterrupt_AVR8.c **** 	UHINT  = 0;
  67:../lufa-LUFA-111009/LUFA/Drivers/USB/Core/AVR8/USBInterrupt_AVR8.c **** 	#endif
  68:../lufa-LUFA-111009/LUFA/Drivers/USB/Core/AVR8/USBInterrupt_AVR8.c **** 
  69:../lufa-LUFA-111009/LUFA/Drivers/USB/Core/AVR8/USBInterrupt_AVR8.c **** 	#if defined(USB_CAN_BE_DEVICE)
  70:../lufa-LUFA-111009/LUFA/Drivers/USB/Core/AVR8/USBInterrupt_AVR8.c **** 	UDINT  = 0;
  52               		.loc 1 70 2 is_stmt 1 view .LVU9
  53               		.loc 1 70 9 is_stmt 0 view .LVU10
  54 0004 1092 E100 		sts 225,__zero_reg__
  55               	/* epilogue start */
  71:../lufa-LUFA-111009/LUFA/Drivers/USB/Core/AVR8/USBInterrupt_AVR8.c **** 	#endif
  72:../lufa-LUFA-111009/LUFA/Drivers/USB/Core/AVR8/USBInterrupt_AVR8.c **** }
  56               		.loc 1 72 1 view .LVU11
  57 0008 0895      		ret
  58               		.cfi_endproc
  59               	.LFE86:
  61               		.section	.text.__vector_10,"ax",@progbits
  62               	.global	__vector_10
  64               	__vector_10:
  65               	.LFB87:
  73:../lufa-LUFA-111009/LUFA/Drivers/USB/Core/AVR8/USBInterrupt_AVR8.c **** 
  74:../lufa-LUFA-111009/LUFA/Drivers/USB/Core/AVR8/USBInterrupt_AVR8.c **** ISR(USB_GEN_vect, ISR_BLOCK)
  75:../lufa-LUFA-111009/LUFA/Drivers/USB/Core/AVR8/USBInterrupt_AVR8.c **** {
  66               		.loc 1 75 1 is_stmt 1 view -0
  67               		.cfi_startproc
  68 0000 1F92      		push r1
  69               	.LCFI0:
  70               		.cfi_def_cfa_offset 3
  71               		.cfi_offset 1, -2
  72 0002 0F92      		push r0
  73               	.LCFI1:
  74               		.cfi_def_cfa_offset 4
  75               		.cfi_offset 0, -3
  76 0004 0FB6      		in r0,__SREG__
  77 0006 0F92      		push r0
  78 0008 1124      		clr __zero_reg__
  79 000a 2F93      		push r18
  80               	.LCFI2:
  81               		.cfi_def_cfa_offset 5
  82               		.cfi_offset 18, -4
  83 000c 3F93      		push r19
  84               	.LCFI3:
  85               		.cfi_def_cfa_offset 6
  86               		.cfi_offset 19, -5
  87 000e 4F93      		push r20
  88               	.LCFI4:
  89               		.cfi_def_cfa_offset 7
  90               		.cfi_offset 20, -6
  91 0010 5F93      		push r21
  92               	.LCFI5:
  93               		.cfi_def_cfa_offset 8
  94               		.cfi_offset 21, -7
  95 0012 6F93      		push r22
  96               	.LCFI6:
  97               		.cfi_def_cfa_offset 9
  98               		.cfi_offset 22, -8
  99 0014 7F93      		push r23
 100               	.LCFI7:
 101               		.cfi_def_cfa_offset 10
 102               		.cfi_offset 23, -9
 103 0016 8F93      		push r24
 104               	.LCFI8:
 105               		.cfi_def_cfa_offset 11
 106               		.cfi_offset 24, -10
 107 0018 9F93      		push r25
 108               	.LCFI9:
 109               		.cfi_def_cfa_offset 12
 110               		.cfi_offset 25, -11
 111 001a AF93      		push r26
 112               	.LCFI10:
 113               		.cfi_def_cfa_offset 13
 114               		.cfi_offset 26, -12
 115 001c BF93      		push r27
 116               	.LCFI11:
 117               		.cfi_def_cfa_offset 14
 118               		.cfi_offset 27, -13
 119 001e EF93      		push r30
 120               	.LCFI12:
 121               		.cfi_def_cfa_offset 15
 122               		.cfi_offset 30, -14
 123 0020 FF93      		push r31
 124               	.LCFI13:
 125               		.cfi_def_cfa_offset 16
 126               		.cfi_offset 31, -15
 127               	/* prologue: Signal */
 128               	/* frame size = 0 */
 129               	/* stack size = 15 */
 130               	.L__stack_usage = 15
  76:../lufa-LUFA-111009/LUFA/Drivers/USB/Core/AVR8/USBInterrupt_AVR8.c **** 	#if defined(USB_CAN_BE_DEVICE)
  77:../lufa-LUFA-111009/LUFA/Drivers/USB/Core/AVR8/USBInterrupt_AVR8.c **** 	#if !defined(NO_SOF_EVENTS)
  78:../lufa-LUFA-111009/LUFA/Drivers/USB/Core/AVR8/USBInterrupt_AVR8.c **** 	if (USB_INT_HasOccurred(USB_INT_SOFI) && USB_INT_IsEnabled(USB_INT_SOFI))
  79:../lufa-LUFA-111009/LUFA/Drivers/USB/Core/AVR8/USBInterrupt_AVR8.c **** 	{
  80:../lufa-LUFA-111009/LUFA/Drivers/USB/Core/AVR8/USBInterrupt_AVR8.c **** 		USB_INT_Clear(USB_INT_SOFI);
  81:../lufa-LUFA-111009/LUFA/Drivers/USB/Core/AVR8/USBInterrupt_AVR8.c **** 
  82:../lufa-LUFA-111009/LUFA/Drivers/USB/Core/AVR8/USBInterrupt_AVR8.c **** 		EVENT_USB_Device_StartOfFrame();
  83:../lufa-LUFA-111009/LUFA/Drivers/USB/Core/AVR8/USBInterrupt_AVR8.c **** 	}
  84:../lufa-LUFA-111009/LUFA/Drivers/USB/Core/AVR8/USBInterrupt_AVR8.c **** 	#endif
  85:../lufa-LUFA-111009/LUFA/Drivers/USB/Core/AVR8/USBInterrupt_AVR8.c **** 
  86:../lufa-LUFA-111009/LUFA/Drivers/USB/Core/AVR8/USBInterrupt_AVR8.c **** 	#if defined(USB_SERIES_4_AVR) || defined(USB_SERIES_6_AVR) || defined(USB_SERIES_7_AVR)
  87:../lufa-LUFA-111009/LUFA/Drivers/USB/Core/AVR8/USBInterrupt_AVR8.c **** 	if (USB_INT_HasOccurred(USB_INT_VBUSTI) && USB_INT_IsEnabled(USB_INT_VBUSTI))
 131               		.loc 1 87 2 view .LVU13
 132               	.LVL0:
 133               	.LBB64:
 134               	.LBI64:
 135               		.file 2 "../lufa-LUFA-111009/LUFA/Drivers/USB/Core/AVR8/../AVR8/USBInterrupt_AVR8.h"
   1:../lufa-LUFA-111009/LUFA/Drivers/USB/Core/AVR8/../AVR8/USBInterrupt_AVR8.h **** /*
   2:../lufa-LUFA-111009/LUFA/Drivers/USB/Core/AVR8/../AVR8/USBInterrupt_AVR8.h ****              LUFA Library
   3:../lufa-LUFA-111009/LUFA/Drivers/USB/Core/AVR8/../AVR8/USBInterrupt_AVR8.h ****      Copyright (C) Dean Camera, 2011.
   4:../lufa-LUFA-111009/LUFA/Drivers/USB/Core/AVR8/../AVR8/USBInterrupt_AVR8.h **** 
   5:../lufa-LUFA-111009/LUFA/Drivers/USB/Core/AVR8/../AVR8/USBInterrupt_AVR8.h ****   dean [at] fourwalledcubicle [dot] com
   6:../lufa-LUFA-111009/LUFA/Drivers/USB/Core/AVR8/../AVR8/USBInterrupt_AVR8.h ****            www.lufa-lib.org
   7:../lufa-LUFA-111009/LUFA/Drivers/USB/Core/AVR8/../AVR8/USBInterrupt_AVR8.h **** */
   8:../lufa-LUFA-111009/LUFA/Drivers/USB/Core/AVR8/../AVR8/USBInterrupt_AVR8.h **** 
   9:../lufa-LUFA-111009/LUFA/Drivers/USB/Core/AVR8/../AVR8/USBInterrupt_AVR8.h **** /*
  10:../lufa-LUFA-111009/LUFA/Drivers/USB/Core/AVR8/../AVR8/USBInterrupt_AVR8.h ****   Copyright 2011  Dean Camera (dean [at] fourwalledcubicle [dot] com)
  11:../lufa-LUFA-111009/LUFA/Drivers/USB/Core/AVR8/../AVR8/USBInterrupt_AVR8.h **** 
  12:../lufa-LUFA-111009/LUFA/Drivers/USB/Core/AVR8/../AVR8/USBInterrupt_AVR8.h ****   Permission to use, copy, modify, distribute, and sell this
  13:../lufa-LUFA-111009/LUFA/Drivers/USB/Core/AVR8/../AVR8/USBInterrupt_AVR8.h ****   software and its documentation for any purpose is hereby granted
  14:../lufa-LUFA-111009/LUFA/Drivers/USB/Core/AVR8/../AVR8/USBInterrupt_AVR8.h ****   without fee, provided that the above copyright notice appear in
  15:../lufa-LUFA-111009/LUFA/Drivers/USB/Core/AVR8/../AVR8/USBInterrupt_AVR8.h ****   all copies and that both that the copyright notice and this
  16:../lufa-LUFA-111009/LUFA/Drivers/USB/Core/AVR8/../AVR8/USBInterrupt_AVR8.h ****   permission notice and warranty disclaimer appear in supporting
  17:../lufa-LUFA-111009/LUFA/Drivers/USB/Core/AVR8/../AVR8/USBInterrupt_AVR8.h ****   documentation, and that the name of the author not be used in
  18:../lufa-LUFA-111009/LUFA/Drivers/USB/Core/AVR8/../AVR8/USBInterrupt_AVR8.h ****   advertising or publicity pertaining to distribution of the
  19:../lufa-LUFA-111009/LUFA/Drivers/USB/Core/AVR8/../AVR8/USBInterrupt_AVR8.h ****   software without specific, written prior permission.
  20:../lufa-LUFA-111009/LUFA/Drivers/USB/Core/AVR8/../AVR8/USBInterrupt_AVR8.h **** 
  21:../lufa-LUFA-111009/LUFA/Drivers/USB/Core/AVR8/../AVR8/USBInterrupt_AVR8.h ****   The author disclaim all warranties with regard to this
  22:../lufa-LUFA-111009/LUFA/Drivers/USB/Core/AVR8/../AVR8/USBInterrupt_AVR8.h ****   software, including all implied warranties of merchantability
  23:../lufa-LUFA-111009/LUFA/Drivers/USB/Core/AVR8/../AVR8/USBInterrupt_AVR8.h ****   and fitness.  In no event shall the author be liable for any
  24:../lufa-LUFA-111009/LUFA/Drivers/USB/Core/AVR8/../AVR8/USBInterrupt_AVR8.h ****   special, indirect or consequential damages or any damages
  25:../lufa-LUFA-111009/LUFA/Drivers/USB/Core/AVR8/../AVR8/USBInterrupt_AVR8.h ****   whatsoever resulting from loss of use, data or profits, whether
  26:../lufa-LUFA-111009/LUFA/Drivers/USB/Core/AVR8/../AVR8/USBInterrupt_AVR8.h ****   in an action of contract, negligence or other tortious action,
  27:../lufa-LUFA-111009/LUFA/Drivers/USB/Core/AVR8/../AVR8/USBInterrupt_AVR8.h ****   arising out of or in connection with the use or performance of
  28:../lufa-LUFA-111009/LUFA/Drivers/USB/Core/AVR8/../AVR8/USBInterrupt_AVR8.h ****   this software.
  29:../lufa-LUFA-111009/LUFA/Drivers/USB/Core/AVR8/../AVR8/USBInterrupt_AVR8.h **** */
  30:../lufa-LUFA-111009/LUFA/Drivers/USB/Core/AVR8/../AVR8/USBInterrupt_AVR8.h **** 
  31:../lufa-LUFA-111009/LUFA/Drivers/USB/Core/AVR8/../AVR8/USBInterrupt_AVR8.h **** /** \file
  32:../lufa-LUFA-111009/LUFA/Drivers/USB/Core/AVR8/../AVR8/USBInterrupt_AVR8.h ****  *  \brief USB Controller Interrupt definitions for the AVR8 microcontrollers.
  33:../lufa-LUFA-111009/LUFA/Drivers/USB/Core/AVR8/../AVR8/USBInterrupt_AVR8.h ****  *
  34:../lufa-LUFA-111009/LUFA/Drivers/USB/Core/AVR8/../AVR8/USBInterrupt_AVR8.h ****  *  This file contains definitions required for the correct handling of low level USB service routi
  35:../lufa-LUFA-111009/LUFA/Drivers/USB/Core/AVR8/../AVR8/USBInterrupt_AVR8.h ****  *  from the USB controller.
  36:../lufa-LUFA-111009/LUFA/Drivers/USB/Core/AVR8/../AVR8/USBInterrupt_AVR8.h ****  *
  37:../lufa-LUFA-111009/LUFA/Drivers/USB/Core/AVR8/../AVR8/USBInterrupt_AVR8.h ****  *  \note This file should not be included directly. It is automatically included as needed by the 
  38:../lufa-LUFA-111009/LUFA/Drivers/USB/Core/AVR8/../AVR8/USBInterrupt_AVR8.h ****  *        dispatch header located in LUFA/Drivers/USB/USB.h.
  39:../lufa-LUFA-111009/LUFA/Drivers/USB/Core/AVR8/../AVR8/USBInterrupt_AVR8.h ****  */
  40:../lufa-LUFA-111009/LUFA/Drivers/USB/Core/AVR8/../AVR8/USBInterrupt_AVR8.h **** 
  41:../lufa-LUFA-111009/LUFA/Drivers/USB/Core/AVR8/../AVR8/USBInterrupt_AVR8.h **** #ifndef __USBINTERRUPT_AVR8_H__
  42:../lufa-LUFA-111009/LUFA/Drivers/USB/Core/AVR8/../AVR8/USBInterrupt_AVR8.h **** #define __USBINTERRUPT_AVR8_H__
  43:../lufa-LUFA-111009/LUFA/Drivers/USB/Core/AVR8/../AVR8/USBInterrupt_AVR8.h **** 
  44:../lufa-LUFA-111009/LUFA/Drivers/USB/Core/AVR8/../AVR8/USBInterrupt_AVR8.h **** 	/* Includes: */
  45:../lufa-LUFA-111009/LUFA/Drivers/USB/Core/AVR8/../AVR8/USBInterrupt_AVR8.h **** 		#include "../../../../Common/Common.h"
  46:../lufa-LUFA-111009/LUFA/Drivers/USB/Core/AVR8/../AVR8/USBInterrupt_AVR8.h **** 
  47:../lufa-LUFA-111009/LUFA/Drivers/USB/Core/AVR8/../AVR8/USBInterrupt_AVR8.h **** 	/* Enable C linkage for C++ Compilers: */
  48:../lufa-LUFA-111009/LUFA/Drivers/USB/Core/AVR8/../AVR8/USBInterrupt_AVR8.h **** 		#if defined(__cplusplus)
  49:../lufa-LUFA-111009/LUFA/Drivers/USB/Core/AVR8/../AVR8/USBInterrupt_AVR8.h **** 			extern "C" {
  50:../lufa-LUFA-111009/LUFA/Drivers/USB/Core/AVR8/../AVR8/USBInterrupt_AVR8.h **** 		#endif
  51:../lufa-LUFA-111009/LUFA/Drivers/USB/Core/AVR8/../AVR8/USBInterrupt_AVR8.h **** 
  52:../lufa-LUFA-111009/LUFA/Drivers/USB/Core/AVR8/../AVR8/USBInterrupt_AVR8.h **** 	/* Preprocessor Checks: */
  53:../lufa-LUFA-111009/LUFA/Drivers/USB/Core/AVR8/../AVR8/USBInterrupt_AVR8.h **** 		#if !defined(__INCLUDE_FROM_USB_DRIVER)
  54:../lufa-LUFA-111009/LUFA/Drivers/USB/Core/AVR8/../AVR8/USBInterrupt_AVR8.h **** 			#error Do not include this file directly. Include LUFA/Drivers/USB/USB.h instead.
  55:../lufa-LUFA-111009/LUFA/Drivers/USB/Core/AVR8/../AVR8/USBInterrupt_AVR8.h **** 		#endif
  56:../lufa-LUFA-111009/LUFA/Drivers/USB/Core/AVR8/../AVR8/USBInterrupt_AVR8.h **** 
  57:../lufa-LUFA-111009/LUFA/Drivers/USB/Core/AVR8/../AVR8/USBInterrupt_AVR8.h **** 	/* Private Interface - For use in library only: */
  58:../lufa-LUFA-111009/LUFA/Drivers/USB/Core/AVR8/../AVR8/USBInterrupt_AVR8.h **** 	#if !defined(__DOXYGEN__)
  59:../lufa-LUFA-111009/LUFA/Drivers/USB/Core/AVR8/../AVR8/USBInterrupt_AVR8.h **** 		/* Enums: */
  60:../lufa-LUFA-111009/LUFA/Drivers/USB/Core/AVR8/../AVR8/USBInterrupt_AVR8.h **** 			enum USB_Interrupts_t
  61:../lufa-LUFA-111009/LUFA/Drivers/USB/Core/AVR8/../AVR8/USBInterrupt_AVR8.h **** 			{
  62:../lufa-LUFA-111009/LUFA/Drivers/USB/Core/AVR8/../AVR8/USBInterrupt_AVR8.h **** 				#if (defined(USB_SERIES_4_AVR) || defined(USB_SERIES_6_AVR) || defined(USB_SERIES_7_AVR) || def
  63:../lufa-LUFA-111009/LUFA/Drivers/USB/Core/AVR8/../AVR8/USBInterrupt_AVR8.h **** 				USB_INT_VBUSTI  = 0,
  64:../lufa-LUFA-111009/LUFA/Drivers/USB/Core/AVR8/../AVR8/USBInterrupt_AVR8.h **** 				#endif
  65:../lufa-LUFA-111009/LUFA/Drivers/USB/Core/AVR8/../AVR8/USBInterrupt_AVR8.h **** 				#if (defined(USB_CAN_BE_BOTH) || defined(__DOXYGEN__))
  66:../lufa-LUFA-111009/LUFA/Drivers/USB/Core/AVR8/../AVR8/USBInterrupt_AVR8.h **** 				USB_INT_IDTI    = 1,
  67:../lufa-LUFA-111009/LUFA/Drivers/USB/Core/AVR8/../AVR8/USBInterrupt_AVR8.h **** 				#endif
  68:../lufa-LUFA-111009/LUFA/Drivers/USB/Core/AVR8/../AVR8/USBInterrupt_AVR8.h **** 				#if (defined(USB_CAN_BE_DEVICE) || defined(__DOXYGEN__))
  69:../lufa-LUFA-111009/LUFA/Drivers/USB/Core/AVR8/../AVR8/USBInterrupt_AVR8.h **** 				USB_INT_WAKEUPI = 2,
  70:../lufa-LUFA-111009/LUFA/Drivers/USB/Core/AVR8/../AVR8/USBInterrupt_AVR8.h **** 				USB_INT_SUSPI   = 3,
  71:../lufa-LUFA-111009/LUFA/Drivers/USB/Core/AVR8/../AVR8/USBInterrupt_AVR8.h **** 				USB_INT_EORSTI  = 4,
  72:../lufa-LUFA-111009/LUFA/Drivers/USB/Core/AVR8/../AVR8/USBInterrupt_AVR8.h **** 				USB_INT_SOFI    = 5,
  73:../lufa-LUFA-111009/LUFA/Drivers/USB/Core/AVR8/../AVR8/USBInterrupt_AVR8.h **** 				USB_INT_RXSTPI  = 6,
  74:../lufa-LUFA-111009/LUFA/Drivers/USB/Core/AVR8/../AVR8/USBInterrupt_AVR8.h **** 				#endif
  75:../lufa-LUFA-111009/LUFA/Drivers/USB/Core/AVR8/../AVR8/USBInterrupt_AVR8.h **** 				#if (defined(USB_CAN_BE_HOST) || defined(__DOXYGEN__))
  76:../lufa-LUFA-111009/LUFA/Drivers/USB/Core/AVR8/../AVR8/USBInterrupt_AVR8.h **** 				USB_INT_HSOFI   = 7,
  77:../lufa-LUFA-111009/LUFA/Drivers/USB/Core/AVR8/../AVR8/USBInterrupt_AVR8.h **** 				USB_INT_DCONNI  = 8,
  78:../lufa-LUFA-111009/LUFA/Drivers/USB/Core/AVR8/../AVR8/USBInterrupt_AVR8.h **** 				USB_INT_DDISCI  = 9,
  79:../lufa-LUFA-111009/LUFA/Drivers/USB/Core/AVR8/../AVR8/USBInterrupt_AVR8.h **** 				USB_INT_RSTI    = 10,
  80:../lufa-LUFA-111009/LUFA/Drivers/USB/Core/AVR8/../AVR8/USBInterrupt_AVR8.h **** 				USB_INT_BCERRI  = 11,
  81:../lufa-LUFA-111009/LUFA/Drivers/USB/Core/AVR8/../AVR8/USBInterrupt_AVR8.h **** 				USB_INT_VBERRI  = 12,
  82:../lufa-LUFA-111009/LUFA/Drivers/USB/Core/AVR8/../AVR8/USBInterrupt_AVR8.h **** 				USB_INT_SRPI    = 13,
  83:../lufa-LUFA-111009/LUFA/Drivers/USB/Core/AVR8/../AVR8/USBInterrupt_AVR8.h **** 				#endif
  84:../lufa-LUFA-111009/LUFA/Drivers/USB/Core/AVR8/../AVR8/USBInterrupt_AVR8.h **** 			};
  85:../lufa-LUFA-111009/LUFA/Drivers/USB/Core/AVR8/../AVR8/USBInterrupt_AVR8.h **** 
  86:../lufa-LUFA-111009/LUFA/Drivers/USB/Core/AVR8/../AVR8/USBInterrupt_AVR8.h **** 		/* Inline Functions: */
  87:../lufa-LUFA-111009/LUFA/Drivers/USB/Core/AVR8/../AVR8/USBInterrupt_AVR8.h **** 			static inline void USB_INT_Enable(const uint8_t Interrupt) ATTR_ALWAYS_INLINE;
  88:../lufa-LUFA-111009/LUFA/Drivers/USB/Core/AVR8/../AVR8/USBInterrupt_AVR8.h **** 			static inline void USB_INT_Enable(const uint8_t Interrupt)
  89:../lufa-LUFA-111009/LUFA/Drivers/USB/Core/AVR8/../AVR8/USBInterrupt_AVR8.h **** 			{
  90:../lufa-LUFA-111009/LUFA/Drivers/USB/Core/AVR8/../AVR8/USBInterrupt_AVR8.h **** 				switch (Interrupt)
  91:../lufa-LUFA-111009/LUFA/Drivers/USB/Core/AVR8/../AVR8/USBInterrupt_AVR8.h **** 				{
  92:../lufa-LUFA-111009/LUFA/Drivers/USB/Core/AVR8/../AVR8/USBInterrupt_AVR8.h **** 					#if (defined(USB_SERIES_4_AVR) || defined(USB_SERIES_6_AVR) || defined(USB_SERIES_7_AVR))
  93:../lufa-LUFA-111009/LUFA/Drivers/USB/Core/AVR8/../AVR8/USBInterrupt_AVR8.h **** 					case USB_INT_VBUSTI:
  94:../lufa-LUFA-111009/LUFA/Drivers/USB/Core/AVR8/../AVR8/USBInterrupt_AVR8.h **** 						USBCON |= (1 << VBUSTE);
  95:../lufa-LUFA-111009/LUFA/Drivers/USB/Core/AVR8/../AVR8/USBInterrupt_AVR8.h **** 						break;
  96:../lufa-LUFA-111009/LUFA/Drivers/USB/Core/AVR8/../AVR8/USBInterrupt_AVR8.h **** 					#endif
  97:../lufa-LUFA-111009/LUFA/Drivers/USB/Core/AVR8/../AVR8/USBInterrupt_AVR8.h **** 					#if defined(USB_CAN_BE_BOTH)
  98:../lufa-LUFA-111009/LUFA/Drivers/USB/Core/AVR8/../AVR8/USBInterrupt_AVR8.h **** 					case USB_INT_IDTI:
  99:../lufa-LUFA-111009/LUFA/Drivers/USB/Core/AVR8/../AVR8/USBInterrupt_AVR8.h **** 						USBCON |= (1 << IDTE);
 100:../lufa-LUFA-111009/LUFA/Drivers/USB/Core/AVR8/../AVR8/USBInterrupt_AVR8.h **** 						break;
 101:../lufa-LUFA-111009/LUFA/Drivers/USB/Core/AVR8/../AVR8/USBInterrupt_AVR8.h **** 					#endif
 102:../lufa-LUFA-111009/LUFA/Drivers/USB/Core/AVR8/../AVR8/USBInterrupt_AVR8.h **** 					#if defined(USB_CAN_BE_DEVICE)
 103:../lufa-LUFA-111009/LUFA/Drivers/USB/Core/AVR8/../AVR8/USBInterrupt_AVR8.h **** 					case USB_INT_WAKEUPI:
 104:../lufa-LUFA-111009/LUFA/Drivers/USB/Core/AVR8/../AVR8/USBInterrupt_AVR8.h **** 						UDIEN  |= (1 << WAKEUPE);
 105:../lufa-LUFA-111009/LUFA/Drivers/USB/Core/AVR8/../AVR8/USBInterrupt_AVR8.h **** 						break;
 106:../lufa-LUFA-111009/LUFA/Drivers/USB/Core/AVR8/../AVR8/USBInterrupt_AVR8.h **** 					case USB_INT_SUSPI:
 107:../lufa-LUFA-111009/LUFA/Drivers/USB/Core/AVR8/../AVR8/USBInterrupt_AVR8.h **** 						UDIEN  |= (1 << SUSPE);
 108:../lufa-LUFA-111009/LUFA/Drivers/USB/Core/AVR8/../AVR8/USBInterrupt_AVR8.h **** 						break;
 109:../lufa-LUFA-111009/LUFA/Drivers/USB/Core/AVR8/../AVR8/USBInterrupt_AVR8.h **** 					case USB_INT_EORSTI:
 110:../lufa-LUFA-111009/LUFA/Drivers/USB/Core/AVR8/../AVR8/USBInterrupt_AVR8.h **** 						UDIEN  |= (1 << EORSTE);
 111:../lufa-LUFA-111009/LUFA/Drivers/USB/Core/AVR8/../AVR8/USBInterrupt_AVR8.h **** 						break;
 112:../lufa-LUFA-111009/LUFA/Drivers/USB/Core/AVR8/../AVR8/USBInterrupt_AVR8.h **** 					case USB_INT_SOFI:
 113:../lufa-LUFA-111009/LUFA/Drivers/USB/Core/AVR8/../AVR8/USBInterrupt_AVR8.h **** 						UDIEN  |= (1 << SOFE);
 114:../lufa-LUFA-111009/LUFA/Drivers/USB/Core/AVR8/../AVR8/USBInterrupt_AVR8.h **** 						break;
 115:../lufa-LUFA-111009/LUFA/Drivers/USB/Core/AVR8/../AVR8/USBInterrupt_AVR8.h **** 					case USB_INT_RXSTPI:
 116:../lufa-LUFA-111009/LUFA/Drivers/USB/Core/AVR8/../AVR8/USBInterrupt_AVR8.h **** 						UEIENX |= (1 << RXSTPE);
 117:../lufa-LUFA-111009/LUFA/Drivers/USB/Core/AVR8/../AVR8/USBInterrupt_AVR8.h **** 						break;
 118:../lufa-LUFA-111009/LUFA/Drivers/USB/Core/AVR8/../AVR8/USBInterrupt_AVR8.h **** 					#endif
 119:../lufa-LUFA-111009/LUFA/Drivers/USB/Core/AVR8/../AVR8/USBInterrupt_AVR8.h **** 					#if defined(USB_CAN_BE_HOST)
 120:../lufa-LUFA-111009/LUFA/Drivers/USB/Core/AVR8/../AVR8/USBInterrupt_AVR8.h **** 					case USB_INT_HSOFI:
 121:../lufa-LUFA-111009/LUFA/Drivers/USB/Core/AVR8/../AVR8/USBInterrupt_AVR8.h **** 						UHIEN  |= (1 << HSOFE);
 122:../lufa-LUFA-111009/LUFA/Drivers/USB/Core/AVR8/../AVR8/USBInterrupt_AVR8.h **** 						break;
 123:../lufa-LUFA-111009/LUFA/Drivers/USB/Core/AVR8/../AVR8/USBInterrupt_AVR8.h **** 					case USB_INT_DCONNI:
 124:../lufa-LUFA-111009/LUFA/Drivers/USB/Core/AVR8/../AVR8/USBInterrupt_AVR8.h **** 						UHIEN  |= (1 << DCONNE);
 125:../lufa-LUFA-111009/LUFA/Drivers/USB/Core/AVR8/../AVR8/USBInterrupt_AVR8.h **** 						break;
 126:../lufa-LUFA-111009/LUFA/Drivers/USB/Core/AVR8/../AVR8/USBInterrupt_AVR8.h **** 					case USB_INT_DDISCI:
 127:../lufa-LUFA-111009/LUFA/Drivers/USB/Core/AVR8/../AVR8/USBInterrupt_AVR8.h **** 						UHIEN  |= (1 << DDISCE);
 128:../lufa-LUFA-111009/LUFA/Drivers/USB/Core/AVR8/../AVR8/USBInterrupt_AVR8.h **** 						break;
 129:../lufa-LUFA-111009/LUFA/Drivers/USB/Core/AVR8/../AVR8/USBInterrupt_AVR8.h **** 					case USB_INT_RSTI:
 130:../lufa-LUFA-111009/LUFA/Drivers/USB/Core/AVR8/../AVR8/USBInterrupt_AVR8.h **** 						UHIEN  |= (1 << RSTE);
 131:../lufa-LUFA-111009/LUFA/Drivers/USB/Core/AVR8/../AVR8/USBInterrupt_AVR8.h **** 						break;
 132:../lufa-LUFA-111009/LUFA/Drivers/USB/Core/AVR8/../AVR8/USBInterrupt_AVR8.h **** 					case USB_INT_BCERRI:
 133:../lufa-LUFA-111009/LUFA/Drivers/USB/Core/AVR8/../AVR8/USBInterrupt_AVR8.h **** 						OTGIEN |= (1 << BCERRE);
 134:../lufa-LUFA-111009/LUFA/Drivers/USB/Core/AVR8/../AVR8/USBInterrupt_AVR8.h **** 						break;
 135:../lufa-LUFA-111009/LUFA/Drivers/USB/Core/AVR8/../AVR8/USBInterrupt_AVR8.h **** 					case USB_INT_VBERRI:
 136:../lufa-LUFA-111009/LUFA/Drivers/USB/Core/AVR8/../AVR8/USBInterrupt_AVR8.h **** 						OTGIEN |= (1 << VBERRE);
 137:../lufa-LUFA-111009/LUFA/Drivers/USB/Core/AVR8/../AVR8/USBInterrupt_AVR8.h **** 						break;
 138:../lufa-LUFA-111009/LUFA/Drivers/USB/Core/AVR8/../AVR8/USBInterrupt_AVR8.h **** 					case USB_INT_SRPI:
 139:../lufa-LUFA-111009/LUFA/Drivers/USB/Core/AVR8/../AVR8/USBInterrupt_AVR8.h **** 						OTGIEN |= (1 << SRPE);						
 140:../lufa-LUFA-111009/LUFA/Drivers/USB/Core/AVR8/../AVR8/USBInterrupt_AVR8.h **** 						break;
 141:../lufa-LUFA-111009/LUFA/Drivers/USB/Core/AVR8/../AVR8/USBInterrupt_AVR8.h **** 					#endif
 142:../lufa-LUFA-111009/LUFA/Drivers/USB/Core/AVR8/../AVR8/USBInterrupt_AVR8.h **** 				}
 143:../lufa-LUFA-111009/LUFA/Drivers/USB/Core/AVR8/../AVR8/USBInterrupt_AVR8.h **** 			}
 144:../lufa-LUFA-111009/LUFA/Drivers/USB/Core/AVR8/../AVR8/USBInterrupt_AVR8.h **** 
 145:../lufa-LUFA-111009/LUFA/Drivers/USB/Core/AVR8/../AVR8/USBInterrupt_AVR8.h **** 			static inline void USB_INT_Disable(const uint8_t Interrupt) ATTR_ALWAYS_INLINE;
 146:../lufa-LUFA-111009/LUFA/Drivers/USB/Core/AVR8/../AVR8/USBInterrupt_AVR8.h **** 			static inline void USB_INT_Disable(const uint8_t Interrupt)
 147:../lufa-LUFA-111009/LUFA/Drivers/USB/Core/AVR8/../AVR8/USBInterrupt_AVR8.h **** 			{
 148:../lufa-LUFA-111009/LUFA/Drivers/USB/Core/AVR8/../AVR8/USBInterrupt_AVR8.h **** 				switch (Interrupt)
 149:../lufa-LUFA-111009/LUFA/Drivers/USB/Core/AVR8/../AVR8/USBInterrupt_AVR8.h **** 				{
 150:../lufa-LUFA-111009/LUFA/Drivers/USB/Core/AVR8/../AVR8/USBInterrupt_AVR8.h **** 					#if (defined(USB_SERIES_4_AVR) || defined(USB_SERIES_6_AVR) || defined(USB_SERIES_7_AVR))
 151:../lufa-LUFA-111009/LUFA/Drivers/USB/Core/AVR8/../AVR8/USBInterrupt_AVR8.h **** 					case USB_INT_VBUSTI:
 152:../lufa-LUFA-111009/LUFA/Drivers/USB/Core/AVR8/../AVR8/USBInterrupt_AVR8.h **** 						USBCON &= ~(1 << VBUSTE);
 153:../lufa-LUFA-111009/LUFA/Drivers/USB/Core/AVR8/../AVR8/USBInterrupt_AVR8.h **** 						break;
 154:../lufa-LUFA-111009/LUFA/Drivers/USB/Core/AVR8/../AVR8/USBInterrupt_AVR8.h **** 					#endif
 155:../lufa-LUFA-111009/LUFA/Drivers/USB/Core/AVR8/../AVR8/USBInterrupt_AVR8.h **** 					#if defined(USB_CAN_BE_BOTH)
 156:../lufa-LUFA-111009/LUFA/Drivers/USB/Core/AVR8/../AVR8/USBInterrupt_AVR8.h **** 					case USB_INT_IDTI:
 157:../lufa-LUFA-111009/LUFA/Drivers/USB/Core/AVR8/../AVR8/USBInterrupt_AVR8.h **** 						USBCON &= ~(1 << IDTE);
 158:../lufa-LUFA-111009/LUFA/Drivers/USB/Core/AVR8/../AVR8/USBInterrupt_AVR8.h **** 						break;
 159:../lufa-LUFA-111009/LUFA/Drivers/USB/Core/AVR8/../AVR8/USBInterrupt_AVR8.h **** 					#endif
 160:../lufa-LUFA-111009/LUFA/Drivers/USB/Core/AVR8/../AVR8/USBInterrupt_AVR8.h **** 					#if defined(USB_CAN_BE_DEVICE)
 161:../lufa-LUFA-111009/LUFA/Drivers/USB/Core/AVR8/../AVR8/USBInterrupt_AVR8.h **** 					case USB_INT_WAKEUPI:
 162:../lufa-LUFA-111009/LUFA/Drivers/USB/Core/AVR8/../AVR8/USBInterrupt_AVR8.h **** 						UDIEN  &= ~(1 << WAKEUPE);
 163:../lufa-LUFA-111009/LUFA/Drivers/USB/Core/AVR8/../AVR8/USBInterrupt_AVR8.h **** 						break;
 164:../lufa-LUFA-111009/LUFA/Drivers/USB/Core/AVR8/../AVR8/USBInterrupt_AVR8.h **** 					case USB_INT_SUSPI:
 165:../lufa-LUFA-111009/LUFA/Drivers/USB/Core/AVR8/../AVR8/USBInterrupt_AVR8.h **** 						UDIEN  &= ~(1 << SUSPE);
 166:../lufa-LUFA-111009/LUFA/Drivers/USB/Core/AVR8/../AVR8/USBInterrupt_AVR8.h **** 						break;
 167:../lufa-LUFA-111009/LUFA/Drivers/USB/Core/AVR8/../AVR8/USBInterrupt_AVR8.h **** 					case USB_INT_EORSTI:
 168:../lufa-LUFA-111009/LUFA/Drivers/USB/Core/AVR8/../AVR8/USBInterrupt_AVR8.h **** 						UDIEN  &= ~(1 << EORSTE);
 169:../lufa-LUFA-111009/LUFA/Drivers/USB/Core/AVR8/../AVR8/USBInterrupt_AVR8.h **** 						break;
 170:../lufa-LUFA-111009/LUFA/Drivers/USB/Core/AVR8/../AVR8/USBInterrupt_AVR8.h **** 					case USB_INT_SOFI:
 171:../lufa-LUFA-111009/LUFA/Drivers/USB/Core/AVR8/../AVR8/USBInterrupt_AVR8.h **** 						UDIEN  &= ~(1 << SOFE);
 172:../lufa-LUFA-111009/LUFA/Drivers/USB/Core/AVR8/../AVR8/USBInterrupt_AVR8.h **** 						break;
 173:../lufa-LUFA-111009/LUFA/Drivers/USB/Core/AVR8/../AVR8/USBInterrupt_AVR8.h **** 					case USB_INT_RXSTPI:
 174:../lufa-LUFA-111009/LUFA/Drivers/USB/Core/AVR8/../AVR8/USBInterrupt_AVR8.h **** 						UEIENX &= ~(1 << RXSTPE);
 175:../lufa-LUFA-111009/LUFA/Drivers/USB/Core/AVR8/../AVR8/USBInterrupt_AVR8.h **** 						break;
 176:../lufa-LUFA-111009/LUFA/Drivers/USB/Core/AVR8/../AVR8/USBInterrupt_AVR8.h **** 					#endif
 177:../lufa-LUFA-111009/LUFA/Drivers/USB/Core/AVR8/../AVR8/USBInterrupt_AVR8.h **** 					#if defined(USB_CAN_BE_HOST)
 178:../lufa-LUFA-111009/LUFA/Drivers/USB/Core/AVR8/../AVR8/USBInterrupt_AVR8.h **** 					case USB_INT_HSOFI:
 179:../lufa-LUFA-111009/LUFA/Drivers/USB/Core/AVR8/../AVR8/USBInterrupt_AVR8.h **** 						UHIEN  &= ~(1 << HSOFE);
 180:../lufa-LUFA-111009/LUFA/Drivers/USB/Core/AVR8/../AVR8/USBInterrupt_AVR8.h **** 						break;
 181:../lufa-LUFA-111009/LUFA/Drivers/USB/Core/AVR8/../AVR8/USBInterrupt_AVR8.h **** 					case USB_INT_DCONNI:
 182:../lufa-LUFA-111009/LUFA/Drivers/USB/Core/AVR8/../AVR8/USBInterrupt_AVR8.h **** 						UHIEN  &= ~(1 << DCONNE);
 183:../lufa-LUFA-111009/LUFA/Drivers/USB/Core/AVR8/../AVR8/USBInterrupt_AVR8.h **** 						break;
 184:../lufa-LUFA-111009/LUFA/Drivers/USB/Core/AVR8/../AVR8/USBInterrupt_AVR8.h **** 					case USB_INT_DDISCI:
 185:../lufa-LUFA-111009/LUFA/Drivers/USB/Core/AVR8/../AVR8/USBInterrupt_AVR8.h **** 						UHIEN  &= ~(1 << DDISCE);
 186:../lufa-LUFA-111009/LUFA/Drivers/USB/Core/AVR8/../AVR8/USBInterrupt_AVR8.h **** 						break;
 187:../lufa-LUFA-111009/LUFA/Drivers/USB/Core/AVR8/../AVR8/USBInterrupt_AVR8.h **** 					case USB_INT_RSTI:
 188:../lufa-LUFA-111009/LUFA/Drivers/USB/Core/AVR8/../AVR8/USBInterrupt_AVR8.h **** 						UHIEN  &= ~(1 << RSTE);
 189:../lufa-LUFA-111009/LUFA/Drivers/USB/Core/AVR8/../AVR8/USBInterrupt_AVR8.h **** 						break;
 190:../lufa-LUFA-111009/LUFA/Drivers/USB/Core/AVR8/../AVR8/USBInterrupt_AVR8.h **** 					case USB_INT_BCERRI:
 191:../lufa-LUFA-111009/LUFA/Drivers/USB/Core/AVR8/../AVR8/USBInterrupt_AVR8.h **** 						OTGIEN &= ~(1 << BCERRE);
 192:../lufa-LUFA-111009/LUFA/Drivers/USB/Core/AVR8/../AVR8/USBInterrupt_AVR8.h **** 						break;
 193:../lufa-LUFA-111009/LUFA/Drivers/USB/Core/AVR8/../AVR8/USBInterrupt_AVR8.h **** 					case USB_INT_VBERRI:
 194:../lufa-LUFA-111009/LUFA/Drivers/USB/Core/AVR8/../AVR8/USBInterrupt_AVR8.h **** 						OTGIEN &= ~(1 << VBERRE);
 195:../lufa-LUFA-111009/LUFA/Drivers/USB/Core/AVR8/../AVR8/USBInterrupt_AVR8.h **** 						break;
 196:../lufa-LUFA-111009/LUFA/Drivers/USB/Core/AVR8/../AVR8/USBInterrupt_AVR8.h **** 					case USB_INT_SRPI:
 197:../lufa-LUFA-111009/LUFA/Drivers/USB/Core/AVR8/../AVR8/USBInterrupt_AVR8.h **** 						OTGIEN &= ~(1 << SRPE);						
 198:../lufa-LUFA-111009/LUFA/Drivers/USB/Core/AVR8/../AVR8/USBInterrupt_AVR8.h **** 						break;
 199:../lufa-LUFA-111009/LUFA/Drivers/USB/Core/AVR8/../AVR8/USBInterrupt_AVR8.h **** 					#endif
 200:../lufa-LUFA-111009/LUFA/Drivers/USB/Core/AVR8/../AVR8/USBInterrupt_AVR8.h **** 				}
 201:../lufa-LUFA-111009/LUFA/Drivers/USB/Core/AVR8/../AVR8/USBInterrupt_AVR8.h **** 			}
 202:../lufa-LUFA-111009/LUFA/Drivers/USB/Core/AVR8/../AVR8/USBInterrupt_AVR8.h **** 			
 203:../lufa-LUFA-111009/LUFA/Drivers/USB/Core/AVR8/../AVR8/USBInterrupt_AVR8.h **** 			static inline void USB_INT_Clear(const uint8_t Interrupt) ATTR_ALWAYS_INLINE;
 204:../lufa-LUFA-111009/LUFA/Drivers/USB/Core/AVR8/../AVR8/USBInterrupt_AVR8.h **** 			static inline void USB_INT_Clear(const uint8_t Interrupt)
 205:../lufa-LUFA-111009/LUFA/Drivers/USB/Core/AVR8/../AVR8/USBInterrupt_AVR8.h **** 			{
 206:../lufa-LUFA-111009/LUFA/Drivers/USB/Core/AVR8/../AVR8/USBInterrupt_AVR8.h **** 				switch (Interrupt)
 207:../lufa-LUFA-111009/LUFA/Drivers/USB/Core/AVR8/../AVR8/USBInterrupt_AVR8.h **** 				{
 208:../lufa-LUFA-111009/LUFA/Drivers/USB/Core/AVR8/../AVR8/USBInterrupt_AVR8.h **** 					#if (defined(USB_SERIES_4_AVR) || defined(USB_SERIES_6_AVR) || defined(USB_SERIES_7_AVR))
 209:../lufa-LUFA-111009/LUFA/Drivers/USB/Core/AVR8/../AVR8/USBInterrupt_AVR8.h **** 					case USB_INT_VBUSTI:
 210:../lufa-LUFA-111009/LUFA/Drivers/USB/Core/AVR8/../AVR8/USBInterrupt_AVR8.h **** 						USBINT &= ~(1 << VBUSTI);
 211:../lufa-LUFA-111009/LUFA/Drivers/USB/Core/AVR8/../AVR8/USBInterrupt_AVR8.h **** 						break;
 212:../lufa-LUFA-111009/LUFA/Drivers/USB/Core/AVR8/../AVR8/USBInterrupt_AVR8.h **** 					#endif
 213:../lufa-LUFA-111009/LUFA/Drivers/USB/Core/AVR8/../AVR8/USBInterrupt_AVR8.h **** 					#if defined(USB_CAN_BE_BOTH)
 214:../lufa-LUFA-111009/LUFA/Drivers/USB/Core/AVR8/../AVR8/USBInterrupt_AVR8.h **** 					case USB_INT_IDTI:
 215:../lufa-LUFA-111009/LUFA/Drivers/USB/Core/AVR8/../AVR8/USBInterrupt_AVR8.h **** 						USBINT &= ~(1 << IDTI);
 216:../lufa-LUFA-111009/LUFA/Drivers/USB/Core/AVR8/../AVR8/USBInterrupt_AVR8.h **** 						break;
 217:../lufa-LUFA-111009/LUFA/Drivers/USB/Core/AVR8/../AVR8/USBInterrupt_AVR8.h **** 					#endif
 218:../lufa-LUFA-111009/LUFA/Drivers/USB/Core/AVR8/../AVR8/USBInterrupt_AVR8.h **** 					#if defined(USB_CAN_BE_DEVICE)
 219:../lufa-LUFA-111009/LUFA/Drivers/USB/Core/AVR8/../AVR8/USBInterrupt_AVR8.h **** 					case USB_INT_WAKEUPI:
 220:../lufa-LUFA-111009/LUFA/Drivers/USB/Core/AVR8/../AVR8/USBInterrupt_AVR8.h **** 						UDINT  &= ~(1 << WAKEUPI);
 221:../lufa-LUFA-111009/LUFA/Drivers/USB/Core/AVR8/../AVR8/USBInterrupt_AVR8.h **** 						break;
 222:../lufa-LUFA-111009/LUFA/Drivers/USB/Core/AVR8/../AVR8/USBInterrupt_AVR8.h **** 					case USB_INT_SUSPI:
 223:../lufa-LUFA-111009/LUFA/Drivers/USB/Core/AVR8/../AVR8/USBInterrupt_AVR8.h **** 						UDINT  &= ~(1 << SUSPI);
 224:../lufa-LUFA-111009/LUFA/Drivers/USB/Core/AVR8/../AVR8/USBInterrupt_AVR8.h **** 						break;
 225:../lufa-LUFA-111009/LUFA/Drivers/USB/Core/AVR8/../AVR8/USBInterrupt_AVR8.h **** 					case USB_INT_EORSTI:
 226:../lufa-LUFA-111009/LUFA/Drivers/USB/Core/AVR8/../AVR8/USBInterrupt_AVR8.h **** 						UDINT  &= ~(1 << EORSTI);
 227:../lufa-LUFA-111009/LUFA/Drivers/USB/Core/AVR8/../AVR8/USBInterrupt_AVR8.h **** 						break;
 228:../lufa-LUFA-111009/LUFA/Drivers/USB/Core/AVR8/../AVR8/USBInterrupt_AVR8.h **** 					case USB_INT_SOFI:
 229:../lufa-LUFA-111009/LUFA/Drivers/USB/Core/AVR8/../AVR8/USBInterrupt_AVR8.h **** 						UDINT  &= ~(1 << SOFI);
 230:../lufa-LUFA-111009/LUFA/Drivers/USB/Core/AVR8/../AVR8/USBInterrupt_AVR8.h **** 						break;
 231:../lufa-LUFA-111009/LUFA/Drivers/USB/Core/AVR8/../AVR8/USBInterrupt_AVR8.h **** 					case USB_INT_RXSTPI:
 232:../lufa-LUFA-111009/LUFA/Drivers/USB/Core/AVR8/../AVR8/USBInterrupt_AVR8.h **** 						UEINTX &= ~(1 << RXSTPI);
 233:../lufa-LUFA-111009/LUFA/Drivers/USB/Core/AVR8/../AVR8/USBInterrupt_AVR8.h **** 						break;
 234:../lufa-LUFA-111009/LUFA/Drivers/USB/Core/AVR8/../AVR8/USBInterrupt_AVR8.h **** 					#endif
 235:../lufa-LUFA-111009/LUFA/Drivers/USB/Core/AVR8/../AVR8/USBInterrupt_AVR8.h **** 					#if defined(USB_CAN_BE_HOST)
 236:../lufa-LUFA-111009/LUFA/Drivers/USB/Core/AVR8/../AVR8/USBInterrupt_AVR8.h **** 					case USB_INT_HSOFI:
 237:../lufa-LUFA-111009/LUFA/Drivers/USB/Core/AVR8/../AVR8/USBInterrupt_AVR8.h **** 						UHINT  &= ~(1 << HSOFI);
 238:../lufa-LUFA-111009/LUFA/Drivers/USB/Core/AVR8/../AVR8/USBInterrupt_AVR8.h **** 						break;
 239:../lufa-LUFA-111009/LUFA/Drivers/USB/Core/AVR8/../AVR8/USBInterrupt_AVR8.h **** 					case USB_INT_DCONNI:
 240:../lufa-LUFA-111009/LUFA/Drivers/USB/Core/AVR8/../AVR8/USBInterrupt_AVR8.h **** 						UHINT  &= ~(1 << DCONNI);
 241:../lufa-LUFA-111009/LUFA/Drivers/USB/Core/AVR8/../AVR8/USBInterrupt_AVR8.h **** 						break;
 242:../lufa-LUFA-111009/LUFA/Drivers/USB/Core/AVR8/../AVR8/USBInterrupt_AVR8.h **** 					case USB_INT_DDISCI:
 243:../lufa-LUFA-111009/LUFA/Drivers/USB/Core/AVR8/../AVR8/USBInterrupt_AVR8.h **** 						UHINT  &= ~(1 << DDISCI);
 244:../lufa-LUFA-111009/LUFA/Drivers/USB/Core/AVR8/../AVR8/USBInterrupt_AVR8.h **** 						break;
 245:../lufa-LUFA-111009/LUFA/Drivers/USB/Core/AVR8/../AVR8/USBInterrupt_AVR8.h **** 					case USB_INT_RSTI:
 246:../lufa-LUFA-111009/LUFA/Drivers/USB/Core/AVR8/../AVR8/USBInterrupt_AVR8.h **** 						UHINT  &= ~(1 << RSTI);
 247:../lufa-LUFA-111009/LUFA/Drivers/USB/Core/AVR8/../AVR8/USBInterrupt_AVR8.h **** 						break;
 248:../lufa-LUFA-111009/LUFA/Drivers/USB/Core/AVR8/../AVR8/USBInterrupt_AVR8.h **** 					case USB_INT_BCERRI:
 249:../lufa-LUFA-111009/LUFA/Drivers/USB/Core/AVR8/../AVR8/USBInterrupt_AVR8.h **** 						OTGINT &= ~(1 << BCERRI);
 250:../lufa-LUFA-111009/LUFA/Drivers/USB/Core/AVR8/../AVR8/USBInterrupt_AVR8.h **** 						break;
 251:../lufa-LUFA-111009/LUFA/Drivers/USB/Core/AVR8/../AVR8/USBInterrupt_AVR8.h **** 					case USB_INT_VBERRI:
 252:../lufa-LUFA-111009/LUFA/Drivers/USB/Core/AVR8/../AVR8/USBInterrupt_AVR8.h **** 						OTGINT &= ~(1 << VBERRI);
 253:../lufa-LUFA-111009/LUFA/Drivers/USB/Core/AVR8/../AVR8/USBInterrupt_AVR8.h **** 						break;
 254:../lufa-LUFA-111009/LUFA/Drivers/USB/Core/AVR8/../AVR8/USBInterrupt_AVR8.h **** 					case USB_INT_SRPI:
 255:../lufa-LUFA-111009/LUFA/Drivers/USB/Core/AVR8/../AVR8/USBInterrupt_AVR8.h **** 						OTGINT &= ~(1 << SRPI);
 256:../lufa-LUFA-111009/LUFA/Drivers/USB/Core/AVR8/../AVR8/USBInterrupt_AVR8.h **** 						break;
 257:../lufa-LUFA-111009/LUFA/Drivers/USB/Core/AVR8/../AVR8/USBInterrupt_AVR8.h **** 					#endif
 258:../lufa-LUFA-111009/LUFA/Drivers/USB/Core/AVR8/../AVR8/USBInterrupt_AVR8.h **** 				}
 259:../lufa-LUFA-111009/LUFA/Drivers/USB/Core/AVR8/../AVR8/USBInterrupt_AVR8.h **** 			}
 260:../lufa-LUFA-111009/LUFA/Drivers/USB/Core/AVR8/../AVR8/USBInterrupt_AVR8.h **** 			
 261:../lufa-LUFA-111009/LUFA/Drivers/USB/Core/AVR8/../AVR8/USBInterrupt_AVR8.h **** 			static inline bool USB_INT_IsEnabled(const uint8_t Interrupt) ATTR_ALWAYS_INLINE ATTR_WARN_UNUSE
 262:../lufa-LUFA-111009/LUFA/Drivers/USB/Core/AVR8/../AVR8/USBInterrupt_AVR8.h **** 			static inline bool USB_INT_IsEnabled(const uint8_t Interrupt)
 263:../lufa-LUFA-111009/LUFA/Drivers/USB/Core/AVR8/../AVR8/USBInterrupt_AVR8.h **** 			{
 264:../lufa-LUFA-111009/LUFA/Drivers/USB/Core/AVR8/../AVR8/USBInterrupt_AVR8.h **** 				switch (Interrupt)
 265:../lufa-LUFA-111009/LUFA/Drivers/USB/Core/AVR8/../AVR8/USBInterrupt_AVR8.h **** 				{
 266:../lufa-LUFA-111009/LUFA/Drivers/USB/Core/AVR8/../AVR8/USBInterrupt_AVR8.h **** 					#if (defined(USB_SERIES_4_AVR) || defined(USB_SERIES_6_AVR) || defined(USB_SERIES_7_AVR))
 267:../lufa-LUFA-111009/LUFA/Drivers/USB/Core/AVR8/../AVR8/USBInterrupt_AVR8.h **** 					case USB_INT_VBUSTI:
 268:../lufa-LUFA-111009/LUFA/Drivers/USB/Core/AVR8/../AVR8/USBInterrupt_AVR8.h **** 						return (USBCON & (1 << VBUSTE));
 269:../lufa-LUFA-111009/LUFA/Drivers/USB/Core/AVR8/../AVR8/USBInterrupt_AVR8.h **** 					#endif
 270:../lufa-LUFA-111009/LUFA/Drivers/USB/Core/AVR8/../AVR8/USBInterrupt_AVR8.h **** 					#if defined(USB_CAN_BE_BOTH)
 271:../lufa-LUFA-111009/LUFA/Drivers/USB/Core/AVR8/../AVR8/USBInterrupt_AVR8.h **** 					case USB_INT_IDTI:
 272:../lufa-LUFA-111009/LUFA/Drivers/USB/Core/AVR8/../AVR8/USBInterrupt_AVR8.h **** 						return (USBCON & (1 << IDTE));
 273:../lufa-LUFA-111009/LUFA/Drivers/USB/Core/AVR8/../AVR8/USBInterrupt_AVR8.h **** 					#endif
 274:../lufa-LUFA-111009/LUFA/Drivers/USB/Core/AVR8/../AVR8/USBInterrupt_AVR8.h **** 					#if defined(USB_CAN_BE_DEVICE)
 275:../lufa-LUFA-111009/LUFA/Drivers/USB/Core/AVR8/../AVR8/USBInterrupt_AVR8.h **** 					case USB_INT_WAKEUPI:
 276:../lufa-LUFA-111009/LUFA/Drivers/USB/Core/AVR8/../AVR8/USBInterrupt_AVR8.h **** 						return (UDIEN  & (1 << WAKEUPE));
 277:../lufa-LUFA-111009/LUFA/Drivers/USB/Core/AVR8/../AVR8/USBInterrupt_AVR8.h **** 					case USB_INT_SUSPI:
 278:../lufa-LUFA-111009/LUFA/Drivers/USB/Core/AVR8/../AVR8/USBInterrupt_AVR8.h **** 						return (UDIEN  & (1 << SUSPE));
 279:../lufa-LUFA-111009/LUFA/Drivers/USB/Core/AVR8/../AVR8/USBInterrupt_AVR8.h **** 					case USB_INT_EORSTI:
 280:../lufa-LUFA-111009/LUFA/Drivers/USB/Core/AVR8/../AVR8/USBInterrupt_AVR8.h **** 						return (UDIEN  & (1 << EORSTE));
 281:../lufa-LUFA-111009/LUFA/Drivers/USB/Core/AVR8/../AVR8/USBInterrupt_AVR8.h **** 					case USB_INT_SOFI:
 282:../lufa-LUFA-111009/LUFA/Drivers/USB/Core/AVR8/../AVR8/USBInterrupt_AVR8.h **** 						return (UDIEN  & (1 << SOFE));
 283:../lufa-LUFA-111009/LUFA/Drivers/USB/Core/AVR8/../AVR8/USBInterrupt_AVR8.h **** 					case USB_INT_RXSTPI:
 284:../lufa-LUFA-111009/LUFA/Drivers/USB/Core/AVR8/../AVR8/USBInterrupt_AVR8.h **** 						return (UEIENX & (1 << RXSTPE));
 285:../lufa-LUFA-111009/LUFA/Drivers/USB/Core/AVR8/../AVR8/USBInterrupt_AVR8.h **** 					#endif
 286:../lufa-LUFA-111009/LUFA/Drivers/USB/Core/AVR8/../AVR8/USBInterrupt_AVR8.h **** 					#if defined(USB_CAN_BE_HOST)
 287:../lufa-LUFA-111009/LUFA/Drivers/USB/Core/AVR8/../AVR8/USBInterrupt_AVR8.h **** 					case USB_INT_HSOFI:
 288:../lufa-LUFA-111009/LUFA/Drivers/USB/Core/AVR8/../AVR8/USBInterrupt_AVR8.h **** 						return (UHIEN  & (1 << HSOFE));
 289:../lufa-LUFA-111009/LUFA/Drivers/USB/Core/AVR8/../AVR8/USBInterrupt_AVR8.h **** 					case USB_INT_DCONNI:
 290:../lufa-LUFA-111009/LUFA/Drivers/USB/Core/AVR8/../AVR8/USBInterrupt_AVR8.h **** 						return (UHIEN  & (1 << DCONNE));
 291:../lufa-LUFA-111009/LUFA/Drivers/USB/Core/AVR8/../AVR8/USBInterrupt_AVR8.h **** 					case USB_INT_DDISCI:
 292:../lufa-LUFA-111009/LUFA/Drivers/USB/Core/AVR8/../AVR8/USBInterrupt_AVR8.h **** 						return (UHIEN  & (1 << DDISCE));
 293:../lufa-LUFA-111009/LUFA/Drivers/USB/Core/AVR8/../AVR8/USBInterrupt_AVR8.h **** 					case USB_INT_RSTI:
 294:../lufa-LUFA-111009/LUFA/Drivers/USB/Core/AVR8/../AVR8/USBInterrupt_AVR8.h **** 						return (UHIEN  & (1 << RSTE));
 295:../lufa-LUFA-111009/LUFA/Drivers/USB/Core/AVR8/../AVR8/USBInterrupt_AVR8.h **** 					case USB_INT_BCERRI:
 296:../lufa-LUFA-111009/LUFA/Drivers/USB/Core/AVR8/../AVR8/USBInterrupt_AVR8.h **** 						return (OTGIEN & (1 << BCERRE));
 297:../lufa-LUFA-111009/LUFA/Drivers/USB/Core/AVR8/../AVR8/USBInterrupt_AVR8.h **** 					case USB_INT_VBERRI:
 298:../lufa-LUFA-111009/LUFA/Drivers/USB/Core/AVR8/../AVR8/USBInterrupt_AVR8.h **** 						return (OTGIEN & (1 << VBERRE));
 299:../lufa-LUFA-111009/LUFA/Drivers/USB/Core/AVR8/../AVR8/USBInterrupt_AVR8.h **** 					case USB_INT_SRPI:
 300:../lufa-LUFA-111009/LUFA/Drivers/USB/Core/AVR8/../AVR8/USBInterrupt_AVR8.h **** 						return (OTGIEN & (1 << SRPE));
 301:../lufa-LUFA-111009/LUFA/Drivers/USB/Core/AVR8/../AVR8/USBInterrupt_AVR8.h **** 					#endif
 302:../lufa-LUFA-111009/LUFA/Drivers/USB/Core/AVR8/../AVR8/USBInterrupt_AVR8.h **** 				}
 303:../lufa-LUFA-111009/LUFA/Drivers/USB/Core/AVR8/../AVR8/USBInterrupt_AVR8.h **** 				
 304:../lufa-LUFA-111009/LUFA/Drivers/USB/Core/AVR8/../AVR8/USBInterrupt_AVR8.h **** 				return false;
 305:../lufa-LUFA-111009/LUFA/Drivers/USB/Core/AVR8/../AVR8/USBInterrupt_AVR8.h **** 			}
 306:../lufa-LUFA-111009/LUFA/Drivers/USB/Core/AVR8/../AVR8/USBInterrupt_AVR8.h **** 		
 307:../lufa-LUFA-111009/LUFA/Drivers/USB/Core/AVR8/../AVR8/USBInterrupt_AVR8.h **** 			static inline bool USB_INT_HasOccurred(const uint8_t Interrupt) ATTR_ALWAYS_INLINE ATTR_WARN_UNU
 308:../lufa-LUFA-111009/LUFA/Drivers/USB/Core/AVR8/../AVR8/USBInterrupt_AVR8.h **** 			static inline bool USB_INT_HasOccurred(const uint8_t Interrupt)
 136               		.loc 2 308 23 view .LVU14
 137               	.LBB65:
 309:../lufa-LUFA-111009/LUFA/Drivers/USB/Core/AVR8/../AVR8/USBInterrupt_AVR8.h **** 			{
 310:../lufa-LUFA-111009/LUFA/Drivers/USB/Core/AVR8/../AVR8/USBInterrupt_AVR8.h **** 				switch (Interrupt)
 138               		.loc 2 310 5 view .LVU15
 311:../lufa-LUFA-111009/LUFA/Drivers/USB/Core/AVR8/../AVR8/USBInterrupt_AVR8.h **** 				{
 312:../lufa-LUFA-111009/LUFA/Drivers/USB/Core/AVR8/../AVR8/USBInterrupt_AVR8.h **** 					#if (defined(USB_SERIES_4_AVR) || defined(USB_SERIES_6_AVR) || defined(USB_SERIES_7_AVR))
 313:../lufa-LUFA-111009/LUFA/Drivers/USB/Core/AVR8/../AVR8/USBInterrupt_AVR8.h **** 					case USB_INT_VBUSTI:
 314:../lufa-LUFA-111009/LUFA/Drivers/USB/Core/AVR8/../AVR8/USBInterrupt_AVR8.h **** 						return (USBINT & (1 << VBUSTI));
 139               		.loc 2 314 7 view .LVU16
 140               		.loc 2 314 15 is_stmt 0 view .LVU17
 141 0022 8091 DA00 		lds r24,218
 142               	.LVL1:
 143               		.loc 2 314 15 view .LVU18
 144               	.LBE65:
 145               	.LBE64:
 146               		.loc 1 87 5 view .LVU19
 147 0026 80FF      		sbrs r24,0
 148 0028 00C0      		rjmp .L4
 149               	.LVL2:
 150               	.LBB66:
 151               	.LBI66:
 262:../lufa-LUFA-111009/LUFA/Drivers/USB/Core/AVR8/../AVR8/USBInterrupt_AVR8.h **** 			{
 152               		.loc 2 262 23 is_stmt 1 view .LVU20
 153               	.LBB67:
 264:../lufa-LUFA-111009/LUFA/Drivers/USB/Core/AVR8/../AVR8/USBInterrupt_AVR8.h **** 				{
 154               		.loc 2 264 5 view .LVU21
 268:../lufa-LUFA-111009/LUFA/Drivers/USB/Core/AVR8/../AVR8/USBInterrupt_AVR8.h **** 					#endif
 155               		.loc 2 268 7 view .LVU22
 268:../lufa-LUFA-111009/LUFA/Drivers/USB/Core/AVR8/../AVR8/USBInterrupt_AVR8.h **** 					#endif
 156               		.loc 2 268 15 is_stmt 0 view .LVU23
 157 002a 8091 D800 		lds r24,216
 158               	.LVL3:
 268:../lufa-LUFA-111009/LUFA/Drivers/USB/Core/AVR8/../AVR8/USBInterrupt_AVR8.h **** 					#endif
 159               		.loc 2 268 15 view .LVU24
 160               	.LBE67:
 161               	.LBE66:
 162               		.loc 1 87 42 view .LVU25
 163 002e 80FF      		sbrs r24,0
 164 0030 00C0      		rjmp .L4
  88:../lufa-LUFA-111009/LUFA/Drivers/USB/Core/AVR8/USBInterrupt_AVR8.c **** 	{
  89:../lufa-LUFA-111009/LUFA/Drivers/USB/Core/AVR8/USBInterrupt_AVR8.c **** 		USB_INT_Clear(USB_INT_VBUSTI);
 165               		.loc 1 89 3 is_stmt 1 view .LVU26
 166               	.LVL4:
 167               	.LBB68:
 168               	.LBI68:
 204:../lufa-LUFA-111009/LUFA/Drivers/USB/Core/AVR8/../AVR8/USBInterrupt_AVR8.h **** 			{
 169               		.loc 2 204 23 view .LVU27
 170               	.LBB69:
 206:../lufa-LUFA-111009/LUFA/Drivers/USB/Core/AVR8/../AVR8/USBInterrupt_AVR8.h **** 				{
 171               		.loc 2 206 5 view .LVU28
 210:../lufa-LUFA-111009/LUFA/Drivers/USB/Core/AVR8/../AVR8/USBInterrupt_AVR8.h **** 						break;
 172               		.loc 2 210 7 view .LVU29
 210:../lufa-LUFA-111009/LUFA/Drivers/USB/Core/AVR8/../AVR8/USBInterrupt_AVR8.h **** 						break;
 173               		.loc 2 210 14 is_stmt 0 view .LVU30
 174 0032 8091 DA00 		lds r24,218
 175 0036 8E7F      		andi r24,lo8(-2)
 176 0038 8093 DA00 		sts 218,r24
 211:../lufa-LUFA-111009/LUFA/Drivers/USB/Core/AVR8/../AVR8/USBInterrupt_AVR8.h **** 					#endif
 177               		.loc 2 211 7 is_stmt 1 view .LVU31
 178               	.LVL5:
 211:../lufa-LUFA-111009/LUFA/Drivers/USB/Core/AVR8/../AVR8/USBInterrupt_AVR8.h **** 					#endif
 179               		.loc 2 211 7 is_stmt 0 view .LVU32
 180               	.LBE69:
 181               	.LBE68:
  90:../lufa-LUFA-111009/LUFA/Drivers/USB/Core/AVR8/USBInterrupt_AVR8.c **** 
  91:../lufa-LUFA-111009/LUFA/Drivers/USB/Core/AVR8/USBInterrupt_AVR8.c **** 		if (USB_VBUS_GetStatus())
 182               		.loc 1 91 3 is_stmt 1 view .LVU33
 183               	.LBB70:
 184               	.LBI70:
 185               		.file 3 "../lufa-LUFA-111009/LUFA/Drivers/USB/Core/AVR8/../AVR8/../AVR8/USBController_AVR8.h"
   1:../lufa-LUFA-111009/LUFA/Drivers/USB/Core/AVR8/../AVR8/../AVR8/USBController_AVR8.h **** /*
   2:../lufa-LUFA-111009/LUFA/Drivers/USB/Core/AVR8/../AVR8/../AVR8/USBController_AVR8.h ****              LUFA Library
   3:../lufa-LUFA-111009/LUFA/Drivers/USB/Core/AVR8/../AVR8/../AVR8/USBController_AVR8.h ****      Copyright (C) Dean Camera, 2011.
   4:../lufa-LUFA-111009/LUFA/Drivers/USB/Core/AVR8/../AVR8/../AVR8/USBController_AVR8.h **** 
   5:../lufa-LUFA-111009/LUFA/Drivers/USB/Core/AVR8/../AVR8/../AVR8/USBController_AVR8.h ****   dean [at] fourwalledcubicle [dot] com
   6:../lufa-LUFA-111009/LUFA/Drivers/USB/Core/AVR8/../AVR8/../AVR8/USBController_AVR8.h ****            www.lufa-lib.org
   7:../lufa-LUFA-111009/LUFA/Drivers/USB/Core/AVR8/../AVR8/../AVR8/USBController_AVR8.h **** */
   8:../lufa-LUFA-111009/LUFA/Drivers/USB/Core/AVR8/../AVR8/../AVR8/USBController_AVR8.h **** 
   9:../lufa-LUFA-111009/LUFA/Drivers/USB/Core/AVR8/../AVR8/../AVR8/USBController_AVR8.h **** /*
  10:../lufa-LUFA-111009/LUFA/Drivers/USB/Core/AVR8/../AVR8/../AVR8/USBController_AVR8.h ****   Copyright 2011  Dean Camera (dean [at] fourwalledcubicle [dot] com)
  11:../lufa-LUFA-111009/LUFA/Drivers/USB/Core/AVR8/../AVR8/../AVR8/USBController_AVR8.h **** 
  12:../lufa-LUFA-111009/LUFA/Drivers/USB/Core/AVR8/../AVR8/../AVR8/USBController_AVR8.h ****   Permission to use, copy, modify, distribute, and sell this
  13:../lufa-LUFA-111009/LUFA/Drivers/USB/Core/AVR8/../AVR8/../AVR8/USBController_AVR8.h ****   software and its documentation for any purpose is hereby granted
  14:../lufa-LUFA-111009/LUFA/Drivers/USB/Core/AVR8/../AVR8/../AVR8/USBController_AVR8.h ****   without fee, provided that the above copyright notice appear in
  15:../lufa-LUFA-111009/LUFA/Drivers/USB/Core/AVR8/../AVR8/../AVR8/USBController_AVR8.h ****   all copies and that both that the copyright notice and this
  16:../lufa-LUFA-111009/LUFA/Drivers/USB/Core/AVR8/../AVR8/../AVR8/USBController_AVR8.h ****   permission notice and warranty disclaimer appear in supporting
  17:../lufa-LUFA-111009/LUFA/Drivers/USB/Core/AVR8/../AVR8/../AVR8/USBController_AVR8.h ****   documentation, and that the name of the author not be used in
  18:../lufa-LUFA-111009/LUFA/Drivers/USB/Core/AVR8/../AVR8/../AVR8/USBController_AVR8.h ****   advertising or publicity pertaining to distribution of the
  19:../lufa-LUFA-111009/LUFA/Drivers/USB/Core/AVR8/../AVR8/../AVR8/USBController_AVR8.h ****   software without specific, written prior permission.
  20:../lufa-LUFA-111009/LUFA/Drivers/USB/Core/AVR8/../AVR8/../AVR8/USBController_AVR8.h **** 
  21:../lufa-LUFA-111009/LUFA/Drivers/USB/Core/AVR8/../AVR8/../AVR8/USBController_AVR8.h ****   The author disclaim all warranties with regard to this
  22:../lufa-LUFA-111009/LUFA/Drivers/USB/Core/AVR8/../AVR8/../AVR8/USBController_AVR8.h ****   software, including all implied warranties of merchantability
  23:../lufa-LUFA-111009/LUFA/Drivers/USB/Core/AVR8/../AVR8/../AVR8/USBController_AVR8.h ****   and fitness.  In no event shall the author be liable for any
  24:../lufa-LUFA-111009/LUFA/Drivers/USB/Core/AVR8/../AVR8/../AVR8/USBController_AVR8.h ****   special, indirect or consequential damages or any damages
  25:../lufa-LUFA-111009/LUFA/Drivers/USB/Core/AVR8/../AVR8/../AVR8/USBController_AVR8.h ****   whatsoever resulting from loss of use, data or profits, whether
  26:../lufa-LUFA-111009/LUFA/Drivers/USB/Core/AVR8/../AVR8/../AVR8/USBController_AVR8.h ****   in an action of contract, negligence or other tortious action,
  27:../lufa-LUFA-111009/LUFA/Drivers/USB/Core/AVR8/../AVR8/../AVR8/USBController_AVR8.h ****   arising out of or in connection with the use or performance of
  28:../lufa-LUFA-111009/LUFA/Drivers/USB/Core/AVR8/../AVR8/../AVR8/USBController_AVR8.h ****   this software.
  29:../lufa-LUFA-111009/LUFA/Drivers/USB/Core/AVR8/../AVR8/../AVR8/USBController_AVR8.h **** */
  30:../lufa-LUFA-111009/LUFA/Drivers/USB/Core/AVR8/../AVR8/../AVR8/USBController_AVR8.h **** 
  31:../lufa-LUFA-111009/LUFA/Drivers/USB/Core/AVR8/../AVR8/../AVR8/USBController_AVR8.h **** /** \file
  32:../lufa-LUFA-111009/LUFA/Drivers/USB/Core/AVR8/../AVR8/../AVR8/USBController_AVR8.h ****  *  \brief USB Controller definitions for the AVR8 microcontrollers.
  33:../lufa-LUFA-111009/LUFA/Drivers/USB/Core/AVR8/../AVR8/../AVR8/USBController_AVR8.h ****  *  \copydetails Group_USBManagement_AVR8
  34:../lufa-LUFA-111009/LUFA/Drivers/USB/Core/AVR8/../AVR8/../AVR8/USBController_AVR8.h ****  *
  35:../lufa-LUFA-111009/LUFA/Drivers/USB/Core/AVR8/../AVR8/../AVR8/USBController_AVR8.h ****  *  \note This file should not be included directly. It is automatically included as needed by the 
  36:../lufa-LUFA-111009/LUFA/Drivers/USB/Core/AVR8/../AVR8/../AVR8/USBController_AVR8.h ****  *        dispatch header located in LUFA/Drivers/USB/USB.h.
  37:../lufa-LUFA-111009/LUFA/Drivers/USB/Core/AVR8/../AVR8/../AVR8/USBController_AVR8.h ****  */
  38:../lufa-LUFA-111009/LUFA/Drivers/USB/Core/AVR8/../AVR8/../AVR8/USBController_AVR8.h **** 
  39:../lufa-LUFA-111009/LUFA/Drivers/USB/Core/AVR8/../AVR8/../AVR8/USBController_AVR8.h **** /** \ingroup Group_USBManagement
  40:../lufa-LUFA-111009/LUFA/Drivers/USB/Core/AVR8/../AVR8/../AVR8/USBController_AVR8.h ****  *  \defgroup Group_USBManagement_AVR8 USB Interface Management (AVR8)
  41:../lufa-LUFA-111009/LUFA/Drivers/USB/Core/AVR8/../AVR8/../AVR8/USBController_AVR8.h ****  *  \brief USB Controller definitions for the AVR8 microcontrollers.
  42:../lufa-LUFA-111009/LUFA/Drivers/USB/Core/AVR8/../AVR8/../AVR8/USBController_AVR8.h ****  *
  43:../lufa-LUFA-111009/LUFA/Drivers/USB/Core/AVR8/../AVR8/../AVR8/USBController_AVR8.h ****  *  Functions, macros, variables, enums and types related to the setup and management of the USB in
  44:../lufa-LUFA-111009/LUFA/Drivers/USB/Core/AVR8/../AVR8/../AVR8/USBController_AVR8.h ****  *
  45:../lufa-LUFA-111009/LUFA/Drivers/USB/Core/AVR8/../AVR8/../AVR8/USBController_AVR8.h ****  *  @{
  46:../lufa-LUFA-111009/LUFA/Drivers/USB/Core/AVR8/../AVR8/../AVR8/USBController_AVR8.h ****  */
  47:../lufa-LUFA-111009/LUFA/Drivers/USB/Core/AVR8/../AVR8/../AVR8/USBController_AVR8.h **** 
  48:../lufa-LUFA-111009/LUFA/Drivers/USB/Core/AVR8/../AVR8/../AVR8/USBController_AVR8.h **** #ifndef __USBCONTROLLER_AVR8_H__
  49:../lufa-LUFA-111009/LUFA/Drivers/USB/Core/AVR8/../AVR8/../AVR8/USBController_AVR8.h **** #define __USBCONTROLLER_AVR8_H__
  50:../lufa-LUFA-111009/LUFA/Drivers/USB/Core/AVR8/../AVR8/../AVR8/USBController_AVR8.h **** 
  51:../lufa-LUFA-111009/LUFA/Drivers/USB/Core/AVR8/../AVR8/../AVR8/USBController_AVR8.h **** 	/* Includes: */
  52:../lufa-LUFA-111009/LUFA/Drivers/USB/Core/AVR8/../AVR8/../AVR8/USBController_AVR8.h **** 		#include "../../../../Common/Common.h"
  53:../lufa-LUFA-111009/LUFA/Drivers/USB/Core/AVR8/../AVR8/../AVR8/USBController_AVR8.h **** 		#include "../USBMode.h"
  54:../lufa-LUFA-111009/LUFA/Drivers/USB/Core/AVR8/../AVR8/../AVR8/USBController_AVR8.h **** 		#include "../Events.h"
  55:../lufa-LUFA-111009/LUFA/Drivers/USB/Core/AVR8/../AVR8/../AVR8/USBController_AVR8.h **** 		#include "../USBTask.h"
  56:../lufa-LUFA-111009/LUFA/Drivers/USB/Core/AVR8/../AVR8/../AVR8/USBController_AVR8.h **** 		#include "../USBInterrupt.h"
  57:../lufa-LUFA-111009/LUFA/Drivers/USB/Core/AVR8/../AVR8/../AVR8/USBController_AVR8.h **** 
  58:../lufa-LUFA-111009/LUFA/Drivers/USB/Core/AVR8/../AVR8/../AVR8/USBController_AVR8.h **** 		#if defined(USB_CAN_BE_HOST) || defined(__DOXYGEN__)
  59:../lufa-LUFA-111009/LUFA/Drivers/USB/Core/AVR8/../AVR8/../AVR8/USBController_AVR8.h **** 			#include "../Host.h"
  60:../lufa-LUFA-111009/LUFA/Drivers/USB/Core/AVR8/../AVR8/../AVR8/USBController_AVR8.h **** 			#include "../OTG.h"
  61:../lufa-LUFA-111009/LUFA/Drivers/USB/Core/AVR8/../AVR8/../AVR8/USBController_AVR8.h **** 			#include "../Pipe.h"
  62:../lufa-LUFA-111009/LUFA/Drivers/USB/Core/AVR8/../AVR8/../AVR8/USBController_AVR8.h **** 			#include "../HostStandardReq.h"
  63:../lufa-LUFA-111009/LUFA/Drivers/USB/Core/AVR8/../AVR8/../AVR8/USBController_AVR8.h **** 			#include "../PipeStream.h"
  64:../lufa-LUFA-111009/LUFA/Drivers/USB/Core/AVR8/../AVR8/../AVR8/USBController_AVR8.h **** 		#endif
  65:../lufa-LUFA-111009/LUFA/Drivers/USB/Core/AVR8/../AVR8/../AVR8/USBController_AVR8.h **** 
  66:../lufa-LUFA-111009/LUFA/Drivers/USB/Core/AVR8/../AVR8/../AVR8/USBController_AVR8.h **** 		#if defined(USB_CAN_BE_DEVICE) || defined(__DOXYGEN__)
  67:../lufa-LUFA-111009/LUFA/Drivers/USB/Core/AVR8/../AVR8/../AVR8/USBController_AVR8.h **** 			#include "../Device.h"
  68:../lufa-LUFA-111009/LUFA/Drivers/USB/Core/AVR8/../AVR8/../AVR8/USBController_AVR8.h **** 			#include "../Endpoint.h"
  69:../lufa-LUFA-111009/LUFA/Drivers/USB/Core/AVR8/../AVR8/../AVR8/USBController_AVR8.h **** 			#include "../DeviceStandardReq.h"
  70:../lufa-LUFA-111009/LUFA/Drivers/USB/Core/AVR8/../AVR8/../AVR8/USBController_AVR8.h **** 			#include "../EndpointStream.h"
  71:../lufa-LUFA-111009/LUFA/Drivers/USB/Core/AVR8/../AVR8/../AVR8/USBController_AVR8.h **** 		#endif
  72:../lufa-LUFA-111009/LUFA/Drivers/USB/Core/AVR8/../AVR8/../AVR8/USBController_AVR8.h **** 
  73:../lufa-LUFA-111009/LUFA/Drivers/USB/Core/AVR8/../AVR8/../AVR8/USBController_AVR8.h **** 	/* Enable C linkage for C++ Compilers: */
  74:../lufa-LUFA-111009/LUFA/Drivers/USB/Core/AVR8/../AVR8/../AVR8/USBController_AVR8.h **** 		#if defined(__cplusplus)
  75:../lufa-LUFA-111009/LUFA/Drivers/USB/Core/AVR8/../AVR8/../AVR8/USBController_AVR8.h **** 			extern "C" {
  76:../lufa-LUFA-111009/LUFA/Drivers/USB/Core/AVR8/../AVR8/../AVR8/USBController_AVR8.h **** 		#endif
  77:../lufa-LUFA-111009/LUFA/Drivers/USB/Core/AVR8/../AVR8/../AVR8/USBController_AVR8.h **** 
  78:../lufa-LUFA-111009/LUFA/Drivers/USB/Core/AVR8/../AVR8/../AVR8/USBController_AVR8.h **** 	/* Preprocessor Checks and Defines: */
  79:../lufa-LUFA-111009/LUFA/Drivers/USB/Core/AVR8/../AVR8/../AVR8/USBController_AVR8.h **** 		#if !defined(__INCLUDE_FROM_USB_DRIVER)
  80:../lufa-LUFA-111009/LUFA/Drivers/USB/Core/AVR8/../AVR8/../AVR8/USBController_AVR8.h **** 			#error Do not include this file directly. Include LUFA/Drivers/USB/USB.h instead.
  81:../lufa-LUFA-111009/LUFA/Drivers/USB/Core/AVR8/../AVR8/../AVR8/USBController_AVR8.h **** 		#endif
  82:../lufa-LUFA-111009/LUFA/Drivers/USB/Core/AVR8/../AVR8/../AVR8/USBController_AVR8.h **** 
  83:../lufa-LUFA-111009/LUFA/Drivers/USB/Core/AVR8/../AVR8/../AVR8/USBController_AVR8.h **** 		#if !defined(F_USB)
  84:../lufa-LUFA-111009/LUFA/Drivers/USB/Core/AVR8/../AVR8/../AVR8/USBController_AVR8.h **** 			#error F_USB is not defined. You must define F_USB to the frequency of the unprescaled USB contr
  85:../lufa-LUFA-111009/LUFA/Drivers/USB/Core/AVR8/../AVR8/../AVR8/USBController_AVR8.h **** 		#endif
  86:../lufa-LUFA-111009/LUFA/Drivers/USB/Core/AVR8/../AVR8/../AVR8/USBController_AVR8.h **** 
  87:../lufa-LUFA-111009/LUFA/Drivers/USB/Core/AVR8/../AVR8/../AVR8/USBController_AVR8.h **** 		#if (F_USB == 8000000)
  88:../lufa-LUFA-111009/LUFA/Drivers/USB/Core/AVR8/../AVR8/../AVR8/USBController_AVR8.h **** 			#if (defined(__AVR_AT90USB82__) || defined(__AVR_AT90USB162__) || \
  89:../lufa-LUFA-111009/LUFA/Drivers/USB/Core/AVR8/../AVR8/../AVR8/USBController_AVR8.h **** 			     defined(__AVR_ATmega8U2__) || defined(__AVR_ATmega16U2__) || \
  90:../lufa-LUFA-111009/LUFA/Drivers/USB/Core/AVR8/../AVR8/../AVR8/USBController_AVR8.h **** 			     defined(__AVR_ATmega32U2__))
  91:../lufa-LUFA-111009/LUFA/Drivers/USB/Core/AVR8/../AVR8/../AVR8/USBController_AVR8.h **** 				#define USB_PLL_PSC                0
  92:../lufa-LUFA-111009/LUFA/Drivers/USB/Core/AVR8/../AVR8/../AVR8/USBController_AVR8.h **** 			#elif (defined(__AVR_ATmega16U4__) || defined(__AVR_ATmega32U4__))
  93:../lufa-LUFA-111009/LUFA/Drivers/USB/Core/AVR8/../AVR8/../AVR8/USBController_AVR8.h **** 				#define USB_PLL_PSC                0
  94:../lufa-LUFA-111009/LUFA/Drivers/USB/Core/AVR8/../AVR8/../AVR8/USBController_AVR8.h **** 			#elif (defined(__AVR_AT90USB646__)  || defined(__AVR_AT90USB1286__) || defined(__AVR_ATmega32U6_
  95:../lufa-LUFA-111009/LUFA/Drivers/USB/Core/AVR8/../AVR8/../AVR8/USBController_AVR8.h **** 				#define USB_PLL_PSC                ((1 << PLLP1) | (1 << PLLP0))
  96:../lufa-LUFA-111009/LUFA/Drivers/USB/Core/AVR8/../AVR8/../AVR8/USBController_AVR8.h **** 			#elif (defined(__AVR_AT90USB647__)  || defined(__AVR_AT90USB1287__))
  97:../lufa-LUFA-111009/LUFA/Drivers/USB/Core/AVR8/../AVR8/../AVR8/USBController_AVR8.h **** 				#define USB_PLL_PSC                ((1 << PLLP1) | (1 << PLLP0))
  98:../lufa-LUFA-111009/LUFA/Drivers/USB/Core/AVR8/../AVR8/../AVR8/USBController_AVR8.h **** 			#endif
  99:../lufa-LUFA-111009/LUFA/Drivers/USB/Core/AVR8/../AVR8/../AVR8/USBController_AVR8.h **** 		#elif (F_USB == 16000000)
 100:../lufa-LUFA-111009/LUFA/Drivers/USB/Core/AVR8/../AVR8/../AVR8/USBController_AVR8.h **** 			#if (defined(__AVR_AT90USB82__) || defined(__AVR_AT90USB162__) || \
 101:../lufa-LUFA-111009/LUFA/Drivers/USB/Core/AVR8/../AVR8/../AVR8/USBController_AVR8.h **** 			     defined(__AVR_ATmega8U2__) || defined(__AVR_ATmega16U2__) || \
 102:../lufa-LUFA-111009/LUFA/Drivers/USB/Core/AVR8/../AVR8/../AVR8/USBController_AVR8.h **** 			     defined(__AVR_ATmega32U2__))
 103:../lufa-LUFA-111009/LUFA/Drivers/USB/Core/AVR8/../AVR8/../AVR8/USBController_AVR8.h **** 				#define USB_PLL_PSC                (1 << PLLP0)
 104:../lufa-LUFA-111009/LUFA/Drivers/USB/Core/AVR8/../AVR8/../AVR8/USBController_AVR8.h **** 			#elif (defined(__AVR_ATmega16U4__) || defined(__AVR_ATmega32U4__))
 105:../lufa-LUFA-111009/LUFA/Drivers/USB/Core/AVR8/../AVR8/../AVR8/USBController_AVR8.h **** 				#define USB_PLL_PSC                (1 << PINDIV)
 106:../lufa-LUFA-111009/LUFA/Drivers/USB/Core/AVR8/../AVR8/../AVR8/USBController_AVR8.h **** 			#elif (defined(__AVR_AT90USB646__) || defined(__AVR_AT90USB647__) || defined(__AVR_ATmega32U6__)
 107:../lufa-LUFA-111009/LUFA/Drivers/USB/Core/AVR8/../AVR8/../AVR8/USBController_AVR8.h **** 				#define USB_PLL_PSC                ((1 << PLLP2) | (1 << PLLP1))
 108:../lufa-LUFA-111009/LUFA/Drivers/USB/Core/AVR8/../AVR8/../AVR8/USBController_AVR8.h **** 			#elif (defined(__AVR_AT90USB1286__) || defined(__AVR_AT90USB1287__))
 109:../lufa-LUFA-111009/LUFA/Drivers/USB/Core/AVR8/../AVR8/../AVR8/USBController_AVR8.h **** 				#define USB_PLL_PSC                ((1 << PLLP2) | (1 << PLLP0))
 110:../lufa-LUFA-111009/LUFA/Drivers/USB/Core/AVR8/../AVR8/../AVR8/USBController_AVR8.h **** 			#endif
 111:../lufa-LUFA-111009/LUFA/Drivers/USB/Core/AVR8/../AVR8/../AVR8/USBController_AVR8.h **** 		#endif
 112:../lufa-LUFA-111009/LUFA/Drivers/USB/Core/AVR8/../AVR8/../AVR8/USBController_AVR8.h **** 
 113:../lufa-LUFA-111009/LUFA/Drivers/USB/Core/AVR8/../AVR8/../AVR8/USBController_AVR8.h **** 		#if !defined(USB_PLL_PSC)
 114:../lufa-LUFA-111009/LUFA/Drivers/USB/Core/AVR8/../AVR8/../AVR8/USBController_AVR8.h **** 			#error No PLL prescale value available for chosen F_USB value and AVR model.
 115:../lufa-LUFA-111009/LUFA/Drivers/USB/Core/AVR8/../AVR8/../AVR8/USBController_AVR8.h **** 		#endif
 116:../lufa-LUFA-111009/LUFA/Drivers/USB/Core/AVR8/../AVR8/../AVR8/USBController_AVR8.h **** 
 117:../lufa-LUFA-111009/LUFA/Drivers/USB/Core/AVR8/../AVR8/../AVR8/USBController_AVR8.h **** 	/* Public Interface - May be used in end-application: */
 118:../lufa-LUFA-111009/LUFA/Drivers/USB/Core/AVR8/../AVR8/../AVR8/USBController_AVR8.h **** 		/* Macros: */
 119:../lufa-LUFA-111009/LUFA/Drivers/USB/Core/AVR8/../AVR8/../AVR8/USBController_AVR8.h **** 			/** \name USB Controller Option Masks */
 120:../lufa-LUFA-111009/LUFA/Drivers/USB/Core/AVR8/../AVR8/../AVR8/USBController_AVR8.h **** 			//@{
 121:../lufa-LUFA-111009/LUFA/Drivers/USB/Core/AVR8/../AVR8/../AVR8/USBController_AVR8.h **** 			/** Regulator disable option mask for \ref USB_Init(). This indicates that the internal 3.3V USB
 122:../lufa-LUFA-111009/LUFA/Drivers/USB/Core/AVR8/../AVR8/../AVR8/USBController_AVR8.h **** 			 *  regulator should be disabled and the AVR's VCC level used for the data pads.
 123:../lufa-LUFA-111009/LUFA/Drivers/USB/Core/AVR8/../AVR8/../AVR8/USBController_AVR8.h **** 			 *
 124:../lufa-LUFA-111009/LUFA/Drivers/USB/Core/AVR8/../AVR8/../AVR8/USBController_AVR8.h **** 			 *  \note See USB AVR data sheet for more information on the internal pad regulator.
 125:../lufa-LUFA-111009/LUFA/Drivers/USB/Core/AVR8/../AVR8/../AVR8/USBController_AVR8.h **** 			 */
 126:../lufa-LUFA-111009/LUFA/Drivers/USB/Core/AVR8/../AVR8/../AVR8/USBController_AVR8.h **** 			#define USB_OPT_REG_DISABLED               (1 << 1)
 127:../lufa-LUFA-111009/LUFA/Drivers/USB/Core/AVR8/../AVR8/../AVR8/USBController_AVR8.h **** 
 128:../lufa-LUFA-111009/LUFA/Drivers/USB/Core/AVR8/../AVR8/../AVR8/USBController_AVR8.h **** 			/** Regulator enable option mask for \ref USB_Init(). This indicates that the internal 3.3V USB 
 129:../lufa-LUFA-111009/LUFA/Drivers/USB/Core/AVR8/../AVR8/../AVR8/USBController_AVR8.h **** 			 *  regulator should be enabled to regulate the data pin voltages from the VBUS level down to a 
 130:../lufa-LUFA-111009/LUFA/Drivers/USB/Core/AVR8/../AVR8/../AVR8/USBController_AVR8.h **** 			 *  the range allowable by the USB standard.
 131:../lufa-LUFA-111009/LUFA/Drivers/USB/Core/AVR8/../AVR8/../AVR8/USBController_AVR8.h **** 			 *
 132:../lufa-LUFA-111009/LUFA/Drivers/USB/Core/AVR8/../AVR8/../AVR8/USBController_AVR8.h **** 			 *  \note See USB AVR data sheet for more information on the internal pad regulator.
 133:../lufa-LUFA-111009/LUFA/Drivers/USB/Core/AVR8/../AVR8/../AVR8/USBController_AVR8.h **** 			 */
 134:../lufa-LUFA-111009/LUFA/Drivers/USB/Core/AVR8/../AVR8/../AVR8/USBController_AVR8.h **** 			#define USB_OPT_REG_ENABLED                (0 << 1)
 135:../lufa-LUFA-111009/LUFA/Drivers/USB/Core/AVR8/../AVR8/../AVR8/USBController_AVR8.h **** 
 136:../lufa-LUFA-111009/LUFA/Drivers/USB/Core/AVR8/../AVR8/../AVR8/USBController_AVR8.h **** 			/** Manual PLL control option mask for \ref USB_Init(). This indicates to the library that the u
 137:../lufa-LUFA-111009/LUFA/Drivers/USB/Core/AVR8/../AVR8/../AVR8/USBController_AVR8.h **** 			 *  will take full responsibility for controlling the AVR's PLL (used to generate the high frequ
 138:../lufa-LUFA-111009/LUFA/Drivers/USB/Core/AVR8/../AVR8/../AVR8/USBController_AVR8.h **** 			 *  that the USB controller requires) and ensuring that it is locked at the correct frequency fo
 139:../lufa-LUFA-111009/LUFA/Drivers/USB/Core/AVR8/../AVR8/../AVR8/USBController_AVR8.h **** 			 */
 140:../lufa-LUFA-111009/LUFA/Drivers/USB/Core/AVR8/../AVR8/../AVR8/USBController_AVR8.h **** 			#define USB_OPT_MANUAL_PLL                 (1 << 2)
 141:../lufa-LUFA-111009/LUFA/Drivers/USB/Core/AVR8/../AVR8/../AVR8/USBController_AVR8.h **** 
 142:../lufa-LUFA-111009/LUFA/Drivers/USB/Core/AVR8/../AVR8/../AVR8/USBController_AVR8.h **** 			/** Automatic PLL control option mask for \ref USB_Init(). This indicates to the library that th
 143:../lufa-LUFA-111009/LUFA/Drivers/USB/Core/AVR8/../AVR8/../AVR8/USBController_AVR8.h **** 			 *  take full responsibility for controlling the AVR's PLL (used to generate the high frequency 
 144:../lufa-LUFA-111009/LUFA/Drivers/USB/Core/AVR8/../AVR8/../AVR8/USBController_AVR8.h **** 			 *  that the USB controller requires) and ensuring that it is locked at the correct frequency fo
 145:../lufa-LUFA-111009/LUFA/Drivers/USB/Core/AVR8/../AVR8/../AVR8/USBController_AVR8.h **** 			 */
 146:../lufa-LUFA-111009/LUFA/Drivers/USB/Core/AVR8/../AVR8/../AVR8/USBController_AVR8.h **** 			#define USB_OPT_AUTO_PLL                   (0 << 2)
 147:../lufa-LUFA-111009/LUFA/Drivers/USB/Core/AVR8/../AVR8/../AVR8/USBController_AVR8.h **** 			//@}
 148:../lufa-LUFA-111009/LUFA/Drivers/USB/Core/AVR8/../AVR8/../AVR8/USBController_AVR8.h **** 
 149:../lufa-LUFA-111009/LUFA/Drivers/USB/Core/AVR8/../AVR8/../AVR8/USBController_AVR8.h **** 			#if !defined(USB_STREAM_TIMEOUT_MS) || defined(__DOXYGEN__)
 150:../lufa-LUFA-111009/LUFA/Drivers/USB/Core/AVR8/../AVR8/../AVR8/USBController_AVR8.h **** 				/** Constant for the maximum software timeout period of the USB data stream transfer functions
 151:../lufa-LUFA-111009/LUFA/Drivers/USB/Core/AVR8/../AVR8/../AVR8/USBController_AVR8.h **** 				 *  (both control and standard) when in either device or host mode. If the next packet of a str
 152:../lufa-LUFA-111009/LUFA/Drivers/USB/Core/AVR8/../AVR8/../AVR8/USBController_AVR8.h **** 				 *  is not received or acknowledged within this time period, the stream function will fail.
 153:../lufa-LUFA-111009/LUFA/Drivers/USB/Core/AVR8/../AVR8/../AVR8/USBController_AVR8.h **** 				 *
 154:../lufa-LUFA-111009/LUFA/Drivers/USB/Core/AVR8/../AVR8/../AVR8/USBController_AVR8.h **** 				 *  This value may be overridden in the user project makefile as the value of the
 155:../lufa-LUFA-111009/LUFA/Drivers/USB/Core/AVR8/../AVR8/../AVR8/USBController_AVR8.h **** 				 *  \ref USB_STREAM_TIMEOUT_MS token, and passed to the compiler using the -D switch.
 156:../lufa-LUFA-111009/LUFA/Drivers/USB/Core/AVR8/../AVR8/../AVR8/USBController_AVR8.h **** 				 */
 157:../lufa-LUFA-111009/LUFA/Drivers/USB/Core/AVR8/../AVR8/../AVR8/USBController_AVR8.h **** 				#define USB_STREAM_TIMEOUT_MS       100
 158:../lufa-LUFA-111009/LUFA/Drivers/USB/Core/AVR8/../AVR8/../AVR8/USBController_AVR8.h **** 			#endif
 159:../lufa-LUFA-111009/LUFA/Drivers/USB/Core/AVR8/../AVR8/../AVR8/USBController_AVR8.h **** 
 160:../lufa-LUFA-111009/LUFA/Drivers/USB/Core/AVR8/../AVR8/../AVR8/USBController_AVR8.h **** 		/* Inline Functions: */
 161:../lufa-LUFA-111009/LUFA/Drivers/USB/Core/AVR8/../AVR8/../AVR8/USBController_AVR8.h **** 			#if defined(USB_SERIES_4_AVR) || defined(USB_SERIES_6_AVR) || defined(USB_SERIES_7_AVR) || defin
 162:../lufa-LUFA-111009/LUFA/Drivers/USB/Core/AVR8/../AVR8/../AVR8/USBController_AVR8.h **** 				/** Determines if the VBUS line is currently high (i.e. the USB host is supplying power).
 163:../lufa-LUFA-111009/LUFA/Drivers/USB/Core/AVR8/../AVR8/../AVR8/USBController_AVR8.h **** 				 *
 164:../lufa-LUFA-111009/LUFA/Drivers/USB/Core/AVR8/../AVR8/../AVR8/USBController_AVR8.h **** 				 *  \note This function is not available on some AVR models which do not support hardware VBUS 
 165:../lufa-LUFA-111009/LUFA/Drivers/USB/Core/AVR8/../AVR8/../AVR8/USBController_AVR8.h **** 				 *
 166:../lufa-LUFA-111009/LUFA/Drivers/USB/Core/AVR8/../AVR8/../AVR8/USBController_AVR8.h **** 				 *  \return Boolean \c true if the VBUS line is currently detecting power from a host, \c false
 167:../lufa-LUFA-111009/LUFA/Drivers/USB/Core/AVR8/../AVR8/../AVR8/USBController_AVR8.h **** 				 */
 168:../lufa-LUFA-111009/LUFA/Drivers/USB/Core/AVR8/../AVR8/../AVR8/USBController_AVR8.h **** 				static inline bool USB_VBUS_GetStatus(void) ATTR_WARN_UNUSED_RESULT ATTR_ALWAYS_INLINE;
 169:../lufa-LUFA-111009/LUFA/Drivers/USB/Core/AVR8/../AVR8/../AVR8/USBController_AVR8.h **** 				static inline bool USB_VBUS_GetStatus(void)
 186               		.loc 3 169 24 view .LVU34
 187               	.LBB71:
 170:../lufa-LUFA-111009/LUFA/Drivers/USB/Core/AVR8/../AVR8/../AVR8/USBController_AVR8.h **** 				{
 171:../lufa-LUFA-111009/LUFA/Drivers/USB/Core/AVR8/../AVR8/../AVR8/USBController_AVR8.h **** 					return ((USBSTA & (1 << VBUS)) ? true : false);
 188               		.loc 3 171 6 view .LVU35
 189               		.loc 3 171 15 is_stmt 0 view .LVU36
 190 003c 8091 D900 		lds r24,217
 191               	.LBE71:
 192               	.LBE70:
 193               		.loc 1 91 6 view .LVU37
 194 0040 80FF      		sbrs r24,0
 195 0042 00C0      		rjmp .L5
  92:../lufa-LUFA-111009/LUFA/Drivers/USB/Core/AVR8/USBInterrupt_AVR8.c **** 		{
  93:../lufa-LUFA-111009/LUFA/Drivers/USB/Core/AVR8/USBInterrupt_AVR8.c **** 			if (!(USB_Options & USB_OPT_MANUAL_PLL))
 196               		.loc 1 93 4 is_stmt 1 view .LVU38
  94:../lufa-LUFA-111009/LUFA/Drivers/USB/Core/AVR8/USBInterrupt_AVR8.c **** 			{
  95:../lufa-LUFA-111009/LUFA/Drivers/USB/Core/AVR8/USBInterrupt_AVR8.c **** 				USB_PLL_On();
 197               		.loc 1 95 5 view .LVU39
 198               	.LBB72:
 199               	.LBI72:
 172:../lufa-LUFA-111009/LUFA/Drivers/USB/Core/AVR8/../AVR8/../AVR8/USBController_AVR8.h **** 				}
 173:../lufa-LUFA-111009/LUFA/Drivers/USB/Core/AVR8/../AVR8/../AVR8/USBController_AVR8.h **** 			#endif
 174:../lufa-LUFA-111009/LUFA/Drivers/USB/Core/AVR8/../AVR8/../AVR8/USBController_AVR8.h **** 
 175:../lufa-LUFA-111009/LUFA/Drivers/USB/Core/AVR8/../AVR8/../AVR8/USBController_AVR8.h **** 			/** Detaches the device from the USB bus. This has the effect of removing the device from any
 176:../lufa-LUFA-111009/LUFA/Drivers/USB/Core/AVR8/../AVR8/../AVR8/USBController_AVR8.h **** 			 *  attached host, ceasing USB communications. If no host is present, this prevents any host fro
 177:../lufa-LUFA-111009/LUFA/Drivers/USB/Core/AVR8/../AVR8/../AVR8/USBController_AVR8.h **** 			 *  enumerating the device once attached until \ref USB_Attach() is called.
 178:../lufa-LUFA-111009/LUFA/Drivers/USB/Core/AVR8/../AVR8/../AVR8/USBController_AVR8.h **** 			 */
 179:../lufa-LUFA-111009/LUFA/Drivers/USB/Core/AVR8/../AVR8/../AVR8/USBController_AVR8.h **** 			static inline void USB_Detach(void) ATTR_ALWAYS_INLINE;
 180:../lufa-LUFA-111009/LUFA/Drivers/USB/Core/AVR8/../AVR8/../AVR8/USBController_AVR8.h **** 			static inline void USB_Detach(void)
 181:../lufa-LUFA-111009/LUFA/Drivers/USB/Core/AVR8/../AVR8/../AVR8/USBController_AVR8.h **** 			{
 182:../lufa-LUFA-111009/LUFA/Drivers/USB/Core/AVR8/../AVR8/../AVR8/USBController_AVR8.h **** 				UDCON  |=  (1 << DETACH);
 183:../lufa-LUFA-111009/LUFA/Drivers/USB/Core/AVR8/../AVR8/../AVR8/USBController_AVR8.h **** 			}
 184:../lufa-LUFA-111009/LUFA/Drivers/USB/Core/AVR8/../AVR8/../AVR8/USBController_AVR8.h **** 
 185:../lufa-LUFA-111009/LUFA/Drivers/USB/Core/AVR8/../AVR8/../AVR8/USBController_AVR8.h **** 			/** Attaches the device to the USB bus. This announces the device's presence to any attached
 186:../lufa-LUFA-111009/LUFA/Drivers/USB/Core/AVR8/../AVR8/../AVR8/USBController_AVR8.h **** 			 *  USB host, starting the enumeration process. If no host is present, attaching the device
 187:../lufa-LUFA-111009/LUFA/Drivers/USB/Core/AVR8/../AVR8/../AVR8/USBController_AVR8.h **** 			 *  will allow for enumeration once a host is connected to the device.
 188:../lufa-LUFA-111009/LUFA/Drivers/USB/Core/AVR8/../AVR8/../AVR8/USBController_AVR8.h **** 			 *
 189:../lufa-LUFA-111009/LUFA/Drivers/USB/Core/AVR8/../AVR8/../AVR8/USBController_AVR8.h **** 			 *  This is inexplicably also required for proper operation while in host mode, to enable the
 190:../lufa-LUFA-111009/LUFA/Drivers/USB/Core/AVR8/../AVR8/../AVR8/USBController_AVR8.h **** 			 *  attachment of a device to the host. This is despite the bit being located in the device-mode
 191:../lufa-LUFA-111009/LUFA/Drivers/USB/Core/AVR8/../AVR8/../AVR8/USBController_AVR8.h **** 			 *  register and despite the datasheet making no mention of its requirement in host mode.
 192:../lufa-LUFA-111009/LUFA/Drivers/USB/Core/AVR8/../AVR8/../AVR8/USBController_AVR8.h **** 			 */
 193:../lufa-LUFA-111009/LUFA/Drivers/USB/Core/AVR8/../AVR8/../AVR8/USBController_AVR8.h **** 			static inline void USB_Attach(void) ATTR_ALWAYS_INLINE;
 194:../lufa-LUFA-111009/LUFA/Drivers/USB/Core/AVR8/../AVR8/../AVR8/USBController_AVR8.h **** 			static inline void USB_Attach(void)
 195:../lufa-LUFA-111009/LUFA/Drivers/USB/Core/AVR8/../AVR8/../AVR8/USBController_AVR8.h **** 			{
 196:../lufa-LUFA-111009/LUFA/Drivers/USB/Core/AVR8/../AVR8/../AVR8/USBController_AVR8.h **** 				UDCON  &= ~(1 << DETACH);
 197:../lufa-LUFA-111009/LUFA/Drivers/USB/Core/AVR8/../AVR8/../AVR8/USBController_AVR8.h **** 			}
 198:../lufa-LUFA-111009/LUFA/Drivers/USB/Core/AVR8/../AVR8/../AVR8/USBController_AVR8.h **** 
 199:../lufa-LUFA-111009/LUFA/Drivers/USB/Core/AVR8/../AVR8/../AVR8/USBController_AVR8.h **** 		/* Function Prototypes: */
 200:../lufa-LUFA-111009/LUFA/Drivers/USB/Core/AVR8/../AVR8/../AVR8/USBController_AVR8.h **** 			/** Main function to initialize and start the USB interface. Once active, the USB interface will
 201:../lufa-LUFA-111009/LUFA/Drivers/USB/Core/AVR8/../AVR8/../AVR8/USBController_AVR8.h **** 			 *  allow for device connection to a host when in device mode, or for device enumeration while i
 202:../lufa-LUFA-111009/LUFA/Drivers/USB/Core/AVR8/../AVR8/../AVR8/USBController_AVR8.h **** 			 *  host mode.
 203:../lufa-LUFA-111009/LUFA/Drivers/USB/Core/AVR8/../AVR8/../AVR8/USBController_AVR8.h **** 			 *
 204:../lufa-LUFA-111009/LUFA/Drivers/USB/Core/AVR8/../AVR8/../AVR8/USBController_AVR8.h **** 			 *  As the USB library relies on interrupts for the device and host mode enumeration processes,
 205:../lufa-LUFA-111009/LUFA/Drivers/USB/Core/AVR8/../AVR8/../AVR8/USBController_AVR8.h **** 			 *  the user must enable global interrupts before or shortly after this function is called. In
 206:../lufa-LUFA-111009/LUFA/Drivers/USB/Core/AVR8/../AVR8/../AVR8/USBController_AVR8.h **** 			 *  device mode, interrupts must be enabled within 500ms of this function being called to ensure
 207:../lufa-LUFA-111009/LUFA/Drivers/USB/Core/AVR8/../AVR8/../AVR8/USBController_AVR8.h **** 			 *  that the host does not time out whilst enumerating the device. In host mode, interrupts may 
 208:../lufa-LUFA-111009/LUFA/Drivers/USB/Core/AVR8/../AVR8/../AVR8/USBController_AVR8.h **** 			 *  enabled at the application's leisure however enumeration will not begin of an attached devic
 209:../lufa-LUFA-111009/LUFA/Drivers/USB/Core/AVR8/../AVR8/../AVR8/USBController_AVR8.h **** 			 *  until after this has occurred.
 210:../lufa-LUFA-111009/LUFA/Drivers/USB/Core/AVR8/../AVR8/../AVR8/USBController_AVR8.h **** 			 *
 211:../lufa-LUFA-111009/LUFA/Drivers/USB/Core/AVR8/../AVR8/../AVR8/USBController_AVR8.h **** 			 *  Calling this function when the USB interface is already initialized will cause a complete US
 212:../lufa-LUFA-111009/LUFA/Drivers/USB/Core/AVR8/../AVR8/../AVR8/USBController_AVR8.h **** 			 *  interface reset and re-enumeration.
 213:../lufa-LUFA-111009/LUFA/Drivers/USB/Core/AVR8/../AVR8/../AVR8/USBController_AVR8.h **** 			 *
 214:../lufa-LUFA-111009/LUFA/Drivers/USB/Core/AVR8/../AVR8/../AVR8/USBController_AVR8.h **** 			 *  \param[in] Mode     This is a mask indicating what mode the USB interface is to be initializ
 215:../lufa-LUFA-111009/LUFA/Drivers/USB/Core/AVR8/../AVR8/../AVR8/USBController_AVR8.h **** 			 *                      from the \ref USB_Modes_t enum.
 216:../lufa-LUFA-111009/LUFA/Drivers/USB/Core/AVR8/../AVR8/../AVR8/USBController_AVR8.h **** 			 *
 217:../lufa-LUFA-111009/LUFA/Drivers/USB/Core/AVR8/../AVR8/../AVR8/USBController_AVR8.h **** 			 *  \param[in] Options  Mask indicating the options which should be used when initializing the U
 218:../lufa-LUFA-111009/LUFA/Drivers/USB/Core/AVR8/../AVR8/../AVR8/USBController_AVR8.h **** 			 *                      interface to control the USB interface's behaviour. This should be compr
 219:../lufa-LUFA-111009/LUFA/Drivers/USB/Core/AVR8/../AVR8/../AVR8/USBController_AVR8.h **** 			 *                      a \c USB_OPT_REG_* mask to control the regulator, a \c USB_OPT_*_PLL mas
 220:../lufa-LUFA-111009/LUFA/Drivers/USB/Core/AVR8/../AVR8/../AVR8/USBController_AVR8.h **** 			 *                      PLL, and a \c USB_DEVICE_OPT_* mask (when the device mode is enabled) to
 221:../lufa-LUFA-111009/LUFA/Drivers/USB/Core/AVR8/../AVR8/../AVR8/USBController_AVR8.h **** 			 *                      mode speed.
 222:../lufa-LUFA-111009/LUFA/Drivers/USB/Core/AVR8/../AVR8/../AVR8/USBController_AVR8.h **** 			 *
 223:../lufa-LUFA-111009/LUFA/Drivers/USB/Core/AVR8/../AVR8/../AVR8/USBController_AVR8.h **** 			 *  \note To reduce the FLASH requirements of the library if only device or host mode is require
 224:../lufa-LUFA-111009/LUFA/Drivers/USB/Core/AVR8/../AVR8/../AVR8/USBController_AVR8.h **** 			 *        the mode can be statically set in the project makefile by defining the token \c USB_DE
 225:../lufa-LUFA-111009/LUFA/Drivers/USB/Core/AVR8/../AVR8/../AVR8/USBController_AVR8.h **** 			 *        (for device mode) or \c USB_HOST_ONLY (for host mode), passing the token to the compil
 226:../lufa-LUFA-111009/LUFA/Drivers/USB/Core/AVR8/../AVR8/../AVR8/USBController_AVR8.h **** 			 *        via the -D switch. If the mode is statically set, this parameter does not exist in the
 227:../lufa-LUFA-111009/LUFA/Drivers/USB/Core/AVR8/../AVR8/../AVR8/USBController_AVR8.h **** 			 *        function prototype.
 228:../lufa-LUFA-111009/LUFA/Drivers/USB/Core/AVR8/../AVR8/../AVR8/USBController_AVR8.h **** 			 *        \n\n
 229:../lufa-LUFA-111009/LUFA/Drivers/USB/Core/AVR8/../AVR8/../AVR8/USBController_AVR8.h **** 			 *
 230:../lufa-LUFA-111009/LUFA/Drivers/USB/Core/AVR8/../AVR8/../AVR8/USBController_AVR8.h **** 			 *  \note To reduce the FLASH requirements of the library if only fixed settings are are require
 231:../lufa-LUFA-111009/LUFA/Drivers/USB/Core/AVR8/../AVR8/../AVR8/USBController_AVR8.h **** 			 *        the options may be set statically in the same manner as the mode (see the Mode paramet
 232:../lufa-LUFA-111009/LUFA/Drivers/USB/Core/AVR8/../AVR8/../AVR8/USBController_AVR8.h **** 			 *        this function). To statically set the USB options, pass in the \c USE_STATIC_OPTIONS t
 233:../lufa-LUFA-111009/LUFA/Drivers/USB/Core/AVR8/../AVR8/../AVR8/USBController_AVR8.h **** 			 *        defined to the appropriate options masks. When the options are statically set, this
 234:../lufa-LUFA-111009/LUFA/Drivers/USB/Core/AVR8/../AVR8/../AVR8/USBController_AVR8.h **** 			 *        parameter does not exist in the function prototype.
 235:../lufa-LUFA-111009/LUFA/Drivers/USB/Core/AVR8/../AVR8/../AVR8/USBController_AVR8.h **** 			 *        \n\n
 236:../lufa-LUFA-111009/LUFA/Drivers/USB/Core/AVR8/../AVR8/../AVR8/USBController_AVR8.h **** 			 *
 237:../lufa-LUFA-111009/LUFA/Drivers/USB/Core/AVR8/../AVR8/../AVR8/USBController_AVR8.h **** 			 *  \note The mode parameter does not exist on devices where only one mode is possible, such as 
 238:../lufa-LUFA-111009/LUFA/Drivers/USB/Core/AVR8/../AVR8/../AVR8/USBController_AVR8.h **** 			 *        AVR models which only implement the USB device mode in hardware.
 239:../lufa-LUFA-111009/LUFA/Drivers/USB/Core/AVR8/../AVR8/../AVR8/USBController_AVR8.h **** 			 *
 240:../lufa-LUFA-111009/LUFA/Drivers/USB/Core/AVR8/../AVR8/../AVR8/USBController_AVR8.h **** 			 *  \see \ref Group_Device for the \c USB_DEVICE_OPT_* masks.
 241:../lufa-LUFA-111009/LUFA/Drivers/USB/Core/AVR8/../AVR8/../AVR8/USBController_AVR8.h **** 			 */
 242:../lufa-LUFA-111009/LUFA/Drivers/USB/Core/AVR8/../AVR8/../AVR8/USBController_AVR8.h **** 			void USB_Init(
 243:../lufa-LUFA-111009/LUFA/Drivers/USB/Core/AVR8/../AVR8/../AVR8/USBController_AVR8.h **** 			               #if defined(USB_CAN_BE_BOTH) || defined(__DOXYGEN__)
 244:../lufa-LUFA-111009/LUFA/Drivers/USB/Core/AVR8/../AVR8/../AVR8/USBController_AVR8.h **** 			               const uint8_t Mode
 245:../lufa-LUFA-111009/LUFA/Drivers/USB/Core/AVR8/../AVR8/../AVR8/USBController_AVR8.h **** 			               #endif
 246:../lufa-LUFA-111009/LUFA/Drivers/USB/Core/AVR8/../AVR8/../AVR8/USBController_AVR8.h **** 
 247:../lufa-LUFA-111009/LUFA/Drivers/USB/Core/AVR8/../AVR8/../AVR8/USBController_AVR8.h **** 			               #if (defined(USB_CAN_BE_BOTH) && !defined(USE_STATIC_OPTIONS)) || defined(__DOXYG
 248:../lufa-LUFA-111009/LUFA/Drivers/USB/Core/AVR8/../AVR8/../AVR8/USBController_AVR8.h **** 			               ,
 249:../lufa-LUFA-111009/LUFA/Drivers/USB/Core/AVR8/../AVR8/../AVR8/USBController_AVR8.h **** 			               #elif (!defined(USB_CAN_BE_BOTH) && defined(USE_STATIC_OPTIONS))
 250:../lufa-LUFA-111009/LUFA/Drivers/USB/Core/AVR8/../AVR8/../AVR8/USBController_AVR8.h **** 			               void
 251:../lufa-LUFA-111009/LUFA/Drivers/USB/Core/AVR8/../AVR8/../AVR8/USBController_AVR8.h **** 			               #endif
 252:../lufa-LUFA-111009/LUFA/Drivers/USB/Core/AVR8/../AVR8/../AVR8/USBController_AVR8.h **** 
 253:../lufa-LUFA-111009/LUFA/Drivers/USB/Core/AVR8/../AVR8/../AVR8/USBController_AVR8.h **** 			               #if !defined(USE_STATIC_OPTIONS) || defined(__DOXYGEN__)
 254:../lufa-LUFA-111009/LUFA/Drivers/USB/Core/AVR8/../AVR8/../AVR8/USBController_AVR8.h **** 			               const uint8_t Options
 255:../lufa-LUFA-111009/LUFA/Drivers/USB/Core/AVR8/../AVR8/../AVR8/USBController_AVR8.h **** 			               #endif
 256:../lufa-LUFA-111009/LUFA/Drivers/USB/Core/AVR8/../AVR8/../AVR8/USBController_AVR8.h **** 			               );
 257:../lufa-LUFA-111009/LUFA/Drivers/USB/Core/AVR8/../AVR8/../AVR8/USBController_AVR8.h **** 
 258:../lufa-LUFA-111009/LUFA/Drivers/USB/Core/AVR8/../AVR8/../AVR8/USBController_AVR8.h **** 			/** Shuts down the USB interface. This turns off the USB interface after deallocating all USB FI
 259:../lufa-LUFA-111009/LUFA/Drivers/USB/Core/AVR8/../AVR8/../AVR8/USBController_AVR8.h **** 			 *  memory, endpoints and pipes. When turned off, no USB functionality can be used until the int
 260:../lufa-LUFA-111009/LUFA/Drivers/USB/Core/AVR8/../AVR8/../AVR8/USBController_AVR8.h **** 			 *  is restarted with the \ref USB_Init() function.
 261:../lufa-LUFA-111009/LUFA/Drivers/USB/Core/AVR8/../AVR8/../AVR8/USBController_AVR8.h **** 			 */
 262:../lufa-LUFA-111009/LUFA/Drivers/USB/Core/AVR8/../AVR8/../AVR8/USBController_AVR8.h **** 			void USB_Disable(void);
 263:../lufa-LUFA-111009/LUFA/Drivers/USB/Core/AVR8/../AVR8/../AVR8/USBController_AVR8.h **** 
 264:../lufa-LUFA-111009/LUFA/Drivers/USB/Core/AVR8/../AVR8/../AVR8/USBController_AVR8.h **** 			/** Resets the interface, when already initialized. This will re-enumerate the device if already
 265:../lufa-LUFA-111009/LUFA/Drivers/USB/Core/AVR8/../AVR8/../AVR8/USBController_AVR8.h **** 			 *  to a host, or re-enumerate an already attached device when in host mode.
 266:../lufa-LUFA-111009/LUFA/Drivers/USB/Core/AVR8/../AVR8/../AVR8/USBController_AVR8.h **** 			 */
 267:../lufa-LUFA-111009/LUFA/Drivers/USB/Core/AVR8/../AVR8/../AVR8/USBController_AVR8.h **** 			void USB_ResetInterface(void);
 268:../lufa-LUFA-111009/LUFA/Drivers/USB/Core/AVR8/../AVR8/../AVR8/USBController_AVR8.h **** 
 269:../lufa-LUFA-111009/LUFA/Drivers/USB/Core/AVR8/../AVR8/../AVR8/USBController_AVR8.h **** 		/* Global Variables: */
 270:../lufa-LUFA-111009/LUFA/Drivers/USB/Core/AVR8/../AVR8/../AVR8/USBController_AVR8.h **** 			#if (!defined(USB_HOST_ONLY) && !defined(USB_DEVICE_ONLY)) || defined(__DOXYGEN__)
 271:../lufa-LUFA-111009/LUFA/Drivers/USB/Core/AVR8/../AVR8/../AVR8/USBController_AVR8.h **** 				/** Indicates the mode that the USB interface is currently initialized to, a value from the
 272:../lufa-LUFA-111009/LUFA/Drivers/USB/Core/AVR8/../AVR8/../AVR8/USBController_AVR8.h **** 				 *  \ref USB_Modes_t enum.
 273:../lufa-LUFA-111009/LUFA/Drivers/USB/Core/AVR8/../AVR8/../AVR8/USBController_AVR8.h **** 				 *
 274:../lufa-LUFA-111009/LUFA/Drivers/USB/Core/AVR8/../AVR8/../AVR8/USBController_AVR8.h **** 				 *  \note This variable should be treated as read-only in the user application, and never manua
 275:../lufa-LUFA-111009/LUFA/Drivers/USB/Core/AVR8/../AVR8/../AVR8/USBController_AVR8.h **** 				 *        changed in value.
 276:../lufa-LUFA-111009/LUFA/Drivers/USB/Core/AVR8/../AVR8/../AVR8/USBController_AVR8.h **** 				 *        \n\n
 277:../lufa-LUFA-111009/LUFA/Drivers/USB/Core/AVR8/../AVR8/../AVR8/USBController_AVR8.h **** 				 *
 278:../lufa-LUFA-111009/LUFA/Drivers/USB/Core/AVR8/../AVR8/../AVR8/USBController_AVR8.h **** 				 *  \note When the controller is initialized into UID auto-detection mode, this variable will h
 279:../lufa-LUFA-111009/LUFA/Drivers/USB/Core/AVR8/../AVR8/../AVR8/USBController_AVR8.h **** 				 *        currently selected USB mode (i.e. \ref USB_MODE_Device or \ref USB_MODE_Host). If the
 280:../lufa-LUFA-111009/LUFA/Drivers/USB/Core/AVR8/../AVR8/../AVR8/USBController_AVR8.h **** 				 *        is fixed into a specific mode (either through the \c USB_DEVICE_ONLY or \c USB_HOST_O
 281:../lufa-LUFA-111009/LUFA/Drivers/USB/Core/AVR8/../AVR8/../AVR8/USBController_AVR8.h **** 				 *        options, or a limitation of the USB controller in the chosen device model) this will 
 282:../lufa-LUFA-111009/LUFA/Drivers/USB/Core/AVR8/../AVR8/../AVR8/USBController_AVR8.h **** 				 *        a constant of the appropriate value and will never evaluate to \ref USB_MODE_None eve
 283:../lufa-LUFA-111009/LUFA/Drivers/USB/Core/AVR8/../AVR8/../AVR8/USBController_AVR8.h **** 				 *        USB interface is not initialized.
 284:../lufa-LUFA-111009/LUFA/Drivers/USB/Core/AVR8/../AVR8/../AVR8/USBController_AVR8.h **** 				 */
 285:../lufa-LUFA-111009/LUFA/Drivers/USB/Core/AVR8/../AVR8/../AVR8/USBController_AVR8.h **** 				extern volatile uint8_t USB_CurrentMode;
 286:../lufa-LUFA-111009/LUFA/Drivers/USB/Core/AVR8/../AVR8/../AVR8/USBController_AVR8.h **** 			#elif defined(USB_HOST_ONLY)
 287:../lufa-LUFA-111009/LUFA/Drivers/USB/Core/AVR8/../AVR8/../AVR8/USBController_AVR8.h **** 				#define USB_CurrentMode USB_MODE_Host
 288:../lufa-LUFA-111009/LUFA/Drivers/USB/Core/AVR8/../AVR8/../AVR8/USBController_AVR8.h **** 			#elif defined(USB_DEVICE_ONLY)
 289:../lufa-LUFA-111009/LUFA/Drivers/USB/Core/AVR8/../AVR8/../AVR8/USBController_AVR8.h **** 				#define USB_CurrentMode USB_MODE_Device
 290:../lufa-LUFA-111009/LUFA/Drivers/USB/Core/AVR8/../AVR8/../AVR8/USBController_AVR8.h **** 			#endif
 291:../lufa-LUFA-111009/LUFA/Drivers/USB/Core/AVR8/../AVR8/../AVR8/USBController_AVR8.h **** 
 292:../lufa-LUFA-111009/LUFA/Drivers/USB/Core/AVR8/../AVR8/../AVR8/USBController_AVR8.h **** 			#if !defined(USE_STATIC_OPTIONS) || defined(__DOXYGEN__)
 293:../lufa-LUFA-111009/LUFA/Drivers/USB/Core/AVR8/../AVR8/../AVR8/USBController_AVR8.h **** 				/** Indicates the current USB options that the USB interface was initialized with when \ref USB
 294:../lufa-LUFA-111009/LUFA/Drivers/USB/Core/AVR8/../AVR8/../AVR8/USBController_AVR8.h **** 				 *  was called. This value will be one of the \c USB_MODE_* masks defined elsewhere in this mod
 295:../lufa-LUFA-111009/LUFA/Drivers/USB/Core/AVR8/../AVR8/../AVR8/USBController_AVR8.h **** 				 *
 296:../lufa-LUFA-111009/LUFA/Drivers/USB/Core/AVR8/../AVR8/../AVR8/USBController_AVR8.h **** 				 *  \note This variable should be treated as read-only in the user application, and never manua
 297:../lufa-LUFA-111009/LUFA/Drivers/USB/Core/AVR8/../AVR8/../AVR8/USBController_AVR8.h **** 				 *        changed in value.
 298:../lufa-LUFA-111009/LUFA/Drivers/USB/Core/AVR8/../AVR8/../AVR8/USBController_AVR8.h **** 				 */
 299:../lufa-LUFA-111009/LUFA/Drivers/USB/Core/AVR8/../AVR8/../AVR8/USBController_AVR8.h **** 				extern volatile uint8_t USB_Options;
 300:../lufa-LUFA-111009/LUFA/Drivers/USB/Core/AVR8/../AVR8/../AVR8/USBController_AVR8.h **** 			#elif defined(USE_STATIC_OPTIONS)
 301:../lufa-LUFA-111009/LUFA/Drivers/USB/Core/AVR8/../AVR8/../AVR8/USBController_AVR8.h **** 				#define USB_Options USE_STATIC_OPTIONS
 302:../lufa-LUFA-111009/LUFA/Drivers/USB/Core/AVR8/../AVR8/../AVR8/USBController_AVR8.h **** 			#endif
 303:../lufa-LUFA-111009/LUFA/Drivers/USB/Core/AVR8/../AVR8/../AVR8/USBController_AVR8.h **** 
 304:../lufa-LUFA-111009/LUFA/Drivers/USB/Core/AVR8/../AVR8/../AVR8/USBController_AVR8.h **** 		/* Enums: */
 305:../lufa-LUFA-111009/LUFA/Drivers/USB/Core/AVR8/../AVR8/../AVR8/USBController_AVR8.h **** 			/** Enum for the possible USB controller modes, for initialization via \ref USB_Init() and indic
 306:../lufa-LUFA-111009/LUFA/Drivers/USB/Core/AVR8/../AVR8/../AVR8/USBController_AVR8.h **** 			 *  user application via \ref USB_CurrentMode.
 307:../lufa-LUFA-111009/LUFA/Drivers/USB/Core/AVR8/../AVR8/../AVR8/USBController_AVR8.h **** 			 */
 308:../lufa-LUFA-111009/LUFA/Drivers/USB/Core/AVR8/../AVR8/../AVR8/USBController_AVR8.h **** 			enum USB_Modes_t
 309:../lufa-LUFA-111009/LUFA/Drivers/USB/Core/AVR8/../AVR8/../AVR8/USBController_AVR8.h **** 			{
 310:../lufa-LUFA-111009/LUFA/Drivers/USB/Core/AVR8/../AVR8/../AVR8/USBController_AVR8.h **** 				USB_MODE_None   = 0, /**< Indicates that the controller is currently not initialized in any spe
 311:../lufa-LUFA-111009/LUFA/Drivers/USB/Core/AVR8/../AVR8/../AVR8/USBController_AVR8.h **** 				USB_MODE_Device = 1, /**< Indicates that the controller is currently initialized in USB Device 
 312:../lufa-LUFA-111009/LUFA/Drivers/USB/Core/AVR8/../AVR8/../AVR8/USBController_AVR8.h **** 				USB_MODE_Host   = 2, /**< Indicates that the controller is currently initialized in USB Host mo
 313:../lufa-LUFA-111009/LUFA/Drivers/USB/Core/AVR8/../AVR8/../AVR8/USBController_AVR8.h **** 				USB_MODE_UID    = 3, /**< Indicates that the controller should determine the USB mode from the 
 314:../lufa-LUFA-111009/LUFA/Drivers/USB/Core/AVR8/../AVR8/../AVR8/USBController_AVR8.h **** 				                      *   USB connector.
 315:../lufa-LUFA-111009/LUFA/Drivers/USB/Core/AVR8/../AVR8/../AVR8/USBController_AVR8.h **** 				                      */
 316:../lufa-LUFA-111009/LUFA/Drivers/USB/Core/AVR8/../AVR8/../AVR8/USBController_AVR8.h **** 			};
 317:../lufa-LUFA-111009/LUFA/Drivers/USB/Core/AVR8/../AVR8/../AVR8/USBController_AVR8.h **** 
 318:../lufa-LUFA-111009/LUFA/Drivers/USB/Core/AVR8/../AVR8/../AVR8/USBController_AVR8.h **** 	/* Private Interface - For use in library only: */
 319:../lufa-LUFA-111009/LUFA/Drivers/USB/Core/AVR8/../AVR8/../AVR8/USBController_AVR8.h **** 	#if !defined(__DOXYGEN__)
 320:../lufa-LUFA-111009/LUFA/Drivers/USB/Core/AVR8/../AVR8/../AVR8/USBController_AVR8.h **** 		/* Function Prototypes: */
 321:../lufa-LUFA-111009/LUFA/Drivers/USB/Core/AVR8/../AVR8/../AVR8/USBController_AVR8.h **** 			#if defined(__INCLUDE_FROM_USB_CONTROLLER_C)
 322:../lufa-LUFA-111009/LUFA/Drivers/USB/Core/AVR8/../AVR8/../AVR8/USBController_AVR8.h **** 				#if defined(USB_CAN_BE_DEVICE)
 323:../lufa-LUFA-111009/LUFA/Drivers/USB/Core/AVR8/../AVR8/../AVR8/USBController_AVR8.h **** 				static void USB_Init_Device(void);
 324:../lufa-LUFA-111009/LUFA/Drivers/USB/Core/AVR8/../AVR8/../AVR8/USBController_AVR8.h **** 				#endif
 325:../lufa-LUFA-111009/LUFA/Drivers/USB/Core/AVR8/../AVR8/../AVR8/USBController_AVR8.h **** 
 326:../lufa-LUFA-111009/LUFA/Drivers/USB/Core/AVR8/../AVR8/../AVR8/USBController_AVR8.h **** 				#if defined(USB_CAN_BE_HOST)
 327:../lufa-LUFA-111009/LUFA/Drivers/USB/Core/AVR8/../AVR8/../AVR8/USBController_AVR8.h **** 				static void USB_Init_Host(void);
 328:../lufa-LUFA-111009/LUFA/Drivers/USB/Core/AVR8/../AVR8/../AVR8/USBController_AVR8.h **** 				#endif
 329:../lufa-LUFA-111009/LUFA/Drivers/USB/Core/AVR8/../AVR8/../AVR8/USBController_AVR8.h **** 			#endif
 330:../lufa-LUFA-111009/LUFA/Drivers/USB/Core/AVR8/../AVR8/../AVR8/USBController_AVR8.h **** 
 331:../lufa-LUFA-111009/LUFA/Drivers/USB/Core/AVR8/../AVR8/../AVR8/USBController_AVR8.h **** 		/* Inline Functions: */
 332:../lufa-LUFA-111009/LUFA/Drivers/USB/Core/AVR8/../AVR8/../AVR8/USBController_AVR8.h **** 			static inline void USB_PLL_On(void) ATTR_ALWAYS_INLINE;
 333:../lufa-LUFA-111009/LUFA/Drivers/USB/Core/AVR8/../AVR8/../AVR8/USBController_AVR8.h **** 			static inline void USB_PLL_On(void)
 200               		.loc 3 333 23 view .LVU40
 201               	.LBB73:
 334:../lufa-LUFA-111009/LUFA/Drivers/USB/Core/AVR8/../AVR8/../AVR8/USBController_AVR8.h **** 			{
 335:../lufa-LUFA-111009/LUFA/Drivers/USB/Core/AVR8/../AVR8/../AVR8/USBController_AVR8.h **** 				PLLCSR = USB_PLL_PSC;
 202               		.loc 3 335 5 view .LVU41
 203               		.loc 3 335 12 is_stmt 0 view .LVU42
 204 0044 80E1      		ldi r24,lo8(16)
 205 0046 89BD      		out 0x29,r24
 336:../lufa-LUFA-111009/LUFA/Drivers/USB/Core/AVR8/../AVR8/../AVR8/USBController_AVR8.h **** 				PLLCSR = (USB_PLL_PSC | (1 << PLLE));
 206               		.loc 3 336 5 is_stmt 1 view .LVU43
 207               		.loc 3 336 12 is_stmt 0 view .LVU44
 208 0048 82E1      		ldi r24,lo8(18)
 209 004a 89BD      		out 0x29,r24
 210               	.L6:
 211               	.LBE73:
 212               	.LBE72:
  96:../lufa-LUFA-111009/LUFA/Drivers/USB/Core/AVR8/USBInterrupt_AVR8.c **** 				while (!(USB_PLL_IsReady()));
 213               		.loc 1 96 12 is_stmt 1 discriminator 1 view .LVU45
 214               	.LBB74:
 215               	.LBI74:
 337:../lufa-LUFA-111009/LUFA/Drivers/USB/Core/AVR8/../AVR8/../AVR8/USBController_AVR8.h **** 			}
 338:../lufa-LUFA-111009/LUFA/Drivers/USB/Core/AVR8/../AVR8/../AVR8/USBController_AVR8.h **** 
 339:../lufa-LUFA-111009/LUFA/Drivers/USB/Core/AVR8/../AVR8/../AVR8/USBController_AVR8.h **** 			static inline void USB_PLL_Off(void) ATTR_ALWAYS_INLINE;
 340:../lufa-LUFA-111009/LUFA/Drivers/USB/Core/AVR8/../AVR8/../AVR8/USBController_AVR8.h **** 			static inline void USB_PLL_Off(void)
 341:../lufa-LUFA-111009/LUFA/Drivers/USB/Core/AVR8/../AVR8/../AVR8/USBController_AVR8.h **** 			{
 342:../lufa-LUFA-111009/LUFA/Drivers/USB/Core/AVR8/../AVR8/../AVR8/USBController_AVR8.h **** 				PLLCSR = 0;
 343:../lufa-LUFA-111009/LUFA/Drivers/USB/Core/AVR8/../AVR8/../AVR8/USBController_AVR8.h **** 			}
 344:../lufa-LUFA-111009/LUFA/Drivers/USB/Core/AVR8/../AVR8/../AVR8/USBController_AVR8.h **** 
 345:../lufa-LUFA-111009/LUFA/Drivers/USB/Core/AVR8/../AVR8/../AVR8/USBController_AVR8.h **** 			static inline bool USB_PLL_IsReady(void) ATTR_WARN_UNUSED_RESULT ATTR_ALWAYS_INLINE;
 346:../lufa-LUFA-111009/LUFA/Drivers/USB/Core/AVR8/../AVR8/../AVR8/USBController_AVR8.h **** 			static inline bool USB_PLL_IsReady(void)
 216               		.loc 3 346 23 discriminator 1 view .LVU46
 217               	.LBB75:
 347:../lufa-LUFA-111009/LUFA/Drivers/USB/Core/AVR8/../AVR8/../AVR8/USBController_AVR8.h **** 			{
 348:../lufa-LUFA-111009/LUFA/Drivers/USB/Core/AVR8/../AVR8/../AVR8/USBController_AVR8.h **** 				return ((PLLCSR & (1 << PLOCK)) ? true : false);
 218               		.loc 3 348 5 discriminator 1 view .LVU47
 219               	.LBE75:
 220               	.LBE74:
 221               		.loc 1 96 12 is_stmt 0 discriminator 1 view .LVU48
 222 004c 09B4      		in __tmp_reg__,0x29
 223 004e 00FE      		sbrs __tmp_reg__,0
 224 0050 00C0      		rjmp .L6
  97:../lufa-LUFA-111009/LUFA/Drivers/USB/Core/AVR8/USBInterrupt_AVR8.c **** 			}
  98:../lufa-LUFA-111009/LUFA/Drivers/USB/Core/AVR8/USBInterrupt_AVR8.c **** 
  99:../lufa-LUFA-111009/LUFA/Drivers/USB/Core/AVR8/USBInterrupt_AVR8.c **** 			USB_DeviceState = DEVICE_STATE_Powered;
 225               		.loc 1 99 4 is_stmt 1 view .LVU49
 226               		.loc 1 99 20 is_stmt 0 view .LVU50
 227 0052 81E0      		ldi r24,lo8(1)
 228 0054 8EBB      		out 0x1e,r24
 100:../lufa-LUFA-111009/LUFA/Drivers/USB/Core/AVR8/USBInterrupt_AVR8.c **** 			EVENT_USB_Device_Connect();
 229               		.loc 1 100 4 is_stmt 1 view .LVU51
 230 0056 0E94 0000 		call EVENT_USB_Device_Connect
 231               	.LVL6:
 232               	.L4:
 101:../lufa-LUFA-111009/LUFA/Drivers/USB/Core/AVR8/USBInterrupt_AVR8.c **** 		}
 102:../lufa-LUFA-111009/LUFA/Drivers/USB/Core/AVR8/USBInterrupt_AVR8.c **** 		else
 103:../lufa-LUFA-111009/LUFA/Drivers/USB/Core/AVR8/USBInterrupt_AVR8.c **** 		{
 104:../lufa-LUFA-111009/LUFA/Drivers/USB/Core/AVR8/USBInterrupt_AVR8.c **** 			if (!(USB_Options & USB_OPT_MANUAL_PLL))
 105:../lufa-LUFA-111009/LUFA/Drivers/USB/Core/AVR8/USBInterrupt_AVR8.c **** 			  USB_PLL_Off();
 106:../lufa-LUFA-111009/LUFA/Drivers/USB/Core/AVR8/USBInterrupt_AVR8.c **** 
 107:../lufa-LUFA-111009/LUFA/Drivers/USB/Core/AVR8/USBInterrupt_AVR8.c **** 			USB_DeviceState = DEVICE_STATE_Unattached;
 108:../lufa-LUFA-111009/LUFA/Drivers/USB/Core/AVR8/USBInterrupt_AVR8.c **** 			EVENT_USB_Device_Disconnect();
 109:../lufa-LUFA-111009/LUFA/Drivers/USB/Core/AVR8/USBInterrupt_AVR8.c **** 		}
 110:../lufa-LUFA-111009/LUFA/Drivers/USB/Core/AVR8/USBInterrupt_AVR8.c **** 	}
 111:../lufa-LUFA-111009/LUFA/Drivers/USB/Core/AVR8/USBInterrupt_AVR8.c **** 	#endif
 112:../lufa-LUFA-111009/LUFA/Drivers/USB/Core/AVR8/USBInterrupt_AVR8.c **** 
 113:../lufa-LUFA-111009/LUFA/Drivers/USB/Core/AVR8/USBInterrupt_AVR8.c **** 	if (USB_INT_HasOccurred(USB_INT_SUSPI) && USB_INT_IsEnabled(USB_INT_SUSPI))
 233               		.loc 1 113 2 view .LVU52
 234               	.LBB76:
 235               	.LBI76:
 308:../lufa-LUFA-111009/LUFA/Drivers/USB/Core/AVR8/../AVR8/USBInterrupt_AVR8.h **** 			{
 236               		.loc 2 308 23 view .LVU53
 237               	.LBB77:
 310:../lufa-LUFA-111009/LUFA/Drivers/USB/Core/AVR8/../AVR8/USBInterrupt_AVR8.h **** 				{
 238               		.loc 2 310 5 view .LVU54
 315:../lufa-LUFA-111009/LUFA/Drivers/USB/Core/AVR8/../AVR8/USBInterrupt_AVR8.h **** 					#endif
 316:../lufa-LUFA-111009/LUFA/Drivers/USB/Core/AVR8/../AVR8/USBInterrupt_AVR8.h **** 					#if defined(USB_CAN_BE_BOTH)
 317:../lufa-LUFA-111009/LUFA/Drivers/USB/Core/AVR8/../AVR8/USBInterrupt_AVR8.h **** 					case USB_INT_IDTI:
 318:../lufa-LUFA-111009/LUFA/Drivers/USB/Core/AVR8/../AVR8/USBInterrupt_AVR8.h **** 						return (USBINT & (1 << IDTI));
 319:../lufa-LUFA-111009/LUFA/Drivers/USB/Core/AVR8/../AVR8/USBInterrupt_AVR8.h **** 					#endif
 320:../lufa-LUFA-111009/LUFA/Drivers/USB/Core/AVR8/../AVR8/USBInterrupt_AVR8.h **** 					#if defined(USB_CAN_BE_DEVICE)
 321:../lufa-LUFA-111009/LUFA/Drivers/USB/Core/AVR8/../AVR8/USBInterrupt_AVR8.h **** 					case USB_INT_WAKEUPI:
 322:../lufa-LUFA-111009/LUFA/Drivers/USB/Core/AVR8/../AVR8/USBInterrupt_AVR8.h **** 						return (UDINT  & (1 << WAKEUPI));
 323:../lufa-LUFA-111009/LUFA/Drivers/USB/Core/AVR8/../AVR8/USBInterrupt_AVR8.h **** 					case USB_INT_SUSPI:
 324:../lufa-LUFA-111009/LUFA/Drivers/USB/Core/AVR8/../AVR8/USBInterrupt_AVR8.h **** 						return (UDINT  & (1 << SUSPI));
 239               		.loc 2 324 7 view .LVU55
 240               		.loc 2 324 15 is_stmt 0 view .LVU56
 241 005a 8091 E100 		lds r24,225
 242               	.LVL7:
 243               		.loc 2 324 15 view .LVU57
 244               	.LBE77:
 245               	.LBE76:
 246               		.loc 1 113 5 view .LVU58
 247 005e 80FF      		sbrs r24,0
 248 0060 00C0      		rjmp .L7
 249               	.LVL8:
 250               	.LBB78:
 251               	.LBI78:
 262:../lufa-LUFA-111009/LUFA/Drivers/USB/Core/AVR8/../AVR8/USBInterrupt_AVR8.h **** 			{
 252               		.loc 2 262 23 is_stmt 1 view .LVU59
 253               	.LBB79:
 264:../lufa-LUFA-111009/LUFA/Drivers/USB/Core/AVR8/../AVR8/USBInterrupt_AVR8.h **** 				{
 254               		.loc 2 264 5 view .LVU60
 278:../lufa-LUFA-111009/LUFA/Drivers/USB/Core/AVR8/../AVR8/USBInterrupt_AVR8.h **** 					case USB_INT_EORSTI:
 255               		.loc 2 278 7 view .LVU61
 278:../lufa-LUFA-111009/LUFA/Drivers/USB/Core/AVR8/../AVR8/USBInterrupt_AVR8.h **** 					case USB_INT_EORSTI:
 256               		.loc 2 278 15 is_stmt 0 view .LVU62
 257 0062 8091 E200 		lds r24,226
 258               	.LVL9:
 278:../lufa-LUFA-111009/LUFA/Drivers/USB/Core/AVR8/../AVR8/USBInterrupt_AVR8.h **** 					case USB_INT_EORSTI:
 259               		.loc 2 278 15 view .LVU63
 260               	.LBE79:
 261               	.LBE78:
 262               		.loc 1 113 41 view .LVU64
 263 0066 80FF      		sbrs r24,0
 264 0068 00C0      		rjmp .L7
 114:../lufa-LUFA-111009/LUFA/Drivers/USB/Core/AVR8/USBInterrupt_AVR8.c **** 	{
 115:../lufa-LUFA-111009/LUFA/Drivers/USB/Core/AVR8/USBInterrupt_AVR8.c **** 		USB_INT_Disable(USB_INT_SUSPI);
 265               		.loc 1 115 3 is_stmt 1 view .LVU65
 266               	.LVL10:
 267               	.LBB80:
 268               	.LBI80:
 146:../lufa-LUFA-111009/LUFA/Drivers/USB/Core/AVR8/../AVR8/USBInterrupt_AVR8.h **** 			{
 269               		.loc 2 146 23 view .LVU66
 270               	.LBB81:
 148:../lufa-LUFA-111009/LUFA/Drivers/USB/Core/AVR8/../AVR8/USBInterrupt_AVR8.h **** 				{
 271               		.loc 2 148 5 view .LVU67
 165:../lufa-LUFA-111009/LUFA/Drivers/USB/Core/AVR8/../AVR8/USBInterrupt_AVR8.h **** 						break;
 272               		.loc 2 165 7 view .LVU68
 165:../lufa-LUFA-111009/LUFA/Drivers/USB/Core/AVR8/../AVR8/USBInterrupt_AVR8.h **** 						break;
 273               		.loc 2 165 14 is_stmt 0 view .LVU69
 274 006a 8091 E200 		lds r24,226
 275 006e 8E7F      		andi r24,lo8(-2)
 276 0070 8093 E200 		sts 226,r24
 166:../lufa-LUFA-111009/LUFA/Drivers/USB/Core/AVR8/../AVR8/USBInterrupt_AVR8.h **** 					case USB_INT_EORSTI:
 277               		.loc 2 166 7 is_stmt 1 view .LVU70
 278               	.LVL11:
 166:../lufa-LUFA-111009/LUFA/Drivers/USB/Core/AVR8/../AVR8/USBInterrupt_AVR8.h **** 					case USB_INT_EORSTI:
 279               		.loc 2 166 7 is_stmt 0 view .LVU71
 280               	.LBE81:
 281               	.LBE80:
 116:../lufa-LUFA-111009/LUFA/Drivers/USB/Core/AVR8/USBInterrupt_AVR8.c **** 		USB_INT_Enable(USB_INT_WAKEUPI);
 282               		.loc 1 116 3 is_stmt 1 view .LVU72
 283               	.LBB82:
 284               	.LBI82:
  88:../lufa-LUFA-111009/LUFA/Drivers/USB/Core/AVR8/../AVR8/USBInterrupt_AVR8.h **** 			{
 285               		.loc 2 88 23 view .LVU73
 286               	.LBB83:
  90:../lufa-LUFA-111009/LUFA/Drivers/USB/Core/AVR8/../AVR8/USBInterrupt_AVR8.h **** 				{
 287               		.loc 2 90 5 view .LVU74
 104:../lufa-LUFA-111009/LUFA/Drivers/USB/Core/AVR8/../AVR8/USBInterrupt_AVR8.h **** 						break;
 288               		.loc 2 104 7 view .LVU75
 289 0074 8091 E200 		lds r24,226
 104:../lufa-LUFA-111009/LUFA/Drivers/USB/Core/AVR8/../AVR8/USBInterrupt_AVR8.h **** 						break;
 290               		.loc 2 104 14 is_stmt 0 view .LVU76
 291 0078 8061      		ori r24,lo8(16)
 292 007a 8093 E200 		sts 226,r24
 105:../lufa-LUFA-111009/LUFA/Drivers/USB/Core/AVR8/../AVR8/USBInterrupt_AVR8.h **** 					case USB_INT_SUSPI:
 293               		.loc 2 105 7 is_stmt 1 view .LVU77
 294               	.LVL12:
 105:../lufa-LUFA-111009/LUFA/Drivers/USB/Core/AVR8/../AVR8/USBInterrupt_AVR8.h **** 					case USB_INT_SUSPI:
 295               		.loc 2 105 7 is_stmt 0 view .LVU78
 296               	.LBE83:
 297               	.LBE82:
 117:../lufa-LUFA-111009/LUFA/Drivers/USB/Core/AVR8/USBInterrupt_AVR8.c **** 
 118:../lufa-LUFA-111009/LUFA/Drivers/USB/Core/AVR8/USBInterrupt_AVR8.c **** 		USB_CLK_Freeze();
 298               		.loc 1 118 3 is_stmt 1 view .LVU79
 299               	.LBB84:
 300               	.LBI84:
 349:../lufa-LUFA-111009/LUFA/Drivers/USB/Core/AVR8/../AVR8/../AVR8/USBController_AVR8.h **** 			}
 350:../lufa-LUFA-111009/LUFA/Drivers/USB/Core/AVR8/../AVR8/../AVR8/USBController_AVR8.h **** 
 351:../lufa-LUFA-111009/LUFA/Drivers/USB/Core/AVR8/../AVR8/../AVR8/USBController_AVR8.h **** 			static inline void USB_REG_On(void) ATTR_ALWAYS_INLINE;
 352:../lufa-LUFA-111009/LUFA/Drivers/USB/Core/AVR8/../AVR8/../AVR8/USBController_AVR8.h **** 			static inline void USB_REG_On(void)
 353:../lufa-LUFA-111009/LUFA/Drivers/USB/Core/AVR8/../AVR8/../AVR8/USBController_AVR8.h **** 			{
 354:../lufa-LUFA-111009/LUFA/Drivers/USB/Core/AVR8/../AVR8/../AVR8/USBController_AVR8.h **** 			#if defined(USB_SERIES_4_AVR) || defined(USB_SERIES_6_AVR) || defined(USB_SERIES_7_AVR)
 355:../lufa-LUFA-111009/LUFA/Drivers/USB/Core/AVR8/../AVR8/../AVR8/USBController_AVR8.h **** 				UHWCON  |=  (1 << UVREGE);
 356:../lufa-LUFA-111009/LUFA/Drivers/USB/Core/AVR8/../AVR8/../AVR8/USBController_AVR8.h **** 			#else
 357:../lufa-LUFA-111009/LUFA/Drivers/USB/Core/AVR8/../AVR8/../AVR8/USBController_AVR8.h **** 				REGCR   &= ~(1 << REGDIS);
 358:../lufa-LUFA-111009/LUFA/Drivers/USB/Core/AVR8/../AVR8/../AVR8/USBController_AVR8.h **** 			#endif
 359:../lufa-LUFA-111009/LUFA/Drivers/USB/Core/AVR8/../AVR8/../AVR8/USBController_AVR8.h **** 			}
 360:../lufa-LUFA-111009/LUFA/Drivers/USB/Core/AVR8/../AVR8/../AVR8/USBController_AVR8.h **** 
 361:../lufa-LUFA-111009/LUFA/Drivers/USB/Core/AVR8/../AVR8/../AVR8/USBController_AVR8.h **** 			static inline void USB_REG_Off(void) ATTR_ALWAYS_INLINE;
 362:../lufa-LUFA-111009/LUFA/Drivers/USB/Core/AVR8/../AVR8/../AVR8/USBController_AVR8.h **** 			static inline void USB_REG_Off(void)
 363:../lufa-LUFA-111009/LUFA/Drivers/USB/Core/AVR8/../AVR8/../AVR8/USBController_AVR8.h **** 			{
 364:../lufa-LUFA-111009/LUFA/Drivers/USB/Core/AVR8/../AVR8/../AVR8/USBController_AVR8.h **** 			#if defined(USB_SERIES_4_AVR) || defined(USB_SERIES_6_AVR) || defined(USB_SERIES_7_AVR)
 365:../lufa-LUFA-111009/LUFA/Drivers/USB/Core/AVR8/../AVR8/../AVR8/USBController_AVR8.h **** 				UHWCON  &= ~(1 << UVREGE);
 366:../lufa-LUFA-111009/LUFA/Drivers/USB/Core/AVR8/../AVR8/../AVR8/USBController_AVR8.h **** 			#else
 367:../lufa-LUFA-111009/LUFA/Drivers/USB/Core/AVR8/../AVR8/../AVR8/USBController_AVR8.h **** 				REGCR   |=  (1 << REGDIS);
 368:../lufa-LUFA-111009/LUFA/Drivers/USB/Core/AVR8/../AVR8/../AVR8/USBController_AVR8.h **** 			#endif
 369:../lufa-LUFA-111009/LUFA/Drivers/USB/Core/AVR8/../AVR8/../AVR8/USBController_AVR8.h **** 			}
 370:../lufa-LUFA-111009/LUFA/Drivers/USB/Core/AVR8/../AVR8/../AVR8/USBController_AVR8.h **** 
 371:../lufa-LUFA-111009/LUFA/Drivers/USB/Core/AVR8/../AVR8/../AVR8/USBController_AVR8.h **** 			#if defined(USB_SERIES_4_AVR) || defined(USB_SERIES_6_AVR) || defined(USB_SERIES_7_AVR)
 372:../lufa-LUFA-111009/LUFA/Drivers/USB/Core/AVR8/../AVR8/../AVR8/USBController_AVR8.h **** 			static inline void USB_OTGPAD_On(void) ATTR_ALWAYS_INLINE;
 373:../lufa-LUFA-111009/LUFA/Drivers/USB/Core/AVR8/../AVR8/../AVR8/USBController_AVR8.h **** 			static inline void USB_OTGPAD_On(void)
 374:../lufa-LUFA-111009/LUFA/Drivers/USB/Core/AVR8/../AVR8/../AVR8/USBController_AVR8.h **** 			{
 375:../lufa-LUFA-111009/LUFA/Drivers/USB/Core/AVR8/../AVR8/../AVR8/USBController_AVR8.h **** 				USBCON  |=  (1 << OTGPADE);
 376:../lufa-LUFA-111009/LUFA/Drivers/USB/Core/AVR8/../AVR8/../AVR8/USBController_AVR8.h **** 			}
 377:../lufa-LUFA-111009/LUFA/Drivers/USB/Core/AVR8/../AVR8/../AVR8/USBController_AVR8.h **** 
 378:../lufa-LUFA-111009/LUFA/Drivers/USB/Core/AVR8/../AVR8/../AVR8/USBController_AVR8.h **** 			static inline void USB_OTGPAD_Off(void) ATTR_ALWAYS_INLINE;
 379:../lufa-LUFA-111009/LUFA/Drivers/USB/Core/AVR8/../AVR8/../AVR8/USBController_AVR8.h **** 			static inline void USB_OTGPAD_Off(void)
 380:../lufa-LUFA-111009/LUFA/Drivers/USB/Core/AVR8/../AVR8/../AVR8/USBController_AVR8.h **** 			{
 381:../lufa-LUFA-111009/LUFA/Drivers/USB/Core/AVR8/../AVR8/../AVR8/USBController_AVR8.h **** 				USBCON  &= ~(1 << OTGPADE);
 382:../lufa-LUFA-111009/LUFA/Drivers/USB/Core/AVR8/../AVR8/../AVR8/USBController_AVR8.h **** 			}
 383:../lufa-LUFA-111009/LUFA/Drivers/USB/Core/AVR8/../AVR8/../AVR8/USBController_AVR8.h **** 			#endif
 384:../lufa-LUFA-111009/LUFA/Drivers/USB/Core/AVR8/../AVR8/../AVR8/USBController_AVR8.h **** 
 385:../lufa-LUFA-111009/LUFA/Drivers/USB/Core/AVR8/../AVR8/../AVR8/USBController_AVR8.h **** 			static inline void USB_CLK_Freeze(void) ATTR_ALWAYS_INLINE;
 386:../lufa-LUFA-111009/LUFA/Drivers/USB/Core/AVR8/../AVR8/../AVR8/USBController_AVR8.h **** 			static inline void USB_CLK_Freeze(void)
 301               		.loc 3 386 23 view .LVU80
 302               	.LBB85:
 387:../lufa-LUFA-111009/LUFA/Drivers/USB/Core/AVR8/../AVR8/../AVR8/USBController_AVR8.h **** 			{
 388:../lufa-LUFA-111009/LUFA/Drivers/USB/Core/AVR8/../AVR8/../AVR8/USBController_AVR8.h **** 				USBCON  |=  (1 << FRZCLK);
 303               		.loc 3 388 5 view .LVU81
 304 007e 8091 D800 		lds r24,216
 305               		.loc 3 388 13 is_stmt 0 view .LVU82
 306 0082 8062      		ori r24,lo8(32)
 307 0084 8093 D800 		sts 216,r24
 308               	.LBE85:
 309               	.LBE84:
 119:../lufa-LUFA-111009/LUFA/Drivers/USB/Core/AVR8/USBInterrupt_AVR8.c **** 
 120:../lufa-LUFA-111009/LUFA/Drivers/USB/Core/AVR8/USBInterrupt_AVR8.c **** 		if (!(USB_Options & USB_OPT_MANUAL_PLL))
 310               		.loc 1 120 3 is_stmt 1 view .LVU83
 121:../lufa-LUFA-111009/LUFA/Drivers/USB/Core/AVR8/USBInterrupt_AVR8.c **** 		  USB_PLL_Off();
 311               		.loc 1 121 5 view .LVU84
 312               	.LBB86:
 313               	.LBI86:
 340:../lufa-LUFA-111009/LUFA/Drivers/USB/Core/AVR8/../AVR8/../AVR8/USBController_AVR8.h **** 			{
 314               		.loc 3 340 23 view .LVU85
 315               	.LBB87:
 342:../lufa-LUFA-111009/LUFA/Drivers/USB/Core/AVR8/../AVR8/../AVR8/USBController_AVR8.h **** 			}
 316               		.loc 3 342 5 view .LVU86
 342:../lufa-LUFA-111009/LUFA/Drivers/USB/Core/AVR8/../AVR8/../AVR8/USBController_AVR8.h **** 			}
 317               		.loc 3 342 12 is_stmt 0 view .LVU87
 318 0088 19BC      		out 0x29,__zero_reg__
 319               	.LBE87:
 320               	.LBE86:
 122:../lufa-LUFA-111009/LUFA/Drivers/USB/Core/AVR8/USBInterrupt_AVR8.c **** 
 123:../lufa-LUFA-111009/LUFA/Drivers/USB/Core/AVR8/USBInterrupt_AVR8.c **** 		#if defined(USB_SERIES_2_AVR) && !defined(NO_LIMITED_CONTROLLER_CONNECT)
 124:../lufa-LUFA-111009/LUFA/Drivers/USB/Core/AVR8/USBInterrupt_AVR8.c **** 		USB_DeviceState = DEVICE_STATE_Unattached;
 125:../lufa-LUFA-111009/LUFA/Drivers/USB/Core/AVR8/USBInterrupt_AVR8.c **** 		EVENT_USB_Device_Disconnect();
 126:../lufa-LUFA-111009/LUFA/Drivers/USB/Core/AVR8/USBInterrupt_AVR8.c **** 		#else
 127:../lufa-LUFA-111009/LUFA/Drivers/USB/Core/AVR8/USBInterrupt_AVR8.c **** 		USB_DeviceState = DEVICE_STATE_Suspended;
 321               		.loc 1 127 3 is_stmt 1 view .LVU88
 322               		.loc 1 127 19 is_stmt 0 view .LVU89
 323 008a 85E0      		ldi r24,lo8(5)
 324 008c 8EBB      		out 0x1e,r24
 128:../lufa-LUFA-111009/LUFA/Drivers/USB/Core/AVR8/USBInterrupt_AVR8.c **** 		EVENT_USB_Device_Suspend();
 325               		.loc 1 128 3 is_stmt 1 view .LVU90
 326 008e 0E94 0000 		call EVENT_USB_Device_Suspend
 327               	.LVL13:
 328               	.L7:
 129:../lufa-LUFA-111009/LUFA/Drivers/USB/Core/AVR8/USBInterrupt_AVR8.c **** 		#endif
 130:../lufa-LUFA-111009/LUFA/Drivers/USB/Core/AVR8/USBInterrupt_AVR8.c **** 	}
 131:../lufa-LUFA-111009/LUFA/Drivers/USB/Core/AVR8/USBInterrupt_AVR8.c **** 
 132:../lufa-LUFA-111009/LUFA/Drivers/USB/Core/AVR8/USBInterrupt_AVR8.c **** 	if (USB_INT_HasOccurred(USB_INT_WAKEUPI) && USB_INT_IsEnabled(USB_INT_WAKEUPI))
 329               		.loc 1 132 2 view .LVU91
 330               	.LBB88:
 331               	.LBI88:
 308:../lufa-LUFA-111009/LUFA/Drivers/USB/Core/AVR8/../AVR8/USBInterrupt_AVR8.h **** 			{
 332               		.loc 2 308 23 view .LVU92
 333               	.LBB89:
 310:../lufa-LUFA-111009/LUFA/Drivers/USB/Core/AVR8/../AVR8/USBInterrupt_AVR8.h **** 				{
 334               		.loc 2 310 5 view .LVU93
 322:../lufa-LUFA-111009/LUFA/Drivers/USB/Core/AVR8/../AVR8/USBInterrupt_AVR8.h **** 					case USB_INT_SUSPI:
 335               		.loc 2 322 7 view .LVU94
 322:../lufa-LUFA-111009/LUFA/Drivers/USB/Core/AVR8/../AVR8/USBInterrupt_AVR8.h **** 					case USB_INT_SUSPI:
 336               		.loc 2 322 15 is_stmt 0 view .LVU95
 337 0092 8091 E100 		lds r24,225
 338               	.LVL14:
 322:../lufa-LUFA-111009/LUFA/Drivers/USB/Core/AVR8/../AVR8/USBInterrupt_AVR8.h **** 					case USB_INT_SUSPI:
 339               		.loc 2 322 15 view .LVU96
 340               	.LBE89:
 341               	.LBE88:
 342               		.loc 1 132 5 view .LVU97
 343 0096 84FF      		sbrs r24,4
 344 0098 00C0      		rjmp .L8
 345               	.LVL15:
 346               	.LBB90:
 347               	.LBI90:
 262:../lufa-LUFA-111009/LUFA/Drivers/USB/Core/AVR8/../AVR8/USBInterrupt_AVR8.h **** 			{
 348               		.loc 2 262 23 is_stmt 1 view .LVU98
 349               	.LBB91:
 264:../lufa-LUFA-111009/LUFA/Drivers/USB/Core/AVR8/../AVR8/USBInterrupt_AVR8.h **** 				{
 350               		.loc 2 264 5 view .LVU99
 276:../lufa-LUFA-111009/LUFA/Drivers/USB/Core/AVR8/../AVR8/USBInterrupt_AVR8.h **** 					case USB_INT_SUSPI:
 351               		.loc 2 276 7 view .LVU100
 276:../lufa-LUFA-111009/LUFA/Drivers/USB/Core/AVR8/../AVR8/USBInterrupt_AVR8.h **** 					case USB_INT_SUSPI:
 352               		.loc 2 276 15 is_stmt 0 view .LVU101
 353 009a 8091 E200 		lds r24,226
 354               	.LVL16:
 276:../lufa-LUFA-111009/LUFA/Drivers/USB/Core/AVR8/../AVR8/USBInterrupt_AVR8.h **** 					case USB_INT_SUSPI:
 355               		.loc 2 276 15 view .LVU102
 356               	.LBE91:
 357               	.LBE90:
 358               		.loc 1 132 43 view .LVU103
 359 009e 84FF      		sbrs r24,4
 360 00a0 00C0      		rjmp .L8
 133:../lufa-LUFA-111009/LUFA/Drivers/USB/Core/AVR8/USBInterrupt_AVR8.c **** 	{
 134:../lufa-LUFA-111009/LUFA/Drivers/USB/Core/AVR8/USBInterrupt_AVR8.c **** 		if (!(USB_Options & USB_OPT_MANUAL_PLL))
 361               		.loc 1 134 3 is_stmt 1 view .LVU104
 135:../lufa-LUFA-111009/LUFA/Drivers/USB/Core/AVR8/USBInterrupt_AVR8.c **** 		{
 136:../lufa-LUFA-111009/LUFA/Drivers/USB/Core/AVR8/USBInterrupt_AVR8.c **** 			USB_PLL_On();
 362               		.loc 1 136 4 view .LVU105
 363               	.LBB92:
 364               	.LBI92:
 333:../lufa-LUFA-111009/LUFA/Drivers/USB/Core/AVR8/../AVR8/../AVR8/USBController_AVR8.h **** 			{
 365               		.loc 3 333 23 view .LVU106
 366               	.LBB93:
 335:../lufa-LUFA-111009/LUFA/Drivers/USB/Core/AVR8/../AVR8/../AVR8/USBController_AVR8.h **** 				PLLCSR = (USB_PLL_PSC | (1 << PLLE));
 367               		.loc 3 335 5 view .LVU107
 335:../lufa-LUFA-111009/LUFA/Drivers/USB/Core/AVR8/../AVR8/../AVR8/USBController_AVR8.h **** 				PLLCSR = (USB_PLL_PSC | (1 << PLLE));
 368               		.loc 3 335 12 is_stmt 0 view .LVU108
 369 00a2 80E1      		ldi r24,lo8(16)
 370 00a4 89BD      		out 0x29,r24
 336:../lufa-LUFA-111009/LUFA/Drivers/USB/Core/AVR8/../AVR8/../AVR8/USBController_AVR8.h **** 			}
 371               		.loc 3 336 5 is_stmt 1 view .LVU109
 336:../lufa-LUFA-111009/LUFA/Drivers/USB/Core/AVR8/../AVR8/../AVR8/USBController_AVR8.h **** 			}
 372               		.loc 3 336 12 is_stmt 0 view .LVU110
 373 00a6 82E1      		ldi r24,lo8(18)
 374 00a8 89BD      		out 0x29,r24
 375               	.L9:
 376               	.LBE93:
 377               	.LBE92:
 137:../lufa-LUFA-111009/LUFA/Drivers/USB/Core/AVR8/USBInterrupt_AVR8.c **** 			while (!(USB_PLL_IsReady()));
 378               		.loc 1 137 11 is_stmt 1 discriminator 1 view .LVU111
 379               	.LBB94:
 380               	.LBI94:
 346:../lufa-LUFA-111009/LUFA/Drivers/USB/Core/AVR8/../AVR8/../AVR8/USBController_AVR8.h **** 			{
 381               		.loc 3 346 23 discriminator 1 view .LVU112
 382               	.LBB95:
 348:../lufa-LUFA-111009/LUFA/Drivers/USB/Core/AVR8/../AVR8/../AVR8/USBController_AVR8.h **** 			}
 383               		.loc 3 348 5 discriminator 1 view .LVU113
 384               	.LBE95:
 385               	.LBE94:
 386               		.loc 1 137 11 is_stmt 0 discriminator 1 view .LVU114
 387 00aa 09B4      		in __tmp_reg__,0x29
 388 00ac 00FE      		sbrs __tmp_reg__,0
 389 00ae 00C0      		rjmp .L9
 138:../lufa-LUFA-111009/LUFA/Drivers/USB/Core/AVR8/USBInterrupt_AVR8.c **** 		}
 139:../lufa-LUFA-111009/LUFA/Drivers/USB/Core/AVR8/USBInterrupt_AVR8.c **** 
 140:../lufa-LUFA-111009/LUFA/Drivers/USB/Core/AVR8/USBInterrupt_AVR8.c **** 		USB_CLK_Unfreeze();
 390               		.loc 1 140 3 is_stmt 1 view .LVU115
 391               	.LBB96:
 392               	.LBI96:
 389:../lufa-LUFA-111009/LUFA/Drivers/USB/Core/AVR8/../AVR8/../AVR8/USBController_AVR8.h **** 			}
 390:../lufa-LUFA-111009/LUFA/Drivers/USB/Core/AVR8/../AVR8/../AVR8/USBController_AVR8.h **** 
 391:../lufa-LUFA-111009/LUFA/Drivers/USB/Core/AVR8/../AVR8/../AVR8/USBController_AVR8.h **** 			static inline void USB_CLK_Unfreeze(void) ATTR_ALWAYS_INLINE;
 392:../lufa-LUFA-111009/LUFA/Drivers/USB/Core/AVR8/../AVR8/../AVR8/USBController_AVR8.h **** 			static inline void USB_CLK_Unfreeze(void)
 393               		.loc 3 392 23 view .LVU116
 394               	.LBB97:
 393:../lufa-LUFA-111009/LUFA/Drivers/USB/Core/AVR8/../AVR8/../AVR8/USBController_AVR8.h **** 			{
 394:../lufa-LUFA-111009/LUFA/Drivers/USB/Core/AVR8/../AVR8/../AVR8/USBController_AVR8.h **** 				USBCON  &= ~(1 << FRZCLK);
 395               		.loc 3 394 5 view .LVU117
 396               		.loc 3 394 13 is_stmt 0 view .LVU118
 397 00b0 8091 D800 		lds r24,216
 398 00b4 8F7D      		andi r24,lo8(-33)
 399 00b6 8093 D800 		sts 216,r24
 400               	.LBE97:
 401               	.LBE96:
 141:../lufa-LUFA-111009/LUFA/Drivers/USB/Core/AVR8/USBInterrupt_AVR8.c **** 
 142:../lufa-LUFA-111009/LUFA/Drivers/USB/Core/AVR8/USBInterrupt_AVR8.c **** 		USB_INT_Clear(USB_INT_WAKEUPI);
 402               		.loc 1 142 3 is_stmt 1 view .LVU119
 403               	.LVL17:
 404               	.LBB98:
 405               	.LBI98:
 204:../lufa-LUFA-111009/LUFA/Drivers/USB/Core/AVR8/../AVR8/USBInterrupt_AVR8.h **** 			{
 406               		.loc 2 204 23 view .LVU120
 407               	.LBB99:
 206:../lufa-LUFA-111009/LUFA/Drivers/USB/Core/AVR8/../AVR8/USBInterrupt_AVR8.h **** 				{
 408               		.loc 2 206 5 view .LVU121
 220:../lufa-LUFA-111009/LUFA/Drivers/USB/Core/AVR8/../AVR8/USBInterrupt_AVR8.h **** 						break;
 409               		.loc 2 220 7 view .LVU122
 220:../lufa-LUFA-111009/LUFA/Drivers/USB/Core/AVR8/../AVR8/USBInterrupt_AVR8.h **** 						break;
 410               		.loc 2 220 14 is_stmt 0 view .LVU123
 411 00ba 8091 E100 		lds r24,225
 412 00be 8F7E      		andi r24,lo8(-17)
 413 00c0 8093 E100 		sts 225,r24
 221:../lufa-LUFA-111009/LUFA/Drivers/USB/Core/AVR8/../AVR8/USBInterrupt_AVR8.h **** 					case USB_INT_SUSPI:
 414               		.loc 2 221 7 is_stmt 1 view .LVU124
 415               	.LVL18:
 221:../lufa-LUFA-111009/LUFA/Drivers/USB/Core/AVR8/../AVR8/USBInterrupt_AVR8.h **** 					case USB_INT_SUSPI:
 416               		.loc 2 221 7 is_stmt 0 view .LVU125
 417               	.LBE99:
 418               	.LBE98:
 143:../lufa-LUFA-111009/LUFA/Drivers/USB/Core/AVR8/USBInterrupt_AVR8.c **** 
 144:../lufa-LUFA-111009/LUFA/Drivers/USB/Core/AVR8/USBInterrupt_AVR8.c **** 		USB_INT_Disable(USB_INT_WAKEUPI);
 419               		.loc 1 144 3 is_stmt 1 view .LVU126
 420               	.LBB100:
 421               	.LBI100:
 146:../lufa-LUFA-111009/LUFA/Drivers/USB/Core/AVR8/../AVR8/USBInterrupt_AVR8.h **** 			{
 422               		.loc 2 146 23 view .LVU127
 423               	.LBB101:
 148:../lufa-LUFA-111009/LUFA/Drivers/USB/Core/AVR8/../AVR8/USBInterrupt_AVR8.h **** 				{
 424               		.loc 2 148 5 view .LVU128
 162:../lufa-LUFA-111009/LUFA/Drivers/USB/Core/AVR8/../AVR8/USBInterrupt_AVR8.h **** 						break;
 425               		.loc 2 162 7 view .LVU129
 162:../lufa-LUFA-111009/LUFA/Drivers/USB/Core/AVR8/../AVR8/USBInterrupt_AVR8.h **** 						break;
 426               		.loc 2 162 14 is_stmt 0 view .LVU130
 427 00c4 8091 E200 		lds r24,226
 428 00c8 8F7E      		andi r24,lo8(-17)
 429 00ca 8093 E200 		sts 226,r24
 163:../lufa-LUFA-111009/LUFA/Drivers/USB/Core/AVR8/../AVR8/USBInterrupt_AVR8.h **** 					case USB_INT_SUSPI:
 430               		.loc 2 163 7 is_stmt 1 view .LVU131
 431               	.LVL19:
 163:../lufa-LUFA-111009/LUFA/Drivers/USB/Core/AVR8/../AVR8/USBInterrupt_AVR8.h **** 					case USB_INT_SUSPI:
 432               		.loc 2 163 7 is_stmt 0 view .LVU132
 433               	.LBE101:
 434               	.LBE100:
 145:../lufa-LUFA-111009/LUFA/Drivers/USB/Core/AVR8/USBInterrupt_AVR8.c **** 		USB_INT_Enable(USB_INT_SUSPI);
 435               		.loc 1 145 3 is_stmt 1 view .LVU133
 436               	.LBB102:
 437               	.LBI102:
  88:../lufa-LUFA-111009/LUFA/Drivers/USB/Core/AVR8/../AVR8/USBInterrupt_AVR8.h **** 			{
 438               		.loc 2 88 23 view .LVU134
 439               	.LBB103:
  90:../lufa-LUFA-111009/LUFA/Drivers/USB/Core/AVR8/../AVR8/USBInterrupt_AVR8.h **** 				{
 440               		.loc 2 90 5 view .LVU135
 107:../lufa-LUFA-111009/LUFA/Drivers/USB/Core/AVR8/../AVR8/USBInterrupt_AVR8.h **** 						break;
 441               		.loc 2 107 7 view .LVU136
 442 00ce 8091 E200 		lds r24,226
 107:../lufa-LUFA-111009/LUFA/Drivers/USB/Core/AVR8/../AVR8/USBInterrupt_AVR8.h **** 						break;
 443               		.loc 2 107 14 is_stmt 0 view .LVU137
 444 00d2 8160      		ori r24,lo8(1)
 445 00d4 8093 E200 		sts 226,r24
 108:../lufa-LUFA-111009/LUFA/Drivers/USB/Core/AVR8/../AVR8/USBInterrupt_AVR8.h **** 					case USB_INT_EORSTI:
 446               		.loc 2 108 7 is_stmt 1 view .LVU138
 447               	.LVL20:
 108:../lufa-LUFA-111009/LUFA/Drivers/USB/Core/AVR8/../AVR8/USBInterrupt_AVR8.h **** 					case USB_INT_EORSTI:
 448               		.loc 2 108 7 is_stmt 0 view .LVU139
 449               	.LBE103:
 450               	.LBE102:
 146:../lufa-LUFA-111009/LUFA/Drivers/USB/Core/AVR8/USBInterrupt_AVR8.c **** 
 147:../lufa-LUFA-111009/LUFA/Drivers/USB/Core/AVR8/USBInterrupt_AVR8.c **** 		if (USB_Device_ConfigurationNumber)
 451               		.loc 1 147 3 is_stmt 1 view .LVU140
 452               		.loc 1 147 6 is_stmt 0 view .LVU141
 453 00d8 8091 0000 		lds r24,USB_Device_ConfigurationNumber
 454 00dc 8115      		cp r24, __zero_reg__
 455 00de 01F4      		brne .+2
 456 00e0 00C0      		rjmp .L10
 457               	.L43:
 148:../lufa-LUFA-111009/LUFA/Drivers/USB/Core/AVR8/USBInterrupt_AVR8.c **** 		  USB_DeviceState = DEVICE_STATE_Configured;
 149:../lufa-LUFA-111009/LUFA/Drivers/USB/Core/AVR8/USBInterrupt_AVR8.c **** 		else
 150:../lufa-LUFA-111009/LUFA/Drivers/USB/Core/AVR8/USBInterrupt_AVR8.c **** 		  USB_DeviceState = (USB_Device_IsAddressSet()) ? DEVICE_STATE_Configured : DEVICE_STATE_Powered;
 458               		.loc 1 150 21 view .LVU142
 459 00e2 84E0      		ldi r24,lo8(4)
 460               	.L12:
 461               		.loc 1 150 21 discriminator 4 view .LVU143
 462 00e4 8EBB      		out 0x1e,r24
 151:../lufa-LUFA-111009/LUFA/Drivers/USB/Core/AVR8/USBInterrupt_AVR8.c **** 
 152:../lufa-LUFA-111009/LUFA/Drivers/USB/Core/AVR8/USBInterrupt_AVR8.c **** 		#if defined(USB_SERIES_2_AVR) && !defined(NO_LIMITED_CONTROLLER_CONNECT)
 153:../lufa-LUFA-111009/LUFA/Drivers/USB/Core/AVR8/USBInterrupt_AVR8.c **** 		EVENT_USB_Device_Connect();
 154:../lufa-LUFA-111009/LUFA/Drivers/USB/Core/AVR8/USBInterrupt_AVR8.c **** 		#else
 155:../lufa-LUFA-111009/LUFA/Drivers/USB/Core/AVR8/USBInterrupt_AVR8.c **** 		EVENT_USB_Device_WakeUp();
 463               		.loc 1 155 3 is_stmt 1 discriminator 4 view .LVU144
 464 00e6 0E94 0000 		call EVENT_USB_Device_WakeUp
 465               	.LVL21:
 466               	.L8:
 156:../lufa-LUFA-111009/LUFA/Drivers/USB/Core/AVR8/USBInterrupt_AVR8.c **** 		#endif
 157:../lufa-LUFA-111009/LUFA/Drivers/USB/Core/AVR8/USBInterrupt_AVR8.c **** 	}
 158:../lufa-LUFA-111009/LUFA/Drivers/USB/Core/AVR8/USBInterrupt_AVR8.c **** 
 159:../lufa-LUFA-111009/LUFA/Drivers/USB/Core/AVR8/USBInterrupt_AVR8.c **** 	if (USB_INT_HasOccurred(USB_INT_EORSTI) && USB_INT_IsEnabled(USB_INT_EORSTI))
 467               		.loc 1 159 2 view .LVU145
 468               	.LBB104:
 469               	.LBI104:
 308:../lufa-LUFA-111009/LUFA/Drivers/USB/Core/AVR8/../AVR8/USBInterrupt_AVR8.h **** 			{
 470               		.loc 2 308 23 view .LVU146
 471               	.LBB105:
 310:../lufa-LUFA-111009/LUFA/Drivers/USB/Core/AVR8/../AVR8/USBInterrupt_AVR8.h **** 				{
 472               		.loc 2 310 5 view .LVU147
 325:../lufa-LUFA-111009/LUFA/Drivers/USB/Core/AVR8/../AVR8/USBInterrupt_AVR8.h **** 					case USB_INT_EORSTI:
 326:../lufa-LUFA-111009/LUFA/Drivers/USB/Core/AVR8/../AVR8/USBInterrupt_AVR8.h **** 						return (UDINT  & (1 << EORSTI));
 473               		.loc 2 326 7 view .LVU148
 474               		.loc 2 326 15 is_stmt 0 view .LVU149
 475 00ea 8091 E100 		lds r24,225
 476               	.LVL22:
 477               		.loc 2 326 15 view .LVU150
 478               	.LBE105:
 479               	.LBE104:
 480               		.loc 1 159 5 view .LVU151
 481 00ee 83FF      		sbrs r24,3
 482 00f0 00C0      		rjmp .L3
 483               	.LVL23:
 484               	.LBB106:
 485               	.LBI106:
 262:../lufa-LUFA-111009/LUFA/Drivers/USB/Core/AVR8/../AVR8/USBInterrupt_AVR8.h **** 			{
 486               		.loc 2 262 23 is_stmt 1 view .LVU152
 487               	.LBB107:
 264:../lufa-LUFA-111009/LUFA/Drivers/USB/Core/AVR8/../AVR8/USBInterrupt_AVR8.h **** 				{
 488               		.loc 2 264 5 view .LVU153
 280:../lufa-LUFA-111009/LUFA/Drivers/USB/Core/AVR8/../AVR8/USBInterrupt_AVR8.h **** 					case USB_INT_SOFI:
 489               		.loc 2 280 7 view .LVU154
 280:../lufa-LUFA-111009/LUFA/Drivers/USB/Core/AVR8/../AVR8/USBInterrupt_AVR8.h **** 					case USB_INT_SOFI:
 490               		.loc 2 280 15 is_stmt 0 view .LVU155
 491 00f2 8091 E200 		lds r24,226
 492               	.LVL24:
 280:../lufa-LUFA-111009/LUFA/Drivers/USB/Core/AVR8/../AVR8/USBInterrupt_AVR8.h **** 					case USB_INT_SOFI:
 493               		.loc 2 280 15 view .LVU156
 494               	.LBE107:
 495               	.LBE106:
 496               		.loc 1 159 42 view .LVU157
 497 00f6 83FF      		sbrs r24,3
 498 00f8 00C0      		rjmp .L3
 160:../lufa-LUFA-111009/LUFA/Drivers/USB/Core/AVR8/USBInterrupt_AVR8.c **** 	{
 161:../lufa-LUFA-111009/LUFA/Drivers/USB/Core/AVR8/USBInterrupt_AVR8.c **** 		USB_INT_Clear(USB_INT_EORSTI);
 499               		.loc 1 161 3 is_stmt 1 view .LVU158
 500               	.LVL25:
 501               	.LBB108:
 502               	.LBI108:
 204:../lufa-LUFA-111009/LUFA/Drivers/USB/Core/AVR8/../AVR8/USBInterrupt_AVR8.h **** 			{
 503               		.loc 2 204 23 view .LVU159
 504               	.LBB109:
 206:../lufa-LUFA-111009/LUFA/Drivers/USB/Core/AVR8/../AVR8/USBInterrupt_AVR8.h **** 				{
 505               		.loc 2 206 5 view .LVU160
 226:../lufa-LUFA-111009/LUFA/Drivers/USB/Core/AVR8/../AVR8/USBInterrupt_AVR8.h **** 						break;
 506               		.loc 2 226 7 view .LVU161
 226:../lufa-LUFA-111009/LUFA/Drivers/USB/Core/AVR8/../AVR8/USBInterrupt_AVR8.h **** 						break;
 507               		.loc 2 226 14 is_stmt 0 view .LVU162
 508 00fa 8091 E100 		lds r24,225
 509 00fe 877F      		andi r24,lo8(-9)
 510 0100 8093 E100 		sts 225,r24
 227:../lufa-LUFA-111009/LUFA/Drivers/USB/Core/AVR8/../AVR8/USBInterrupt_AVR8.h **** 					case USB_INT_SOFI:
 511               		.loc 2 227 7 is_stmt 1 view .LVU163
 512               	.LVL26:
 227:../lufa-LUFA-111009/LUFA/Drivers/USB/Core/AVR8/../AVR8/USBInterrupt_AVR8.h **** 					case USB_INT_SOFI:
 513               		.loc 2 227 7 is_stmt 0 view .LVU164
 514               	.LBE109:
 515               	.LBE108:
 162:../lufa-LUFA-111009/LUFA/Drivers/USB/Core/AVR8/USBInterrupt_AVR8.c **** 
 163:../lufa-LUFA-111009/LUFA/Drivers/USB/Core/AVR8/USBInterrupt_AVR8.c **** 		USB_DeviceState                = DEVICE_STATE_Default;
 516               		.loc 1 163 3 is_stmt 1 view .LVU165
 517               		.loc 1 163 34 is_stmt 0 view .LVU166
 518 0104 82E0      		ldi r24,lo8(2)
 519 0106 8EBB      		out 0x1e,r24
 164:../lufa-LUFA-111009/LUFA/Drivers/USB/Core/AVR8/USBInterrupt_AVR8.c **** 		USB_Device_ConfigurationNumber = 0;
 520               		.loc 1 164 3 is_stmt 1 view .LVU167
 521               		.loc 1 164 34 is_stmt 0 view .LVU168
 522 0108 1092 0000 		sts USB_Device_ConfigurationNumber,__zero_reg__
 165:../lufa-LUFA-111009/LUFA/Drivers/USB/Core/AVR8/USBInterrupt_AVR8.c **** 
 166:../lufa-LUFA-111009/LUFA/Drivers/USB/Core/AVR8/USBInterrupt_AVR8.c **** 		USB_INT_Clear(USB_INT_SUSPI);
 523               		.loc 1 166 3 is_stmt 1 view .LVU169
 524               	.LVL27:
 525               	.LBB110:
 526               	.LBI110:
 204:../lufa-LUFA-111009/LUFA/Drivers/USB/Core/AVR8/../AVR8/USBInterrupt_AVR8.h **** 			{
 527               		.loc 2 204 23 view .LVU170
 528               	.LBB111:
 206:../lufa-LUFA-111009/LUFA/Drivers/USB/Core/AVR8/../AVR8/USBInterrupt_AVR8.h **** 				{
 529               		.loc 2 206 5 view .LVU171
 223:../lufa-LUFA-111009/LUFA/Drivers/USB/Core/AVR8/../AVR8/USBInterrupt_AVR8.h **** 						break;
 530               		.loc 2 223 7 view .LVU172
 223:../lufa-LUFA-111009/LUFA/Drivers/USB/Core/AVR8/../AVR8/USBInterrupt_AVR8.h **** 						break;
 531               		.loc 2 223 14 is_stmt 0 view .LVU173
 532 010c 8091 E100 		lds r24,225
 533 0110 8E7F      		andi r24,lo8(-2)
 534 0112 8093 E100 		sts 225,r24
 224:../lufa-LUFA-111009/LUFA/Drivers/USB/Core/AVR8/../AVR8/USBInterrupt_AVR8.h **** 					case USB_INT_EORSTI:
 535               		.loc 2 224 7 is_stmt 1 view .LVU174
 536               	.LVL28:
 224:../lufa-LUFA-111009/LUFA/Drivers/USB/Core/AVR8/../AVR8/USBInterrupt_AVR8.h **** 					case USB_INT_EORSTI:
 537               		.loc 2 224 7 is_stmt 0 view .LVU175
 538               	.LBE111:
 539               	.LBE110:
 167:../lufa-LUFA-111009/LUFA/Drivers/USB/Core/AVR8/USBInterrupt_AVR8.c **** 		USB_INT_Disable(USB_INT_SUSPI);
 540               		.loc 1 167 3 is_stmt 1 view .LVU176
 541               	.LBB112:
 542               	.LBI112:
 146:../lufa-LUFA-111009/LUFA/Drivers/USB/Core/AVR8/../AVR8/USBInterrupt_AVR8.h **** 			{
 543               		.loc 2 146 23 view .LVU177
 544               	.LBB113:
 148:../lufa-LUFA-111009/LUFA/Drivers/USB/Core/AVR8/../AVR8/USBInterrupt_AVR8.h **** 				{
 545               		.loc 2 148 5 view .LVU178
 165:../lufa-LUFA-111009/LUFA/Drivers/USB/Core/AVR8/../AVR8/USBInterrupt_AVR8.h **** 						break;
 546               		.loc 2 165 7 view .LVU179
 165:../lufa-LUFA-111009/LUFA/Drivers/USB/Core/AVR8/../AVR8/USBInterrupt_AVR8.h **** 						break;
 547               		.loc 2 165 14 is_stmt 0 view .LVU180
 548 0116 8091 E200 		lds r24,226
 549 011a 8E7F      		andi r24,lo8(-2)
 550 011c 8093 E200 		sts 226,r24
 166:../lufa-LUFA-111009/LUFA/Drivers/USB/Core/AVR8/../AVR8/USBInterrupt_AVR8.h **** 					case USB_INT_EORSTI:
 551               		.loc 2 166 7 is_stmt 1 view .LVU181
 552               	.LVL29:
 166:../lufa-LUFA-111009/LUFA/Drivers/USB/Core/AVR8/../AVR8/USBInterrupt_AVR8.h **** 					case USB_INT_EORSTI:
 553               		.loc 2 166 7 is_stmt 0 view .LVU182
 554               	.LBE113:
 555               	.LBE112:
 168:../lufa-LUFA-111009/LUFA/Drivers/USB/Core/AVR8/USBInterrupt_AVR8.c **** 		USB_INT_Enable(USB_INT_WAKEUPI);
 556               		.loc 1 168 3 is_stmt 1 view .LVU183
 557               	.LBB114:
 558               	.LBI114:
  88:../lufa-LUFA-111009/LUFA/Drivers/USB/Core/AVR8/../AVR8/USBInterrupt_AVR8.h **** 			{
 559               		.loc 2 88 23 view .LVU184
 560               	.LBB115:
  90:../lufa-LUFA-111009/LUFA/Drivers/USB/Core/AVR8/../AVR8/USBInterrupt_AVR8.h **** 				{
 561               		.loc 2 90 5 view .LVU185
 104:../lufa-LUFA-111009/LUFA/Drivers/USB/Core/AVR8/../AVR8/USBInterrupt_AVR8.h **** 						break;
 562               		.loc 2 104 7 view .LVU186
 563 0120 8091 E200 		lds r24,226
 104:../lufa-LUFA-111009/LUFA/Drivers/USB/Core/AVR8/../AVR8/USBInterrupt_AVR8.h **** 						break;
 564               		.loc 2 104 14 is_stmt 0 view .LVU187
 565 0124 8061      		ori r24,lo8(16)
 566 0126 8093 E200 		sts 226,r24
 105:../lufa-LUFA-111009/LUFA/Drivers/USB/Core/AVR8/../AVR8/USBInterrupt_AVR8.h **** 					case USB_INT_SUSPI:
 567               		.loc 2 105 7 is_stmt 1 view .LVU188
 568               	.LVL30:
 105:../lufa-LUFA-111009/LUFA/Drivers/USB/Core/AVR8/../AVR8/USBInterrupt_AVR8.h **** 					case USB_INT_SUSPI:
 569               		.loc 2 105 7 is_stmt 0 view .LVU189
 570               	.LBE115:
 571               	.LBE114:
 572               	.LBB116:
 573               	.LBB117:
 574               		.file 4 "../lufa-LUFA-111009/LUFA/Drivers/USB/Core/AVR8/../AVR8/../AVR8/../AVR8/Endpoint_AVR8.h"
   1:../lufa-LUFA-111009/LUFA/Drivers/USB/Core/AVR8/../AVR8/../AVR8/../AVR8/Endpoint_AVR8.h **** /*
   2:../lufa-LUFA-111009/LUFA/Drivers/USB/Core/AVR8/../AVR8/../AVR8/../AVR8/Endpoint_AVR8.h ****              LUFA Library
   3:../lufa-LUFA-111009/LUFA/Drivers/USB/Core/AVR8/../AVR8/../AVR8/../AVR8/Endpoint_AVR8.h ****      Copyright (C) Dean Camera, 2011.
   4:../lufa-LUFA-111009/LUFA/Drivers/USB/Core/AVR8/../AVR8/../AVR8/../AVR8/Endpoint_AVR8.h **** 
   5:../lufa-LUFA-111009/LUFA/Drivers/USB/Core/AVR8/../AVR8/../AVR8/../AVR8/Endpoint_AVR8.h ****   dean [at] fourwalledcubicle [dot] com
   6:../lufa-LUFA-111009/LUFA/Drivers/USB/Core/AVR8/../AVR8/../AVR8/../AVR8/Endpoint_AVR8.h ****            www.lufa-lib.org
   7:../lufa-LUFA-111009/LUFA/Drivers/USB/Core/AVR8/../AVR8/../AVR8/../AVR8/Endpoint_AVR8.h **** */
   8:../lufa-LUFA-111009/LUFA/Drivers/USB/Core/AVR8/../AVR8/../AVR8/../AVR8/Endpoint_AVR8.h **** 
   9:../lufa-LUFA-111009/LUFA/Drivers/USB/Core/AVR8/../AVR8/../AVR8/../AVR8/Endpoint_AVR8.h **** /*
  10:../lufa-LUFA-111009/LUFA/Drivers/USB/Core/AVR8/../AVR8/../AVR8/../AVR8/Endpoint_AVR8.h ****   Copyright 2011  Dean Camera (dean [at] fourwalledcubicle [dot] com)
  11:../lufa-LUFA-111009/LUFA/Drivers/USB/Core/AVR8/../AVR8/../AVR8/../AVR8/Endpoint_AVR8.h **** 
  12:../lufa-LUFA-111009/LUFA/Drivers/USB/Core/AVR8/../AVR8/../AVR8/../AVR8/Endpoint_AVR8.h ****   Permission to use, copy, modify, distribute, and sell this
  13:../lufa-LUFA-111009/LUFA/Drivers/USB/Core/AVR8/../AVR8/../AVR8/../AVR8/Endpoint_AVR8.h ****   software and its documentation for any purpose is hereby granted
  14:../lufa-LUFA-111009/LUFA/Drivers/USB/Core/AVR8/../AVR8/../AVR8/../AVR8/Endpoint_AVR8.h ****   without fee, provided that the above copyright notice appear in
  15:../lufa-LUFA-111009/LUFA/Drivers/USB/Core/AVR8/../AVR8/../AVR8/../AVR8/Endpoint_AVR8.h ****   all copies and that both that the copyright notice and this
  16:../lufa-LUFA-111009/LUFA/Drivers/USB/Core/AVR8/../AVR8/../AVR8/../AVR8/Endpoint_AVR8.h ****   permission notice and warranty disclaimer appear in supporting
  17:../lufa-LUFA-111009/LUFA/Drivers/USB/Core/AVR8/../AVR8/../AVR8/../AVR8/Endpoint_AVR8.h ****   documentation, and that the name of the author not be used in
  18:../lufa-LUFA-111009/LUFA/Drivers/USB/Core/AVR8/../AVR8/../AVR8/../AVR8/Endpoint_AVR8.h ****   advertising or publicity pertaining to distribution of the
  19:../lufa-LUFA-111009/LUFA/Drivers/USB/Core/AVR8/../AVR8/../AVR8/../AVR8/Endpoint_AVR8.h ****   software without specific, written prior permission.
  20:../lufa-LUFA-111009/LUFA/Drivers/USB/Core/AVR8/../AVR8/../AVR8/../AVR8/Endpoint_AVR8.h **** 
  21:../lufa-LUFA-111009/LUFA/Drivers/USB/Core/AVR8/../AVR8/../AVR8/../AVR8/Endpoint_AVR8.h ****   The author disclaim all warranties with regard to this
  22:../lufa-LUFA-111009/LUFA/Drivers/USB/Core/AVR8/../AVR8/../AVR8/../AVR8/Endpoint_AVR8.h ****   software, including all implied warranties of merchantability
  23:../lufa-LUFA-111009/LUFA/Drivers/USB/Core/AVR8/../AVR8/../AVR8/../AVR8/Endpoint_AVR8.h ****   and fitness.  In no event shall the author be liable for any
  24:../lufa-LUFA-111009/LUFA/Drivers/USB/Core/AVR8/../AVR8/../AVR8/../AVR8/Endpoint_AVR8.h ****   special, indirect or consequential damages or any damages
  25:../lufa-LUFA-111009/LUFA/Drivers/USB/Core/AVR8/../AVR8/../AVR8/../AVR8/Endpoint_AVR8.h ****   whatsoever resulting from loss of use, data or profits, whether
  26:../lufa-LUFA-111009/LUFA/Drivers/USB/Core/AVR8/../AVR8/../AVR8/../AVR8/Endpoint_AVR8.h ****   in an action of contract, negligence or other tortious action,
  27:../lufa-LUFA-111009/LUFA/Drivers/USB/Core/AVR8/../AVR8/../AVR8/../AVR8/Endpoint_AVR8.h ****   arising out of or in connection with the use or performance of
  28:../lufa-LUFA-111009/LUFA/Drivers/USB/Core/AVR8/../AVR8/../AVR8/../AVR8/Endpoint_AVR8.h ****   this software.
  29:../lufa-LUFA-111009/LUFA/Drivers/USB/Core/AVR8/../AVR8/../AVR8/../AVR8/Endpoint_AVR8.h **** */
  30:../lufa-LUFA-111009/LUFA/Drivers/USB/Core/AVR8/../AVR8/../AVR8/../AVR8/Endpoint_AVR8.h **** 
  31:../lufa-LUFA-111009/LUFA/Drivers/USB/Core/AVR8/../AVR8/../AVR8/../AVR8/Endpoint_AVR8.h **** /** \file
  32:../lufa-LUFA-111009/LUFA/Drivers/USB/Core/AVR8/../AVR8/../AVR8/../AVR8/Endpoint_AVR8.h ****  *  \brief USB Endpoint definitions for the AVR8 microcontrollers.
  33:../lufa-LUFA-111009/LUFA/Drivers/USB/Core/AVR8/../AVR8/../AVR8/../AVR8/Endpoint_AVR8.h ****  *  \copydetails Group_EndpointManagement_AVR8
  34:../lufa-LUFA-111009/LUFA/Drivers/USB/Core/AVR8/../AVR8/../AVR8/../AVR8/Endpoint_AVR8.h ****  *
  35:../lufa-LUFA-111009/LUFA/Drivers/USB/Core/AVR8/../AVR8/../AVR8/../AVR8/Endpoint_AVR8.h ****  *  \note This file should not be included directly. It is automatically included as needed by the 
  36:../lufa-LUFA-111009/LUFA/Drivers/USB/Core/AVR8/../AVR8/../AVR8/../AVR8/Endpoint_AVR8.h ****  *        dispatch header located in LUFA/Drivers/USB/USB.h.
  37:../lufa-LUFA-111009/LUFA/Drivers/USB/Core/AVR8/../AVR8/../AVR8/../AVR8/Endpoint_AVR8.h ****  */
  38:../lufa-LUFA-111009/LUFA/Drivers/USB/Core/AVR8/../AVR8/../AVR8/../AVR8/Endpoint_AVR8.h **** 
  39:../lufa-LUFA-111009/LUFA/Drivers/USB/Core/AVR8/../AVR8/../AVR8/../AVR8/Endpoint_AVR8.h **** /** \ingroup Group_EndpointRW
  40:../lufa-LUFA-111009/LUFA/Drivers/USB/Core/AVR8/../AVR8/../AVR8/../AVR8/Endpoint_AVR8.h ****  *  \defgroup Group_EndpointRW_AVR8 Endpoint Data Reading and Writing (AVR8)
  41:../lufa-LUFA-111009/LUFA/Drivers/USB/Core/AVR8/../AVR8/../AVR8/../AVR8/Endpoint_AVR8.h ****  *  \brief Endpoint data read/write definitions for the Atmel AVR8 architecture.
  42:../lufa-LUFA-111009/LUFA/Drivers/USB/Core/AVR8/../AVR8/../AVR8/../AVR8/Endpoint_AVR8.h ****  *
  43:../lufa-LUFA-111009/LUFA/Drivers/USB/Core/AVR8/../AVR8/../AVR8/../AVR8/Endpoint_AVR8.h ****  *  Functions, macros, variables, enums and types related to data reading and writing from and to e
  44:../lufa-LUFA-111009/LUFA/Drivers/USB/Core/AVR8/../AVR8/../AVR8/../AVR8/Endpoint_AVR8.h ****  */
  45:../lufa-LUFA-111009/LUFA/Drivers/USB/Core/AVR8/../AVR8/../AVR8/../AVR8/Endpoint_AVR8.h **** 
  46:../lufa-LUFA-111009/LUFA/Drivers/USB/Core/AVR8/../AVR8/../AVR8/../AVR8/Endpoint_AVR8.h **** /** \ingroup Group_EndpointPrimitiveRW
  47:../lufa-LUFA-111009/LUFA/Drivers/USB/Core/AVR8/../AVR8/../AVR8/../AVR8/Endpoint_AVR8.h ****  *  \defgroup Group_EndpointPrimitiveRW_AVR8 Read/Write of Primitive Data Types (AVR8)
  48:../lufa-LUFA-111009/LUFA/Drivers/USB/Core/AVR8/../AVR8/../AVR8/../AVR8/Endpoint_AVR8.h ****  *  \brief Endpoint primitive read/write definitions for the Atmel AVR8 architecture.
  49:../lufa-LUFA-111009/LUFA/Drivers/USB/Core/AVR8/../AVR8/../AVR8/../AVR8/Endpoint_AVR8.h ****  *
  50:../lufa-LUFA-111009/LUFA/Drivers/USB/Core/AVR8/../AVR8/../AVR8/../AVR8/Endpoint_AVR8.h ****  *  Functions, macros, variables, enums and types related to data reading and writing of primitive 
  51:../lufa-LUFA-111009/LUFA/Drivers/USB/Core/AVR8/../AVR8/../AVR8/../AVR8/Endpoint_AVR8.h ****  *  from and to endpoints.
  52:../lufa-LUFA-111009/LUFA/Drivers/USB/Core/AVR8/../AVR8/../AVR8/../AVR8/Endpoint_AVR8.h ****  */
  53:../lufa-LUFA-111009/LUFA/Drivers/USB/Core/AVR8/../AVR8/../AVR8/../AVR8/Endpoint_AVR8.h **** 
  54:../lufa-LUFA-111009/LUFA/Drivers/USB/Core/AVR8/../AVR8/../AVR8/../AVR8/Endpoint_AVR8.h **** /** \ingroup Group_EndpointPacketManagement
  55:../lufa-LUFA-111009/LUFA/Drivers/USB/Core/AVR8/../AVR8/../AVR8/../AVR8/Endpoint_AVR8.h ****  *  \defgroup Group_EndpointPacketManagement_AVR8 Endpoint Packet Management (AVR8)
  56:../lufa-LUFA-111009/LUFA/Drivers/USB/Core/AVR8/../AVR8/../AVR8/../AVR8/Endpoint_AVR8.h ****  *  \brief Endpoint packet management definitions for the Atmel AVR8 architecture.
  57:../lufa-LUFA-111009/LUFA/Drivers/USB/Core/AVR8/../AVR8/../AVR8/../AVR8/Endpoint_AVR8.h ****  *
  58:../lufa-LUFA-111009/LUFA/Drivers/USB/Core/AVR8/../AVR8/../AVR8/../AVR8/Endpoint_AVR8.h ****  *  Functions, macros, variables, enums and types related to packet management of endpoints.
  59:../lufa-LUFA-111009/LUFA/Drivers/USB/Core/AVR8/../AVR8/../AVR8/../AVR8/Endpoint_AVR8.h ****  */
  60:../lufa-LUFA-111009/LUFA/Drivers/USB/Core/AVR8/../AVR8/../AVR8/../AVR8/Endpoint_AVR8.h **** 
  61:../lufa-LUFA-111009/LUFA/Drivers/USB/Core/AVR8/../AVR8/../AVR8/../AVR8/Endpoint_AVR8.h **** /** \ingroup Group_EndpointManagement
  62:../lufa-LUFA-111009/LUFA/Drivers/USB/Core/AVR8/../AVR8/../AVR8/../AVR8/Endpoint_AVR8.h ****  *  \defgroup Group_EndpointManagement_AVR8 Endpoint Management (AVR8)
  63:../lufa-LUFA-111009/LUFA/Drivers/USB/Core/AVR8/../AVR8/../AVR8/../AVR8/Endpoint_AVR8.h ****  *  \brief Endpoint management definitions for the Atmel AVR8 architecture.
  64:../lufa-LUFA-111009/LUFA/Drivers/USB/Core/AVR8/../AVR8/../AVR8/../AVR8/Endpoint_AVR8.h ****  *
  65:../lufa-LUFA-111009/LUFA/Drivers/USB/Core/AVR8/../AVR8/../AVR8/../AVR8/Endpoint_AVR8.h ****  *  Functions, macros and enums related to endpoint management when in USB Device mode. This
  66:../lufa-LUFA-111009/LUFA/Drivers/USB/Core/AVR8/../AVR8/../AVR8/../AVR8/Endpoint_AVR8.h ****  *  module contains the endpoint management macros, as well as endpoint interrupt and data
  67:../lufa-LUFA-111009/LUFA/Drivers/USB/Core/AVR8/../AVR8/../AVR8/../AVR8/Endpoint_AVR8.h ****  *  send/receive functions for various data types.
  68:../lufa-LUFA-111009/LUFA/Drivers/USB/Core/AVR8/../AVR8/../AVR8/../AVR8/Endpoint_AVR8.h ****  *
  69:../lufa-LUFA-111009/LUFA/Drivers/USB/Core/AVR8/../AVR8/../AVR8/../AVR8/Endpoint_AVR8.h ****  *  @{
  70:../lufa-LUFA-111009/LUFA/Drivers/USB/Core/AVR8/../AVR8/../AVR8/../AVR8/Endpoint_AVR8.h ****  */
  71:../lufa-LUFA-111009/LUFA/Drivers/USB/Core/AVR8/../AVR8/../AVR8/../AVR8/Endpoint_AVR8.h **** 
  72:../lufa-LUFA-111009/LUFA/Drivers/USB/Core/AVR8/../AVR8/../AVR8/../AVR8/Endpoint_AVR8.h **** #ifndef __ENDPOINT_AVR8_H__
  73:../lufa-LUFA-111009/LUFA/Drivers/USB/Core/AVR8/../AVR8/../AVR8/../AVR8/Endpoint_AVR8.h **** #define __ENDPOINT_AVR8_H__
  74:../lufa-LUFA-111009/LUFA/Drivers/USB/Core/AVR8/../AVR8/../AVR8/../AVR8/Endpoint_AVR8.h **** 
  75:../lufa-LUFA-111009/LUFA/Drivers/USB/Core/AVR8/../AVR8/../AVR8/../AVR8/Endpoint_AVR8.h **** 	/* Includes: */
  76:../lufa-LUFA-111009/LUFA/Drivers/USB/Core/AVR8/../AVR8/../AVR8/../AVR8/Endpoint_AVR8.h **** 		#include "../../../../Common/Common.h"
  77:../lufa-LUFA-111009/LUFA/Drivers/USB/Core/AVR8/../AVR8/../AVR8/../AVR8/Endpoint_AVR8.h **** 		#include "../USBTask.h"
  78:../lufa-LUFA-111009/LUFA/Drivers/USB/Core/AVR8/../AVR8/../AVR8/../AVR8/Endpoint_AVR8.h **** 		#include "../USBInterrupt.h"
  79:../lufa-LUFA-111009/LUFA/Drivers/USB/Core/AVR8/../AVR8/../AVR8/../AVR8/Endpoint_AVR8.h **** 
  80:../lufa-LUFA-111009/LUFA/Drivers/USB/Core/AVR8/../AVR8/../AVR8/../AVR8/Endpoint_AVR8.h **** 	/* Enable C linkage for C++ Compilers: */
  81:../lufa-LUFA-111009/LUFA/Drivers/USB/Core/AVR8/../AVR8/../AVR8/../AVR8/Endpoint_AVR8.h **** 		#if defined(__cplusplus)
  82:../lufa-LUFA-111009/LUFA/Drivers/USB/Core/AVR8/../AVR8/../AVR8/../AVR8/Endpoint_AVR8.h **** 			extern "C" {
  83:../lufa-LUFA-111009/LUFA/Drivers/USB/Core/AVR8/../AVR8/../AVR8/../AVR8/Endpoint_AVR8.h **** 		#endif
  84:../lufa-LUFA-111009/LUFA/Drivers/USB/Core/AVR8/../AVR8/../AVR8/../AVR8/Endpoint_AVR8.h **** 
  85:../lufa-LUFA-111009/LUFA/Drivers/USB/Core/AVR8/../AVR8/../AVR8/../AVR8/Endpoint_AVR8.h **** 	/* Preprocessor Checks: */
  86:../lufa-LUFA-111009/LUFA/Drivers/USB/Core/AVR8/../AVR8/../AVR8/../AVR8/Endpoint_AVR8.h **** 		#if !defined(__INCLUDE_FROM_USB_DRIVER)
  87:../lufa-LUFA-111009/LUFA/Drivers/USB/Core/AVR8/../AVR8/../AVR8/../AVR8/Endpoint_AVR8.h **** 			#error Do not include this file directly. Include LUFA/Drivers/USB/USB.h instead.
  88:../lufa-LUFA-111009/LUFA/Drivers/USB/Core/AVR8/../AVR8/../AVR8/../AVR8/Endpoint_AVR8.h **** 		#endif
  89:../lufa-LUFA-111009/LUFA/Drivers/USB/Core/AVR8/../AVR8/../AVR8/../AVR8/Endpoint_AVR8.h **** 
  90:../lufa-LUFA-111009/LUFA/Drivers/USB/Core/AVR8/../AVR8/../AVR8/../AVR8/Endpoint_AVR8.h **** 	/* Private Interface - For use in library only: */
  91:../lufa-LUFA-111009/LUFA/Drivers/USB/Core/AVR8/../AVR8/../AVR8/../AVR8/Endpoint_AVR8.h **** 	#if !defined(__DOXYGEN__)
  92:../lufa-LUFA-111009/LUFA/Drivers/USB/Core/AVR8/../AVR8/../AVR8/../AVR8/Endpoint_AVR8.h **** 		/* Macros: */
  93:../lufa-LUFA-111009/LUFA/Drivers/USB/Core/AVR8/../AVR8/../AVR8/../AVR8/Endpoint_AVR8.h **** 			#define _ENDPOINT_GET_MAXSIZE(EPIndex)         _ENDPOINT_GET_MAXSIZE2(ENDPOINT_DETAILS_EP ## EPI
  94:../lufa-LUFA-111009/LUFA/Drivers/USB/Core/AVR8/../AVR8/../AVR8/../AVR8/Endpoint_AVR8.h **** 			#define _ENDPOINT_GET_MAXSIZE2(EPDetails)      _ENDPOINT_GET_MAXSIZE3(EPDetails)
  95:../lufa-LUFA-111009/LUFA/Drivers/USB/Core/AVR8/../AVR8/../AVR8/../AVR8/Endpoint_AVR8.h **** 			#define _ENDPOINT_GET_MAXSIZE3(MaxSize, Banks) (MaxSize)
  96:../lufa-LUFA-111009/LUFA/Drivers/USB/Core/AVR8/../AVR8/../AVR8/../AVR8/Endpoint_AVR8.h **** 
  97:../lufa-LUFA-111009/LUFA/Drivers/USB/Core/AVR8/../AVR8/../AVR8/../AVR8/Endpoint_AVR8.h **** 			#define _ENDPOINT_GET_BANKS(EPIndex)           _ENDPOINT_GET_BANKS2(ENDPOINT_DETAILS_EP ## EPInd
  98:../lufa-LUFA-111009/LUFA/Drivers/USB/Core/AVR8/../AVR8/../AVR8/../AVR8/Endpoint_AVR8.h **** 			#define _ENDPOINT_GET_BANKS2(EPDetails)        _ENDPOINT_GET_BANKS3(EPDetails)
  99:../lufa-LUFA-111009/LUFA/Drivers/USB/Core/AVR8/../AVR8/../AVR8/../AVR8/Endpoint_AVR8.h **** 			#define _ENDPOINT_GET_BANKS3(MaxSize, Banks)   (Banks)
 100:../lufa-LUFA-111009/LUFA/Drivers/USB/Core/AVR8/../AVR8/../AVR8/../AVR8/Endpoint_AVR8.h **** 
 101:../lufa-LUFA-111009/LUFA/Drivers/USB/Core/AVR8/../AVR8/../AVR8/../AVR8/Endpoint_AVR8.h **** 			#if defined(USB_SERIES_4_AVR) || defined(USB_SERIES_6_AVR) || defined(USB_SERIES_7_AVR)
 102:../lufa-LUFA-111009/LUFA/Drivers/USB/Core/AVR8/../AVR8/../AVR8/../AVR8/Endpoint_AVR8.h **** 				#define ENDPOINT_DETAILS_MAXEP             7
 103:../lufa-LUFA-111009/LUFA/Drivers/USB/Core/AVR8/../AVR8/../AVR8/../AVR8/Endpoint_AVR8.h **** 
 104:../lufa-LUFA-111009/LUFA/Drivers/USB/Core/AVR8/../AVR8/../AVR8/../AVR8/Endpoint_AVR8.h **** 				#define ENDPOINT_DETAILS_EP0               64,  1
 105:../lufa-LUFA-111009/LUFA/Drivers/USB/Core/AVR8/../AVR8/../AVR8/../AVR8/Endpoint_AVR8.h **** 				#define ENDPOINT_DETAILS_EP1               256, 2
 106:../lufa-LUFA-111009/LUFA/Drivers/USB/Core/AVR8/../AVR8/../AVR8/../AVR8/Endpoint_AVR8.h **** 				#define ENDPOINT_DETAILS_EP2               64,  2
 107:../lufa-LUFA-111009/LUFA/Drivers/USB/Core/AVR8/../AVR8/../AVR8/../AVR8/Endpoint_AVR8.h **** 				#define ENDPOINT_DETAILS_EP3               64,  2
 108:../lufa-LUFA-111009/LUFA/Drivers/USB/Core/AVR8/../AVR8/../AVR8/../AVR8/Endpoint_AVR8.h **** 				#define ENDPOINT_DETAILS_EP4               64,  2
 109:../lufa-LUFA-111009/LUFA/Drivers/USB/Core/AVR8/../AVR8/../AVR8/../AVR8/Endpoint_AVR8.h **** 				#define ENDPOINT_DETAILS_EP5               64,  2
 110:../lufa-LUFA-111009/LUFA/Drivers/USB/Core/AVR8/../AVR8/../AVR8/../AVR8/Endpoint_AVR8.h **** 				#define ENDPOINT_DETAILS_EP6               64,  2
 111:../lufa-LUFA-111009/LUFA/Drivers/USB/Core/AVR8/../AVR8/../AVR8/../AVR8/Endpoint_AVR8.h **** 			#else
 112:../lufa-LUFA-111009/LUFA/Drivers/USB/Core/AVR8/../AVR8/../AVR8/../AVR8/Endpoint_AVR8.h **** 				#define ENDPOINT_DETAILS_MAXEP             5
 113:../lufa-LUFA-111009/LUFA/Drivers/USB/Core/AVR8/../AVR8/../AVR8/../AVR8/Endpoint_AVR8.h **** 
 114:../lufa-LUFA-111009/LUFA/Drivers/USB/Core/AVR8/../AVR8/../AVR8/../AVR8/Endpoint_AVR8.h **** 				#define ENDPOINT_DETAILS_EP0               64,  1
 115:../lufa-LUFA-111009/LUFA/Drivers/USB/Core/AVR8/../AVR8/../AVR8/../AVR8/Endpoint_AVR8.h **** 				#define ENDPOINT_DETAILS_EP1               64,  1
 116:../lufa-LUFA-111009/LUFA/Drivers/USB/Core/AVR8/../AVR8/../AVR8/../AVR8/Endpoint_AVR8.h **** 				#define ENDPOINT_DETAILS_EP2               64,  1
 117:../lufa-LUFA-111009/LUFA/Drivers/USB/Core/AVR8/../AVR8/../AVR8/../AVR8/Endpoint_AVR8.h **** 				#define ENDPOINT_DETAILS_EP3               64,  2
 118:../lufa-LUFA-111009/LUFA/Drivers/USB/Core/AVR8/../AVR8/../AVR8/../AVR8/Endpoint_AVR8.h **** 				#define ENDPOINT_DETAILS_EP4               64,  2
 119:../lufa-LUFA-111009/LUFA/Drivers/USB/Core/AVR8/../AVR8/../AVR8/../AVR8/Endpoint_AVR8.h **** 			#endif
 120:../lufa-LUFA-111009/LUFA/Drivers/USB/Core/AVR8/../AVR8/../AVR8/../AVR8/Endpoint_AVR8.h **** 
 121:../lufa-LUFA-111009/LUFA/Drivers/USB/Core/AVR8/../AVR8/../AVR8/../AVR8/Endpoint_AVR8.h **** 		/* Inline Functions: */
 122:../lufa-LUFA-111009/LUFA/Drivers/USB/Core/AVR8/../AVR8/../AVR8/../AVR8/Endpoint_AVR8.h **** 			static inline uint8_t Endpoint_BytesToEPSizeMask(const uint16_t Bytes) ATTR_WARN_UNUSED_RESULT A
 123:../lufa-LUFA-111009/LUFA/Drivers/USB/Core/AVR8/../AVR8/../AVR8/../AVR8/Endpoint_AVR8.h **** 			                                                                       ATTR_ALWAYS_INLINE;
 124:../lufa-LUFA-111009/LUFA/Drivers/USB/Core/AVR8/../AVR8/../AVR8/../AVR8/Endpoint_AVR8.h **** 			static inline uint8_t Endpoint_BytesToEPSizeMask(const uint16_t Bytes)
 125:../lufa-LUFA-111009/LUFA/Drivers/USB/Core/AVR8/../AVR8/../AVR8/../AVR8/Endpoint_AVR8.h **** 			{
 126:../lufa-LUFA-111009/LUFA/Drivers/USB/Core/AVR8/../AVR8/../AVR8/../AVR8/Endpoint_AVR8.h **** 				uint8_t  MaskVal    = 0;
 127:../lufa-LUFA-111009/LUFA/Drivers/USB/Core/AVR8/../AVR8/../AVR8/../AVR8/Endpoint_AVR8.h **** 				uint16_t CheckBytes = 8;
 128:../lufa-LUFA-111009/LUFA/Drivers/USB/Core/AVR8/../AVR8/../AVR8/../AVR8/Endpoint_AVR8.h **** 
 129:../lufa-LUFA-111009/LUFA/Drivers/USB/Core/AVR8/../AVR8/../AVR8/../AVR8/Endpoint_AVR8.h **** 				while (CheckBytes < Bytes)
 130:../lufa-LUFA-111009/LUFA/Drivers/USB/Core/AVR8/../AVR8/../AVR8/../AVR8/Endpoint_AVR8.h **** 				{
 131:../lufa-LUFA-111009/LUFA/Drivers/USB/Core/AVR8/../AVR8/../AVR8/../AVR8/Endpoint_AVR8.h **** 					MaskVal++;
 132:../lufa-LUFA-111009/LUFA/Drivers/USB/Core/AVR8/../AVR8/../AVR8/../AVR8/Endpoint_AVR8.h **** 					CheckBytes <<= 1;
 133:../lufa-LUFA-111009/LUFA/Drivers/USB/Core/AVR8/../AVR8/../AVR8/../AVR8/Endpoint_AVR8.h **** 				}
 134:../lufa-LUFA-111009/LUFA/Drivers/USB/Core/AVR8/../AVR8/../AVR8/../AVR8/Endpoint_AVR8.h **** 
 135:../lufa-LUFA-111009/LUFA/Drivers/USB/Core/AVR8/../AVR8/../AVR8/../AVR8/Endpoint_AVR8.h **** 				return (MaskVal << EPSIZE0);
 136:../lufa-LUFA-111009/LUFA/Drivers/USB/Core/AVR8/../AVR8/../AVR8/../AVR8/Endpoint_AVR8.h **** 			}
 137:../lufa-LUFA-111009/LUFA/Drivers/USB/Core/AVR8/../AVR8/../AVR8/../AVR8/Endpoint_AVR8.h **** 
 138:../lufa-LUFA-111009/LUFA/Drivers/USB/Core/AVR8/../AVR8/../AVR8/../AVR8/Endpoint_AVR8.h **** 		/* Function Prototypes: */
 139:../lufa-LUFA-111009/LUFA/Drivers/USB/Core/AVR8/../AVR8/../AVR8/../AVR8/Endpoint_AVR8.h **** 			void Endpoint_ClearEndpoints(void);
 140:../lufa-LUFA-111009/LUFA/Drivers/USB/Core/AVR8/../AVR8/../AVR8/../AVR8/Endpoint_AVR8.h **** 			bool Endpoint_ConfigureEndpoint_Prv(const uint8_t Number,
 141:../lufa-LUFA-111009/LUFA/Drivers/USB/Core/AVR8/../AVR8/../AVR8/../AVR8/Endpoint_AVR8.h **** 			                                    const uint8_t UECFG0XData,
 142:../lufa-LUFA-111009/LUFA/Drivers/USB/Core/AVR8/../AVR8/../AVR8/../AVR8/Endpoint_AVR8.h **** 			                                    const uint8_t UECFG1XData);
 143:../lufa-LUFA-111009/LUFA/Drivers/USB/Core/AVR8/../AVR8/../AVR8/../AVR8/Endpoint_AVR8.h **** 
 144:../lufa-LUFA-111009/LUFA/Drivers/USB/Core/AVR8/../AVR8/../AVR8/../AVR8/Endpoint_AVR8.h **** 	#endif
 145:../lufa-LUFA-111009/LUFA/Drivers/USB/Core/AVR8/../AVR8/../AVR8/../AVR8/Endpoint_AVR8.h **** 
 146:../lufa-LUFA-111009/LUFA/Drivers/USB/Core/AVR8/../AVR8/../AVR8/../AVR8/Endpoint_AVR8.h **** 	/* Public Interface - May be used in end-application: */
 147:../lufa-LUFA-111009/LUFA/Drivers/USB/Core/AVR8/../AVR8/../AVR8/../AVR8/Endpoint_AVR8.h **** 		/* Macros: */			
 148:../lufa-LUFA-111009/LUFA/Drivers/USB/Core/AVR8/../AVR8/../AVR8/../AVR8/Endpoint_AVR8.h **** 			/** \name Endpoint Bank Mode Masks */
 149:../lufa-LUFA-111009/LUFA/Drivers/USB/Core/AVR8/../AVR8/../AVR8/../AVR8/Endpoint_AVR8.h **** 			//@{
 150:../lufa-LUFA-111009/LUFA/Drivers/USB/Core/AVR8/../AVR8/../AVR8/../AVR8/Endpoint_AVR8.h **** 			/** Mask for the bank mode selection for the \ref Endpoint_ConfigureEndpoint() macro. This indic
 151:../lufa-LUFA-111009/LUFA/Drivers/USB/Core/AVR8/../AVR8/../AVR8/../AVR8/Endpoint_AVR8.h **** 			 *  that the endpoint should have one single bank, which requires less USB FIFO memory but resul
 152:../lufa-LUFA-111009/LUFA/Drivers/USB/Core/AVR8/../AVR8/../AVR8/../AVR8/Endpoint_AVR8.h **** 			 *  in slower transfers as only one USB device (the AVR or the host) can access the endpoint's
 153:../lufa-LUFA-111009/LUFA/Drivers/USB/Core/AVR8/../AVR8/../AVR8/../AVR8/Endpoint_AVR8.h **** 			 *  bank at the one time.
 154:../lufa-LUFA-111009/LUFA/Drivers/USB/Core/AVR8/../AVR8/../AVR8/../AVR8/Endpoint_AVR8.h **** 			 */
 155:../lufa-LUFA-111009/LUFA/Drivers/USB/Core/AVR8/../AVR8/../AVR8/../AVR8/Endpoint_AVR8.h **** 			#define ENDPOINT_BANK_SINGLE                    (0 << EPBK0)
 156:../lufa-LUFA-111009/LUFA/Drivers/USB/Core/AVR8/../AVR8/../AVR8/../AVR8/Endpoint_AVR8.h **** 
 157:../lufa-LUFA-111009/LUFA/Drivers/USB/Core/AVR8/../AVR8/../AVR8/../AVR8/Endpoint_AVR8.h **** 			/** Mask for the bank mode selection for the \ref Endpoint_ConfigureEndpoint() macro. This indic
 158:../lufa-LUFA-111009/LUFA/Drivers/USB/Core/AVR8/../AVR8/../AVR8/../AVR8/Endpoint_AVR8.h **** 			 *  that the endpoint should have two banks, which requires more USB FIFO memory but results
 159:../lufa-LUFA-111009/LUFA/Drivers/USB/Core/AVR8/../AVR8/../AVR8/../AVR8/Endpoint_AVR8.h **** 			 *  in faster transfers as one USB device (the AVR or the host) can access one bank while the ot
 160:../lufa-LUFA-111009/LUFA/Drivers/USB/Core/AVR8/../AVR8/../AVR8/../AVR8/Endpoint_AVR8.h **** 			 *  accesses the second bank.
 161:../lufa-LUFA-111009/LUFA/Drivers/USB/Core/AVR8/../AVR8/../AVR8/../AVR8/Endpoint_AVR8.h **** 			 */
 162:../lufa-LUFA-111009/LUFA/Drivers/USB/Core/AVR8/../AVR8/../AVR8/../AVR8/Endpoint_AVR8.h **** 			#define ENDPOINT_BANK_DOUBLE                    (1 << EPBK0)
 163:../lufa-LUFA-111009/LUFA/Drivers/USB/Core/AVR8/../AVR8/../AVR8/../AVR8/Endpoint_AVR8.h **** 			//@}
 164:../lufa-LUFA-111009/LUFA/Drivers/USB/Core/AVR8/../AVR8/../AVR8/../AVR8/Endpoint_AVR8.h **** 
 165:../lufa-LUFA-111009/LUFA/Drivers/USB/Core/AVR8/../AVR8/../AVR8/../AVR8/Endpoint_AVR8.h **** 			#if (!defined(FIXED_CONTROL_ENDPOINT_SIZE) || defined(__DOXYGEN__))
 166:../lufa-LUFA-111009/LUFA/Drivers/USB/Core/AVR8/../AVR8/../AVR8/../AVR8/Endpoint_AVR8.h **** 				/** Default size of the default control endpoint's bank, until altered by the control endpoint 
 167:../lufa-LUFA-111009/LUFA/Drivers/USB/Core/AVR8/../AVR8/../AVR8/../AVR8/Endpoint_AVR8.h **** 				 *  value in the device descriptor. Not available if the \c FIXED_CONTROL_ENDPOINT_SIZE token i
 168:../lufa-LUFA-111009/LUFA/Drivers/USB/Core/AVR8/../AVR8/../AVR8/../AVR8/Endpoint_AVR8.h **** 				 */
 169:../lufa-LUFA-111009/LUFA/Drivers/USB/Core/AVR8/../AVR8/../AVR8/../AVR8/Endpoint_AVR8.h **** 				#define ENDPOINT_CONTROLEP_DEFAULT_SIZE     8
 170:../lufa-LUFA-111009/LUFA/Drivers/USB/Core/AVR8/../AVR8/../AVR8/../AVR8/Endpoint_AVR8.h **** 			#endif
 171:../lufa-LUFA-111009/LUFA/Drivers/USB/Core/AVR8/../AVR8/../AVR8/../AVR8/Endpoint_AVR8.h **** 
 172:../lufa-LUFA-111009/LUFA/Drivers/USB/Core/AVR8/../AVR8/../AVR8/../AVR8/Endpoint_AVR8.h **** 			/** Retrieves the maximum bank size in bytes of a given endpoint.
 173:../lufa-LUFA-111009/LUFA/Drivers/USB/Core/AVR8/../AVR8/../AVR8/../AVR8/Endpoint_AVR8.h **** 			 *
 174:../lufa-LUFA-111009/LUFA/Drivers/USB/Core/AVR8/../AVR8/../AVR8/../AVR8/Endpoint_AVR8.h **** 			 *  \note This macro will only work correctly on endpoint indexes that are compile-time constant
 175:../lufa-LUFA-111009/LUFA/Drivers/USB/Core/AVR8/../AVR8/../AVR8/../AVR8/Endpoint_AVR8.h **** 			 *        defined by the preprocessor.
 176:../lufa-LUFA-111009/LUFA/Drivers/USB/Core/AVR8/../AVR8/../AVR8/../AVR8/Endpoint_AVR8.h **** 			 *
 177:../lufa-LUFA-111009/LUFA/Drivers/USB/Core/AVR8/../AVR8/../AVR8/../AVR8/Endpoint_AVR8.h **** 			 *  \param[in] EPIndex  Endpoint number, a value between 0 and (\ref ENDPOINT_TOTAL_ENDPOINTS - 
 178:../lufa-LUFA-111009/LUFA/Drivers/USB/Core/AVR8/../AVR8/../AVR8/../AVR8/Endpoint_AVR8.h **** 			 */
 179:../lufa-LUFA-111009/LUFA/Drivers/USB/Core/AVR8/../AVR8/../AVR8/../AVR8/Endpoint_AVR8.h **** 			#define ENDPOINT_MAX_SIZE(EPIndex)              _ENDPOINT_GET_MAXSIZE(EPIndex)
 180:../lufa-LUFA-111009/LUFA/Drivers/USB/Core/AVR8/../AVR8/../AVR8/../AVR8/Endpoint_AVR8.h **** 
 181:../lufa-LUFA-111009/LUFA/Drivers/USB/Core/AVR8/../AVR8/../AVR8/../AVR8/Endpoint_AVR8.h **** 			/** Retrieves the total number of banks supported by the given endpoint.
 182:../lufa-LUFA-111009/LUFA/Drivers/USB/Core/AVR8/../AVR8/../AVR8/../AVR8/Endpoint_AVR8.h **** 			 *
 183:../lufa-LUFA-111009/LUFA/Drivers/USB/Core/AVR8/../AVR8/../AVR8/../AVR8/Endpoint_AVR8.h **** 			 *  \note This macro will only work correctly on endpoint indexes that are compile-time constant
 184:../lufa-LUFA-111009/LUFA/Drivers/USB/Core/AVR8/../AVR8/../AVR8/../AVR8/Endpoint_AVR8.h **** 			 *        defined by the preprocessor.
 185:../lufa-LUFA-111009/LUFA/Drivers/USB/Core/AVR8/../AVR8/../AVR8/../AVR8/Endpoint_AVR8.h **** 			 *
 186:../lufa-LUFA-111009/LUFA/Drivers/USB/Core/AVR8/../AVR8/../AVR8/../AVR8/Endpoint_AVR8.h **** 			 *  \param[in] EPIndex  Endpoint number, a value between 0 and (\ref ENDPOINT_TOTAL_ENDPOINTS - 
 187:../lufa-LUFA-111009/LUFA/Drivers/USB/Core/AVR8/../AVR8/../AVR8/../AVR8/Endpoint_AVR8.h **** 			 */
 188:../lufa-LUFA-111009/LUFA/Drivers/USB/Core/AVR8/../AVR8/../AVR8/../AVR8/Endpoint_AVR8.h **** 			#define ENDPOINT_BANKS_SUPPORTED(EPIndex)       _ENDPOINT_GET_BANKS(EPIndex)
 189:../lufa-LUFA-111009/LUFA/Drivers/USB/Core/AVR8/../AVR8/../AVR8/../AVR8/Endpoint_AVR8.h **** 
 190:../lufa-LUFA-111009/LUFA/Drivers/USB/Core/AVR8/../AVR8/../AVR8/../AVR8/Endpoint_AVR8.h **** 			#if !defined(CONTROL_ONLY_DEVICE) || defined(__DOXYGEN__)
 191:../lufa-LUFA-111009/LUFA/Drivers/USB/Core/AVR8/../AVR8/../AVR8/../AVR8/Endpoint_AVR8.h **** 				/** Total number of endpoints (including the default control endpoint at address 0) which may
 192:../lufa-LUFA-111009/LUFA/Drivers/USB/Core/AVR8/../AVR8/../AVR8/../AVR8/Endpoint_AVR8.h **** 				 *  be used in the device. Different USB AVR models support different amounts of endpoints,
 193:../lufa-LUFA-111009/LUFA/Drivers/USB/Core/AVR8/../AVR8/../AVR8/../AVR8/Endpoint_AVR8.h **** 				 *  this value reflects the maximum number of endpoints for the currently selected AVR model.
 194:../lufa-LUFA-111009/LUFA/Drivers/USB/Core/AVR8/../AVR8/../AVR8/../AVR8/Endpoint_AVR8.h **** 				 */
 195:../lufa-LUFA-111009/LUFA/Drivers/USB/Core/AVR8/../AVR8/../AVR8/../AVR8/Endpoint_AVR8.h **** 				#define ENDPOINT_TOTAL_ENDPOINTS            ENDPOINT_DETAILS_MAXEP
 196:../lufa-LUFA-111009/LUFA/Drivers/USB/Core/AVR8/../AVR8/../AVR8/../AVR8/Endpoint_AVR8.h **** 			#else
 197:../lufa-LUFA-111009/LUFA/Drivers/USB/Core/AVR8/../AVR8/../AVR8/../AVR8/Endpoint_AVR8.h **** 				#define ENDPOINT_TOTAL_ENDPOINTS            1
 198:../lufa-LUFA-111009/LUFA/Drivers/USB/Core/AVR8/../AVR8/../AVR8/../AVR8/Endpoint_AVR8.h **** 			#endif
 199:../lufa-LUFA-111009/LUFA/Drivers/USB/Core/AVR8/../AVR8/../AVR8/../AVR8/Endpoint_AVR8.h **** 
 200:../lufa-LUFA-111009/LUFA/Drivers/USB/Core/AVR8/../AVR8/../AVR8/../AVR8/Endpoint_AVR8.h **** 		/* Enums: */
 201:../lufa-LUFA-111009/LUFA/Drivers/USB/Core/AVR8/../AVR8/../AVR8/../AVR8/Endpoint_AVR8.h **** 			/** Enum for the possible error return codes of the \ref Endpoint_WaitUntilReady() function.
 202:../lufa-LUFA-111009/LUFA/Drivers/USB/Core/AVR8/../AVR8/../AVR8/../AVR8/Endpoint_AVR8.h **** 			 *
 203:../lufa-LUFA-111009/LUFA/Drivers/USB/Core/AVR8/../AVR8/../AVR8/../AVR8/Endpoint_AVR8.h **** 			 *  \ingroup Group_EndpointRW_AVR8
 204:../lufa-LUFA-111009/LUFA/Drivers/USB/Core/AVR8/../AVR8/../AVR8/../AVR8/Endpoint_AVR8.h **** 			 */
 205:../lufa-LUFA-111009/LUFA/Drivers/USB/Core/AVR8/../AVR8/../AVR8/../AVR8/Endpoint_AVR8.h **** 			enum Endpoint_WaitUntilReady_ErrorCodes_t
 206:../lufa-LUFA-111009/LUFA/Drivers/USB/Core/AVR8/../AVR8/../AVR8/../AVR8/Endpoint_AVR8.h **** 			{
 207:../lufa-LUFA-111009/LUFA/Drivers/USB/Core/AVR8/../AVR8/../AVR8/../AVR8/Endpoint_AVR8.h **** 				ENDPOINT_READYWAIT_NoError                 = 0, /**< Endpoint is ready for next packet, no erro
 208:../lufa-LUFA-111009/LUFA/Drivers/USB/Core/AVR8/../AVR8/../AVR8/../AVR8/Endpoint_AVR8.h **** 				ENDPOINT_READYWAIT_EndpointStalled         = 1, /**< The endpoint was stalled during the stream
 209:../lufa-LUFA-111009/LUFA/Drivers/USB/Core/AVR8/../AVR8/../AVR8/../AVR8/Endpoint_AVR8.h **** 				                                                 *   transfer by the host or device.
 210:../lufa-LUFA-111009/LUFA/Drivers/USB/Core/AVR8/../AVR8/../AVR8/../AVR8/Endpoint_AVR8.h **** 				                                                 */
 211:../lufa-LUFA-111009/LUFA/Drivers/USB/Core/AVR8/../AVR8/../AVR8/../AVR8/Endpoint_AVR8.h **** 				ENDPOINT_READYWAIT_DeviceDisconnected      = 2,	/**< Device was disconnected from the host whil
 212:../lufa-LUFA-111009/LUFA/Drivers/USB/Core/AVR8/../AVR8/../AVR8/../AVR8/Endpoint_AVR8.h **** 				                                                 *   waiting for the endpoint to become ready.
 213:../lufa-LUFA-111009/LUFA/Drivers/USB/Core/AVR8/../AVR8/../AVR8/../AVR8/Endpoint_AVR8.h **** 				                                                 */
 214:../lufa-LUFA-111009/LUFA/Drivers/USB/Core/AVR8/../AVR8/../AVR8/../AVR8/Endpoint_AVR8.h **** 				ENDPOINT_READYWAIT_BusSuspended            = 3, /**< The USB bus has been suspended by the host
 215:../lufa-LUFA-111009/LUFA/Drivers/USB/Core/AVR8/../AVR8/../AVR8/../AVR8/Endpoint_AVR8.h **** 				                                                 *   no USB endpoint traffic can occur until th
 216:../lufa-LUFA-111009/LUFA/Drivers/USB/Core/AVR8/../AVR8/../AVR8/../AVR8/Endpoint_AVR8.h **** 				                                                 *   has resumed.
 217:../lufa-LUFA-111009/LUFA/Drivers/USB/Core/AVR8/../AVR8/../AVR8/../AVR8/Endpoint_AVR8.h **** 				                                                 */
 218:../lufa-LUFA-111009/LUFA/Drivers/USB/Core/AVR8/../AVR8/../AVR8/../AVR8/Endpoint_AVR8.h **** 				ENDPOINT_READYWAIT_Timeout                 = 4, /**< The host failed to accept or send the next
 219:../lufa-LUFA-111009/LUFA/Drivers/USB/Core/AVR8/../AVR8/../AVR8/../AVR8/Endpoint_AVR8.h **** 				                                                 *   within the software timeout period set by 
 220:../lufa-LUFA-111009/LUFA/Drivers/USB/Core/AVR8/../AVR8/../AVR8/../AVR8/Endpoint_AVR8.h **** 				                                                 *   \ref USB_STREAM_TIMEOUT_MS macro.
 221:../lufa-LUFA-111009/LUFA/Drivers/USB/Core/AVR8/../AVR8/../AVR8/../AVR8/Endpoint_AVR8.h **** 				                                                 */
 222:../lufa-LUFA-111009/LUFA/Drivers/USB/Core/AVR8/../AVR8/../AVR8/../AVR8/Endpoint_AVR8.h **** 			};
 223:../lufa-LUFA-111009/LUFA/Drivers/USB/Core/AVR8/../AVR8/../AVR8/../AVR8/Endpoint_AVR8.h **** 
 224:../lufa-LUFA-111009/LUFA/Drivers/USB/Core/AVR8/../AVR8/../AVR8/../AVR8/Endpoint_AVR8.h **** 		/* Inline Functions: */
 225:../lufa-LUFA-111009/LUFA/Drivers/USB/Core/AVR8/../AVR8/../AVR8/../AVR8/Endpoint_AVR8.h **** 			/** Configures the specified endpoint number with the given endpoint type, direction, bank size
 226:../lufa-LUFA-111009/LUFA/Drivers/USB/Core/AVR8/../AVR8/../AVR8/../AVR8/Endpoint_AVR8.h **** 			 *  and banking mode. Once configured, the endpoint may be read from or written to, depending
 227:../lufa-LUFA-111009/LUFA/Drivers/USB/Core/AVR8/../AVR8/../AVR8/../AVR8/Endpoint_AVR8.h **** 			 *  on its direction.
 228:../lufa-LUFA-111009/LUFA/Drivers/USB/Core/AVR8/../AVR8/../AVR8/../AVR8/Endpoint_AVR8.h **** 			 *
 229:../lufa-LUFA-111009/LUFA/Drivers/USB/Core/AVR8/../AVR8/../AVR8/../AVR8/Endpoint_AVR8.h **** 			 *  \param[in] Number     Endpoint number to configure. This must be more than 0 and less than
 230:../lufa-LUFA-111009/LUFA/Drivers/USB/Core/AVR8/../AVR8/../AVR8/../AVR8/Endpoint_AVR8.h **** 			 *                        \ref ENDPOINT_TOTAL_ENDPOINTS.
 231:../lufa-LUFA-111009/LUFA/Drivers/USB/Core/AVR8/../AVR8/../AVR8/../AVR8/Endpoint_AVR8.h **** 			 *
 232:../lufa-LUFA-111009/LUFA/Drivers/USB/Core/AVR8/../AVR8/../AVR8/../AVR8/Endpoint_AVR8.h **** 			 *  \param[in] Type       Type of endpoint to configure, a \c EP_TYPE_* mask. Not all endpoint t
 233:../lufa-LUFA-111009/LUFA/Drivers/USB/Core/AVR8/../AVR8/../AVR8/../AVR8/Endpoint_AVR8.h **** 			 *                        are available on Low Speed USB devices - refer to the USB 2.0 specific
 234:../lufa-LUFA-111009/LUFA/Drivers/USB/Core/AVR8/../AVR8/../AVR8/../AVR8/Endpoint_AVR8.h **** 			 *
 235:../lufa-LUFA-111009/LUFA/Drivers/USB/Core/AVR8/../AVR8/../AVR8/../AVR8/Endpoint_AVR8.h **** 			 *  \param[in] Direction  Endpoint data direction, either \ref ENDPOINT_DIR_OUT or \ref ENDPOINT
 236:../lufa-LUFA-111009/LUFA/Drivers/USB/Core/AVR8/../AVR8/../AVR8/../AVR8/Endpoint_AVR8.h **** 			 *                        All endpoints (except Control type) are unidirectional - data may only
 237:../lufa-LUFA-111009/LUFA/Drivers/USB/Core/AVR8/../AVR8/../AVR8/../AVR8/Endpoint_AVR8.h **** 			 *                        from or written to the endpoint bank based on its direction, not both.
 238:../lufa-LUFA-111009/LUFA/Drivers/USB/Core/AVR8/../AVR8/../AVR8/../AVR8/Endpoint_AVR8.h **** 			 *
 239:../lufa-LUFA-111009/LUFA/Drivers/USB/Core/AVR8/../AVR8/../AVR8/../AVR8/Endpoint_AVR8.h **** 			 *  \param[in] Size       Size of the endpoint's bank, where packets are stored before they are 
 240:../lufa-LUFA-111009/LUFA/Drivers/USB/Core/AVR8/../AVR8/../AVR8/../AVR8/Endpoint_AVR8.h **** 			 *                        to the USB host, or after they have been received from the USB host (d
 241:../lufa-LUFA-111009/LUFA/Drivers/USB/Core/AVR8/../AVR8/../AVR8/../AVR8/Endpoint_AVR8.h **** 			 *                        the endpoint's data direction). The bank size must indicate the maximu
 242:../lufa-LUFA-111009/LUFA/Drivers/USB/Core/AVR8/../AVR8/../AVR8/../AVR8/Endpoint_AVR8.h **** 			 *                        that the endpoint can handle.
 243:../lufa-LUFA-111009/LUFA/Drivers/USB/Core/AVR8/../AVR8/../AVR8/../AVR8/Endpoint_AVR8.h **** 			 *
 244:../lufa-LUFA-111009/LUFA/Drivers/USB/Core/AVR8/../AVR8/../AVR8/../AVR8/Endpoint_AVR8.h **** 			 *  \param[in] Banks      Number of banks to use for the endpoint being configured, an \c ENDPOI
 245:../lufa-LUFA-111009/LUFA/Drivers/USB/Core/AVR8/../AVR8/../AVR8/../AVR8/Endpoint_AVR8.h **** 			 *                        More banks uses more USB DPRAM, but offers better performance. Isochro
 246:../lufa-LUFA-111009/LUFA/Drivers/USB/Core/AVR8/../AVR8/../AVR8/../AVR8/Endpoint_AVR8.h **** 			 *                        endpoints <b>must</b> have at least two banks.
 247:../lufa-LUFA-111009/LUFA/Drivers/USB/Core/AVR8/../AVR8/../AVR8/../AVR8/Endpoint_AVR8.h **** 			 *
 248:../lufa-LUFA-111009/LUFA/Drivers/USB/Core/AVR8/../AVR8/../AVR8/../AVR8/Endpoint_AVR8.h **** 			 *  \note When the \c ORDERED_EP_CONFIG compile time option is used, Endpoints <b>must</b> be co
 249:../lufa-LUFA-111009/LUFA/Drivers/USB/Core/AVR8/../AVR8/../AVR8/../AVR8/Endpoint_AVR8.h **** 			 *        ascending order, or bank corruption will occur.
 250:../lufa-LUFA-111009/LUFA/Drivers/USB/Core/AVR8/../AVR8/../AVR8/../AVR8/Endpoint_AVR8.h **** 			 *        \n\n
 251:../lufa-LUFA-111009/LUFA/Drivers/USB/Core/AVR8/../AVR8/../AVR8/../AVR8/Endpoint_AVR8.h **** 			 *
 252:../lufa-LUFA-111009/LUFA/Drivers/USB/Core/AVR8/../AVR8/../AVR8/../AVR8/Endpoint_AVR8.h **** 			 *  \note Different endpoints may have different maximum packet sizes based on the endpoint's in
 253:../lufa-LUFA-111009/LUFA/Drivers/USB/Core/AVR8/../AVR8/../AVR8/../AVR8/Endpoint_AVR8.h **** 			 *        the chosen microcontroller model's datasheet to determine the maximum bank size for ea
 254:../lufa-LUFA-111009/LUFA/Drivers/USB/Core/AVR8/../AVR8/../AVR8/../AVR8/Endpoint_AVR8.h **** 			 *        \n\n
 255:../lufa-LUFA-111009/LUFA/Drivers/USB/Core/AVR8/../AVR8/../AVR8/../AVR8/Endpoint_AVR8.h **** 			 *
 256:../lufa-LUFA-111009/LUFA/Drivers/USB/Core/AVR8/../AVR8/../AVR8/../AVR8/Endpoint_AVR8.h **** 			 *  \note The default control endpoint should not be manually configured by the user application
 257:../lufa-LUFA-111009/LUFA/Drivers/USB/Core/AVR8/../AVR8/../AVR8/../AVR8/Endpoint_AVR8.h **** 			 *        it is automatically configured by the library internally.
 258:../lufa-LUFA-111009/LUFA/Drivers/USB/Core/AVR8/../AVR8/../AVR8/../AVR8/Endpoint_AVR8.h **** 			 *        \n\n
 259:../lufa-LUFA-111009/LUFA/Drivers/USB/Core/AVR8/../AVR8/../AVR8/../AVR8/Endpoint_AVR8.h **** 			 *
 260:../lufa-LUFA-111009/LUFA/Drivers/USB/Core/AVR8/../AVR8/../AVR8/../AVR8/Endpoint_AVR8.h **** 			 *  \note This routine will automatically select the specified endpoint upon success. Upon failu
 261:../lufa-LUFA-111009/LUFA/Drivers/USB/Core/AVR8/../AVR8/../AVR8/../AVR8/Endpoint_AVR8.h **** 			 *        which failed to reconfigure correctly will be selected.
 262:../lufa-LUFA-111009/LUFA/Drivers/USB/Core/AVR8/../AVR8/../AVR8/../AVR8/Endpoint_AVR8.h **** 			 *
 263:../lufa-LUFA-111009/LUFA/Drivers/USB/Core/AVR8/../AVR8/../AVR8/../AVR8/Endpoint_AVR8.h **** 			 *  \return Boolean \c true if the configuration succeeded, \c false otherwise.
 264:../lufa-LUFA-111009/LUFA/Drivers/USB/Core/AVR8/../AVR8/../AVR8/../AVR8/Endpoint_AVR8.h **** 			 */
 265:../lufa-LUFA-111009/LUFA/Drivers/USB/Core/AVR8/../AVR8/../AVR8/../AVR8/Endpoint_AVR8.h **** 			static inline bool Endpoint_ConfigureEndpoint(const uint8_t Number,
 266:../lufa-LUFA-111009/LUFA/Drivers/USB/Core/AVR8/../AVR8/../AVR8/../AVR8/Endpoint_AVR8.h **** 			                                              const uint8_t Type,
 267:../lufa-LUFA-111009/LUFA/Drivers/USB/Core/AVR8/../AVR8/../AVR8/../AVR8/Endpoint_AVR8.h **** 			                                              const uint8_t Direction,
 268:../lufa-LUFA-111009/LUFA/Drivers/USB/Core/AVR8/../AVR8/../AVR8/../AVR8/Endpoint_AVR8.h **** 			                                              const uint16_t Size,
 269:../lufa-LUFA-111009/LUFA/Drivers/USB/Core/AVR8/../AVR8/../AVR8/../AVR8/Endpoint_AVR8.h **** 			                                              const uint8_t Banks) ATTR_ALWAYS_INLINE;
 270:../lufa-LUFA-111009/LUFA/Drivers/USB/Core/AVR8/../AVR8/../AVR8/../AVR8/Endpoint_AVR8.h **** 			static inline bool Endpoint_ConfigureEndpoint(const uint8_t Number,
 271:../lufa-LUFA-111009/LUFA/Drivers/USB/Core/AVR8/../AVR8/../AVR8/../AVR8/Endpoint_AVR8.h **** 			                                              const uint8_t Type,
 272:../lufa-LUFA-111009/LUFA/Drivers/USB/Core/AVR8/../AVR8/../AVR8/../AVR8/Endpoint_AVR8.h **** 			                                              const uint8_t Direction,
 273:../lufa-LUFA-111009/LUFA/Drivers/USB/Core/AVR8/../AVR8/../AVR8/../AVR8/Endpoint_AVR8.h **** 			                                              const uint16_t Size,
 274:../lufa-LUFA-111009/LUFA/Drivers/USB/Core/AVR8/../AVR8/../AVR8/../AVR8/Endpoint_AVR8.h **** 			                                              const uint8_t Banks)
 275:../lufa-LUFA-111009/LUFA/Drivers/USB/Core/AVR8/../AVR8/../AVR8/../AVR8/Endpoint_AVR8.h **** 			{
 276:../lufa-LUFA-111009/LUFA/Drivers/USB/Core/AVR8/../AVR8/../AVR8/../AVR8/Endpoint_AVR8.h **** 				return Endpoint_ConfigureEndpoint_Prv(Number, ((Type << EPTYPE0) | (Direction ? (1 << EPDIR) : 
 575               		.loc 4 276 12 view .LVU190
 576 012a 42E0      		ldi r20,lo8(2)
 577 012c 60E0      		ldi r22,0
 578 012e 80E0      		ldi r24,0
 579 0130 0E94 0000 		call Endpoint_ConfigureEndpoint_Prv
 580               	.LVL31:
 581               	.LBE117:
 582               	.LBE116:
 169:../lufa-LUFA-111009/LUFA/Drivers/USB/Core/AVR8/USBInterrupt_AVR8.c **** 
 170:../lufa-LUFA-111009/LUFA/Drivers/USB/Core/AVR8/USBInterrupt_AVR8.c **** 		Endpoint_ConfigureEndpoint(ENDPOINT_CONTROLEP, EP_TYPE_CONTROL,
 171:../lufa-LUFA-111009/LUFA/Drivers/USB/Core/AVR8/USBInterrupt_AVR8.c **** 		                           ENDPOINT_DIR_OUT, USB_Device_ControlEndpointSize,
 172:../lufa-LUFA-111009/LUFA/Drivers/USB/Core/AVR8/USBInterrupt_AVR8.c **** 		                           ENDPOINT_BANK_SINGLE);
 173:../lufa-LUFA-111009/LUFA/Drivers/USB/Core/AVR8/USBInterrupt_AVR8.c **** 
 174:../lufa-LUFA-111009/LUFA/Drivers/USB/Core/AVR8/USBInterrupt_AVR8.c **** 		#if defined(INTERRUPT_CONTROL_ENDPOINT)
 175:../lufa-LUFA-111009/LUFA/Drivers/USB/Core/AVR8/USBInterrupt_AVR8.c **** 		USB_INT_Enable(USB_INT_RXSTPI);
 176:../lufa-LUFA-111009/LUFA/Drivers/USB/Core/AVR8/USBInterrupt_AVR8.c **** 		#endif
 177:../lufa-LUFA-111009/LUFA/Drivers/USB/Core/AVR8/USBInterrupt_AVR8.c **** 
 178:../lufa-LUFA-111009/LUFA/Drivers/USB/Core/AVR8/USBInterrupt_AVR8.c **** 		EVENT_USB_Device_Reset();
 583               		.loc 1 178 3 is_stmt 1 view .LVU191
 584 0134 0E94 0000 		call EVENT_USB_Device_Reset
 585               	.LVL32:
 586               	.L3:
 587               	/* epilogue start */
 179:../lufa-LUFA-111009/LUFA/Drivers/USB/Core/AVR8/USBInterrupt_AVR8.c **** 	}
 180:../lufa-LUFA-111009/LUFA/Drivers/USB/Core/AVR8/USBInterrupt_AVR8.c **** 	#endif
 181:../lufa-LUFA-111009/LUFA/Drivers/USB/Core/AVR8/USBInterrupt_AVR8.c **** 
 182:../lufa-LUFA-111009/LUFA/Drivers/USB/Core/AVR8/USBInterrupt_AVR8.c **** 	#if defined(USB_CAN_BE_HOST)
 183:../lufa-LUFA-111009/LUFA/Drivers/USB/Core/AVR8/USBInterrupt_AVR8.c **** 	#if !defined(NO_SOF_EVENTS)
 184:../lufa-LUFA-111009/LUFA/Drivers/USB/Core/AVR8/USBInterrupt_AVR8.c **** 	if (USB_INT_HasOccurred(USB_INT_HSOFI) && USB_INT_IsEnabled(USB_INT_HSOFI))
 185:../lufa-LUFA-111009/LUFA/Drivers/USB/Core/AVR8/USBInterrupt_AVR8.c **** 	{
 186:../lufa-LUFA-111009/LUFA/Drivers/USB/Core/AVR8/USBInterrupt_AVR8.c **** 		USB_INT_Clear(USB_INT_HSOFI);
 187:../lufa-LUFA-111009/LUFA/Drivers/USB/Core/AVR8/USBInterrupt_AVR8.c **** 
 188:../lufa-LUFA-111009/LUFA/Drivers/USB/Core/AVR8/USBInterrupt_AVR8.c **** 		EVENT_USB_Host_StartOfFrame();
 189:../lufa-LUFA-111009/LUFA/Drivers/USB/Core/AVR8/USBInterrupt_AVR8.c **** 	}
 190:../lufa-LUFA-111009/LUFA/Drivers/USB/Core/AVR8/USBInterrupt_AVR8.c **** 	#endif
 191:../lufa-LUFA-111009/LUFA/Drivers/USB/Core/AVR8/USBInterrupt_AVR8.c **** 
 192:../lufa-LUFA-111009/LUFA/Drivers/USB/Core/AVR8/USBInterrupt_AVR8.c **** 	if (USB_INT_HasOccurred(USB_INT_DDISCI) && USB_INT_IsEnabled(USB_INT_DDISCI))
 193:../lufa-LUFA-111009/LUFA/Drivers/USB/Core/AVR8/USBInterrupt_AVR8.c **** 	{
 194:../lufa-LUFA-111009/LUFA/Drivers/USB/Core/AVR8/USBInterrupt_AVR8.c **** 		USB_INT_Clear(USB_INT_DDISCI);
 195:../lufa-LUFA-111009/LUFA/Drivers/USB/Core/AVR8/USBInterrupt_AVR8.c **** 		USB_INT_Clear(USB_INT_DCONNI);
 196:../lufa-LUFA-111009/LUFA/Drivers/USB/Core/AVR8/USBInterrupt_AVR8.c **** 		USB_INT_Disable(USB_INT_DDISCI);
 197:../lufa-LUFA-111009/LUFA/Drivers/USB/Core/AVR8/USBInterrupt_AVR8.c **** 
 198:../lufa-LUFA-111009/LUFA/Drivers/USB/Core/AVR8/USBInterrupt_AVR8.c **** 		EVENT_USB_Host_DeviceUnattached();
 199:../lufa-LUFA-111009/LUFA/Drivers/USB/Core/AVR8/USBInterrupt_AVR8.c **** 
 200:../lufa-LUFA-111009/LUFA/Drivers/USB/Core/AVR8/USBInterrupt_AVR8.c **** 		USB_ResetInterface();
 201:../lufa-LUFA-111009/LUFA/Drivers/USB/Core/AVR8/USBInterrupt_AVR8.c **** 	}
 202:../lufa-LUFA-111009/LUFA/Drivers/USB/Core/AVR8/USBInterrupt_AVR8.c **** 
 203:../lufa-LUFA-111009/LUFA/Drivers/USB/Core/AVR8/USBInterrupt_AVR8.c **** 	if (USB_INT_HasOccurred(USB_INT_VBERRI) && USB_INT_IsEnabled(USB_INT_VBERRI))
 204:../lufa-LUFA-111009/LUFA/Drivers/USB/Core/AVR8/USBInterrupt_AVR8.c **** 	{
 205:../lufa-LUFA-111009/LUFA/Drivers/USB/Core/AVR8/USBInterrupt_AVR8.c **** 		USB_INT_Clear(USB_INT_VBERRI);
 206:../lufa-LUFA-111009/LUFA/Drivers/USB/Core/AVR8/USBInterrupt_AVR8.c **** 
 207:../lufa-LUFA-111009/LUFA/Drivers/USB/Core/AVR8/USBInterrupt_AVR8.c **** 		USB_Host_VBUS_Manual_Off();
 208:../lufa-LUFA-111009/LUFA/Drivers/USB/Core/AVR8/USBInterrupt_AVR8.c **** 		USB_Host_VBUS_Auto_Off();
 209:../lufa-LUFA-111009/LUFA/Drivers/USB/Core/AVR8/USBInterrupt_AVR8.c **** 
 210:../lufa-LUFA-111009/LUFA/Drivers/USB/Core/AVR8/USBInterrupt_AVR8.c **** 		EVENT_USB_Host_HostError(HOST_ERROR_VBusVoltageDip);
 211:../lufa-LUFA-111009/LUFA/Drivers/USB/Core/AVR8/USBInterrupt_AVR8.c **** 		EVENT_USB_Host_DeviceUnattached();
 212:../lufa-LUFA-111009/LUFA/Drivers/USB/Core/AVR8/USBInterrupt_AVR8.c **** 
 213:../lufa-LUFA-111009/LUFA/Drivers/USB/Core/AVR8/USBInterrupt_AVR8.c **** 		USB_HostState = HOST_STATE_Unattached;
 214:../lufa-LUFA-111009/LUFA/Drivers/USB/Core/AVR8/USBInterrupt_AVR8.c **** 	}
 215:../lufa-LUFA-111009/LUFA/Drivers/USB/Core/AVR8/USBInterrupt_AVR8.c **** 
 216:../lufa-LUFA-111009/LUFA/Drivers/USB/Core/AVR8/USBInterrupt_AVR8.c **** 	if (USB_INT_HasOccurred(USB_INT_SRPI) && USB_INT_IsEnabled(USB_INT_SRPI))
 217:../lufa-LUFA-111009/LUFA/Drivers/USB/Core/AVR8/USBInterrupt_AVR8.c **** 	{
 218:../lufa-LUFA-111009/LUFA/Drivers/USB/Core/AVR8/USBInterrupt_AVR8.c **** 		USB_INT_Clear(USB_INT_SRPI);
 219:../lufa-LUFA-111009/LUFA/Drivers/USB/Core/AVR8/USBInterrupt_AVR8.c **** 		USB_INT_Disable(USB_INT_SRPI);
 220:../lufa-LUFA-111009/LUFA/Drivers/USB/Core/AVR8/USBInterrupt_AVR8.c **** 
 221:../lufa-LUFA-111009/LUFA/Drivers/USB/Core/AVR8/USBInterrupt_AVR8.c **** 		EVENT_USB_Host_DeviceAttached();
 222:../lufa-LUFA-111009/LUFA/Drivers/USB/Core/AVR8/USBInterrupt_AVR8.c **** 
 223:../lufa-LUFA-111009/LUFA/Drivers/USB/Core/AVR8/USBInterrupt_AVR8.c **** 		USB_INT_Enable(USB_INT_DDISCI);
 224:../lufa-LUFA-111009/LUFA/Drivers/USB/Core/AVR8/USBInterrupt_AVR8.c **** 
 225:../lufa-LUFA-111009/LUFA/Drivers/USB/Core/AVR8/USBInterrupt_AVR8.c **** 		USB_HostState = HOST_STATE_Powered;
 226:../lufa-LUFA-111009/LUFA/Drivers/USB/Core/AVR8/USBInterrupt_AVR8.c **** 	}
 227:../lufa-LUFA-111009/LUFA/Drivers/USB/Core/AVR8/USBInterrupt_AVR8.c **** 
 228:../lufa-LUFA-111009/LUFA/Drivers/USB/Core/AVR8/USBInterrupt_AVR8.c **** 	if (USB_INT_HasOccurred(USB_INT_BCERRI) && USB_INT_IsEnabled(USB_INT_BCERRI))
 229:../lufa-LUFA-111009/LUFA/Drivers/USB/Core/AVR8/USBInterrupt_AVR8.c **** 	{
 230:../lufa-LUFA-111009/LUFA/Drivers/USB/Core/AVR8/USBInterrupt_AVR8.c **** 		USB_INT_Clear(USB_INT_BCERRI);
 231:../lufa-LUFA-111009/LUFA/Drivers/USB/Core/AVR8/USBInterrupt_AVR8.c **** 
 232:../lufa-LUFA-111009/LUFA/Drivers/USB/Core/AVR8/USBInterrupt_AVR8.c **** 		EVENT_USB_Host_DeviceEnumerationFailed(HOST_ENUMERROR_NoDeviceDetected, 0);
 233:../lufa-LUFA-111009/LUFA/Drivers/USB/Core/AVR8/USBInterrupt_AVR8.c **** 		EVENT_USB_Host_DeviceUnattached();
 234:../lufa-LUFA-111009/LUFA/Drivers/USB/Core/AVR8/USBInterrupt_AVR8.c **** 
 235:../lufa-LUFA-111009/LUFA/Drivers/USB/Core/AVR8/USBInterrupt_AVR8.c **** 		USB_ResetInterface();
 236:../lufa-LUFA-111009/LUFA/Drivers/USB/Core/AVR8/USBInterrupt_AVR8.c **** 	}
 237:../lufa-LUFA-111009/LUFA/Drivers/USB/Core/AVR8/USBInterrupt_AVR8.c **** 	#endif
 238:../lufa-LUFA-111009/LUFA/Drivers/USB/Core/AVR8/USBInterrupt_AVR8.c **** 
 239:../lufa-LUFA-111009/LUFA/Drivers/USB/Core/AVR8/USBInterrupt_AVR8.c **** 	#if defined(USB_CAN_BE_BOTH)
 240:../lufa-LUFA-111009/LUFA/Drivers/USB/Core/AVR8/USBInterrupt_AVR8.c **** 	if (USB_INT_HasOccurred(USB_INT_IDTI) && USB_INT_IsEnabled(USB_INT_IDTI))
 241:../lufa-LUFA-111009/LUFA/Drivers/USB/Core/AVR8/USBInterrupt_AVR8.c **** 	{
 242:../lufa-LUFA-111009/LUFA/Drivers/USB/Core/AVR8/USBInterrupt_AVR8.c **** 		USB_INT_Clear(USB_INT_IDTI);
 243:../lufa-LUFA-111009/LUFA/Drivers/USB/Core/AVR8/USBInterrupt_AVR8.c **** 
 244:../lufa-LUFA-111009/LUFA/Drivers/USB/Core/AVR8/USBInterrupt_AVR8.c **** 		if (USB_DeviceState != DEVICE_STATE_Unattached)
 245:../lufa-LUFA-111009/LUFA/Drivers/USB/Core/AVR8/USBInterrupt_AVR8.c **** 		  EVENT_USB_Device_Disconnect();
 246:../lufa-LUFA-111009/LUFA/Drivers/USB/Core/AVR8/USBInterrupt_AVR8.c **** 
 247:../lufa-LUFA-111009/LUFA/Drivers/USB/Core/AVR8/USBInterrupt_AVR8.c **** 		if (USB_HostState != HOST_STATE_Unattached)
 248:../lufa-LUFA-111009/LUFA/Drivers/USB/Core/AVR8/USBInterrupt_AVR8.c **** 		  EVENT_USB_Host_DeviceUnattached();
 249:../lufa-LUFA-111009/LUFA/Drivers/USB/Core/AVR8/USBInterrupt_AVR8.c **** 
 250:../lufa-LUFA-111009/LUFA/Drivers/USB/Core/AVR8/USBInterrupt_AVR8.c **** 		USB_CurrentMode = USB_GetUSBModeFromUID();
 251:../lufa-LUFA-111009/LUFA/Drivers/USB/Core/AVR8/USBInterrupt_AVR8.c **** 		USB_ResetInterface();
 252:../lufa-LUFA-111009/LUFA/Drivers/USB/Core/AVR8/USBInterrupt_AVR8.c **** 
 253:../lufa-LUFA-111009/LUFA/Drivers/USB/Core/AVR8/USBInterrupt_AVR8.c **** 		EVENT_USB_UIDChange();
 254:../lufa-LUFA-111009/LUFA/Drivers/USB/Core/AVR8/USBInterrupt_AVR8.c **** 	}
 255:../lufa-LUFA-111009/LUFA/Drivers/USB/Core/AVR8/USBInterrupt_AVR8.c **** 	#endif
 256:../lufa-LUFA-111009/LUFA/Drivers/USB/Core/AVR8/USBInterrupt_AVR8.c **** }
 588               		.loc 1 256 1 is_stmt 0 view .LVU192
 589 0138 FF91      		pop r31
 590 013a EF91      		pop r30
 591 013c BF91      		pop r27
 592 013e AF91      		pop r26
 593 0140 9F91      		pop r25
 594 0142 8F91      		pop r24
 595 0144 7F91      		pop r23
 596 0146 6F91      		pop r22
 597 0148 5F91      		pop r21
 598 014a 4F91      		pop r20
 599 014c 3F91      		pop r19
 600 014e 2F91      		pop r18
 601 0150 0F90      		pop r0
 602 0152 0FBE      		out __SREG__,r0
 603 0154 0F90      		pop r0
 604 0156 1F90      		pop r1
 605 0158 1895      		reti
 606               	.L5:
 104:../lufa-LUFA-111009/LUFA/Drivers/USB/Core/AVR8/USBInterrupt_AVR8.c **** 			  USB_PLL_Off();
 607               		.loc 1 104 4 is_stmt 1 view .LVU193
 105:../lufa-LUFA-111009/LUFA/Drivers/USB/Core/AVR8/USBInterrupt_AVR8.c **** 
 608               		.loc 1 105 6 view .LVU194
 609               	.LBB118:
 610               	.LBI118:
 340:../lufa-LUFA-111009/LUFA/Drivers/USB/Core/AVR8/../AVR8/../AVR8/USBController_AVR8.h **** 			{
 611               		.loc 3 340 23 view .LVU195
 612               	.LBB119:
 342:../lufa-LUFA-111009/LUFA/Drivers/USB/Core/AVR8/../AVR8/../AVR8/USBController_AVR8.h **** 			}
 613               		.loc 3 342 5 view .LVU196
 342:../lufa-LUFA-111009/LUFA/Drivers/USB/Core/AVR8/../AVR8/../AVR8/USBController_AVR8.h **** 			}
 614               		.loc 3 342 12 is_stmt 0 view .LVU197
 615 015a 19BC      		out 0x29,__zero_reg__
 616               	.LBE119:
 617               	.LBE118:
 107:../lufa-LUFA-111009/LUFA/Drivers/USB/Core/AVR8/USBInterrupt_AVR8.c **** 			EVENT_USB_Device_Disconnect();
 618               		.loc 1 107 4 is_stmt 1 view .LVU198
 107:../lufa-LUFA-111009/LUFA/Drivers/USB/Core/AVR8/USBInterrupt_AVR8.c **** 			EVENT_USB_Device_Disconnect();
 619               		.loc 1 107 20 is_stmt 0 view .LVU199
 620 015c 1EBA      		out 0x1e,__zero_reg__
 108:../lufa-LUFA-111009/LUFA/Drivers/USB/Core/AVR8/USBInterrupt_AVR8.c **** 		}
 621               		.loc 1 108 4 is_stmt 1 view .LVU200
 622 015e 0E94 0000 		call EVENT_USB_Device_Disconnect
 623               	.LVL33:
 624 0162 00C0      		rjmp .L4
 625               	.L10:
 150:../lufa-LUFA-111009/LUFA/Drivers/USB/Core/AVR8/USBInterrupt_AVR8.c **** 
 626               		.loc 1 150 5 view .LVU201
 627               	.LBB120:
 628               	.LBI120:
 629               		.file 5 "../lufa-LUFA-111009/LUFA/Drivers/USB/Core/AVR8/../AVR8/../AVR8/../AVR8/Device_AVR8.h"
   1:../lufa-LUFA-111009/LUFA/Drivers/USB/Core/AVR8/../AVR8/../AVR8/../AVR8/Device_AVR8.h **** /*
   2:../lufa-LUFA-111009/LUFA/Drivers/USB/Core/AVR8/../AVR8/../AVR8/../AVR8/Device_AVR8.h ****              LUFA Library
   3:../lufa-LUFA-111009/LUFA/Drivers/USB/Core/AVR8/../AVR8/../AVR8/../AVR8/Device_AVR8.h ****      Copyright (C) Dean Camera, 2011.
   4:../lufa-LUFA-111009/LUFA/Drivers/USB/Core/AVR8/../AVR8/../AVR8/../AVR8/Device_AVR8.h **** 
   5:../lufa-LUFA-111009/LUFA/Drivers/USB/Core/AVR8/../AVR8/../AVR8/../AVR8/Device_AVR8.h ****   dean [at] fourwalledcubicle [dot] com
   6:../lufa-LUFA-111009/LUFA/Drivers/USB/Core/AVR8/../AVR8/../AVR8/../AVR8/Device_AVR8.h ****            www.lufa-lib.org
   7:../lufa-LUFA-111009/LUFA/Drivers/USB/Core/AVR8/../AVR8/../AVR8/../AVR8/Device_AVR8.h **** */
   8:../lufa-LUFA-111009/LUFA/Drivers/USB/Core/AVR8/../AVR8/../AVR8/../AVR8/Device_AVR8.h **** 
   9:../lufa-LUFA-111009/LUFA/Drivers/USB/Core/AVR8/../AVR8/../AVR8/../AVR8/Device_AVR8.h **** /*
  10:../lufa-LUFA-111009/LUFA/Drivers/USB/Core/AVR8/../AVR8/../AVR8/../AVR8/Device_AVR8.h ****   Copyright 2011  Dean Camera (dean [at] fourwalledcubicle [dot] com)
  11:../lufa-LUFA-111009/LUFA/Drivers/USB/Core/AVR8/../AVR8/../AVR8/../AVR8/Device_AVR8.h **** 
  12:../lufa-LUFA-111009/LUFA/Drivers/USB/Core/AVR8/../AVR8/../AVR8/../AVR8/Device_AVR8.h ****   Permission to use, copy, modify, distribute, and sell this
  13:../lufa-LUFA-111009/LUFA/Drivers/USB/Core/AVR8/../AVR8/../AVR8/../AVR8/Device_AVR8.h ****   software and its documentation for any purpose is hereby granted
  14:../lufa-LUFA-111009/LUFA/Drivers/USB/Core/AVR8/../AVR8/../AVR8/../AVR8/Device_AVR8.h ****   without fee, provided that the above copyright notice appear in
  15:../lufa-LUFA-111009/LUFA/Drivers/USB/Core/AVR8/../AVR8/../AVR8/../AVR8/Device_AVR8.h ****   all copies and that both that the copyright notice and this
  16:../lufa-LUFA-111009/LUFA/Drivers/USB/Core/AVR8/../AVR8/../AVR8/../AVR8/Device_AVR8.h ****   permission notice and warranty disclaimer appear in supporting
  17:../lufa-LUFA-111009/LUFA/Drivers/USB/Core/AVR8/../AVR8/../AVR8/../AVR8/Device_AVR8.h ****   documentation, and that the name of the author not be used in
  18:../lufa-LUFA-111009/LUFA/Drivers/USB/Core/AVR8/../AVR8/../AVR8/../AVR8/Device_AVR8.h ****   advertising or publicity pertaining to distribution of the
  19:../lufa-LUFA-111009/LUFA/Drivers/USB/Core/AVR8/../AVR8/../AVR8/../AVR8/Device_AVR8.h ****   software without specific, written prior permission.
  20:../lufa-LUFA-111009/LUFA/Drivers/USB/Core/AVR8/../AVR8/../AVR8/../AVR8/Device_AVR8.h **** 
  21:../lufa-LUFA-111009/LUFA/Drivers/USB/Core/AVR8/../AVR8/../AVR8/../AVR8/Device_AVR8.h ****   The author disclaim all warranties with regard to this
  22:../lufa-LUFA-111009/LUFA/Drivers/USB/Core/AVR8/../AVR8/../AVR8/../AVR8/Device_AVR8.h ****   software, including all implied warranties of merchantability
  23:../lufa-LUFA-111009/LUFA/Drivers/USB/Core/AVR8/../AVR8/../AVR8/../AVR8/Device_AVR8.h ****   and fitness.  In no event shall the author be liable for any
  24:../lufa-LUFA-111009/LUFA/Drivers/USB/Core/AVR8/../AVR8/../AVR8/../AVR8/Device_AVR8.h ****   special, indirect or consequential damages or any damages
  25:../lufa-LUFA-111009/LUFA/Drivers/USB/Core/AVR8/../AVR8/../AVR8/../AVR8/Device_AVR8.h ****   whatsoever resulting from loss of use, data or profits, whether
  26:../lufa-LUFA-111009/LUFA/Drivers/USB/Core/AVR8/../AVR8/../AVR8/../AVR8/Device_AVR8.h ****   in an action of contract, negligence or other tortious action,
  27:../lufa-LUFA-111009/LUFA/Drivers/USB/Core/AVR8/../AVR8/../AVR8/../AVR8/Device_AVR8.h ****   arising out of or in connection with the use or performance of
  28:../lufa-LUFA-111009/LUFA/Drivers/USB/Core/AVR8/../AVR8/../AVR8/../AVR8/Device_AVR8.h ****   this software.
  29:../lufa-LUFA-111009/LUFA/Drivers/USB/Core/AVR8/../AVR8/../AVR8/../AVR8/Device_AVR8.h **** */
  30:../lufa-LUFA-111009/LUFA/Drivers/USB/Core/AVR8/../AVR8/../AVR8/../AVR8/Device_AVR8.h **** 
  31:../lufa-LUFA-111009/LUFA/Drivers/USB/Core/AVR8/../AVR8/../AVR8/../AVR8/Device_AVR8.h **** /** \file
  32:../lufa-LUFA-111009/LUFA/Drivers/USB/Core/AVR8/../AVR8/../AVR8/../AVR8/Device_AVR8.h ****  *  \brief USB Device definitions for the AVR8 microcontrollers.
  33:../lufa-LUFA-111009/LUFA/Drivers/USB/Core/AVR8/../AVR8/../AVR8/../AVR8/Device_AVR8.h ****  *  \copydetails Group_Device_AVR8
  34:../lufa-LUFA-111009/LUFA/Drivers/USB/Core/AVR8/../AVR8/../AVR8/../AVR8/Device_AVR8.h ****  *
  35:../lufa-LUFA-111009/LUFA/Drivers/USB/Core/AVR8/../AVR8/../AVR8/../AVR8/Device_AVR8.h ****  *  \note This file should not be included directly. It is automatically included as needed by the 
  36:../lufa-LUFA-111009/LUFA/Drivers/USB/Core/AVR8/../AVR8/../AVR8/../AVR8/Device_AVR8.h ****  *        dispatch header located in LUFA/Drivers/USB/USB.h.
  37:../lufa-LUFA-111009/LUFA/Drivers/USB/Core/AVR8/../AVR8/../AVR8/../AVR8/Device_AVR8.h ****  */
  38:../lufa-LUFA-111009/LUFA/Drivers/USB/Core/AVR8/../AVR8/../AVR8/../AVR8/Device_AVR8.h **** 
  39:../lufa-LUFA-111009/LUFA/Drivers/USB/Core/AVR8/../AVR8/../AVR8/../AVR8/Device_AVR8.h **** /** \ingroup Group_Device
  40:../lufa-LUFA-111009/LUFA/Drivers/USB/Core/AVR8/../AVR8/../AVR8/../AVR8/Device_AVR8.h ****  *  \defgroup Group_Device_AVR8 Device Management (AVR8)
  41:../lufa-LUFA-111009/LUFA/Drivers/USB/Core/AVR8/../AVR8/../AVR8/../AVR8/Device_AVR8.h ****  *  \brief USB Device definitions for the AVR8 microcontrollers.
  42:../lufa-LUFA-111009/LUFA/Drivers/USB/Core/AVR8/../AVR8/../AVR8/../AVR8/Device_AVR8.h ****  *
  43:../lufa-LUFA-111009/LUFA/Drivers/USB/Core/AVR8/../AVR8/../AVR8/../AVR8/Device_AVR8.h ****  *  Architecture specific USB Device definitions for the Atmel 8-bit AVR microcontrollers.
  44:../lufa-LUFA-111009/LUFA/Drivers/USB/Core/AVR8/../AVR8/../AVR8/../AVR8/Device_AVR8.h ****  *
  45:../lufa-LUFA-111009/LUFA/Drivers/USB/Core/AVR8/../AVR8/../AVR8/../AVR8/Device_AVR8.h ****  *  @{
  46:../lufa-LUFA-111009/LUFA/Drivers/USB/Core/AVR8/../AVR8/../AVR8/../AVR8/Device_AVR8.h ****  */
  47:../lufa-LUFA-111009/LUFA/Drivers/USB/Core/AVR8/../AVR8/../AVR8/../AVR8/Device_AVR8.h **** 
  48:../lufa-LUFA-111009/LUFA/Drivers/USB/Core/AVR8/../AVR8/../AVR8/../AVR8/Device_AVR8.h **** #ifndef __USBDEVICE_AVR8_H__
  49:../lufa-LUFA-111009/LUFA/Drivers/USB/Core/AVR8/../AVR8/../AVR8/../AVR8/Device_AVR8.h **** #define __USBDEVICE_AVR8_H__
  50:../lufa-LUFA-111009/LUFA/Drivers/USB/Core/AVR8/../AVR8/../AVR8/../AVR8/Device_AVR8.h **** 
  51:../lufa-LUFA-111009/LUFA/Drivers/USB/Core/AVR8/../AVR8/../AVR8/../AVR8/Device_AVR8.h **** 	/* Includes: */
  52:../lufa-LUFA-111009/LUFA/Drivers/USB/Core/AVR8/../AVR8/../AVR8/../AVR8/Device_AVR8.h **** 		#include "../../../../Common/Common.h"
  53:../lufa-LUFA-111009/LUFA/Drivers/USB/Core/AVR8/../AVR8/../AVR8/../AVR8/Device_AVR8.h **** 		#include "../USBController.h"
  54:../lufa-LUFA-111009/LUFA/Drivers/USB/Core/AVR8/../AVR8/../AVR8/../AVR8/Device_AVR8.h **** 		#include "../StdDescriptors.h"
  55:../lufa-LUFA-111009/LUFA/Drivers/USB/Core/AVR8/../AVR8/../AVR8/../AVR8/Device_AVR8.h **** 		#include "../USBInterrupt.h"
  56:../lufa-LUFA-111009/LUFA/Drivers/USB/Core/AVR8/../AVR8/../AVR8/../AVR8/Device_AVR8.h **** 		#include "../Endpoint.h"
  57:../lufa-LUFA-111009/LUFA/Drivers/USB/Core/AVR8/../AVR8/../AVR8/../AVR8/Device_AVR8.h **** 		
  58:../lufa-LUFA-111009/LUFA/Drivers/USB/Core/AVR8/../AVR8/../AVR8/../AVR8/Device_AVR8.h **** 	/* Enable C linkage for C++ Compilers: */
  59:../lufa-LUFA-111009/LUFA/Drivers/USB/Core/AVR8/../AVR8/../AVR8/../AVR8/Device_AVR8.h **** 		#if defined(__cplusplus)
  60:../lufa-LUFA-111009/LUFA/Drivers/USB/Core/AVR8/../AVR8/../AVR8/../AVR8/Device_AVR8.h **** 			extern "C" {
  61:../lufa-LUFA-111009/LUFA/Drivers/USB/Core/AVR8/../AVR8/../AVR8/../AVR8/Device_AVR8.h **** 		#endif
  62:../lufa-LUFA-111009/LUFA/Drivers/USB/Core/AVR8/../AVR8/../AVR8/../AVR8/Device_AVR8.h **** 
  63:../lufa-LUFA-111009/LUFA/Drivers/USB/Core/AVR8/../AVR8/../AVR8/../AVR8/Device_AVR8.h **** 	/* Preprocessor Checks: */
  64:../lufa-LUFA-111009/LUFA/Drivers/USB/Core/AVR8/../AVR8/../AVR8/../AVR8/Device_AVR8.h **** 		#if !defined(__INCLUDE_FROM_USB_DRIVER)
  65:../lufa-LUFA-111009/LUFA/Drivers/USB/Core/AVR8/../AVR8/../AVR8/../AVR8/Device_AVR8.h **** 			#error Do not include this file directly. Include LUFA/Drivers/USB/USB.h instead.
  66:../lufa-LUFA-111009/LUFA/Drivers/USB/Core/AVR8/../AVR8/../AVR8/../AVR8/Device_AVR8.h **** 		#endif
  67:../lufa-LUFA-111009/LUFA/Drivers/USB/Core/AVR8/../AVR8/../AVR8/../AVR8/Device_AVR8.h **** 
  68:../lufa-LUFA-111009/LUFA/Drivers/USB/Core/AVR8/../AVR8/../AVR8/../AVR8/Device_AVR8.h **** 		#if (defined(USE_RAM_DESCRIPTORS) && defined(USE_EEPROM_DESCRIPTORS))
  69:../lufa-LUFA-111009/LUFA/Drivers/USB/Core/AVR8/../AVR8/../AVR8/../AVR8/Device_AVR8.h **** 			#error USE_RAM_DESCRIPTORS and USE_EEPROM_DESCRIPTORS are mutually exclusive.
  70:../lufa-LUFA-111009/LUFA/Drivers/USB/Core/AVR8/../AVR8/../AVR8/../AVR8/Device_AVR8.h **** 		#endif
  71:../lufa-LUFA-111009/LUFA/Drivers/USB/Core/AVR8/../AVR8/../AVR8/../AVR8/Device_AVR8.h **** 
  72:../lufa-LUFA-111009/LUFA/Drivers/USB/Core/AVR8/../AVR8/../AVR8/../AVR8/Device_AVR8.h **** 	/* Public Interface - May be used in end-application: */
  73:../lufa-LUFA-111009/LUFA/Drivers/USB/Core/AVR8/../AVR8/../AVR8/../AVR8/Device_AVR8.h **** 		/* Macros: */
  74:../lufa-LUFA-111009/LUFA/Drivers/USB/Core/AVR8/../AVR8/../AVR8/../AVR8/Device_AVR8.h **** 			/** \name USB Device Mode Option Masks */
  75:../lufa-LUFA-111009/LUFA/Drivers/USB/Core/AVR8/../AVR8/../AVR8/../AVR8/Device_AVR8.h **** 			//@{
  76:../lufa-LUFA-111009/LUFA/Drivers/USB/Core/AVR8/../AVR8/../AVR8/../AVR8/Device_AVR8.h **** 			#if defined(USB_SERIES_4_AVR) || defined(USB_SERIES_6_AVR) || defined(USB_SERIES_7_AVR) || defin
  77:../lufa-LUFA-111009/LUFA/Drivers/USB/Core/AVR8/../AVR8/../AVR8/../AVR8/Device_AVR8.h **** 				/** Mask for the Options parameter of the \ref USB_Init() function. This indicates that the
  78:../lufa-LUFA-111009/LUFA/Drivers/USB/Core/AVR8/../AVR8/../AVR8/../AVR8/Device_AVR8.h **** 				 *  USB interface should be initialized in low speed (1.5Mb/s) mode.
  79:../lufa-LUFA-111009/LUFA/Drivers/USB/Core/AVR8/../AVR8/../AVR8/../AVR8/Device_AVR8.h **** 				 *
  80:../lufa-LUFA-111009/LUFA/Drivers/USB/Core/AVR8/../AVR8/../AVR8/../AVR8/Device_AVR8.h **** 				 *  \note Low Speed mode is not available on all USB AVR models.
  81:../lufa-LUFA-111009/LUFA/Drivers/USB/Core/AVR8/../AVR8/../AVR8/../AVR8/Device_AVR8.h **** 				 *        \n
  82:../lufa-LUFA-111009/LUFA/Drivers/USB/Core/AVR8/../AVR8/../AVR8/../AVR8/Device_AVR8.h **** 				 *
  83:../lufa-LUFA-111009/LUFA/Drivers/USB/Core/AVR8/../AVR8/../AVR8/../AVR8/Device_AVR8.h **** 				 *  \note Restrictions apply on the number, size and type of endpoints which can be used
  84:../lufa-LUFA-111009/LUFA/Drivers/USB/Core/AVR8/../AVR8/../AVR8/../AVR8/Device_AVR8.h **** 				 *        when running in low speed mode - refer to the USB 2.0 specification.
  85:../lufa-LUFA-111009/LUFA/Drivers/USB/Core/AVR8/../AVR8/../AVR8/../AVR8/Device_AVR8.h **** 				 */
  86:../lufa-LUFA-111009/LUFA/Drivers/USB/Core/AVR8/../AVR8/../AVR8/../AVR8/Device_AVR8.h **** 				#define USB_DEVICE_OPT_LOWSPEED            (1 << 0)
  87:../lufa-LUFA-111009/LUFA/Drivers/USB/Core/AVR8/../AVR8/../AVR8/../AVR8/Device_AVR8.h **** 			#endif
  88:../lufa-LUFA-111009/LUFA/Drivers/USB/Core/AVR8/../AVR8/../AVR8/../AVR8/Device_AVR8.h **** 
  89:../lufa-LUFA-111009/LUFA/Drivers/USB/Core/AVR8/../AVR8/../AVR8/../AVR8/Device_AVR8.h **** 			/** Mask for the Options parameter of the \ref USB_Init() function. This indicates that the
  90:../lufa-LUFA-111009/LUFA/Drivers/USB/Core/AVR8/../AVR8/../AVR8/../AVR8/Device_AVR8.h **** 			 *  USB interface should be initialized in full speed (12Mb/s) mode.
  91:../lufa-LUFA-111009/LUFA/Drivers/USB/Core/AVR8/../AVR8/../AVR8/../AVR8/Device_AVR8.h **** 			 */
  92:../lufa-LUFA-111009/LUFA/Drivers/USB/Core/AVR8/../AVR8/../AVR8/../AVR8/Device_AVR8.h **** 			#define USB_DEVICE_OPT_FULLSPEED               (0 << 0)
  93:../lufa-LUFA-111009/LUFA/Drivers/USB/Core/AVR8/../AVR8/../AVR8/../AVR8/Device_AVR8.h **** 			//@}
  94:../lufa-LUFA-111009/LUFA/Drivers/USB/Core/AVR8/../AVR8/../AVR8/../AVR8/Device_AVR8.h **** 			
  95:../lufa-LUFA-111009/LUFA/Drivers/USB/Core/AVR8/../AVR8/../AVR8/../AVR8/Device_AVR8.h **** 			#if (!defined(NO_INTERNAL_SERIAL) && \
  96:../lufa-LUFA-111009/LUFA/Drivers/USB/Core/AVR8/../AVR8/../AVR8/../AVR8/Device_AVR8.h **** 			     (defined(USB_SERIES_7_AVR) || defined(USB_SERIES_6_AVR) || defined(USB_SERIES_4_AVR) || \
  97:../lufa-LUFA-111009/LUFA/Drivers/USB/Core/AVR8/../AVR8/../AVR8/../AVR8/Device_AVR8.h **** 			      (defined(USB_SERIES_2_AVR) && (!defined(__AVR_AT90USB82__) || defined(__AVR_AT90USB162__))
  98:../lufa-LUFA-111009/LUFA/Drivers/USB/Core/AVR8/../AVR8/../AVR8/../AVR8/Device_AVR8.h **** 				  defined(__DOXYGEN__)))
  99:../lufa-LUFA-111009/LUFA/Drivers/USB/Core/AVR8/../AVR8/../AVR8/../AVR8/Device_AVR8.h **** 				/** String descriptor index for the device's unique serial number string descriptor within the 
 100:../lufa-LUFA-111009/LUFA/Drivers/USB/Core/AVR8/../AVR8/../AVR8/../AVR8/Device_AVR8.h **** 				 *  This unique serial number is used by the host to associate resources to the device (such as
 101:../lufa-LUFA-111009/LUFA/Drivers/USB/Core/AVR8/../AVR8/../AVR8/../AVR8/Device_AVR8.h **** 				 *  number allocations) to a device regardless of the port it is plugged in to on the host. Som
 102:../lufa-LUFA-111009/LUFA/Drivers/USB/Core/AVR8/../AVR8/../AVR8/../AVR8/Device_AVR8.h **** 				 *  a unique serial number internally, and setting the device descriptors serial number string 
 103:../lufa-LUFA-111009/LUFA/Drivers/USB/Core/AVR8/../AVR8/../AVR8/../AVR8/Device_AVR8.h **** 				 *  will cause it to use the internal serial number.
 104:../lufa-LUFA-111009/LUFA/Drivers/USB/Core/AVR8/../AVR8/../AVR8/../AVR8/Device_AVR8.h **** 				 *
 105:../lufa-LUFA-111009/LUFA/Drivers/USB/Core/AVR8/../AVR8/../AVR8/../AVR8/Device_AVR8.h **** 				 *  On unsupported devices, this will evaluate to \ref NO_DESCRIPTOR and so will force the host
 106:../lufa-LUFA-111009/LUFA/Drivers/USB/Core/AVR8/../AVR8/../AVR8/../AVR8/Device_AVR8.h **** 				 *  number for the device.
 107:../lufa-LUFA-111009/LUFA/Drivers/USB/Core/AVR8/../AVR8/../AVR8/../AVR8/Device_AVR8.h **** 				 */
 108:../lufa-LUFA-111009/LUFA/Drivers/USB/Core/AVR8/../AVR8/../AVR8/../AVR8/Device_AVR8.h **** 				#define USE_INTERNAL_SERIAL            0xDC
 109:../lufa-LUFA-111009/LUFA/Drivers/USB/Core/AVR8/../AVR8/../AVR8/../AVR8/Device_AVR8.h **** 
 110:../lufa-LUFA-111009/LUFA/Drivers/USB/Core/AVR8/../AVR8/../AVR8/../AVR8/Device_AVR8.h **** 				/** Length of the device's unique internal serial number, in bits, if present on the selected m
 111:../lufa-LUFA-111009/LUFA/Drivers/USB/Core/AVR8/../AVR8/../AVR8/../AVR8/Device_AVR8.h **** 				 *  model.
 112:../lufa-LUFA-111009/LUFA/Drivers/USB/Core/AVR8/../AVR8/../AVR8/../AVR8/Device_AVR8.h **** 				 */
 113:../lufa-LUFA-111009/LUFA/Drivers/USB/Core/AVR8/../AVR8/../AVR8/../AVR8/Device_AVR8.h **** 				#define INTERNAL_SERIAL_LENGTH_BITS    80
 114:../lufa-LUFA-111009/LUFA/Drivers/USB/Core/AVR8/../AVR8/../AVR8/../AVR8/Device_AVR8.h **** 				
 115:../lufa-LUFA-111009/LUFA/Drivers/USB/Core/AVR8/../AVR8/../AVR8/../AVR8/Device_AVR8.h **** 				/** Start address of the internal serial number, in the appropriate address space, if present o
 116:../lufa-LUFA-111009/LUFA/Drivers/USB/Core/AVR8/../AVR8/../AVR8/../AVR8/Device_AVR8.h **** 				 *  model.
 117:../lufa-LUFA-111009/LUFA/Drivers/USB/Core/AVR8/../AVR8/../AVR8/../AVR8/Device_AVR8.h **** 				 */
 118:../lufa-LUFA-111009/LUFA/Drivers/USB/Core/AVR8/../AVR8/../AVR8/../AVR8/Device_AVR8.h **** 				#define INTERNAL_SERIAL_START_ADDRESS  0x0E
 119:../lufa-LUFA-111009/LUFA/Drivers/USB/Core/AVR8/../AVR8/../AVR8/../AVR8/Device_AVR8.h **** 			#else
 120:../lufa-LUFA-111009/LUFA/Drivers/USB/Core/AVR8/../AVR8/../AVR8/../AVR8/Device_AVR8.h **** 				#define USE_INTERNAL_SERIAL            NO_DESCRIPTOR
 121:../lufa-LUFA-111009/LUFA/Drivers/USB/Core/AVR8/../AVR8/../AVR8/../AVR8/Device_AVR8.h **** 
 122:../lufa-LUFA-111009/LUFA/Drivers/USB/Core/AVR8/../AVR8/../AVR8/../AVR8/Device_AVR8.h **** 				#define INTERNAL_SERIAL_LENGTH_BITS    0
 123:../lufa-LUFA-111009/LUFA/Drivers/USB/Core/AVR8/../AVR8/../AVR8/../AVR8/Device_AVR8.h **** 				#define INTERNAL_SERIAL_START_ADDRESS  0
 124:../lufa-LUFA-111009/LUFA/Drivers/USB/Core/AVR8/../AVR8/../AVR8/../AVR8/Device_AVR8.h **** 			#endif			
 125:../lufa-LUFA-111009/LUFA/Drivers/USB/Core/AVR8/../AVR8/../AVR8/../AVR8/Device_AVR8.h **** 			
 126:../lufa-LUFA-111009/LUFA/Drivers/USB/Core/AVR8/../AVR8/../AVR8/../AVR8/Device_AVR8.h **** 		/* Function Prototypes: */
 127:../lufa-LUFA-111009/LUFA/Drivers/USB/Core/AVR8/../AVR8/../AVR8/../AVR8/Device_AVR8.h **** 			/** Sends a Remote Wakeup request to the host. This signals to the host that the device should
 128:../lufa-LUFA-111009/LUFA/Drivers/USB/Core/AVR8/../AVR8/../AVR8/../AVR8/Device_AVR8.h **** 			 *  be taken out of suspended mode, and communications should resume.
 129:../lufa-LUFA-111009/LUFA/Drivers/USB/Core/AVR8/../AVR8/../AVR8/../AVR8/Device_AVR8.h **** 			 *
 130:../lufa-LUFA-111009/LUFA/Drivers/USB/Core/AVR8/../AVR8/../AVR8/../AVR8/Device_AVR8.h **** 			 *  Typically, this is implemented so that HID devices (mice, keyboards, etc.) can wake up the
 131:../lufa-LUFA-111009/LUFA/Drivers/USB/Core/AVR8/../AVR8/../AVR8/../AVR8/Device_AVR8.h **** 			 *  host computer when the host has suspended all USB devices to enter a low power state.
 132:../lufa-LUFA-111009/LUFA/Drivers/USB/Core/AVR8/../AVR8/../AVR8/../AVR8/Device_AVR8.h **** 			 *
 133:../lufa-LUFA-111009/LUFA/Drivers/USB/Core/AVR8/../AVR8/../AVR8/../AVR8/Device_AVR8.h **** 			 *  \note This macro should only be used if the device has indicated to the host that it
 134:../lufa-LUFA-111009/LUFA/Drivers/USB/Core/AVR8/../AVR8/../AVR8/../AVR8/Device_AVR8.h **** 			 *        supports the Remote Wakeup feature in the device descriptors, and should only be
 135:../lufa-LUFA-111009/LUFA/Drivers/USB/Core/AVR8/../AVR8/../AVR8/../AVR8/Device_AVR8.h **** 			 *        issued if the host is currently allowing remote wakeup events from the device (i.e.,
 136:../lufa-LUFA-111009/LUFA/Drivers/USB/Core/AVR8/../AVR8/../AVR8/../AVR8/Device_AVR8.h **** 			 *        the \ref USB_Device_RemoteWakeupEnabled flag is set). When the \c NO_DEVICE_REMOTE_WAK
 137:../lufa-LUFA-111009/LUFA/Drivers/USB/Core/AVR8/../AVR8/../AVR8/../AVR8/Device_AVR8.h **** 			 *        compile time option is used, this macro is unavailable.
 138:../lufa-LUFA-111009/LUFA/Drivers/USB/Core/AVR8/../AVR8/../AVR8/../AVR8/Device_AVR8.h **** 			 *        \n\n
 139:../lufa-LUFA-111009/LUFA/Drivers/USB/Core/AVR8/../AVR8/../AVR8/../AVR8/Device_AVR8.h **** 			 *
 140:../lufa-LUFA-111009/LUFA/Drivers/USB/Core/AVR8/../AVR8/../AVR8/../AVR8/Device_AVR8.h **** 			 *  \note The USB clock must be running for this function to operate. If the stack is initialize
 141:../lufa-LUFA-111009/LUFA/Drivers/USB/Core/AVR8/../AVR8/../AVR8/../AVR8/Device_AVR8.h **** 			 *        the \ref USB_OPT_MANUAL_PLL option enabled, the user must ensure that the PLL is runni
 142:../lufa-LUFA-111009/LUFA/Drivers/USB/Core/AVR8/../AVR8/../AVR8/../AVR8/Device_AVR8.h **** 			 *        before attempting to call this function.
 143:../lufa-LUFA-111009/LUFA/Drivers/USB/Core/AVR8/../AVR8/../AVR8/../AVR8/Device_AVR8.h **** 			 *
 144:../lufa-LUFA-111009/LUFA/Drivers/USB/Core/AVR8/../AVR8/../AVR8/../AVR8/Device_AVR8.h **** 			 *  \see \ref Group_StdDescriptors for more information on the RMWAKEUP feature and device descr
 145:../lufa-LUFA-111009/LUFA/Drivers/USB/Core/AVR8/../AVR8/../AVR8/../AVR8/Device_AVR8.h **** 			 */
 146:../lufa-LUFA-111009/LUFA/Drivers/USB/Core/AVR8/../AVR8/../AVR8/../AVR8/Device_AVR8.h **** 			void USB_Device_SendRemoteWakeup(void);
 147:../lufa-LUFA-111009/LUFA/Drivers/USB/Core/AVR8/../AVR8/../AVR8/../AVR8/Device_AVR8.h **** 
 148:../lufa-LUFA-111009/LUFA/Drivers/USB/Core/AVR8/../AVR8/../AVR8/../AVR8/Device_AVR8.h **** 		/* Inline Functions: */
 149:../lufa-LUFA-111009/LUFA/Drivers/USB/Core/AVR8/../AVR8/../AVR8/../AVR8/Device_AVR8.h **** 			/** Returns the current USB frame number, when in device mode. Every millisecond the USB bus is 
 150:../lufa-LUFA-111009/LUFA/Drivers/USB/Core/AVR8/../AVR8/../AVR8/../AVR8/Device_AVR8.h **** 			 *  the frame number is incremented by one.
 151:../lufa-LUFA-111009/LUFA/Drivers/USB/Core/AVR8/../AVR8/../AVR8/../AVR8/Device_AVR8.h **** 			 *
 152:../lufa-LUFA-111009/LUFA/Drivers/USB/Core/AVR8/../AVR8/../AVR8/../AVR8/Device_AVR8.h **** 			 *  \return Current USB frame number from the USB controller.
 153:../lufa-LUFA-111009/LUFA/Drivers/USB/Core/AVR8/../AVR8/../AVR8/../AVR8/Device_AVR8.h **** 			 */
 154:../lufa-LUFA-111009/LUFA/Drivers/USB/Core/AVR8/../AVR8/../AVR8/../AVR8/Device_AVR8.h **** 			static inline uint16_t USB_Device_GetFrameNumber(void) ATTR_ALWAYS_INLINE ATTR_WARN_UNUSED_RESUL
 155:../lufa-LUFA-111009/LUFA/Drivers/USB/Core/AVR8/../AVR8/../AVR8/../AVR8/Device_AVR8.h **** 			static inline uint16_t USB_Device_GetFrameNumber(void)
 156:../lufa-LUFA-111009/LUFA/Drivers/USB/Core/AVR8/../AVR8/../AVR8/../AVR8/Device_AVR8.h **** 			{
 157:../lufa-LUFA-111009/LUFA/Drivers/USB/Core/AVR8/../AVR8/../AVR8/../AVR8/Device_AVR8.h **** 				return UDFNUM;
 158:../lufa-LUFA-111009/LUFA/Drivers/USB/Core/AVR8/../AVR8/../AVR8/../AVR8/Device_AVR8.h **** 			}
 159:../lufa-LUFA-111009/LUFA/Drivers/USB/Core/AVR8/../AVR8/../AVR8/../AVR8/Device_AVR8.h **** 
 160:../lufa-LUFA-111009/LUFA/Drivers/USB/Core/AVR8/../AVR8/../AVR8/../AVR8/Device_AVR8.h **** 			#if !defined(NO_SOF_EVENTS)
 161:../lufa-LUFA-111009/LUFA/Drivers/USB/Core/AVR8/../AVR8/../AVR8/../AVR8/Device_AVR8.h **** 				/** Enables the device mode Start Of Frame events. When enabled, this causes the
 162:../lufa-LUFA-111009/LUFA/Drivers/USB/Core/AVR8/../AVR8/../AVR8/../AVR8/Device_AVR8.h **** 				 *  \ref EVENT_USB_Device_StartOfFrame() event to fire once per millisecond, synchronized to th
 163:../lufa-LUFA-111009/LUFA/Drivers/USB/Core/AVR8/../AVR8/../AVR8/../AVR8/Device_AVR8.h **** 				 *  at the start of each USB frame when enumerated in device mode.
 164:../lufa-LUFA-111009/LUFA/Drivers/USB/Core/AVR8/../AVR8/../AVR8/../AVR8/Device_AVR8.h **** 				 *
 165:../lufa-LUFA-111009/LUFA/Drivers/USB/Core/AVR8/../AVR8/../AVR8/../AVR8/Device_AVR8.h **** 				 *  \note Not available when the \c NO_SOF_EVENTS compile time token is defined.
 166:../lufa-LUFA-111009/LUFA/Drivers/USB/Core/AVR8/../AVR8/../AVR8/../AVR8/Device_AVR8.h **** 				 */
 167:../lufa-LUFA-111009/LUFA/Drivers/USB/Core/AVR8/../AVR8/../AVR8/../AVR8/Device_AVR8.h **** 				static inline void USB_Device_EnableSOFEvents(void) ATTR_ALWAYS_INLINE;
 168:../lufa-LUFA-111009/LUFA/Drivers/USB/Core/AVR8/../AVR8/../AVR8/../AVR8/Device_AVR8.h **** 				static inline void USB_Device_EnableSOFEvents(void)
 169:../lufa-LUFA-111009/LUFA/Drivers/USB/Core/AVR8/../AVR8/../AVR8/../AVR8/Device_AVR8.h **** 				{
 170:../lufa-LUFA-111009/LUFA/Drivers/USB/Core/AVR8/../AVR8/../AVR8/../AVR8/Device_AVR8.h **** 					USB_INT_Enable(USB_INT_SOFI);
 171:../lufa-LUFA-111009/LUFA/Drivers/USB/Core/AVR8/../AVR8/../AVR8/../AVR8/Device_AVR8.h **** 				}
 172:../lufa-LUFA-111009/LUFA/Drivers/USB/Core/AVR8/../AVR8/../AVR8/../AVR8/Device_AVR8.h **** 
 173:../lufa-LUFA-111009/LUFA/Drivers/USB/Core/AVR8/../AVR8/../AVR8/../AVR8/Device_AVR8.h **** 				/** Disables the device mode Start Of Frame events. When disabled, this stops the firing of the
 174:../lufa-LUFA-111009/LUFA/Drivers/USB/Core/AVR8/../AVR8/../AVR8/../AVR8/Device_AVR8.h **** 				 *  \ref EVENT_USB_Device_StartOfFrame() event when enumerated in device mode.
 175:../lufa-LUFA-111009/LUFA/Drivers/USB/Core/AVR8/../AVR8/../AVR8/../AVR8/Device_AVR8.h **** 				 *
 176:../lufa-LUFA-111009/LUFA/Drivers/USB/Core/AVR8/../AVR8/../AVR8/../AVR8/Device_AVR8.h **** 				 *  \note Not available when the \c NO_SOF_EVENTS compile time token is defined.
 177:../lufa-LUFA-111009/LUFA/Drivers/USB/Core/AVR8/../AVR8/../AVR8/../AVR8/Device_AVR8.h **** 				 */
 178:../lufa-LUFA-111009/LUFA/Drivers/USB/Core/AVR8/../AVR8/../AVR8/../AVR8/Device_AVR8.h **** 				static inline void USB_Device_DisableSOFEvents(void) ATTR_ALWAYS_INLINE;
 179:../lufa-LUFA-111009/LUFA/Drivers/USB/Core/AVR8/../AVR8/../AVR8/../AVR8/Device_AVR8.h **** 				static inline void USB_Device_DisableSOFEvents(void)
 180:../lufa-LUFA-111009/LUFA/Drivers/USB/Core/AVR8/../AVR8/../AVR8/../AVR8/Device_AVR8.h **** 				{
 181:../lufa-LUFA-111009/LUFA/Drivers/USB/Core/AVR8/../AVR8/../AVR8/../AVR8/Device_AVR8.h **** 					USB_INT_Disable(USB_INT_SOFI);
 182:../lufa-LUFA-111009/LUFA/Drivers/USB/Core/AVR8/../AVR8/../AVR8/../AVR8/Device_AVR8.h **** 				}
 183:../lufa-LUFA-111009/LUFA/Drivers/USB/Core/AVR8/../AVR8/../AVR8/../AVR8/Device_AVR8.h **** 			#endif
 184:../lufa-LUFA-111009/LUFA/Drivers/USB/Core/AVR8/../AVR8/../AVR8/../AVR8/Device_AVR8.h **** 
 185:../lufa-LUFA-111009/LUFA/Drivers/USB/Core/AVR8/../AVR8/../AVR8/../AVR8/Device_AVR8.h **** 	/* Private Interface - For use in library only: */
 186:../lufa-LUFA-111009/LUFA/Drivers/USB/Core/AVR8/../AVR8/../AVR8/../AVR8/Device_AVR8.h **** 	#if !defined(__DOXYGEN__)
 187:../lufa-LUFA-111009/LUFA/Drivers/USB/Core/AVR8/../AVR8/../AVR8/../AVR8/Device_AVR8.h **** 		/* Inline Functions: */
 188:../lufa-LUFA-111009/LUFA/Drivers/USB/Core/AVR8/../AVR8/../AVR8/../AVR8/Device_AVR8.h **** 			#if defined(USB_DEVICE_OPT_LOWSPEED)
 189:../lufa-LUFA-111009/LUFA/Drivers/USB/Core/AVR8/../AVR8/../AVR8/../AVR8/Device_AVR8.h **** 			static inline void USB_Device_SetLowSpeed(void) ATTR_ALWAYS_INLINE;
 190:../lufa-LUFA-111009/LUFA/Drivers/USB/Core/AVR8/../AVR8/../AVR8/../AVR8/Device_AVR8.h **** 			static inline void USB_Device_SetLowSpeed(void)
 191:../lufa-LUFA-111009/LUFA/Drivers/USB/Core/AVR8/../AVR8/../AVR8/../AVR8/Device_AVR8.h **** 			{
 192:../lufa-LUFA-111009/LUFA/Drivers/USB/Core/AVR8/../AVR8/../AVR8/../AVR8/Device_AVR8.h **** 				UDCON |=  (1 << LSM);
 193:../lufa-LUFA-111009/LUFA/Drivers/USB/Core/AVR8/../AVR8/../AVR8/../AVR8/Device_AVR8.h **** 			}
 194:../lufa-LUFA-111009/LUFA/Drivers/USB/Core/AVR8/../AVR8/../AVR8/../AVR8/Device_AVR8.h **** 
 195:../lufa-LUFA-111009/LUFA/Drivers/USB/Core/AVR8/../AVR8/../AVR8/../AVR8/Device_AVR8.h **** 			static inline void USB_Device_SetFullSpeed(void) ATTR_ALWAYS_INLINE;
 196:../lufa-LUFA-111009/LUFA/Drivers/USB/Core/AVR8/../AVR8/../AVR8/../AVR8/Device_AVR8.h **** 			static inline void USB_Device_SetFullSpeed(void)
 197:../lufa-LUFA-111009/LUFA/Drivers/USB/Core/AVR8/../AVR8/../AVR8/../AVR8/Device_AVR8.h **** 			{
 198:../lufa-LUFA-111009/LUFA/Drivers/USB/Core/AVR8/../AVR8/../AVR8/../AVR8/Device_AVR8.h **** 				UDCON &= ~(1 << LSM);
 199:../lufa-LUFA-111009/LUFA/Drivers/USB/Core/AVR8/../AVR8/../AVR8/../AVR8/Device_AVR8.h **** 			}
 200:../lufa-LUFA-111009/LUFA/Drivers/USB/Core/AVR8/../AVR8/../AVR8/../AVR8/Device_AVR8.h **** 			#endif
 201:../lufa-LUFA-111009/LUFA/Drivers/USB/Core/AVR8/../AVR8/../AVR8/../AVR8/Device_AVR8.h **** 
 202:../lufa-LUFA-111009/LUFA/Drivers/USB/Core/AVR8/../AVR8/../AVR8/../AVR8/Device_AVR8.h **** 			static inline void USB_Device_SetDeviceAddress(const uint8_t Address) ATTR_ALWAYS_INLINE;
 203:../lufa-LUFA-111009/LUFA/Drivers/USB/Core/AVR8/../AVR8/../AVR8/../AVR8/Device_AVR8.h **** 			static inline void USB_Device_SetDeviceAddress(const uint8_t Address)
 204:../lufa-LUFA-111009/LUFA/Drivers/USB/Core/AVR8/../AVR8/../AVR8/../AVR8/Device_AVR8.h **** 			{
 205:../lufa-LUFA-111009/LUFA/Drivers/USB/Core/AVR8/../AVR8/../AVR8/../AVR8/Device_AVR8.h **** 				uint8_t Temp = (UDADDR & (1 << ADDEN)) | (Address & 0x7F);
 206:../lufa-LUFA-111009/LUFA/Drivers/USB/Core/AVR8/../AVR8/../AVR8/../AVR8/Device_AVR8.h **** 
 207:../lufa-LUFA-111009/LUFA/Drivers/USB/Core/AVR8/../AVR8/../AVR8/../AVR8/Device_AVR8.h **** 				UDADDR = Temp;
 208:../lufa-LUFA-111009/LUFA/Drivers/USB/Core/AVR8/../AVR8/../AVR8/../AVR8/Device_AVR8.h **** 				UDADDR = Temp | (1 << ADDEN);
 209:../lufa-LUFA-111009/LUFA/Drivers/USB/Core/AVR8/../AVR8/../AVR8/../AVR8/Device_AVR8.h **** 			}
 210:../lufa-LUFA-111009/LUFA/Drivers/USB/Core/AVR8/../AVR8/../AVR8/../AVR8/Device_AVR8.h **** 
 211:../lufa-LUFA-111009/LUFA/Drivers/USB/Core/AVR8/../AVR8/../AVR8/../AVR8/Device_AVR8.h **** 			static inline bool USB_Device_IsAddressSet(void) ATTR_ALWAYS_INLINE ATTR_WARN_UNUSED_RESULT;
 212:../lufa-LUFA-111009/LUFA/Drivers/USB/Core/AVR8/../AVR8/../AVR8/../AVR8/Device_AVR8.h **** 			static inline bool USB_Device_IsAddressSet(void)
 630               		.loc 5 212 23 view .LVU202
 631               	.LBB121:
 213:../lufa-LUFA-111009/LUFA/Drivers/USB/Core/AVR8/../AVR8/../AVR8/../AVR8/Device_AVR8.h **** 			{
 214:../lufa-LUFA-111009/LUFA/Drivers/USB/Core/AVR8/../AVR8/../AVR8/../AVR8/Device_AVR8.h **** 				return (UDADDR & (1 << ADDEN));
 632               		.loc 5 214 5 view .LVU203
 633               		.loc 5 214 13 is_stmt 0 view .LVU204
 634 0164 8091 E300 		lds r24,227
 635               	.LBE121:
 636               	.LBE120:
 150:../lufa-LUFA-111009/LUFA/Drivers/USB/Core/AVR8/USBInterrupt_AVR8.c **** 
 637               		.loc 1 150 21 view .LVU205
 638 0168 87FD      		sbrc r24,7
 639 016a 00C0      		rjmp .L43
 640 016c 81E0      		ldi r24,lo8(1)
 641 016e 00C0      		rjmp .L12
 642               		.cfi_endproc
 643               	.LFE87:
 645               		.text
 646               	.Letext0:
 647               		.file 6 "/usr/avr/sys-root/include/stdint.h"
 648               		.file 7 "../lufa-LUFA-111009/LUFA/Drivers/USB/Core/AVR8/../AVR8/../AVR8/../Device.h"
 649               		.file 8 "../lufa-LUFA-111009/LUFA/Drivers/USB/Core/AVR8/../AVR8/../Events.h"
 650               		.file 9 "../lufa-LUFA-111009/LUFA/Drivers/USB/Core/AVR8/../AVR8/../AVR8/../DeviceStandardReq.h"
DEFINED SYMBOLS
                            *ABS*:00000000 USBInterrupt_AVR8.c
     /tmp/ccuNmEFF.s:2      *ABS*:0000003e __SP_H__
     /tmp/ccuNmEFF.s:3      *ABS*:0000003d __SP_L__
     /tmp/ccuNmEFF.s:4      *ABS*:0000003f __SREG__
     /tmp/ccuNmEFF.s:5      *ABS*:00000000 __tmp_reg__
     /tmp/ccuNmEFF.s:6      *ABS*:00000001 __zero_reg__
     /tmp/ccuNmEFF.s:14     .text.USB_INT_DisableAllInterrupts:00000000 USB_INT_DisableAllInterrupts
     /tmp/ccuNmEFF.s:16     .text.USB_INT_DisableAllInterrupts:00000000 .Loc.0
     /tmp/ccuNmEFF.s:17     .text.USB_INT_DisableAllInterrupts:00000000 L0
     /tmp/ccuNmEFF.s:22     .text.USB_INT_DisableAllInterrupts:00000000 .Loc.1
     /tmp/ccuNmEFF.s:23     .text.USB_INT_DisableAllInterrupts:00000000 .Loc.2
     /tmp/ccuNmEFF.s:29     .text.USB_INT_DisableAllInterrupts:0000000a .Loc.3
     /tmp/ccuNmEFF.s:30     .text.USB_INT_DisableAllInterrupts:0000000a .Loc.4
     /tmp/ccuNmEFF.s:33     .text.USB_INT_DisableAllInterrupts:0000000e .Loc.5
     /tmp/ccuNmEFF.s:35     .text.USB_INT_DisableAllInterrupts:00000010 L0
     /tmp/ccuNmEFF.s:41     .text.USB_INT_ClearAllInterrupts:00000000 USB_INT_ClearAllInterrupts
     /tmp/ccuNmEFF.s:43     .text.USB_INT_ClearAllInterrupts:00000000 .Loc.6
     /tmp/ccuNmEFF.s:44     .text.USB_INT_ClearAllInterrupts:00000000 L0
     /tmp/ccuNmEFF.s:49     .text.USB_INT_ClearAllInterrupts:00000000 .Loc.7
     /tmp/ccuNmEFF.s:50     .text.USB_INT_ClearAllInterrupts:00000000 .Loc.8
     /tmp/ccuNmEFF.s:52     .text.USB_INT_ClearAllInterrupts:00000004 .Loc.9
     /tmp/ccuNmEFF.s:53     .text.USB_INT_ClearAllInterrupts:00000004 .Loc.10
     /tmp/ccuNmEFF.s:56     .text.USB_INT_ClearAllInterrupts:00000008 .Loc.11
     /tmp/ccuNmEFF.s:58     .text.USB_INT_ClearAllInterrupts:0000000a L0
     /tmp/ccuNmEFF.s:64     .text.__vector_10:00000000 __vector_10
     /tmp/ccuNmEFF.s:66     .text.__vector_10:00000000 .Loc.12
     /tmp/ccuNmEFF.s:67     .text.__vector_10:00000000 L0
     /tmp/ccuNmEFF.s:131    .text.__vector_10:00000022 .Loc.13
     /tmp/ccuNmEFF.s:136    .text.__vector_10:00000022 .Loc.14
     /tmp/ccuNmEFF.s:138    .text.__vector_10:00000022 .Loc.15
     /tmp/ccuNmEFF.s:139    .text.__vector_10:00000022 .Loc.16
     /tmp/ccuNmEFF.s:140    .text.__vector_10:00000022 .Loc.17
     /tmp/ccuNmEFF.s:143    .text.__vector_10:00000026 .Loc.18
     /tmp/ccuNmEFF.s:146    .text.__vector_10:00000026 .Loc.19
     /tmp/ccuNmEFF.s:152    .text.__vector_10:0000002a .Loc.20
     /tmp/ccuNmEFF.s:154    .text.__vector_10:0000002a .Loc.21
     /tmp/ccuNmEFF.s:155    .text.__vector_10:0000002a .Loc.22
     /tmp/ccuNmEFF.s:156    .text.__vector_10:0000002a .Loc.23
     /tmp/ccuNmEFF.s:159    .text.__vector_10:0000002e .Loc.24
     /tmp/ccuNmEFF.s:162    .text.__vector_10:0000002e .Loc.25
     /tmp/ccuNmEFF.s:165    .text.__vector_10:00000032 .Loc.26
     /tmp/ccuNmEFF.s:169    .text.__vector_10:00000032 .Loc.27
     /tmp/ccuNmEFF.s:171    .text.__vector_10:00000032 .Loc.28
     /tmp/ccuNmEFF.s:172    .text.__vector_10:00000032 .Loc.29
     /tmp/ccuNmEFF.s:173    .text.__vector_10:00000032 .Loc.30
     /tmp/ccuNmEFF.s:177    .text.__vector_10:0000003c .Loc.31
     /tmp/ccuNmEFF.s:179    .text.__vector_10:0000003c .Loc.32
     /tmp/ccuNmEFF.s:182    .text.__vector_10:0000003c .Loc.33
     /tmp/ccuNmEFF.s:186    .text.__vector_10:0000003c .Loc.34
     /tmp/ccuNmEFF.s:188    .text.__vector_10:0000003c .Loc.35
     /tmp/ccuNmEFF.s:189    .text.__vector_10:0000003c .Loc.36
     /tmp/ccuNmEFF.s:193    .text.__vector_10:00000040 .Loc.37
     /tmp/ccuNmEFF.s:196    .text.__vector_10:00000044 .Loc.38
     /tmp/ccuNmEFF.s:197    .text.__vector_10:00000044 .Loc.39
     /tmp/ccuNmEFF.s:200    .text.__vector_10:00000044 .Loc.40
     /tmp/ccuNmEFF.s:202    .text.__vector_10:00000044 .Loc.41
     /tmp/ccuNmEFF.s:203    .text.__vector_10:00000044 .Loc.42
     /tmp/ccuNmEFF.s:206    .text.__vector_10:00000048 .Loc.43
     /tmp/ccuNmEFF.s:207    .text.__vector_10:00000048 .Loc.44
     /tmp/ccuNmEFF.s:213    .text.__vector_10:0000004c .Loc.45
     /tmp/ccuNmEFF.s:216    .text.__vector_10:0000004c .Loc.46
     /tmp/ccuNmEFF.s:218    .text.__vector_10:0000004c .Loc.47
     /tmp/ccuNmEFF.s:221    .text.__vector_10:0000004c .Loc.48
     /tmp/ccuNmEFF.s:225    .text.__vector_10:00000052 .Loc.49
     /tmp/ccuNmEFF.s:226    .text.__vector_10:00000052 .Loc.50
     /tmp/ccuNmEFF.s:229    .text.__vector_10:00000056 .Loc.51
     /tmp/ccuNmEFF.s:233    .text.__vector_10:0000005a .Loc.52
     /tmp/ccuNmEFF.s:236    .text.__vector_10:0000005a .Loc.53
     /tmp/ccuNmEFF.s:238    .text.__vector_10:0000005a .Loc.54
     /tmp/ccuNmEFF.s:239    .text.__vector_10:0000005a .Loc.55
     /tmp/ccuNmEFF.s:240    .text.__vector_10:0000005a .Loc.56
     /tmp/ccuNmEFF.s:243    .text.__vector_10:0000005e .Loc.57
     /tmp/ccuNmEFF.s:246    .text.__vector_10:0000005e .Loc.58
     /tmp/ccuNmEFF.s:252    .text.__vector_10:00000062 .Loc.59
     /tmp/ccuNmEFF.s:254    .text.__vector_10:00000062 .Loc.60
     /tmp/ccuNmEFF.s:255    .text.__vector_10:00000062 .Loc.61
     /tmp/ccuNmEFF.s:256    .text.__vector_10:00000062 .Loc.62
     /tmp/ccuNmEFF.s:259    .text.__vector_10:00000066 .Loc.63
     /tmp/ccuNmEFF.s:262    .text.__vector_10:00000066 .Loc.64
     /tmp/ccuNmEFF.s:265    .text.__vector_10:0000006a .Loc.65
     /tmp/ccuNmEFF.s:269    .text.__vector_10:0000006a .Loc.66
     /tmp/ccuNmEFF.s:271    .text.__vector_10:0000006a .Loc.67
     /tmp/ccuNmEFF.s:272    .text.__vector_10:0000006a .Loc.68
     /tmp/ccuNmEFF.s:273    .text.__vector_10:0000006a .Loc.69
     /tmp/ccuNmEFF.s:277    .text.__vector_10:00000074 .Loc.70
     /tmp/ccuNmEFF.s:279    .text.__vector_10:00000074 .Loc.71
     /tmp/ccuNmEFF.s:282    .text.__vector_10:00000074 .Loc.72
     /tmp/ccuNmEFF.s:285    .text.__vector_10:00000074 .Loc.73
     /tmp/ccuNmEFF.s:287    .text.__vector_10:00000074 .Loc.74
     /tmp/ccuNmEFF.s:288    .text.__vector_10:00000074 .Loc.75
     /tmp/ccuNmEFF.s:290    .text.__vector_10:00000078 .Loc.76
     /tmp/ccuNmEFF.s:293    .text.__vector_10:0000007e .Loc.77
     /tmp/ccuNmEFF.s:295    .text.__vector_10:0000007e .Loc.78
     /tmp/ccuNmEFF.s:298    .text.__vector_10:0000007e .Loc.79
     /tmp/ccuNmEFF.s:301    .text.__vector_10:0000007e .Loc.80
     /tmp/ccuNmEFF.s:303    .text.__vector_10:0000007e .Loc.81
     /tmp/ccuNmEFF.s:305    .text.__vector_10:00000082 .Loc.82
     /tmp/ccuNmEFF.s:310    .text.__vector_10:00000088 .Loc.83
     /tmp/ccuNmEFF.s:311    .text.__vector_10:00000088 .Loc.84
     /tmp/ccuNmEFF.s:314    .text.__vector_10:00000088 .Loc.85
     /tmp/ccuNmEFF.s:316    .text.__vector_10:00000088 .Loc.86
     /tmp/ccuNmEFF.s:317    .text.__vector_10:00000088 .Loc.87
     /tmp/ccuNmEFF.s:321    .text.__vector_10:0000008a .Loc.88
     /tmp/ccuNmEFF.s:322    .text.__vector_10:0000008a .Loc.89
     /tmp/ccuNmEFF.s:325    .text.__vector_10:0000008e .Loc.90
     /tmp/ccuNmEFF.s:329    .text.__vector_10:00000092 .Loc.91
     /tmp/ccuNmEFF.s:332    .text.__vector_10:00000092 .Loc.92
     /tmp/ccuNmEFF.s:334    .text.__vector_10:00000092 .Loc.93
     /tmp/ccuNmEFF.s:335    .text.__vector_10:00000092 .Loc.94
     /tmp/ccuNmEFF.s:336    .text.__vector_10:00000092 .Loc.95
     /tmp/ccuNmEFF.s:339    .text.__vector_10:00000096 .Loc.96
     /tmp/ccuNmEFF.s:342    .text.__vector_10:00000096 .Loc.97
     /tmp/ccuNmEFF.s:348    .text.__vector_10:0000009a .Loc.98
     /tmp/ccuNmEFF.s:350    .text.__vector_10:0000009a .Loc.99
     /tmp/ccuNmEFF.s:351    .text.__vector_10:0000009a .Loc.100
     /tmp/ccuNmEFF.s:352    .text.__vector_10:0000009a .Loc.101
     /tmp/ccuNmEFF.s:355    .text.__vector_10:0000009e .Loc.102
     /tmp/ccuNmEFF.s:358    .text.__vector_10:0000009e .Loc.103
     /tmp/ccuNmEFF.s:361    .text.__vector_10:000000a2 .Loc.104
     /tmp/ccuNmEFF.s:362    .text.__vector_10:000000a2 .Loc.105
     /tmp/ccuNmEFF.s:365    .text.__vector_10:000000a2 .Loc.106
     /tmp/ccuNmEFF.s:367    .text.__vector_10:000000a2 .Loc.107
     /tmp/ccuNmEFF.s:368    .text.__vector_10:000000a2 .Loc.108
     /tmp/ccuNmEFF.s:371    .text.__vector_10:000000a6 .Loc.109
     /tmp/ccuNmEFF.s:372    .text.__vector_10:000000a6 .Loc.110
     /tmp/ccuNmEFF.s:378    .text.__vector_10:000000aa .Loc.111
     /tmp/ccuNmEFF.s:381    .text.__vector_10:000000aa .Loc.112
     /tmp/ccuNmEFF.s:383    .text.__vector_10:000000aa .Loc.113
     /tmp/ccuNmEFF.s:386    .text.__vector_10:000000aa .Loc.114
     /tmp/ccuNmEFF.s:390    .text.__vector_10:000000b0 .Loc.115
     /tmp/ccuNmEFF.s:393    .text.__vector_10:000000b0 .Loc.116
     /tmp/ccuNmEFF.s:395    .text.__vector_10:000000b0 .Loc.117
     /tmp/ccuNmEFF.s:396    .text.__vector_10:000000b0 .Loc.118
     /tmp/ccuNmEFF.s:402    .text.__vector_10:000000ba .Loc.119
     /tmp/ccuNmEFF.s:406    .text.__vector_10:000000ba .Loc.120
     /tmp/ccuNmEFF.s:408    .text.__vector_10:000000ba .Loc.121
     /tmp/ccuNmEFF.s:409    .text.__vector_10:000000ba .Loc.122
     /tmp/ccuNmEFF.s:410    .text.__vector_10:000000ba .Loc.123
     /tmp/ccuNmEFF.s:414    .text.__vector_10:000000c4 .Loc.124
     /tmp/ccuNmEFF.s:416    .text.__vector_10:000000c4 .Loc.125
     /tmp/ccuNmEFF.s:419    .text.__vector_10:000000c4 .Loc.126
     /tmp/ccuNmEFF.s:422    .text.__vector_10:000000c4 .Loc.127
     /tmp/ccuNmEFF.s:424    .text.__vector_10:000000c4 .Loc.128
     /tmp/ccuNmEFF.s:425    .text.__vector_10:000000c4 .Loc.129
     /tmp/ccuNmEFF.s:426    .text.__vector_10:000000c4 .Loc.130
     /tmp/ccuNmEFF.s:430    .text.__vector_10:000000ce .Loc.131
     /tmp/ccuNmEFF.s:432    .text.__vector_10:000000ce .Loc.132
     /tmp/ccuNmEFF.s:435    .text.__vector_10:000000ce .Loc.133
     /tmp/ccuNmEFF.s:438    .text.__vector_10:000000ce .Loc.134
     /tmp/ccuNmEFF.s:440    .text.__vector_10:000000ce .Loc.135
     /tmp/ccuNmEFF.s:441    .text.__vector_10:000000ce .Loc.136
     /tmp/ccuNmEFF.s:443    .text.__vector_10:000000d2 .Loc.137
     /tmp/ccuNmEFF.s:446    .text.__vector_10:000000d8 .Loc.138
     /tmp/ccuNmEFF.s:448    .text.__vector_10:000000d8 .Loc.139
     /tmp/ccuNmEFF.s:451    .text.__vector_10:000000d8 .Loc.140
     /tmp/ccuNmEFF.s:452    .text.__vector_10:000000d8 .Loc.141
     /tmp/ccuNmEFF.s:455    .text.__vector_10:000000e0 L0
     /tmp/ccuNmEFF.s:458    .text.__vector_10:000000e2 .Loc.142
     /tmp/ccuNmEFF.s:461    .text.__vector_10:000000e4 .Loc.143
     /tmp/ccuNmEFF.s:463    .text.__vector_10:000000e6 .Loc.144
     /tmp/ccuNmEFF.s:467    .text.__vector_10:000000ea .Loc.145
     /tmp/ccuNmEFF.s:470    .text.__vector_10:000000ea .Loc.146
     /tmp/ccuNmEFF.s:472    .text.__vector_10:000000ea .Loc.147
     /tmp/ccuNmEFF.s:473    .text.__vector_10:000000ea .Loc.148
     /tmp/ccuNmEFF.s:474    .text.__vector_10:000000ea .Loc.149
     /tmp/ccuNmEFF.s:477    .text.__vector_10:000000ee .Loc.150
     /tmp/ccuNmEFF.s:480    .text.__vector_10:000000ee .Loc.151
     /tmp/ccuNmEFF.s:486    .text.__vector_10:000000f2 .Loc.152
     /tmp/ccuNmEFF.s:488    .text.__vector_10:000000f2 .Loc.153
     /tmp/ccuNmEFF.s:489    .text.__vector_10:000000f2 .Loc.154
     /tmp/ccuNmEFF.s:490    .text.__vector_10:000000f2 .Loc.155
     /tmp/ccuNmEFF.s:493    .text.__vector_10:000000f6 .Loc.156
     /tmp/ccuNmEFF.s:496    .text.__vector_10:000000f6 .Loc.157
     /tmp/ccuNmEFF.s:499    .text.__vector_10:000000fa .Loc.158
     /tmp/ccuNmEFF.s:503    .text.__vector_10:000000fa .Loc.159
     /tmp/ccuNmEFF.s:505    .text.__vector_10:000000fa .Loc.160
     /tmp/ccuNmEFF.s:506    .text.__vector_10:000000fa .Loc.161
     /tmp/ccuNmEFF.s:507    .text.__vector_10:000000fa .Loc.162
     /tmp/ccuNmEFF.s:511    .text.__vector_10:00000104 .Loc.163
     /tmp/ccuNmEFF.s:513    .text.__vector_10:00000104 .Loc.164
     /tmp/ccuNmEFF.s:516    .text.__vector_10:00000104 .Loc.165
     /tmp/ccuNmEFF.s:517    .text.__vector_10:00000104 .Loc.166
     /tmp/ccuNmEFF.s:520    .text.__vector_10:00000108 .Loc.167
     /tmp/ccuNmEFF.s:521    .text.__vector_10:00000108 .Loc.168
     /tmp/ccuNmEFF.s:523    .text.__vector_10:0000010c .Loc.169
     /tmp/ccuNmEFF.s:527    .text.__vector_10:0000010c .Loc.170
     /tmp/ccuNmEFF.s:529    .text.__vector_10:0000010c .Loc.171
     /tmp/ccuNmEFF.s:530    .text.__vector_10:0000010c .Loc.172
     /tmp/ccuNmEFF.s:531    .text.__vector_10:0000010c .Loc.173
     /tmp/ccuNmEFF.s:535    .text.__vector_10:00000116 .Loc.174
     /tmp/ccuNmEFF.s:537    .text.__vector_10:00000116 .Loc.175
     /tmp/ccuNmEFF.s:540    .text.__vector_10:00000116 .Loc.176
     /tmp/ccuNmEFF.s:543    .text.__vector_10:00000116 .Loc.177
     /tmp/ccuNmEFF.s:545    .text.__vector_10:00000116 .Loc.178
     /tmp/ccuNmEFF.s:546    .text.__vector_10:00000116 .Loc.179
     /tmp/ccuNmEFF.s:547    .text.__vector_10:00000116 .Loc.180
     /tmp/ccuNmEFF.s:551    .text.__vector_10:00000120 .Loc.181
     /tmp/ccuNmEFF.s:553    .text.__vector_10:00000120 .Loc.182
     /tmp/ccuNmEFF.s:556    .text.__vector_10:00000120 .Loc.183
     /tmp/ccuNmEFF.s:559    .text.__vector_10:00000120 .Loc.184
     /tmp/ccuNmEFF.s:561    .text.__vector_10:00000120 .Loc.185
     /tmp/ccuNmEFF.s:562    .text.__vector_10:00000120 .Loc.186
     /tmp/ccuNmEFF.s:564    .text.__vector_10:00000124 .Loc.187
     /tmp/ccuNmEFF.s:567    .text.__vector_10:0000012a .Loc.188
     /tmp/ccuNmEFF.s:569    .text.__vector_10:0000012a .Loc.189
     /tmp/ccuNmEFF.s:575    .text.__vector_10:0000012a .Loc.190
     /tmp/ccuNmEFF.s:583    .text.__vector_10:00000134 .Loc.191
     /tmp/ccuNmEFF.s:588    .text.__vector_10:00000138 .Loc.192
     /tmp/ccuNmEFF.s:607    .text.__vector_10:0000015a .Loc.193
     /tmp/ccuNmEFF.s:608    .text.__vector_10:0000015a .Loc.194
     /tmp/ccuNmEFF.s:611    .text.__vector_10:0000015a .Loc.195
     /tmp/ccuNmEFF.s:613    .text.__vector_10:0000015a .Loc.196
     /tmp/ccuNmEFF.s:614    .text.__vector_10:0000015a .Loc.197
     /tmp/ccuNmEFF.s:618    .text.__vector_10:0000015c .Loc.198
     /tmp/ccuNmEFF.s:619    .text.__vector_10:0000015c .Loc.199
     /tmp/ccuNmEFF.s:621    .text.__vector_10:0000015e .Loc.200
     /tmp/ccuNmEFF.s:626    .text.__vector_10:00000164 .Loc.201
     /tmp/ccuNmEFF.s:630    .text.__vector_10:00000164 .Loc.202
     /tmp/ccuNmEFF.s:632    .text.__vector_10:00000164 .Loc.203
     /tmp/ccuNmEFF.s:633    .text.__vector_10:00000164 .Loc.204
     /tmp/ccuNmEFF.s:637    .text.__vector_10:00000168 .Loc.205
     /tmp/ccuNmEFF.s:642    .text.__vector_10:00000170 L0
     /tmp/ccuNmEFF.s:38     .text.USB_INT_DisableAllInterrupts:00000010 L0
     /tmp/ccuNmEFF.s:61     .text.USB_INT_ClearAllInterrupts:0000000a L0
     /tmp/ccuNmEFF.s:645    .text.__vector_10:00000170 L0
                     .debug_frame:00000000 L0
     /tmp/ccuNmEFF.s:232    .text.__vector_10:0000005a .L4
     /tmp/ccuNmEFF.s:606    .text.__vector_10:0000015a .L5
     /tmp/ccuNmEFF.s:210    .text.__vector_10:0000004c .L6
     /tmp/ccuNmEFF.s:328    .text.__vector_10:00000092 .L7
     /tmp/ccuNmEFF.s:466    .text.__vector_10:000000ea .L8
     /tmp/ccuNmEFF.s:375    .text.__vector_10:000000aa .L9
     /tmp/ccuNmEFF.s:625    .text.__vector_10:00000164 .L10
     /tmp/ccuNmEFF.s:586    .text.__vector_10:00000138 .L3
     /tmp/ccuNmEFF.s:457    .text.__vector_10:000000e2 .L43
     /tmp/ccuNmEFF.s:460    .text.__vector_10:000000e4 .L12
     /tmp/ccuNmEFF.s:1491   .debug_abbrev:00000000 .Ldebug_abbrev0
     /tmp/ccuNmEFF.s:2323   .debug_ranges:00000000 .Ldebug_ranges0
     /tmp/ccuNmEFF.s:2333   .debug_line:00000000 .Ldebug_line0
     /tmp/ccuNmEFF.s:65     .text.__vector_10:00000000 .LFB87
     /tmp/ccuNmEFF.s:643    .text.__vector_10:00000170 .LFE87
     /tmp/ccuNmEFF.s:2015   .debug_loc:00000000 .LLST0
     /tmp/ccuNmEFF.s:134    .text.__vector_10:00000022 .LBI64
     /tmp/ccuNmEFF.s:133    .text.__vector_10:00000022 .LBB64
     /tmp/ccuNmEFF.s:145    .text.__vector_10:00000026 .LBE64
     /tmp/ccuNmEFF.s:2111   .debug_loc:000000cd .LLST1
     /tmp/ccuNmEFF.s:2108   .debug_loc:000000cb .LVUS1
     /tmp/ccuNmEFF.s:151    .text.__vector_10:0000002a .LBI66
     /tmp/ccuNmEFF.s:150    .text.__vector_10:0000002a .LBB66
     /tmp/ccuNmEFF.s:161    .text.__vector_10:0000002e .LBE66
     /tmp/ccuNmEFF.s:2122   .debug_loc:000000e3 .LLST2
     /tmp/ccuNmEFF.s:2119   .debug_loc:000000e1 .LVUS2
     /tmp/ccuNmEFF.s:168    .text.__vector_10:00000032 .LBI68
     /tmp/ccuNmEFF.s:167    .text.__vector_10:00000032 .LBB68
     /tmp/ccuNmEFF.s:181    .text.__vector_10:0000003c .LBE68
     /tmp/ccuNmEFF.s:2133   .debug_loc:000000f9 .LLST3
     /tmp/ccuNmEFF.s:2130   .debug_loc:000000f7 .LVUS3
     /tmp/ccuNmEFF.s:184    .text.__vector_10:0000003c .LBI70
     /tmp/ccuNmEFF.s:183    .text.__vector_10:0000003c .LBB70
     /tmp/ccuNmEFF.s:192    .text.__vector_10:00000040 .LBE70
     /tmp/ccuNmEFF.s:199    .text.__vector_10:00000044 .LBI72
     /tmp/ccuNmEFF.s:198    .text.__vector_10:00000044 .LBB72
     /tmp/ccuNmEFF.s:212    .text.__vector_10:0000004c .LBE72
     /tmp/ccuNmEFF.s:215    .text.__vector_10:0000004c .LBI74
     /tmp/ccuNmEFF.s:214    .text.__vector_10:0000004c .LBB74
     /tmp/ccuNmEFF.s:220    .text.__vector_10:0000004c .LBE74
     /tmp/ccuNmEFF.s:235    .text.__vector_10:0000005a .LBI76
     /tmp/ccuNmEFF.s:234    .text.__vector_10:0000005a .LBB76
     /tmp/ccuNmEFF.s:245    .text.__vector_10:0000005e .LBE76
     /tmp/ccuNmEFF.s:2144   .debug_loc:0000010f .LLST4
     /tmp/ccuNmEFF.s:2141   .debug_loc:0000010d .LVUS4
     /tmp/ccuNmEFF.s:251    .text.__vector_10:00000062 .LBI78
     /tmp/ccuNmEFF.s:250    .text.__vector_10:00000062 .LBB78
     /tmp/ccuNmEFF.s:261    .text.__vector_10:00000066 .LBE78
     /tmp/ccuNmEFF.s:2155   .debug_loc:00000125 .LLST5
     /tmp/ccuNmEFF.s:2152   .debug_loc:00000123 .LVUS5
     /tmp/ccuNmEFF.s:268    .text.__vector_10:0000006a .LBI80
     /tmp/ccuNmEFF.s:267    .text.__vector_10:0000006a .LBB80
     /tmp/ccuNmEFF.s:281    .text.__vector_10:00000074 .LBE80
     /tmp/ccuNmEFF.s:2166   .debug_loc:0000013b .LLST6
     /tmp/ccuNmEFF.s:2163   .debug_loc:00000139 .LVUS6
     /tmp/ccuNmEFF.s:284    .text.__vector_10:00000074 .LBI82
     /tmp/ccuNmEFF.s:283    .text.__vector_10:00000074 .LBB82
     /tmp/ccuNmEFF.s:297    .text.__vector_10:0000007e .LBE82
     /tmp/ccuNmEFF.s:2177   .debug_loc:00000151 .LLST7
     /tmp/ccuNmEFF.s:2174   .debug_loc:0000014f .LVUS7
     /tmp/ccuNmEFF.s:300    .text.__vector_10:0000007e .LBI84
     /tmp/ccuNmEFF.s:299    .text.__vector_10:0000007e .LBB84
     /tmp/ccuNmEFF.s:309    .text.__vector_10:00000088 .LBE84
     /tmp/ccuNmEFF.s:313    .text.__vector_10:00000088 .LBI86
     /tmp/ccuNmEFF.s:312    .text.__vector_10:00000088 .LBB86
     /tmp/ccuNmEFF.s:320    .text.__vector_10:0000008a .LBE86
     /tmp/ccuNmEFF.s:331    .text.__vector_10:00000092 .LBI88
     /tmp/ccuNmEFF.s:330    .text.__vector_10:00000092 .LBB88
     /tmp/ccuNmEFF.s:341    .text.__vector_10:00000096 .LBE88
     /tmp/ccuNmEFF.s:2188   .debug_loc:00000167 .LLST8
     /tmp/ccuNmEFF.s:2185   .debug_loc:00000165 .LVUS8
     /tmp/ccuNmEFF.s:347    .text.__vector_10:0000009a .LBI90
     /tmp/ccuNmEFF.s:346    .text.__vector_10:0000009a .LBB90
     /tmp/ccuNmEFF.s:357    .text.__vector_10:0000009e .LBE90
     /tmp/ccuNmEFF.s:2199   .debug_loc:0000017d .LLST9
     /tmp/ccuNmEFF.s:2196   .debug_loc:0000017b .LVUS9
     /tmp/ccuNmEFF.s:364    .text.__vector_10:000000a2 .LBI92
     /tmp/ccuNmEFF.s:363    .text.__vector_10:000000a2 .LBB92
     /tmp/ccuNmEFF.s:377    .text.__vector_10:000000aa .LBE92
     /tmp/ccuNmEFF.s:380    .text.__vector_10:000000aa .LBI94
     /tmp/ccuNmEFF.s:379    .text.__vector_10:000000aa .LBB94
     /tmp/ccuNmEFF.s:385    .text.__vector_10:000000aa .LBE94
     /tmp/ccuNmEFF.s:392    .text.__vector_10:000000b0 .LBI96
     /tmp/ccuNmEFF.s:391    .text.__vector_10:000000b0 .LBB96
     /tmp/ccuNmEFF.s:401    .text.__vector_10:000000ba .LBE96
     /tmp/ccuNmEFF.s:405    .text.__vector_10:000000ba .LBI98
     /tmp/ccuNmEFF.s:404    .text.__vector_10:000000ba .LBB98
     /tmp/ccuNmEFF.s:418    .text.__vector_10:000000c4 .LBE98
     /tmp/ccuNmEFF.s:2210   .debug_loc:00000193 .LLST10
     /tmp/ccuNmEFF.s:2207   .debug_loc:00000191 .LVUS10
     /tmp/ccuNmEFF.s:421    .text.__vector_10:000000c4 .LBI100
     /tmp/ccuNmEFF.s:420    .text.__vector_10:000000c4 .LBB100
     /tmp/ccuNmEFF.s:434    .text.__vector_10:000000ce .LBE100
     /tmp/ccuNmEFF.s:2221   .debug_loc:000001a9 .LLST11
     /tmp/ccuNmEFF.s:2218   .debug_loc:000001a7 .LVUS11
     /tmp/ccuNmEFF.s:437    .text.__vector_10:000000ce .LBI102
     /tmp/ccuNmEFF.s:436    .text.__vector_10:000000ce .LBB102
     /tmp/ccuNmEFF.s:450    .text.__vector_10:000000d8 .LBE102
     /tmp/ccuNmEFF.s:2232   .debug_loc:000001bf .LLST12
     /tmp/ccuNmEFF.s:2229   .debug_loc:000001bd .LVUS12
     /tmp/ccuNmEFF.s:469    .text.__vector_10:000000ea .LBI104
     /tmp/ccuNmEFF.s:468    .text.__vector_10:000000ea .LBB104
     /tmp/ccuNmEFF.s:479    .text.__vector_10:000000ee .LBE104
     /tmp/ccuNmEFF.s:2243   .debug_loc:000001d5 .LLST13
     /tmp/ccuNmEFF.s:2240   .debug_loc:000001d3 .LVUS13
     /tmp/ccuNmEFF.s:485    .text.__vector_10:000000f2 .LBI106
     /tmp/ccuNmEFF.s:484    .text.__vector_10:000000f2 .LBB106
     /tmp/ccuNmEFF.s:495    .text.__vector_10:000000f6 .LBE106
     /tmp/ccuNmEFF.s:2254   .debug_loc:000001eb .LLST14
     /tmp/ccuNmEFF.s:2251   .debug_loc:000001e9 .LVUS14
     /tmp/ccuNmEFF.s:502    .text.__vector_10:000000fa .LBI108
     /tmp/ccuNmEFF.s:501    .text.__vector_10:000000fa .LBB108
     /tmp/ccuNmEFF.s:515    .text.__vector_10:00000104 .LBE108
     /tmp/ccuNmEFF.s:2265   .debug_loc:00000201 .LLST15
     /tmp/ccuNmEFF.s:2262   .debug_loc:000001ff .LVUS15
     /tmp/ccuNmEFF.s:526    .text.__vector_10:0000010c .LBI110
     /tmp/ccuNmEFF.s:525    .text.__vector_10:0000010c .LBB110
     /tmp/ccuNmEFF.s:539    .text.__vector_10:00000116 .LBE110
     /tmp/ccuNmEFF.s:2276   .debug_loc:00000217 .LLST16
     /tmp/ccuNmEFF.s:2273   .debug_loc:00000215 .LVUS16
     /tmp/ccuNmEFF.s:542    .text.__vector_10:00000116 .LBI112
     /tmp/ccuNmEFF.s:541    .text.__vector_10:00000116 .LBB112
     /tmp/ccuNmEFF.s:555    .text.__vector_10:00000120 .LBE112
     /tmp/ccuNmEFF.s:2287   .debug_loc:0000022d .LLST17
     /tmp/ccuNmEFF.s:2284   .debug_loc:0000022b .LVUS17
     /tmp/ccuNmEFF.s:558    .text.__vector_10:00000120 .LBI114
     /tmp/ccuNmEFF.s:557    .text.__vector_10:00000120 .LBB114
     /tmp/ccuNmEFF.s:571    .text.__vector_10:0000012a .LBE114
     /tmp/ccuNmEFF.s:2298   .debug_loc:00000243 .LLST18
     /tmp/ccuNmEFF.s:2295   .debug_loc:00000241 .LVUS18
     /tmp/ccuNmEFF.s:572    .text.__vector_10:0000012a .LBB116
     /tmp/ccuNmEFF.s:582    .text.__vector_10:00000134 .LBE116
     /tmp/ccuNmEFF.s:580    .text.__vector_10:00000134 .LVL31
     /tmp/ccuNmEFF.s:610    .text.__vector_10:0000015a .LBI118
     /tmp/ccuNmEFF.s:609    .text.__vector_10:0000015a .LBB118
     /tmp/ccuNmEFF.s:617    .text.__vector_10:0000015c .LBE118
     /tmp/ccuNmEFF.s:628    .text.__vector_10:00000164 .LBI120
     /tmp/ccuNmEFF.s:627    .text.__vector_10:00000164 .LBB120
     /tmp/ccuNmEFF.s:636    .text.__vector_10:00000168 .LBE120
     /tmp/ccuNmEFF.s:231    .text.__vector_10:0000005a .LVL6
     /tmp/ccuNmEFF.s:327    .text.__vector_10:00000092 .LVL13
     /tmp/ccuNmEFF.s:465    .text.__vector_10:000000ea .LVL21
     /tmp/ccuNmEFF.s:585    .text.__vector_10:00000138 .LVL32
     /tmp/ccuNmEFF.s:623    .text.__vector_10:00000162 .LVL33
     /tmp/ccuNmEFF.s:42     .text.USB_INT_ClearAllInterrupts:00000000 .LFB86
     /tmp/ccuNmEFF.s:59     .text.USB_INT_ClearAllInterrupts:0000000a .LFE86
     /tmp/ccuNmEFF.s:15     .text.USB_INT_DisableAllInterrupts:00000000 .LFB85
     /tmp/ccuNmEFF.s:36     .text.USB_INT_DisableAllInterrupts:00000010 .LFE85
     /tmp/ccuNmEFF.s:69     .text.__vector_10:00000002 .LCFI0
     /tmp/ccuNmEFF.s:73     .text.__vector_10:00000004 .LCFI1
     /tmp/ccuNmEFF.s:80     .text.__vector_10:0000000c .LCFI2
     /tmp/ccuNmEFF.s:84     .text.__vector_10:0000000e .LCFI3
     /tmp/ccuNmEFF.s:88     .text.__vector_10:00000010 .LCFI4
     /tmp/ccuNmEFF.s:92     .text.__vector_10:00000012 .LCFI5
     /tmp/ccuNmEFF.s:96     .text.__vector_10:00000014 .LCFI6
     /tmp/ccuNmEFF.s:100    .text.__vector_10:00000016 .LCFI7
     /tmp/ccuNmEFF.s:104    .text.__vector_10:00000018 .LCFI8
     /tmp/ccuNmEFF.s:108    .text.__vector_10:0000001a .LCFI9
     /tmp/ccuNmEFF.s:112    .text.__vector_10:0000001c .LCFI10
     /tmp/ccuNmEFF.s:116    .text.__vector_10:0000001e .LCFI11
     /tmp/ccuNmEFF.s:120    .text.__vector_10:00000020 .LCFI12
     /tmp/ccuNmEFF.s:124    .text.__vector_10:00000022 .LCFI13
     /tmp/ccuNmEFF.s:132    .text.__vector_10:00000022 .LVL0
     /tmp/ccuNmEFF.s:142    .text.__vector_10:00000026 .LVL1
     /tmp/ccuNmEFF.s:149    .text.__vector_10:0000002a .LVL2
     /tmp/ccuNmEFF.s:158    .text.__vector_10:0000002e .LVL3
     /tmp/ccuNmEFF.s:166    .text.__vector_10:00000032 .LVL4
     /tmp/ccuNmEFF.s:178    .text.__vector_10:0000003c .LVL5
     /tmp/ccuNmEFF.s:242    .text.__vector_10:0000005e .LVL7
     /tmp/ccuNmEFF.s:249    .text.__vector_10:00000062 .LVL8
     /tmp/ccuNmEFF.s:258    .text.__vector_10:00000066 .LVL9
     /tmp/ccuNmEFF.s:266    .text.__vector_10:0000006a .LVL10
     /tmp/ccuNmEFF.s:278    .text.__vector_10:00000074 .LVL11
     /tmp/ccuNmEFF.s:294    .text.__vector_10:0000007e .LVL12
     /tmp/ccuNmEFF.s:338    .text.__vector_10:00000096 .LVL14
     /tmp/ccuNmEFF.s:345    .text.__vector_10:0000009a .LVL15
     /tmp/ccuNmEFF.s:354    .text.__vector_10:0000009e .LVL16
     /tmp/ccuNmEFF.s:403    .text.__vector_10:000000ba .LVL17
     /tmp/ccuNmEFF.s:415    .text.__vector_10:000000c4 .LVL18
     /tmp/ccuNmEFF.s:431    .text.__vector_10:000000ce .LVL19
     /tmp/ccuNmEFF.s:447    .text.__vector_10:000000d8 .LVL20
     /tmp/ccuNmEFF.s:476    .text.__vector_10:000000ee .LVL22
     /tmp/ccuNmEFF.s:483    .text.__vector_10:000000f2 .LVL23
     /tmp/ccuNmEFF.s:492    .text.__vector_10:000000f6 .LVL24
     /tmp/ccuNmEFF.s:500    .text.__vector_10:000000fa .LVL25
     /tmp/ccuNmEFF.s:512    .text.__vector_10:00000104 .LVL26
     /tmp/ccuNmEFF.s:524    .text.__vector_10:0000010c .LVL27
     /tmp/ccuNmEFF.s:536    .text.__vector_10:00000116 .LVL28
     /tmp/ccuNmEFF.s:552    .text.__vector_10:00000120 .LVL29
     /tmp/ccuNmEFF.s:568    .text.__vector_10:0000012a .LVL30
     /tmp/ccuNmEFF.s:652    .debug_info:00000000 .Ldebug_info0

UNDEFINED SYMBOLS
EVENT_USB_Device_Connect
EVENT_USB_Device_Suspend
USB_Device_ConfigurationNumber
EVENT_USB_Device_WakeUp
Endpoint_ConfigureEndpoint_Prv
EVENT_USB_Device_Reset
EVENT_USB_Device_Disconnect
