   1               		.file	"uBAD_bootloader.c"
   2               	__SP_H__ = 0x3e
   3               	__SP_L__ = 0x3d
   4               	__SREG__ = 0x3f
   5               	__tmp_reg__ = 0
   6               	__zero_reg__ = 1
   7               		.text
   8               	.Ltext0:
   9               		.cfi_sections	.debug_frame
  10               		.section	.text.FetchNextCommandByte,"ax",@progbits
  12               	FetchNextCommandByte:
  13               	.LFB109:
  14               		.file 1 "uBAD_bootloader.c"
   1:uBAD_bootloader.c **** /*
   2:uBAD_bootloader.c ****              LUFA Library
   3:uBAD_bootloader.c ****      Copyright (C) Dean Camera, 2011.
   4:uBAD_bootloader.c **** 
   5:uBAD_bootloader.c ****   dean [at] fourwalledcubicle [dot] com
   6:uBAD_bootloader.c ****            www.lufa-lib.org
   7:uBAD_bootloader.c **** */
   8:uBAD_bootloader.c **** 
   9:uBAD_bootloader.c **** /*
  10:uBAD_bootloader.c ****   Copyright 2011  Dean Camera (dean [at] fourwalledcubicle [dot] com)
  11:uBAD_bootloader.c **** 
  12:uBAD_bootloader.c ****   Permission to use, copy, modify, distribute, and sell this
  13:uBAD_bootloader.c ****   software and its documentation for any purpose is hereby granted
  14:uBAD_bootloader.c ****   without fee, provided that the above copyright notice appear in
  15:uBAD_bootloader.c ****   all copies and that both that the copyright notice and this
  16:uBAD_bootloader.c ****   permission notice and warranty disclaimer appear in supporting
  17:uBAD_bootloader.c ****   documentation, and that the name of the author not be used in
  18:uBAD_bootloader.c ****   advertising or publicity pertaining to distribution of the
  19:uBAD_bootloader.c ****   software without specific, written prior permission.
  20:uBAD_bootloader.c **** 
  21:uBAD_bootloader.c ****   The author disclaim all warranties with regard to this
  22:uBAD_bootloader.c ****   software, including all implied warranties of merchantability
  23:uBAD_bootloader.c ****   and fitness.  In no event shall the author be liable for any
  24:uBAD_bootloader.c ****   special, indirect or consequential damages or any damages
  25:uBAD_bootloader.c ****   whatsoever resulting from loss of use, data or profits, whether
  26:uBAD_bootloader.c ****   in an action of contract, negligence or other tortious action,
  27:uBAD_bootloader.c ****   arising out of or in connection with the use or performance of
  28:uBAD_bootloader.c ****   this software.
  29:uBAD_bootloader.c **** 
  30:uBAD_bootloader.c ****   Copyright 2019 Walter Schreppers: Addition of bootlock EEPROM protection and cleanup sources
  31:uBAD_bootloader.c ****   Copyright 2025 Defiance Digital: Addition of EEPROM wipe
  32:uBAD_bootloader.c **** */
  33:uBAD_bootloader.c **** 
  34:uBAD_bootloader.c **** /** \file
  35:uBAD_bootloader.c ****  *
  36:uBAD_bootloader.c ****  *  Main source file for the CDC class bootloader. This file contains the complete bootloader logic
  37:uBAD_bootloader.c ****  */
  38:uBAD_bootloader.c **** 
  39:uBAD_bootloader.c **** #define INCLUDE_FROM_UBAD_C
  40:uBAD_bootloader.c **** #include "uBAD_bootloader.h"
  41:uBAD_bootloader.c **** 
  42:uBAD_bootloader.c **** /** Contains the current baud rate and other settings of the first virtual serial port. This must b
  43:uBAD_bootloader.c ****  *  operating systems will not open the port unless the settings can be set successfully.
  44:uBAD_bootloader.c ****  */
  45:uBAD_bootloader.c **** static CDC_LineEncoding_t LineEncoding = {
  46:uBAD_bootloader.c ****     .BaudRateBPS = 0, .CharFormat = CDC_LINEENCODING_OneStopBit, .ParityType = CDC_PARITY_None, .Da
  47:uBAD_bootloader.c **** 
  48:uBAD_bootloader.c **** /** Current address counter. This stores the current address of the FLASH or EEPROM as set by the h
  49:uBAD_bootloader.c ****  *  and is used when reading or writing to the AVRs memory (either FLASH or EEPROM depending on the
  50:uBAD_bootloader.c ****  *  command.)
  51:uBAD_bootloader.c ****  */
  52:uBAD_bootloader.c **** static uint32_t CurrAddress;
  53:uBAD_bootloader.c **** 
  54:uBAD_bootloader.c **** /** Flag to indicate if the bootloader should be running, or should exit and allow the application 
  55:uBAD_bootloader.c ****  *  via a watchdog reset. When cleared the bootloader will exit, starting the watchdog and entering
  56:uBAD_bootloader.c ****  *  loop until the AVR restarts and the application runs.
  57:uBAD_bootloader.c ****  */
  58:uBAD_bootloader.c **** static bool RunBootloader = true;
  59:uBAD_bootloader.c **** 
  60:uBAD_bootloader.c **** /* Pulse generation counters to keep track of the time remaining for each pulse type */
  61:uBAD_bootloader.c **** #define TX_RX_LED_PULSE_PERIOD 100
  62:uBAD_bootloader.c **** uint16_t TxLEDPulse = 0; // time remaining for Tx LED pulse
  63:uBAD_bootloader.c **** uint16_t RxLEDPulse = 0; // time remaining for Rx LED pulse
  64:uBAD_bootloader.c **** 
  65:uBAD_bootloader.c **** /* Bootloader timeout timer */
  66:uBAD_bootloader.c **** #define TIMEOUT_PERIOD 16000 // default is 8000
  67:uBAD_bootloader.c **** uint16_t Timeout = 0;
  68:uBAD_bootloader.c **** 
  69:uBAD_bootloader.c **** uint16_t bootKey = 0x7777;
  70:uBAD_bootloader.c **** volatile uint16_t *const bootKeyPtr = (volatile uint16_t *)0x0800;
  71:uBAD_bootloader.c **** 
  72:uBAD_bootloader.c **** void StartSketch(void)
  73:uBAD_bootloader.c **** {
  74:uBAD_bootloader.c ****     cli();
  75:uBAD_bootloader.c **** 
  76:uBAD_bootloader.c ****     /* Undo TIMER1 setup and clear the count before running the sketch */
  77:uBAD_bootloader.c ****     TIMSK1 = 0;
  78:uBAD_bootloader.c ****     TCCR1B = 0;
  79:uBAD_bootloader.c ****     TCNT1H = 0; // 16-bit write to TCNT1 requires high byte be written first
  80:uBAD_bootloader.c ****     TCNT1L = 0;
  81:uBAD_bootloader.c **** 
  82:uBAD_bootloader.c ****     /* Relocate the interrupt vector table to the application section */
  83:uBAD_bootloader.c ****     MCUCR = (1 << IVCE);
  84:uBAD_bootloader.c ****     MCUCR = 0;
  85:uBAD_bootloader.c **** 
  86:uBAD_bootloader.c ****     L_LED_OFF();
  87:uBAD_bootloader.c ****     TX_LED_OFF();
  88:uBAD_bootloader.c ****     RX_LED_OFF();
  89:uBAD_bootloader.c **** 
  90:uBAD_bootloader.c ****     /* jump to beginning of application space */
  91:uBAD_bootloader.c ****     __asm__ volatile("jmp 0x0000");
  92:uBAD_bootloader.c **** }
  93:uBAD_bootloader.c **** 
  94:uBAD_bootloader.c **** /*	Breathing animation on L LED indicates bootloader is running */
  95:uBAD_bootloader.c **** uint16_t LLEDPulse;
  96:uBAD_bootloader.c **** void LEDPulse(void)
  97:uBAD_bootloader.c **** {
  98:uBAD_bootloader.c ****     LLEDPulse++;
  99:uBAD_bootloader.c ****     uint8_t p = LLEDPulse >> 8;
 100:uBAD_bootloader.c ****     if (p > 127) p = 254 - p;
 101:uBAD_bootloader.c ****     p += p;
 102:uBAD_bootloader.c ****     if (((uint8_t)LLEDPulse) > p)
 103:uBAD_bootloader.c ****         L_LED_OFF();
 104:uBAD_bootloader.c ****     else
 105:uBAD_bootloader.c ****         L_LED_ON();
 106:uBAD_bootloader.c **** }
 107:uBAD_bootloader.c **** 
 108:uBAD_bootloader.c **** /** Main program entry point. This routine configures the hardware required by the bootloader, then
 109:uBAD_bootloader.c ****  *  runs the bootloader processing routine until it times out or is instructed to exit.
 110:uBAD_bootloader.c ****  */
 111:uBAD_bootloader.c **** 
 112:uBAD_bootloader.c **** // hard blink to debug
 113:uBAD_bootloader.c **** void xdelay(int n)
 114:uBAD_bootloader.c **** {
 115:uBAD_bootloader.c ****     for (int j = 1; j < 500; j++)
 116:uBAD_bootloader.c ****         for (int i = 0; i < n; i++) {
 117:uBAD_bootloader.c **** 
 118:uBAD_bootloader.c ****             __asm__ volatile("LDI ZH,0xFF ;Set high byte"
 119:uBAD_bootloader.c ****                              "LDI ZL,0xFF ;Set low byte"
 120:uBAD_bootloader.c ****                              "DelayLoop: "
 121:uBAD_bootloader.c ****                              "  SBIW ZL,1 ;subtract one from word "
 122:uBAD_bootloader.c ****                              "  BRNE DelayLoop ;Branch back to DelayLoop unless zero flag was set "
 123:uBAD_bootloader.c ****                              "LDI ZH,0xFF ;Set high byte"
 124:uBAD_bootloader.c ****                              "LDI ZL,0xFF ;Set low byte"
 125:uBAD_bootloader.c ****                              "DelayLoop2: "
 126:uBAD_bootloader.c ****                              "  SBIW ZL,1 ;subtract one from word "
 127:uBAD_bootloader.c ****                              "  BRNE DelayLoop2 ;Branch back to DelayLoop unless zero flag was set 
 128:uBAD_bootloader.c ****         }
 129:uBAD_bootloader.c **** }
 130:uBAD_bootloader.c **** 
 131:uBAD_bootloader.c **** void blink()
 132:uBAD_bootloader.c **** {
 133:uBAD_bootloader.c ****     L_LED_ON();
 134:uBAD_bootloader.c ****     xdelay(1000);
 135:uBAD_bootloader.c ****     L_LED_OFF();
 136:uBAD_bootloader.c ****     xdelay(2000);
 137:uBAD_bootloader.c **** }
 138:uBAD_bootloader.c **** 
 139:uBAD_bootloader.c **** 
 140:uBAD_bootloader.c **** int main(void)
 141:uBAD_bootloader.c **** {
 142:uBAD_bootloader.c ****     /* Save the value of the boot key memory before it is overwritten */
 143:uBAD_bootloader.c ****     uint16_t bootKeyPtrVal = *bootKeyPtr;
 144:uBAD_bootloader.c ****     *bootKeyPtr = 0;
 145:uBAD_bootloader.c **** 
 146:uBAD_bootloader.c ****     /* Check the reason for the reset so we can act accordingly */
 147:uBAD_bootloader.c ****     uint8_t mcusr_state = MCUSR; // store the initial state of the Status register
 148:uBAD_bootloader.c ****     GPIOR0 = mcusr_state; // use GPIO0 register to preserve MCUSR for application use
 149:uBAD_bootloader.c ****     MCUSR = 0;                   // clear all reset flags
 150:uBAD_bootloader.c **** 
 151:uBAD_bootloader.c ****     /* Watchdog may be configured with a 15 ms period so must disable it before going any further *
 152:uBAD_bootloader.c ****     wdt_disable();
 153:uBAD_bootloader.c ****     
 154:uBAD_bootloader.c ****     /*uint8_t failedCount = eeprom_read_byte((uint8_t *)(intptr_t)(1));
 155:uBAD_bootloader.c ****     if((failedCount > 0x01) && (failedCount < 0xFF)){ // triggered by failed reValidate() in applic
 156:uBAD_bootloader.c ****       // Erase credentials in EEPROM without warning
 157:uBAD_bootloader.c ****       eeprom_update_byte((uint8_t *)(intptr_t)0, 0xFF); // erase first
 158:uBAD_bootloader.c ****       for(uint16_t i = 2; i < 1023; i++){
 159:uBAD_bootloader.c ****         eeprom_update_byte((uint8_t *)(intptr_t)i, 0xFF); // set all bytes to 0xFF that aren't alre
 160:uBAD_bootloader.c ****       }
 161:uBAD_bootloader.c ****       eeprom_update_byte((uint8_t *)(intptr_t)1, 0xFF); // erase last
 162:uBAD_bootloader.c ****     }*/
 163:uBAD_bootloader.c ****     if ((mcusr_state & (1 << PORF)) && (pgm_read_word(0) != 0xFFFF)) {
 164:uBAD_bootloader.c ****         // After a power-on reset skip the bootloader and jump straight to sketch if one exists.
 165:uBAD_bootloader.c ****         StartSketch();
 166:uBAD_bootloader.c ****     }
 167:uBAD_bootloader.c ****     else if ((mcusr_state & (1 << WDRF)) && (bootKeyPtrVal != bootKey) && (pgm_read_word(0) != 0xFF
 168:uBAD_bootloader.c ****         // If it looks like an "accidental" watchdog reset then start the sketch.
 169:uBAD_bootloader.c ****         StartSketch();
 170:uBAD_bootloader.c ****     } else { 
 171:uBAD_bootloader.c ****       // anything other than PORF or WDRF is likely a security attack. Erase credentials in EEPROM 
 172:uBAD_bootloader.c ****       eeprom_update_byte((uint8_t *)(intptr_t)0, 0xFF); // erase first
 173:uBAD_bootloader.c ****       for(uint16_t i = 2; i < 1023; i++){
 174:uBAD_bootloader.c ****         eeprom_update_byte((uint8_t *)(intptr_t)i, 0xFF); // set all bytes to 0xFF that aren't alre
 175:uBAD_bootloader.c ****       }
 176:uBAD_bootloader.c ****       eeprom_update_byte((uint8_t *)(intptr_t)1, 0xFF); // erase last
 177:uBAD_bootloader.c ****     }
 178:uBAD_bootloader.c ****     
 179:uBAD_bootloader.c ****     if (eeprom_read_byte((uint8_t *)(intptr_t)(1023)) == 187) { // bootkill (prevent updates)
 180:uBAD_bootloader.c ****         StartSketch();
 181:uBAD_bootloader.c ****     }
 182:uBAD_bootloader.c **** 
 183:uBAD_bootloader.c ****     /* Setup hardware required for the bootloader */
 184:uBAD_bootloader.c ****     SetupHardware();
 185:uBAD_bootloader.c **** 
 186:uBAD_bootloader.c ****     // if we start sketch above we don't need usb etc.
 187:uBAD_bootloader.c ****     USB_Init();
 188:uBAD_bootloader.c **** 
 189:uBAD_bootloader.c ****     /* Enable global interrupts so that the USB stack can function */
 190:uBAD_bootloader.c ****     sei();
 191:uBAD_bootloader.c **** 
 192:uBAD_bootloader.c ****     Timeout = 0;
 193:uBAD_bootloader.c **** 
 194:uBAD_bootloader.c ****     while (RunBootloader) {
 195:uBAD_bootloader.c ****         CDC_Task();
 196:uBAD_bootloader.c ****         USB_USBTask();
 197:uBAD_bootloader.c ****         /* Time out and start the sketch if one is present */
 198:uBAD_bootloader.c ****         if (Timeout > TIMEOUT_PERIOD) RunBootloader = false;
 199:uBAD_bootloader.c **** 
 200:uBAD_bootloader.c ****         LEDPulse();
 201:uBAD_bootloader.c ****     }
 202:uBAD_bootloader.c **** 
 203:uBAD_bootloader.c ****     /* Disconnect from the host - USB interface will be reset later along with the AVR */
 204:uBAD_bootloader.c ****     USB_Detach();
 205:uBAD_bootloader.c **** 
 206:uBAD_bootloader.c ****     /* Jump to beginning of application space to run the sketch - do not reset */
 207:uBAD_bootloader.c ****     StartSketch();
 208:uBAD_bootloader.c **** }
 209:uBAD_bootloader.c **** 
 210:uBAD_bootloader.c **** /** Configures all hardware required for the bootloader. */
 211:uBAD_bootloader.c **** void SetupHardware(void)
 212:uBAD_bootloader.c **** {
 213:uBAD_bootloader.c ****     /* Disable watchdog if enabled by bootloader/fuses */
 214:uBAD_bootloader.c ****     MCUSR &= ~(1 << WDRF);
 215:uBAD_bootloader.c ****     wdt_disable();
 216:uBAD_bootloader.c **** 
 217:uBAD_bootloader.c ****     /* Disable clock division */
 218:uBAD_bootloader.c ****     clock_prescale_set(clock_div_1);
 219:uBAD_bootloader.c **** 
 220:uBAD_bootloader.c ****     /* Relocate the interrupt vector table to the bootloader section */
 221:uBAD_bootloader.c ****     MCUCR = (1 << IVCE);
 222:uBAD_bootloader.c ****     MCUCR = (1 << IVSEL);
 223:uBAD_bootloader.c **** 
 224:uBAD_bootloader.c ****     LED_SETUP();
 225:uBAD_bootloader.c ****     CPU_PRESCALE(0);
 226:uBAD_bootloader.c ****     L_LED_OFF();
 227:uBAD_bootloader.c ****     TX_LED_OFF();
 228:uBAD_bootloader.c ****     RX_LED_OFF();
 229:uBAD_bootloader.c **** 
 230:uBAD_bootloader.c ****     /* Initialize TIMER1 to handle bootloader timeout and LED tasks.
 231:uBAD_bootloader.c ****      * With 16 MHz clock and 1/64 prescaler, timer 1 is clocked at 250 kHz
 232:uBAD_bootloader.c ****      * Our chosen compare match generates an interrupt every 1 ms.
 233:uBAD_bootloader.c ****      * This interrupt is disabled selectively when doing memory reading, erasing,
 234:uBAD_bootloader.c ****      * or writing since SPM has tight timing requirements.
 235:uBAD_bootloader.c ****      */
 236:uBAD_bootloader.c ****     OCR1AH = 0;
 237:uBAD_bootloader.c ****     OCR1AL = 250;
 238:uBAD_bootloader.c ****     TIMSK1 = (1 << OCIE1A);               // enable timer 1 output compare A match interrupt
 239:uBAD_bootloader.c ****     TCCR1B = ((1 << CS11) | (1 << CS10)); // 1/64 prescaler on timer 1 input
 240:uBAD_bootloader.c **** 
 241:uBAD_bootloader.c ****     /* Initialize USB Subsystem */
 242:uBAD_bootloader.c ****     // USB_Init(); we do that later
 243:uBAD_bootloader.c **** }
 244:uBAD_bootloader.c **** 
 245:uBAD_bootloader.c **** // uint16_t ctr = 0;
 246:uBAD_bootloader.c **** ISR(TIMER1_COMPA_vect, ISR_BLOCK)
 247:uBAD_bootloader.c **** {
 248:uBAD_bootloader.c ****     /* Reset counter */
 249:uBAD_bootloader.c ****     TCNT1H = 0;
 250:uBAD_bootloader.c ****     TCNT1L = 0;
 251:uBAD_bootloader.c **** 
 252:uBAD_bootloader.c ****     /* Check whether the TX or RX LED one-shot period has elapsed.  if so, turn off the LED */
 253:uBAD_bootloader.c ****     if (TxLEDPulse && !(--TxLEDPulse)) TX_LED_OFF();
 254:uBAD_bootloader.c ****     if (RxLEDPulse && !(--RxLEDPulse)) RX_LED_OFF();
 255:uBAD_bootloader.c **** 
 256:uBAD_bootloader.c ****     if (pgm_read_word(0) != 0xFFFF) Timeout++;
 257:uBAD_bootloader.c **** }
 258:uBAD_bootloader.c **** 
 259:uBAD_bootloader.c **** /** Event handler for the USB_ConfigurationChanged event. This configures the device's endpoints re
 260:uBAD_bootloader.c ****  *  to relay data to and from the attached USB host.
 261:uBAD_bootloader.c ****  */
 262:uBAD_bootloader.c **** void EVENT_USB_Device_ConfigurationChanged(void)
 263:uBAD_bootloader.c **** {
 264:uBAD_bootloader.c ****     /* Setup CDC Notification, Rx and Tx Endpoints */
 265:uBAD_bootloader.c ****     Endpoint_ConfigureEndpoint(CDC_NOTIFICATION_EPNUM, EP_TYPE_INTERRUPT, ENDPOINT_DIR_IN, CDC_NOTI
 266:uBAD_bootloader.c **** 
 267:uBAD_bootloader.c ****     Endpoint_ConfigureEndpoint(CDC_TX_EPNUM, EP_TYPE_BULK, ENDPOINT_DIR_IN, CDC_TXRX_EPSIZE, ENDPOI
 268:uBAD_bootloader.c **** 
 269:uBAD_bootloader.c ****     Endpoint_ConfigureEndpoint(CDC_RX_EPNUM, EP_TYPE_BULK, ENDPOINT_DIR_OUT, CDC_TXRX_EPSIZE, ENDPO
 270:uBAD_bootloader.c **** }
 271:uBAD_bootloader.c **** 
 272:uBAD_bootloader.c **** /** Event handler for the USB_ControlRequest event. This is used to catch and process control reque
 273:uBAD_bootloader.c ****  *  the device from the USB host before passing along unhandled control requests to the library for
 274:uBAD_bootloader.c ****  *  internally.
 275:uBAD_bootloader.c ****  */
 276:uBAD_bootloader.c **** void EVENT_USB_Device_ControlRequest(void)
 277:uBAD_bootloader.c **** {
 278:uBAD_bootloader.c ****     /* Ignore any requests that aren't directed to the CDC interface */
 279:uBAD_bootloader.c ****     if ((USB_ControlRequest.bmRequestType & (CONTROL_REQTYPE_TYPE | CONTROL_REQTYPE_RECIPIENT)) != 
 280:uBAD_bootloader.c ****         return;
 281:uBAD_bootloader.c ****     }
 282:uBAD_bootloader.c **** 
 283:uBAD_bootloader.c ****     /* Process CDC specific control requests */
 284:uBAD_bootloader.c ****     switch (USB_ControlRequest.bRequest) {
 285:uBAD_bootloader.c ****     case CDC_REQ_GetLineEncoding:
 286:uBAD_bootloader.c ****         if (USB_ControlRequest.bmRequestType == (REQDIR_DEVICETOHOST | REQTYPE_CLASS | REQREC_INTER
 287:uBAD_bootloader.c ****             Endpoint_ClearSETUP();
 288:uBAD_bootloader.c **** 
 289:uBAD_bootloader.c ****             /* Write the line coding data to the control endpoint */
 290:uBAD_bootloader.c ****             Endpoint_Write_Control_Stream_LE(&LineEncoding, sizeof(CDC_LineEncoding_t));
 291:uBAD_bootloader.c ****             Endpoint_ClearOUT();
 292:uBAD_bootloader.c ****         }
 293:uBAD_bootloader.c **** 
 294:uBAD_bootloader.c ****         break;
 295:uBAD_bootloader.c **** 
 296:uBAD_bootloader.c ****     /* patch/fix for mac os Catalina that fails on baudrate change : this is now broken!
 297:uBAD_bootloader.c ****     case CDC_REQ_SetControlLineState:
 298:uBAD_bootloader.c ****             if (USB_ControlRequest.bmRequestType == (REQDIR_HOSTTODEVICE | REQTYPE_CLASS | REQREC_I
 299:uBAD_bootloader.c ****             {
 300:uBAD_bootloader.c ****                     Endpoint_ClearSETUP();
 301:uBAD_bootloader.c ****                     Endpoint_ClearStatusStage();
 302:uBAD_bootloader.c ****             }
 303:uBAD_bootloader.c **** 
 304:uBAD_bootloader.c ****             break;
 305:uBAD_bootloader.c ****     */
 306:uBAD_bootloader.c **** 
 307:uBAD_bootloader.c ****     case CDC_REQ_SetLineEncoding:
 308:uBAD_bootloader.c ****         if (USB_ControlRequest.bmRequestType == (REQDIR_HOSTTODEVICE | REQTYPE_CLASS | REQREC_INTER
 309:uBAD_bootloader.c ****             Endpoint_ClearSETUP();
 310:uBAD_bootloader.c **** 
 311:uBAD_bootloader.c ****             /* Read the line coding data in from the host into the global struct */
 312:uBAD_bootloader.c ****             Endpoint_Read_Control_Stream_LE(&LineEncoding, sizeof(CDC_LineEncoding_t));
 313:uBAD_bootloader.c ****             Endpoint_ClearIN();
 314:uBAD_bootloader.c ****         }
 315:uBAD_bootloader.c **** 
 316:uBAD_bootloader.c ****         break;
 317:uBAD_bootloader.c ****     }
 318:uBAD_bootloader.c **** }
 319:uBAD_bootloader.c **** 
 320:uBAD_bootloader.c **** #if !defined(NO_BLOCK_SUPPORT)
 321:uBAD_bootloader.c **** /** Reads or writes a block of EEPROM or FLASH memory to or from the appropriate CDC data endpoint,
 322:uBAD_bootloader.c ****  *  on the AVR910 protocol command issued.
 323:uBAD_bootloader.c ****  *
 324:uBAD_bootloader.c ****  *  \param[in] Command  Single character AVR910 protocol command indicating what memory operation t
 325:uBAD_bootloader.c ****  */
 326:uBAD_bootloader.c **** static void ReadWriteMemoryBlock(const uint8_t Command)
 327:uBAD_bootloader.c **** {
 328:uBAD_bootloader.c ****     uint16_t BlockSize;
 329:uBAD_bootloader.c ****     char MemoryType;
 330:uBAD_bootloader.c **** 
 331:uBAD_bootloader.c ****     bool HighByte = false;
 332:uBAD_bootloader.c ****     uint8_t LowByte = 0;
 333:uBAD_bootloader.c **** 
 334:uBAD_bootloader.c ****     BlockSize = (FetchNextCommandByte() << 8);
 335:uBAD_bootloader.c ****     BlockSize |= FetchNextCommandByte();
 336:uBAD_bootloader.c **** 
 337:uBAD_bootloader.c ****     MemoryType = FetchNextCommandByte();
 338:uBAD_bootloader.c **** 
 339:uBAD_bootloader.c ****     if ((MemoryType != 'E') && (MemoryType != 'F')) {
 340:uBAD_bootloader.c ****         /* Send error byte back to the host */
 341:uBAD_bootloader.c ****         WriteNextResponseByte('?');
 342:uBAD_bootloader.c **** 
 343:uBAD_bootloader.c ****         return;
 344:uBAD_bootloader.c ****     }
 345:uBAD_bootloader.c **** 
 346:uBAD_bootloader.c ****     /* Disable timer 1 interrupt - can't afford to process nonessential interrupts
 347:uBAD_bootloader.c ****      * while doing SPM tasks */
 348:uBAD_bootloader.c ****     TIMSK1 = 0;
 349:uBAD_bootloader.c **** 
 350:uBAD_bootloader.c ****     /* Check if command is to read memory */
 351:uBAD_bootloader.c ****     if (Command == 'g') {
 352:uBAD_bootloader.c ****         /* Re-enable RWW section */
 353:uBAD_bootloader.c ****         boot_rww_enable();
 354:uBAD_bootloader.c **** 
 355:uBAD_bootloader.c ****         while (BlockSize--) {
 356:uBAD_bootloader.c ****             if (MemoryType == 'F') {
 357:uBAD_bootloader.c **** /* Read the next FLASH byte from the current FLASH page */
 358:uBAD_bootloader.c **** #if (FLASHEND > 0xFFFF)
 359:uBAD_bootloader.c ****                 WriteNextResponseByte(pgm_read_byte_far(CurrAddress | HighByte));
 360:uBAD_bootloader.c **** #else
 361:uBAD_bootloader.c ****                 WriteNextResponseByte(pgm_read_byte(CurrAddress | HighByte));
 362:uBAD_bootloader.c **** #endif
 363:uBAD_bootloader.c **** 
 364:uBAD_bootloader.c ****                 /* If both bytes in current word have been read, increment the address counter */
 365:uBAD_bootloader.c ****                 if (HighByte) CurrAddress += 2;
 366:uBAD_bootloader.c **** 
 367:uBAD_bootloader.c ****                 HighByte = !HighByte;
 368:uBAD_bootloader.c ****             }
 369:uBAD_bootloader.c ****             else {
 370:uBAD_bootloader.c ****                 /* Read the next EEPROM byte into the endpoint */
 371:uBAD_bootloader.c ****                 WriteNextResponseByte(eeprom_read_byte((uint8_t *)(intptr_t)(CurrAddress >> 1)));
 372:uBAD_bootloader.c **** 
 373:uBAD_bootloader.c ****                 /* Increment the address counter after use */
 374:uBAD_bootloader.c ****                 CurrAddress += 2;
 375:uBAD_bootloader.c ****             }
 376:uBAD_bootloader.c ****         }
 377:uBAD_bootloader.c ****     }
 378:uBAD_bootloader.c ****     else {
 379:uBAD_bootloader.c ****         uint32_t PageStartAddress = CurrAddress;
 380:uBAD_bootloader.c **** 
 381:uBAD_bootloader.c ****         if (MemoryType == 'F') {
 382:uBAD_bootloader.c ****             boot_page_erase(PageStartAddress);
 383:uBAD_bootloader.c ****             boot_spm_busy_wait();
 384:uBAD_bootloader.c ****         }
 385:uBAD_bootloader.c **** 
 386:uBAD_bootloader.c ****         while (BlockSize--) {
 387:uBAD_bootloader.c ****             if (MemoryType == 'F') {
 388:uBAD_bootloader.c ****                 /* If both bytes in current word have been written, increment the address counter *
 389:uBAD_bootloader.c ****                 if (HighByte) {
 390:uBAD_bootloader.c ****                     /* Write the next FLASH word to the current FLASH page */
 391:uBAD_bootloader.c ****                     boot_page_fill(CurrAddress, ((FetchNextCommandByte() << 8) | LowByte));
 392:uBAD_bootloader.c **** 
 393:uBAD_bootloader.c ****                     /* Increment the address counter after use */
 394:uBAD_bootloader.c ****                     CurrAddress += 2;
 395:uBAD_bootloader.c ****                 }
 396:uBAD_bootloader.c ****                 else {
 397:uBAD_bootloader.c ****                     LowByte = FetchNextCommandByte();
 398:uBAD_bootloader.c ****                 }
 399:uBAD_bootloader.c **** 
 400:uBAD_bootloader.c ****                 HighByte = !HighByte;
 401:uBAD_bootloader.c ****             }
 402:uBAD_bootloader.c ****             else {
 403:uBAD_bootloader.c ****                 /* Write the next EEPROM byte from the endpoint */
 404:uBAD_bootloader.c ****                 eeprom_write_byte((uint8_t *)((intptr_t)(CurrAddress >> 1)), FetchNextCommandByte()
 405:uBAD_bootloader.c **** 
 406:uBAD_bootloader.c ****                 /* Increment the address counter after use */
 407:uBAD_bootloader.c ****                 CurrAddress += 2;
 408:uBAD_bootloader.c ****             }
 409:uBAD_bootloader.c ****         }
 410:uBAD_bootloader.c **** 
 411:uBAD_bootloader.c ****         /* If in FLASH programming mode, commit the page after writing */
 412:uBAD_bootloader.c ****         if (MemoryType == 'F') {
 413:uBAD_bootloader.c ****             /* Commit the flash page to memory */
 414:uBAD_bootloader.c ****             boot_page_write(PageStartAddress);
 415:uBAD_bootloader.c **** 
 416:uBAD_bootloader.c ****             /* Wait until write operation has completed */
 417:uBAD_bootloader.c ****             boot_spm_busy_wait();
 418:uBAD_bootloader.c ****         }
 419:uBAD_bootloader.c **** 
 420:uBAD_bootloader.c ****         /* Send response byte back to the host */
 421:uBAD_bootloader.c ****         WriteNextResponseByte('\r');
 422:uBAD_bootloader.c ****     }
 423:uBAD_bootloader.c **** 
 424:uBAD_bootloader.c ****     /* Re-enable timer 1 interrupt disabled earlier in this routine */
 425:uBAD_bootloader.c ****     TIMSK1 = (1 << OCIE1A);
 426:uBAD_bootloader.c **** }
 427:uBAD_bootloader.c **** #endif
 428:uBAD_bootloader.c **** 
 429:uBAD_bootloader.c **** /** Retrieves the next byte from the host in the CDC data OUT endpoint, and clears the endpoint ban
 430:uBAD_bootloader.c ****  *  to allow reception of the next data packet from the host.
 431:uBAD_bootloader.c ****  *
 432:uBAD_bootloader.c ****  *  \return Next received byte from the host in the CDC data OUT endpoint
 433:uBAD_bootloader.c ****  */
 434:uBAD_bootloader.c **** static uint8_t FetchNextCommandByte(void)
 435:uBAD_bootloader.c **** {
  15               		.loc 1 435 0
  16               		.cfi_startproc
  17               	/* prologue: function */
  18               	/* frame size = 0 */
  19               	/* stack size = 0 */
  20               	.L__stack_usage = 0
  21               	.LVL0:
  22               	.LBB85:
  23               	.LBB86:
  24               		.file 2 "../lufa-LUFA-111009/LUFA/Drivers/USB/Core/AVR8/../AVR8/Endpoint_AVR8.h"
   1:../lufa-LUFA-111009/LUFA/Drivers/USB/Core/AVR8/../AVR8/Endpoint_AVR8.h **** /*
   2:../lufa-LUFA-111009/LUFA/Drivers/USB/Core/AVR8/../AVR8/Endpoint_AVR8.h ****              LUFA Library
   3:../lufa-LUFA-111009/LUFA/Drivers/USB/Core/AVR8/../AVR8/Endpoint_AVR8.h ****      Copyright (C) Dean Camera, 2011.
   4:../lufa-LUFA-111009/LUFA/Drivers/USB/Core/AVR8/../AVR8/Endpoint_AVR8.h **** 
   5:../lufa-LUFA-111009/LUFA/Drivers/USB/Core/AVR8/../AVR8/Endpoint_AVR8.h ****   dean [at] fourwalledcubicle [dot] com
   6:../lufa-LUFA-111009/LUFA/Drivers/USB/Core/AVR8/../AVR8/Endpoint_AVR8.h ****            www.lufa-lib.org
   7:../lufa-LUFA-111009/LUFA/Drivers/USB/Core/AVR8/../AVR8/Endpoint_AVR8.h **** */
   8:../lufa-LUFA-111009/LUFA/Drivers/USB/Core/AVR8/../AVR8/Endpoint_AVR8.h **** 
   9:../lufa-LUFA-111009/LUFA/Drivers/USB/Core/AVR8/../AVR8/Endpoint_AVR8.h **** /*
  10:../lufa-LUFA-111009/LUFA/Drivers/USB/Core/AVR8/../AVR8/Endpoint_AVR8.h ****   Copyright 2011  Dean Camera (dean [at] fourwalledcubicle [dot] com)
  11:../lufa-LUFA-111009/LUFA/Drivers/USB/Core/AVR8/../AVR8/Endpoint_AVR8.h **** 
  12:../lufa-LUFA-111009/LUFA/Drivers/USB/Core/AVR8/../AVR8/Endpoint_AVR8.h ****   Permission to use, copy, modify, distribute, and sell this
  13:../lufa-LUFA-111009/LUFA/Drivers/USB/Core/AVR8/../AVR8/Endpoint_AVR8.h ****   software and its documentation for any purpose is hereby granted
  14:../lufa-LUFA-111009/LUFA/Drivers/USB/Core/AVR8/../AVR8/Endpoint_AVR8.h ****   without fee, provided that the above copyright notice appear in
  15:../lufa-LUFA-111009/LUFA/Drivers/USB/Core/AVR8/../AVR8/Endpoint_AVR8.h ****   all copies and that both that the copyright notice and this
  16:../lufa-LUFA-111009/LUFA/Drivers/USB/Core/AVR8/../AVR8/Endpoint_AVR8.h ****   permission notice and warranty disclaimer appear in supporting
  17:../lufa-LUFA-111009/LUFA/Drivers/USB/Core/AVR8/../AVR8/Endpoint_AVR8.h ****   documentation, and that the name of the author not be used in
  18:../lufa-LUFA-111009/LUFA/Drivers/USB/Core/AVR8/../AVR8/Endpoint_AVR8.h ****   advertising or publicity pertaining to distribution of the
  19:../lufa-LUFA-111009/LUFA/Drivers/USB/Core/AVR8/../AVR8/Endpoint_AVR8.h ****   software without specific, written prior permission.
  20:../lufa-LUFA-111009/LUFA/Drivers/USB/Core/AVR8/../AVR8/Endpoint_AVR8.h **** 
  21:../lufa-LUFA-111009/LUFA/Drivers/USB/Core/AVR8/../AVR8/Endpoint_AVR8.h ****   The author disclaim all warranties with regard to this
  22:../lufa-LUFA-111009/LUFA/Drivers/USB/Core/AVR8/../AVR8/Endpoint_AVR8.h ****   software, including all implied warranties of merchantability
  23:../lufa-LUFA-111009/LUFA/Drivers/USB/Core/AVR8/../AVR8/Endpoint_AVR8.h ****   and fitness.  In no event shall the author be liable for any
  24:../lufa-LUFA-111009/LUFA/Drivers/USB/Core/AVR8/../AVR8/Endpoint_AVR8.h ****   special, indirect or consequential damages or any damages
  25:../lufa-LUFA-111009/LUFA/Drivers/USB/Core/AVR8/../AVR8/Endpoint_AVR8.h ****   whatsoever resulting from loss of use, data or profits, whether
  26:../lufa-LUFA-111009/LUFA/Drivers/USB/Core/AVR8/../AVR8/Endpoint_AVR8.h ****   in an action of contract, negligence or other tortious action,
  27:../lufa-LUFA-111009/LUFA/Drivers/USB/Core/AVR8/../AVR8/Endpoint_AVR8.h ****   arising out of or in connection with the use or performance of
  28:../lufa-LUFA-111009/LUFA/Drivers/USB/Core/AVR8/../AVR8/Endpoint_AVR8.h ****   this software.
  29:../lufa-LUFA-111009/LUFA/Drivers/USB/Core/AVR8/../AVR8/Endpoint_AVR8.h **** */
  30:../lufa-LUFA-111009/LUFA/Drivers/USB/Core/AVR8/../AVR8/Endpoint_AVR8.h **** 
  31:../lufa-LUFA-111009/LUFA/Drivers/USB/Core/AVR8/../AVR8/Endpoint_AVR8.h **** /** \file
  32:../lufa-LUFA-111009/LUFA/Drivers/USB/Core/AVR8/../AVR8/Endpoint_AVR8.h ****  *  \brief USB Endpoint definitions for the AVR8 microcontrollers.
  33:../lufa-LUFA-111009/LUFA/Drivers/USB/Core/AVR8/../AVR8/Endpoint_AVR8.h ****  *  \copydetails Group_EndpointManagement_AVR8
  34:../lufa-LUFA-111009/LUFA/Drivers/USB/Core/AVR8/../AVR8/Endpoint_AVR8.h ****  *
  35:../lufa-LUFA-111009/LUFA/Drivers/USB/Core/AVR8/../AVR8/Endpoint_AVR8.h ****  *  \note This file should not be included directly. It is automatically included as needed by the 
  36:../lufa-LUFA-111009/LUFA/Drivers/USB/Core/AVR8/../AVR8/Endpoint_AVR8.h ****  *        dispatch header located in LUFA/Drivers/USB/USB.h.
  37:../lufa-LUFA-111009/LUFA/Drivers/USB/Core/AVR8/../AVR8/Endpoint_AVR8.h ****  */
  38:../lufa-LUFA-111009/LUFA/Drivers/USB/Core/AVR8/../AVR8/Endpoint_AVR8.h **** 
  39:../lufa-LUFA-111009/LUFA/Drivers/USB/Core/AVR8/../AVR8/Endpoint_AVR8.h **** /** \ingroup Group_EndpointRW
  40:../lufa-LUFA-111009/LUFA/Drivers/USB/Core/AVR8/../AVR8/Endpoint_AVR8.h ****  *  \defgroup Group_EndpointRW_AVR8 Endpoint Data Reading and Writing (AVR8)
  41:../lufa-LUFA-111009/LUFA/Drivers/USB/Core/AVR8/../AVR8/Endpoint_AVR8.h ****  *  \brief Endpoint data read/write definitions for the Atmel AVR8 architecture.
  42:../lufa-LUFA-111009/LUFA/Drivers/USB/Core/AVR8/../AVR8/Endpoint_AVR8.h ****  *
  43:../lufa-LUFA-111009/LUFA/Drivers/USB/Core/AVR8/../AVR8/Endpoint_AVR8.h ****  *  Functions, macros, variables, enums and types related to data reading and writing from and to e
  44:../lufa-LUFA-111009/LUFA/Drivers/USB/Core/AVR8/../AVR8/Endpoint_AVR8.h ****  */
  45:../lufa-LUFA-111009/LUFA/Drivers/USB/Core/AVR8/../AVR8/Endpoint_AVR8.h **** 
  46:../lufa-LUFA-111009/LUFA/Drivers/USB/Core/AVR8/../AVR8/Endpoint_AVR8.h **** /** \ingroup Group_EndpointPrimitiveRW
  47:../lufa-LUFA-111009/LUFA/Drivers/USB/Core/AVR8/../AVR8/Endpoint_AVR8.h ****  *  \defgroup Group_EndpointPrimitiveRW_AVR8 Read/Write of Primitive Data Types (AVR8)
  48:../lufa-LUFA-111009/LUFA/Drivers/USB/Core/AVR8/../AVR8/Endpoint_AVR8.h ****  *  \brief Endpoint primitive read/write definitions for the Atmel AVR8 architecture.
  49:../lufa-LUFA-111009/LUFA/Drivers/USB/Core/AVR8/../AVR8/Endpoint_AVR8.h ****  *
  50:../lufa-LUFA-111009/LUFA/Drivers/USB/Core/AVR8/../AVR8/Endpoint_AVR8.h ****  *  Functions, macros, variables, enums and types related to data reading and writing of primitive 
  51:../lufa-LUFA-111009/LUFA/Drivers/USB/Core/AVR8/../AVR8/Endpoint_AVR8.h ****  *  from and to endpoints.
  52:../lufa-LUFA-111009/LUFA/Drivers/USB/Core/AVR8/../AVR8/Endpoint_AVR8.h ****  */
  53:../lufa-LUFA-111009/LUFA/Drivers/USB/Core/AVR8/../AVR8/Endpoint_AVR8.h **** 
  54:../lufa-LUFA-111009/LUFA/Drivers/USB/Core/AVR8/../AVR8/Endpoint_AVR8.h **** /** \ingroup Group_EndpointPacketManagement
  55:../lufa-LUFA-111009/LUFA/Drivers/USB/Core/AVR8/../AVR8/Endpoint_AVR8.h ****  *  \defgroup Group_EndpointPacketManagement_AVR8 Endpoint Packet Management (AVR8)
  56:../lufa-LUFA-111009/LUFA/Drivers/USB/Core/AVR8/../AVR8/Endpoint_AVR8.h ****  *  \brief Endpoint packet management definitions for the Atmel AVR8 architecture.
  57:../lufa-LUFA-111009/LUFA/Drivers/USB/Core/AVR8/../AVR8/Endpoint_AVR8.h ****  *
  58:../lufa-LUFA-111009/LUFA/Drivers/USB/Core/AVR8/../AVR8/Endpoint_AVR8.h ****  *  Functions, macros, variables, enums and types related to packet management of endpoints.
  59:../lufa-LUFA-111009/LUFA/Drivers/USB/Core/AVR8/../AVR8/Endpoint_AVR8.h ****  */
  60:../lufa-LUFA-111009/LUFA/Drivers/USB/Core/AVR8/../AVR8/Endpoint_AVR8.h **** 
  61:../lufa-LUFA-111009/LUFA/Drivers/USB/Core/AVR8/../AVR8/Endpoint_AVR8.h **** /** \ingroup Group_EndpointManagement
  62:../lufa-LUFA-111009/LUFA/Drivers/USB/Core/AVR8/../AVR8/Endpoint_AVR8.h ****  *  \defgroup Group_EndpointManagement_AVR8 Endpoint Management (AVR8)
  63:../lufa-LUFA-111009/LUFA/Drivers/USB/Core/AVR8/../AVR8/Endpoint_AVR8.h ****  *  \brief Endpoint management definitions for the Atmel AVR8 architecture.
  64:../lufa-LUFA-111009/LUFA/Drivers/USB/Core/AVR8/../AVR8/Endpoint_AVR8.h ****  *
  65:../lufa-LUFA-111009/LUFA/Drivers/USB/Core/AVR8/../AVR8/Endpoint_AVR8.h ****  *  Functions, macros and enums related to endpoint management when in USB Device mode. This
  66:../lufa-LUFA-111009/LUFA/Drivers/USB/Core/AVR8/../AVR8/Endpoint_AVR8.h ****  *  module contains the endpoint management macros, as well as endpoint interrupt and data
  67:../lufa-LUFA-111009/LUFA/Drivers/USB/Core/AVR8/../AVR8/Endpoint_AVR8.h ****  *  send/receive functions for various data types.
  68:../lufa-LUFA-111009/LUFA/Drivers/USB/Core/AVR8/../AVR8/Endpoint_AVR8.h ****  *
  69:../lufa-LUFA-111009/LUFA/Drivers/USB/Core/AVR8/../AVR8/Endpoint_AVR8.h ****  *  @{
  70:../lufa-LUFA-111009/LUFA/Drivers/USB/Core/AVR8/../AVR8/Endpoint_AVR8.h ****  */
  71:../lufa-LUFA-111009/LUFA/Drivers/USB/Core/AVR8/../AVR8/Endpoint_AVR8.h **** 
  72:../lufa-LUFA-111009/LUFA/Drivers/USB/Core/AVR8/../AVR8/Endpoint_AVR8.h **** #ifndef __ENDPOINT_AVR8_H__
  73:../lufa-LUFA-111009/LUFA/Drivers/USB/Core/AVR8/../AVR8/Endpoint_AVR8.h **** #define __ENDPOINT_AVR8_H__
  74:../lufa-LUFA-111009/LUFA/Drivers/USB/Core/AVR8/../AVR8/Endpoint_AVR8.h **** 
  75:../lufa-LUFA-111009/LUFA/Drivers/USB/Core/AVR8/../AVR8/Endpoint_AVR8.h **** 	/* Includes: */
  76:../lufa-LUFA-111009/LUFA/Drivers/USB/Core/AVR8/../AVR8/Endpoint_AVR8.h **** 		#include "../../../../Common/Common.h"
  77:../lufa-LUFA-111009/LUFA/Drivers/USB/Core/AVR8/../AVR8/Endpoint_AVR8.h **** 		#include "../USBTask.h"
  78:../lufa-LUFA-111009/LUFA/Drivers/USB/Core/AVR8/../AVR8/Endpoint_AVR8.h **** 		#include "../USBInterrupt.h"
  79:../lufa-LUFA-111009/LUFA/Drivers/USB/Core/AVR8/../AVR8/Endpoint_AVR8.h **** 
  80:../lufa-LUFA-111009/LUFA/Drivers/USB/Core/AVR8/../AVR8/Endpoint_AVR8.h **** 	/* Enable C linkage for C++ Compilers: */
  81:../lufa-LUFA-111009/LUFA/Drivers/USB/Core/AVR8/../AVR8/Endpoint_AVR8.h **** 		#if defined(__cplusplus)
  82:../lufa-LUFA-111009/LUFA/Drivers/USB/Core/AVR8/../AVR8/Endpoint_AVR8.h **** 			extern "C" {
  83:../lufa-LUFA-111009/LUFA/Drivers/USB/Core/AVR8/../AVR8/Endpoint_AVR8.h **** 		#endif
  84:../lufa-LUFA-111009/LUFA/Drivers/USB/Core/AVR8/../AVR8/Endpoint_AVR8.h **** 
  85:../lufa-LUFA-111009/LUFA/Drivers/USB/Core/AVR8/../AVR8/Endpoint_AVR8.h **** 	/* Preprocessor Checks: */
  86:../lufa-LUFA-111009/LUFA/Drivers/USB/Core/AVR8/../AVR8/Endpoint_AVR8.h **** 		#if !defined(__INCLUDE_FROM_USB_DRIVER)
  87:../lufa-LUFA-111009/LUFA/Drivers/USB/Core/AVR8/../AVR8/Endpoint_AVR8.h **** 			#error Do not include this file directly. Include LUFA/Drivers/USB/USB.h instead.
  88:../lufa-LUFA-111009/LUFA/Drivers/USB/Core/AVR8/../AVR8/Endpoint_AVR8.h **** 		#endif
  89:../lufa-LUFA-111009/LUFA/Drivers/USB/Core/AVR8/../AVR8/Endpoint_AVR8.h **** 
  90:../lufa-LUFA-111009/LUFA/Drivers/USB/Core/AVR8/../AVR8/Endpoint_AVR8.h **** 	/* Private Interface - For use in library only: */
  91:../lufa-LUFA-111009/LUFA/Drivers/USB/Core/AVR8/../AVR8/Endpoint_AVR8.h **** 	#if !defined(__DOXYGEN__)
  92:../lufa-LUFA-111009/LUFA/Drivers/USB/Core/AVR8/../AVR8/Endpoint_AVR8.h **** 		/* Macros: */
  93:../lufa-LUFA-111009/LUFA/Drivers/USB/Core/AVR8/../AVR8/Endpoint_AVR8.h **** 			#define _ENDPOINT_GET_MAXSIZE(EPIndex)         _ENDPOINT_GET_MAXSIZE2(ENDPOINT_DETAILS_EP ## EPI
  94:../lufa-LUFA-111009/LUFA/Drivers/USB/Core/AVR8/../AVR8/Endpoint_AVR8.h **** 			#define _ENDPOINT_GET_MAXSIZE2(EPDetails)      _ENDPOINT_GET_MAXSIZE3(EPDetails)
  95:../lufa-LUFA-111009/LUFA/Drivers/USB/Core/AVR8/../AVR8/Endpoint_AVR8.h **** 			#define _ENDPOINT_GET_MAXSIZE3(MaxSize, Banks) (MaxSize)
  96:../lufa-LUFA-111009/LUFA/Drivers/USB/Core/AVR8/../AVR8/Endpoint_AVR8.h **** 
  97:../lufa-LUFA-111009/LUFA/Drivers/USB/Core/AVR8/../AVR8/Endpoint_AVR8.h **** 			#define _ENDPOINT_GET_BANKS(EPIndex)           _ENDPOINT_GET_BANKS2(ENDPOINT_DETAILS_EP ## EPInd
  98:../lufa-LUFA-111009/LUFA/Drivers/USB/Core/AVR8/../AVR8/Endpoint_AVR8.h **** 			#define _ENDPOINT_GET_BANKS2(EPDetails)        _ENDPOINT_GET_BANKS3(EPDetails)
  99:../lufa-LUFA-111009/LUFA/Drivers/USB/Core/AVR8/../AVR8/Endpoint_AVR8.h **** 			#define _ENDPOINT_GET_BANKS3(MaxSize, Banks)   (Banks)
 100:../lufa-LUFA-111009/LUFA/Drivers/USB/Core/AVR8/../AVR8/Endpoint_AVR8.h **** 
 101:../lufa-LUFA-111009/LUFA/Drivers/USB/Core/AVR8/../AVR8/Endpoint_AVR8.h **** 			#if defined(USB_SERIES_4_AVR) || defined(USB_SERIES_6_AVR) || defined(USB_SERIES_7_AVR)
 102:../lufa-LUFA-111009/LUFA/Drivers/USB/Core/AVR8/../AVR8/Endpoint_AVR8.h **** 				#define ENDPOINT_DETAILS_MAXEP             7
 103:../lufa-LUFA-111009/LUFA/Drivers/USB/Core/AVR8/../AVR8/Endpoint_AVR8.h **** 
 104:../lufa-LUFA-111009/LUFA/Drivers/USB/Core/AVR8/../AVR8/Endpoint_AVR8.h **** 				#define ENDPOINT_DETAILS_EP0               64,  1
 105:../lufa-LUFA-111009/LUFA/Drivers/USB/Core/AVR8/../AVR8/Endpoint_AVR8.h **** 				#define ENDPOINT_DETAILS_EP1               256, 2
 106:../lufa-LUFA-111009/LUFA/Drivers/USB/Core/AVR8/../AVR8/Endpoint_AVR8.h **** 				#define ENDPOINT_DETAILS_EP2               64,  2
 107:../lufa-LUFA-111009/LUFA/Drivers/USB/Core/AVR8/../AVR8/Endpoint_AVR8.h **** 				#define ENDPOINT_DETAILS_EP3               64,  2
 108:../lufa-LUFA-111009/LUFA/Drivers/USB/Core/AVR8/../AVR8/Endpoint_AVR8.h **** 				#define ENDPOINT_DETAILS_EP4               64,  2
 109:../lufa-LUFA-111009/LUFA/Drivers/USB/Core/AVR8/../AVR8/Endpoint_AVR8.h **** 				#define ENDPOINT_DETAILS_EP5               64,  2
 110:../lufa-LUFA-111009/LUFA/Drivers/USB/Core/AVR8/../AVR8/Endpoint_AVR8.h **** 				#define ENDPOINT_DETAILS_EP6               64,  2
 111:../lufa-LUFA-111009/LUFA/Drivers/USB/Core/AVR8/../AVR8/Endpoint_AVR8.h **** 			#else
 112:../lufa-LUFA-111009/LUFA/Drivers/USB/Core/AVR8/../AVR8/Endpoint_AVR8.h **** 				#define ENDPOINT_DETAILS_MAXEP             5
 113:../lufa-LUFA-111009/LUFA/Drivers/USB/Core/AVR8/../AVR8/Endpoint_AVR8.h **** 
 114:../lufa-LUFA-111009/LUFA/Drivers/USB/Core/AVR8/../AVR8/Endpoint_AVR8.h **** 				#define ENDPOINT_DETAILS_EP0               64,  1
 115:../lufa-LUFA-111009/LUFA/Drivers/USB/Core/AVR8/../AVR8/Endpoint_AVR8.h **** 				#define ENDPOINT_DETAILS_EP1               64,  1
 116:../lufa-LUFA-111009/LUFA/Drivers/USB/Core/AVR8/../AVR8/Endpoint_AVR8.h **** 				#define ENDPOINT_DETAILS_EP2               64,  1
 117:../lufa-LUFA-111009/LUFA/Drivers/USB/Core/AVR8/../AVR8/Endpoint_AVR8.h **** 				#define ENDPOINT_DETAILS_EP3               64,  2
 118:../lufa-LUFA-111009/LUFA/Drivers/USB/Core/AVR8/../AVR8/Endpoint_AVR8.h **** 				#define ENDPOINT_DETAILS_EP4               64,  2
 119:../lufa-LUFA-111009/LUFA/Drivers/USB/Core/AVR8/../AVR8/Endpoint_AVR8.h **** 			#endif
 120:../lufa-LUFA-111009/LUFA/Drivers/USB/Core/AVR8/../AVR8/Endpoint_AVR8.h **** 
 121:../lufa-LUFA-111009/LUFA/Drivers/USB/Core/AVR8/../AVR8/Endpoint_AVR8.h **** 		/* Inline Functions: */
 122:../lufa-LUFA-111009/LUFA/Drivers/USB/Core/AVR8/../AVR8/Endpoint_AVR8.h **** 			static inline uint8_t Endpoint_BytesToEPSizeMask(const uint16_t Bytes) ATTR_WARN_UNUSED_RESULT A
 123:../lufa-LUFA-111009/LUFA/Drivers/USB/Core/AVR8/../AVR8/Endpoint_AVR8.h **** 			                                                                       ATTR_ALWAYS_INLINE;
 124:../lufa-LUFA-111009/LUFA/Drivers/USB/Core/AVR8/../AVR8/Endpoint_AVR8.h **** 			static inline uint8_t Endpoint_BytesToEPSizeMask(const uint16_t Bytes)
 125:../lufa-LUFA-111009/LUFA/Drivers/USB/Core/AVR8/../AVR8/Endpoint_AVR8.h **** 			{
 126:../lufa-LUFA-111009/LUFA/Drivers/USB/Core/AVR8/../AVR8/Endpoint_AVR8.h **** 				uint8_t  MaskVal    = 0;
 127:../lufa-LUFA-111009/LUFA/Drivers/USB/Core/AVR8/../AVR8/Endpoint_AVR8.h **** 				uint16_t CheckBytes = 8;
 128:../lufa-LUFA-111009/LUFA/Drivers/USB/Core/AVR8/../AVR8/Endpoint_AVR8.h **** 
 129:../lufa-LUFA-111009/LUFA/Drivers/USB/Core/AVR8/../AVR8/Endpoint_AVR8.h **** 				while (CheckBytes < Bytes)
 130:../lufa-LUFA-111009/LUFA/Drivers/USB/Core/AVR8/../AVR8/Endpoint_AVR8.h **** 				{
 131:../lufa-LUFA-111009/LUFA/Drivers/USB/Core/AVR8/../AVR8/Endpoint_AVR8.h **** 					MaskVal++;
 132:../lufa-LUFA-111009/LUFA/Drivers/USB/Core/AVR8/../AVR8/Endpoint_AVR8.h **** 					CheckBytes <<= 1;
 133:../lufa-LUFA-111009/LUFA/Drivers/USB/Core/AVR8/../AVR8/Endpoint_AVR8.h **** 				}
 134:../lufa-LUFA-111009/LUFA/Drivers/USB/Core/AVR8/../AVR8/Endpoint_AVR8.h **** 
 135:../lufa-LUFA-111009/LUFA/Drivers/USB/Core/AVR8/../AVR8/Endpoint_AVR8.h **** 				return (MaskVal << EPSIZE0);
 136:../lufa-LUFA-111009/LUFA/Drivers/USB/Core/AVR8/../AVR8/Endpoint_AVR8.h **** 			}
 137:../lufa-LUFA-111009/LUFA/Drivers/USB/Core/AVR8/../AVR8/Endpoint_AVR8.h **** 
 138:../lufa-LUFA-111009/LUFA/Drivers/USB/Core/AVR8/../AVR8/Endpoint_AVR8.h **** 		/* Function Prototypes: */
 139:../lufa-LUFA-111009/LUFA/Drivers/USB/Core/AVR8/../AVR8/Endpoint_AVR8.h **** 			void Endpoint_ClearEndpoints(void);
 140:../lufa-LUFA-111009/LUFA/Drivers/USB/Core/AVR8/../AVR8/Endpoint_AVR8.h **** 			bool Endpoint_ConfigureEndpoint_Prv(const uint8_t Number,
 141:../lufa-LUFA-111009/LUFA/Drivers/USB/Core/AVR8/../AVR8/Endpoint_AVR8.h **** 			                                    const uint8_t UECFG0XData,
 142:../lufa-LUFA-111009/LUFA/Drivers/USB/Core/AVR8/../AVR8/Endpoint_AVR8.h **** 			                                    const uint8_t UECFG1XData);
 143:../lufa-LUFA-111009/LUFA/Drivers/USB/Core/AVR8/../AVR8/Endpoint_AVR8.h **** 
 144:../lufa-LUFA-111009/LUFA/Drivers/USB/Core/AVR8/../AVR8/Endpoint_AVR8.h **** 	#endif
 145:../lufa-LUFA-111009/LUFA/Drivers/USB/Core/AVR8/../AVR8/Endpoint_AVR8.h **** 
 146:../lufa-LUFA-111009/LUFA/Drivers/USB/Core/AVR8/../AVR8/Endpoint_AVR8.h **** 	/* Public Interface - May be used in end-application: */
 147:../lufa-LUFA-111009/LUFA/Drivers/USB/Core/AVR8/../AVR8/Endpoint_AVR8.h **** 		/* Macros: */			
 148:../lufa-LUFA-111009/LUFA/Drivers/USB/Core/AVR8/../AVR8/Endpoint_AVR8.h **** 			/** \name Endpoint Bank Mode Masks */
 149:../lufa-LUFA-111009/LUFA/Drivers/USB/Core/AVR8/../AVR8/Endpoint_AVR8.h **** 			//@{
 150:../lufa-LUFA-111009/LUFA/Drivers/USB/Core/AVR8/../AVR8/Endpoint_AVR8.h **** 			/** Mask for the bank mode selection for the \ref Endpoint_ConfigureEndpoint() macro. This indic
 151:../lufa-LUFA-111009/LUFA/Drivers/USB/Core/AVR8/../AVR8/Endpoint_AVR8.h **** 			 *  that the endpoint should have one single bank, which requires less USB FIFO memory but resul
 152:../lufa-LUFA-111009/LUFA/Drivers/USB/Core/AVR8/../AVR8/Endpoint_AVR8.h **** 			 *  in slower transfers as only one USB device (the AVR or the host) can access the endpoint's
 153:../lufa-LUFA-111009/LUFA/Drivers/USB/Core/AVR8/../AVR8/Endpoint_AVR8.h **** 			 *  bank at the one time.
 154:../lufa-LUFA-111009/LUFA/Drivers/USB/Core/AVR8/../AVR8/Endpoint_AVR8.h **** 			 */
 155:../lufa-LUFA-111009/LUFA/Drivers/USB/Core/AVR8/../AVR8/Endpoint_AVR8.h **** 			#define ENDPOINT_BANK_SINGLE                    (0 << EPBK0)
 156:../lufa-LUFA-111009/LUFA/Drivers/USB/Core/AVR8/../AVR8/Endpoint_AVR8.h **** 
 157:../lufa-LUFA-111009/LUFA/Drivers/USB/Core/AVR8/../AVR8/Endpoint_AVR8.h **** 			/** Mask for the bank mode selection for the \ref Endpoint_ConfigureEndpoint() macro. This indic
 158:../lufa-LUFA-111009/LUFA/Drivers/USB/Core/AVR8/../AVR8/Endpoint_AVR8.h **** 			 *  that the endpoint should have two banks, which requires more USB FIFO memory but results
 159:../lufa-LUFA-111009/LUFA/Drivers/USB/Core/AVR8/../AVR8/Endpoint_AVR8.h **** 			 *  in faster transfers as one USB device (the AVR or the host) can access one bank while the ot
 160:../lufa-LUFA-111009/LUFA/Drivers/USB/Core/AVR8/../AVR8/Endpoint_AVR8.h **** 			 *  accesses the second bank.
 161:../lufa-LUFA-111009/LUFA/Drivers/USB/Core/AVR8/../AVR8/Endpoint_AVR8.h **** 			 */
 162:../lufa-LUFA-111009/LUFA/Drivers/USB/Core/AVR8/../AVR8/Endpoint_AVR8.h **** 			#define ENDPOINT_BANK_DOUBLE                    (1 << EPBK0)
 163:../lufa-LUFA-111009/LUFA/Drivers/USB/Core/AVR8/../AVR8/Endpoint_AVR8.h **** 			//@}
 164:../lufa-LUFA-111009/LUFA/Drivers/USB/Core/AVR8/../AVR8/Endpoint_AVR8.h **** 
 165:../lufa-LUFA-111009/LUFA/Drivers/USB/Core/AVR8/../AVR8/Endpoint_AVR8.h **** 			#if (!defined(FIXED_CONTROL_ENDPOINT_SIZE) || defined(__DOXYGEN__))
 166:../lufa-LUFA-111009/LUFA/Drivers/USB/Core/AVR8/../AVR8/Endpoint_AVR8.h **** 				/** Default size of the default control endpoint's bank, until altered by the control endpoint 
 167:../lufa-LUFA-111009/LUFA/Drivers/USB/Core/AVR8/../AVR8/Endpoint_AVR8.h **** 				 *  value in the device descriptor. Not available if the \c FIXED_CONTROL_ENDPOINT_SIZE token i
 168:../lufa-LUFA-111009/LUFA/Drivers/USB/Core/AVR8/../AVR8/Endpoint_AVR8.h **** 				 */
 169:../lufa-LUFA-111009/LUFA/Drivers/USB/Core/AVR8/../AVR8/Endpoint_AVR8.h **** 				#define ENDPOINT_CONTROLEP_DEFAULT_SIZE     8
 170:../lufa-LUFA-111009/LUFA/Drivers/USB/Core/AVR8/../AVR8/Endpoint_AVR8.h **** 			#endif
 171:../lufa-LUFA-111009/LUFA/Drivers/USB/Core/AVR8/../AVR8/Endpoint_AVR8.h **** 
 172:../lufa-LUFA-111009/LUFA/Drivers/USB/Core/AVR8/../AVR8/Endpoint_AVR8.h **** 			/** Retrieves the maximum bank size in bytes of a given endpoint.
 173:../lufa-LUFA-111009/LUFA/Drivers/USB/Core/AVR8/../AVR8/Endpoint_AVR8.h **** 			 *
 174:../lufa-LUFA-111009/LUFA/Drivers/USB/Core/AVR8/../AVR8/Endpoint_AVR8.h **** 			 *  \note This macro will only work correctly on endpoint indexes that are compile-time constant
 175:../lufa-LUFA-111009/LUFA/Drivers/USB/Core/AVR8/../AVR8/Endpoint_AVR8.h **** 			 *        defined by the preprocessor.
 176:../lufa-LUFA-111009/LUFA/Drivers/USB/Core/AVR8/../AVR8/Endpoint_AVR8.h **** 			 *
 177:../lufa-LUFA-111009/LUFA/Drivers/USB/Core/AVR8/../AVR8/Endpoint_AVR8.h **** 			 *  \param[in] EPIndex  Endpoint number, a value between 0 and (\ref ENDPOINT_TOTAL_ENDPOINTS - 
 178:../lufa-LUFA-111009/LUFA/Drivers/USB/Core/AVR8/../AVR8/Endpoint_AVR8.h **** 			 */
 179:../lufa-LUFA-111009/LUFA/Drivers/USB/Core/AVR8/../AVR8/Endpoint_AVR8.h **** 			#define ENDPOINT_MAX_SIZE(EPIndex)              _ENDPOINT_GET_MAXSIZE(EPIndex)
 180:../lufa-LUFA-111009/LUFA/Drivers/USB/Core/AVR8/../AVR8/Endpoint_AVR8.h **** 
 181:../lufa-LUFA-111009/LUFA/Drivers/USB/Core/AVR8/../AVR8/Endpoint_AVR8.h **** 			/** Retrieves the total number of banks supported by the given endpoint.
 182:../lufa-LUFA-111009/LUFA/Drivers/USB/Core/AVR8/../AVR8/Endpoint_AVR8.h **** 			 *
 183:../lufa-LUFA-111009/LUFA/Drivers/USB/Core/AVR8/../AVR8/Endpoint_AVR8.h **** 			 *  \note This macro will only work correctly on endpoint indexes that are compile-time constant
 184:../lufa-LUFA-111009/LUFA/Drivers/USB/Core/AVR8/../AVR8/Endpoint_AVR8.h **** 			 *        defined by the preprocessor.
 185:../lufa-LUFA-111009/LUFA/Drivers/USB/Core/AVR8/../AVR8/Endpoint_AVR8.h **** 			 *
 186:../lufa-LUFA-111009/LUFA/Drivers/USB/Core/AVR8/../AVR8/Endpoint_AVR8.h **** 			 *  \param[in] EPIndex  Endpoint number, a value between 0 and (\ref ENDPOINT_TOTAL_ENDPOINTS - 
 187:../lufa-LUFA-111009/LUFA/Drivers/USB/Core/AVR8/../AVR8/Endpoint_AVR8.h **** 			 */
 188:../lufa-LUFA-111009/LUFA/Drivers/USB/Core/AVR8/../AVR8/Endpoint_AVR8.h **** 			#define ENDPOINT_BANKS_SUPPORTED(EPIndex)       _ENDPOINT_GET_BANKS(EPIndex)
 189:../lufa-LUFA-111009/LUFA/Drivers/USB/Core/AVR8/../AVR8/Endpoint_AVR8.h **** 
 190:../lufa-LUFA-111009/LUFA/Drivers/USB/Core/AVR8/../AVR8/Endpoint_AVR8.h **** 			#if !defined(CONTROL_ONLY_DEVICE) || defined(__DOXYGEN__)
 191:../lufa-LUFA-111009/LUFA/Drivers/USB/Core/AVR8/../AVR8/Endpoint_AVR8.h **** 				/** Total number of endpoints (including the default control endpoint at address 0) which may
 192:../lufa-LUFA-111009/LUFA/Drivers/USB/Core/AVR8/../AVR8/Endpoint_AVR8.h **** 				 *  be used in the device. Different USB AVR models support different amounts of endpoints,
 193:../lufa-LUFA-111009/LUFA/Drivers/USB/Core/AVR8/../AVR8/Endpoint_AVR8.h **** 				 *  this value reflects the maximum number of endpoints for the currently selected AVR model.
 194:../lufa-LUFA-111009/LUFA/Drivers/USB/Core/AVR8/../AVR8/Endpoint_AVR8.h **** 				 */
 195:../lufa-LUFA-111009/LUFA/Drivers/USB/Core/AVR8/../AVR8/Endpoint_AVR8.h **** 				#define ENDPOINT_TOTAL_ENDPOINTS            ENDPOINT_DETAILS_MAXEP
 196:../lufa-LUFA-111009/LUFA/Drivers/USB/Core/AVR8/../AVR8/Endpoint_AVR8.h **** 			#else
 197:../lufa-LUFA-111009/LUFA/Drivers/USB/Core/AVR8/../AVR8/Endpoint_AVR8.h **** 				#define ENDPOINT_TOTAL_ENDPOINTS            1
 198:../lufa-LUFA-111009/LUFA/Drivers/USB/Core/AVR8/../AVR8/Endpoint_AVR8.h **** 			#endif
 199:../lufa-LUFA-111009/LUFA/Drivers/USB/Core/AVR8/../AVR8/Endpoint_AVR8.h **** 
 200:../lufa-LUFA-111009/LUFA/Drivers/USB/Core/AVR8/../AVR8/Endpoint_AVR8.h **** 		/* Enums: */
 201:../lufa-LUFA-111009/LUFA/Drivers/USB/Core/AVR8/../AVR8/Endpoint_AVR8.h **** 			/** Enum for the possible error return codes of the \ref Endpoint_WaitUntilReady() function.
 202:../lufa-LUFA-111009/LUFA/Drivers/USB/Core/AVR8/../AVR8/Endpoint_AVR8.h **** 			 *
 203:../lufa-LUFA-111009/LUFA/Drivers/USB/Core/AVR8/../AVR8/Endpoint_AVR8.h **** 			 *  \ingroup Group_EndpointRW_AVR8
 204:../lufa-LUFA-111009/LUFA/Drivers/USB/Core/AVR8/../AVR8/Endpoint_AVR8.h **** 			 */
 205:../lufa-LUFA-111009/LUFA/Drivers/USB/Core/AVR8/../AVR8/Endpoint_AVR8.h **** 			enum Endpoint_WaitUntilReady_ErrorCodes_t
 206:../lufa-LUFA-111009/LUFA/Drivers/USB/Core/AVR8/../AVR8/Endpoint_AVR8.h **** 			{
 207:../lufa-LUFA-111009/LUFA/Drivers/USB/Core/AVR8/../AVR8/Endpoint_AVR8.h **** 				ENDPOINT_READYWAIT_NoError                 = 0, /**< Endpoint is ready for next packet, no erro
 208:../lufa-LUFA-111009/LUFA/Drivers/USB/Core/AVR8/../AVR8/Endpoint_AVR8.h **** 				ENDPOINT_READYWAIT_EndpointStalled         = 1, /**< The endpoint was stalled during the stream
 209:../lufa-LUFA-111009/LUFA/Drivers/USB/Core/AVR8/../AVR8/Endpoint_AVR8.h **** 				                                                 *   transfer by the host or device.
 210:../lufa-LUFA-111009/LUFA/Drivers/USB/Core/AVR8/../AVR8/Endpoint_AVR8.h **** 				                                                 */
 211:../lufa-LUFA-111009/LUFA/Drivers/USB/Core/AVR8/../AVR8/Endpoint_AVR8.h **** 				ENDPOINT_READYWAIT_DeviceDisconnected      = 2,	/**< Device was disconnected from the host whil
 212:../lufa-LUFA-111009/LUFA/Drivers/USB/Core/AVR8/../AVR8/Endpoint_AVR8.h **** 				                                                 *   waiting for the endpoint to become ready.
 213:../lufa-LUFA-111009/LUFA/Drivers/USB/Core/AVR8/../AVR8/Endpoint_AVR8.h **** 				                                                 */
 214:../lufa-LUFA-111009/LUFA/Drivers/USB/Core/AVR8/../AVR8/Endpoint_AVR8.h **** 				ENDPOINT_READYWAIT_BusSuspended            = 3, /**< The USB bus has been suspended by the host
 215:../lufa-LUFA-111009/LUFA/Drivers/USB/Core/AVR8/../AVR8/Endpoint_AVR8.h **** 				                                                 *   no USB endpoint traffic can occur until th
 216:../lufa-LUFA-111009/LUFA/Drivers/USB/Core/AVR8/../AVR8/Endpoint_AVR8.h **** 				                                                 *   has resumed.
 217:../lufa-LUFA-111009/LUFA/Drivers/USB/Core/AVR8/../AVR8/Endpoint_AVR8.h **** 				                                                 */
 218:../lufa-LUFA-111009/LUFA/Drivers/USB/Core/AVR8/../AVR8/Endpoint_AVR8.h **** 				ENDPOINT_READYWAIT_Timeout                 = 4, /**< The host failed to accept or send the next
 219:../lufa-LUFA-111009/LUFA/Drivers/USB/Core/AVR8/../AVR8/Endpoint_AVR8.h **** 				                                                 *   within the software timeout period set by 
 220:../lufa-LUFA-111009/LUFA/Drivers/USB/Core/AVR8/../AVR8/Endpoint_AVR8.h **** 				                                                 *   \ref USB_STREAM_TIMEOUT_MS macro.
 221:../lufa-LUFA-111009/LUFA/Drivers/USB/Core/AVR8/../AVR8/Endpoint_AVR8.h **** 				                                                 */
 222:../lufa-LUFA-111009/LUFA/Drivers/USB/Core/AVR8/../AVR8/Endpoint_AVR8.h **** 			};
 223:../lufa-LUFA-111009/LUFA/Drivers/USB/Core/AVR8/../AVR8/Endpoint_AVR8.h **** 
 224:../lufa-LUFA-111009/LUFA/Drivers/USB/Core/AVR8/../AVR8/Endpoint_AVR8.h **** 		/* Inline Functions: */
 225:../lufa-LUFA-111009/LUFA/Drivers/USB/Core/AVR8/../AVR8/Endpoint_AVR8.h **** 			/** Configures the specified endpoint number with the given endpoint type, direction, bank size
 226:../lufa-LUFA-111009/LUFA/Drivers/USB/Core/AVR8/../AVR8/Endpoint_AVR8.h **** 			 *  and banking mode. Once configured, the endpoint may be read from or written to, depending
 227:../lufa-LUFA-111009/LUFA/Drivers/USB/Core/AVR8/../AVR8/Endpoint_AVR8.h **** 			 *  on its direction.
 228:../lufa-LUFA-111009/LUFA/Drivers/USB/Core/AVR8/../AVR8/Endpoint_AVR8.h **** 			 *
 229:../lufa-LUFA-111009/LUFA/Drivers/USB/Core/AVR8/../AVR8/Endpoint_AVR8.h **** 			 *  \param[in] Number     Endpoint number to configure. This must be more than 0 and less than
 230:../lufa-LUFA-111009/LUFA/Drivers/USB/Core/AVR8/../AVR8/Endpoint_AVR8.h **** 			 *                        \ref ENDPOINT_TOTAL_ENDPOINTS.
 231:../lufa-LUFA-111009/LUFA/Drivers/USB/Core/AVR8/../AVR8/Endpoint_AVR8.h **** 			 *
 232:../lufa-LUFA-111009/LUFA/Drivers/USB/Core/AVR8/../AVR8/Endpoint_AVR8.h **** 			 *  \param[in] Type       Type of endpoint to configure, a \c EP_TYPE_* mask. Not all endpoint t
 233:../lufa-LUFA-111009/LUFA/Drivers/USB/Core/AVR8/../AVR8/Endpoint_AVR8.h **** 			 *                        are available on Low Speed USB devices - refer to the USB 2.0 specific
 234:../lufa-LUFA-111009/LUFA/Drivers/USB/Core/AVR8/../AVR8/Endpoint_AVR8.h **** 			 *
 235:../lufa-LUFA-111009/LUFA/Drivers/USB/Core/AVR8/../AVR8/Endpoint_AVR8.h **** 			 *  \param[in] Direction  Endpoint data direction, either \ref ENDPOINT_DIR_OUT or \ref ENDPOINT
 236:../lufa-LUFA-111009/LUFA/Drivers/USB/Core/AVR8/../AVR8/Endpoint_AVR8.h **** 			 *                        All endpoints (except Control type) are unidirectional - data may only
 237:../lufa-LUFA-111009/LUFA/Drivers/USB/Core/AVR8/../AVR8/Endpoint_AVR8.h **** 			 *                        from or written to the endpoint bank based on its direction, not both.
 238:../lufa-LUFA-111009/LUFA/Drivers/USB/Core/AVR8/../AVR8/Endpoint_AVR8.h **** 			 *
 239:../lufa-LUFA-111009/LUFA/Drivers/USB/Core/AVR8/../AVR8/Endpoint_AVR8.h **** 			 *  \param[in] Size       Size of the endpoint's bank, where packets are stored before they are 
 240:../lufa-LUFA-111009/LUFA/Drivers/USB/Core/AVR8/../AVR8/Endpoint_AVR8.h **** 			 *                        to the USB host, or after they have been received from the USB host (d
 241:../lufa-LUFA-111009/LUFA/Drivers/USB/Core/AVR8/../AVR8/Endpoint_AVR8.h **** 			 *                        the endpoint's data direction). The bank size must indicate the maximu
 242:../lufa-LUFA-111009/LUFA/Drivers/USB/Core/AVR8/../AVR8/Endpoint_AVR8.h **** 			 *                        that the endpoint can handle.
 243:../lufa-LUFA-111009/LUFA/Drivers/USB/Core/AVR8/../AVR8/Endpoint_AVR8.h **** 			 *
 244:../lufa-LUFA-111009/LUFA/Drivers/USB/Core/AVR8/../AVR8/Endpoint_AVR8.h **** 			 *  \param[in] Banks      Number of banks to use for the endpoint being configured, an \c ENDPOI
 245:../lufa-LUFA-111009/LUFA/Drivers/USB/Core/AVR8/../AVR8/Endpoint_AVR8.h **** 			 *                        More banks uses more USB DPRAM, but offers better performance. Isochro
 246:../lufa-LUFA-111009/LUFA/Drivers/USB/Core/AVR8/../AVR8/Endpoint_AVR8.h **** 			 *                        endpoints <b>must</b> have at least two banks.
 247:../lufa-LUFA-111009/LUFA/Drivers/USB/Core/AVR8/../AVR8/Endpoint_AVR8.h **** 			 *
 248:../lufa-LUFA-111009/LUFA/Drivers/USB/Core/AVR8/../AVR8/Endpoint_AVR8.h **** 			 *  \note When the \c ORDERED_EP_CONFIG compile time option is used, Endpoints <b>must</b> be co
 249:../lufa-LUFA-111009/LUFA/Drivers/USB/Core/AVR8/../AVR8/Endpoint_AVR8.h **** 			 *        ascending order, or bank corruption will occur.
 250:../lufa-LUFA-111009/LUFA/Drivers/USB/Core/AVR8/../AVR8/Endpoint_AVR8.h **** 			 *        \n\n
 251:../lufa-LUFA-111009/LUFA/Drivers/USB/Core/AVR8/../AVR8/Endpoint_AVR8.h **** 			 *
 252:../lufa-LUFA-111009/LUFA/Drivers/USB/Core/AVR8/../AVR8/Endpoint_AVR8.h **** 			 *  \note Different endpoints may have different maximum packet sizes based on the endpoint's in
 253:../lufa-LUFA-111009/LUFA/Drivers/USB/Core/AVR8/../AVR8/Endpoint_AVR8.h **** 			 *        the chosen microcontroller model's datasheet to determine the maximum bank size for ea
 254:../lufa-LUFA-111009/LUFA/Drivers/USB/Core/AVR8/../AVR8/Endpoint_AVR8.h **** 			 *        \n\n
 255:../lufa-LUFA-111009/LUFA/Drivers/USB/Core/AVR8/../AVR8/Endpoint_AVR8.h **** 			 *
 256:../lufa-LUFA-111009/LUFA/Drivers/USB/Core/AVR8/../AVR8/Endpoint_AVR8.h **** 			 *  \note The default control endpoint should not be manually configured by the user application
 257:../lufa-LUFA-111009/LUFA/Drivers/USB/Core/AVR8/../AVR8/Endpoint_AVR8.h **** 			 *        it is automatically configured by the library internally.
 258:../lufa-LUFA-111009/LUFA/Drivers/USB/Core/AVR8/../AVR8/Endpoint_AVR8.h **** 			 *        \n\n
 259:../lufa-LUFA-111009/LUFA/Drivers/USB/Core/AVR8/../AVR8/Endpoint_AVR8.h **** 			 *
 260:../lufa-LUFA-111009/LUFA/Drivers/USB/Core/AVR8/../AVR8/Endpoint_AVR8.h **** 			 *  \note This routine will automatically select the specified endpoint upon success. Upon failu
 261:../lufa-LUFA-111009/LUFA/Drivers/USB/Core/AVR8/../AVR8/Endpoint_AVR8.h **** 			 *        which failed to reconfigure correctly will be selected.
 262:../lufa-LUFA-111009/LUFA/Drivers/USB/Core/AVR8/../AVR8/Endpoint_AVR8.h **** 			 *
 263:../lufa-LUFA-111009/LUFA/Drivers/USB/Core/AVR8/../AVR8/Endpoint_AVR8.h **** 			 *  \return Boolean \c true if the configuration succeeded, \c false otherwise.
 264:../lufa-LUFA-111009/LUFA/Drivers/USB/Core/AVR8/../AVR8/Endpoint_AVR8.h **** 			 */
 265:../lufa-LUFA-111009/LUFA/Drivers/USB/Core/AVR8/../AVR8/Endpoint_AVR8.h **** 			static inline bool Endpoint_ConfigureEndpoint(const uint8_t Number,
 266:../lufa-LUFA-111009/LUFA/Drivers/USB/Core/AVR8/../AVR8/Endpoint_AVR8.h **** 			                                              const uint8_t Type,
 267:../lufa-LUFA-111009/LUFA/Drivers/USB/Core/AVR8/../AVR8/Endpoint_AVR8.h **** 			                                              const uint8_t Direction,
 268:../lufa-LUFA-111009/LUFA/Drivers/USB/Core/AVR8/../AVR8/Endpoint_AVR8.h **** 			                                              const uint16_t Size,
 269:../lufa-LUFA-111009/LUFA/Drivers/USB/Core/AVR8/../AVR8/Endpoint_AVR8.h **** 			                                              const uint8_t Banks) ATTR_ALWAYS_INLINE;
 270:../lufa-LUFA-111009/LUFA/Drivers/USB/Core/AVR8/../AVR8/Endpoint_AVR8.h **** 			static inline bool Endpoint_ConfigureEndpoint(const uint8_t Number,
 271:../lufa-LUFA-111009/LUFA/Drivers/USB/Core/AVR8/../AVR8/Endpoint_AVR8.h **** 			                                              const uint8_t Type,
 272:../lufa-LUFA-111009/LUFA/Drivers/USB/Core/AVR8/../AVR8/Endpoint_AVR8.h **** 			                                              const uint8_t Direction,
 273:../lufa-LUFA-111009/LUFA/Drivers/USB/Core/AVR8/../AVR8/Endpoint_AVR8.h **** 			                                              const uint16_t Size,
 274:../lufa-LUFA-111009/LUFA/Drivers/USB/Core/AVR8/../AVR8/Endpoint_AVR8.h **** 			                                              const uint8_t Banks)
 275:../lufa-LUFA-111009/LUFA/Drivers/USB/Core/AVR8/../AVR8/Endpoint_AVR8.h **** 			{
 276:../lufa-LUFA-111009/LUFA/Drivers/USB/Core/AVR8/../AVR8/Endpoint_AVR8.h **** 				return Endpoint_ConfigureEndpoint_Prv(Number, ((Type << EPTYPE0) | (Direction ? (1 << EPDIR) : 
 277:../lufa-LUFA-111009/LUFA/Drivers/USB/Core/AVR8/../AVR8/Endpoint_AVR8.h **** 				                                      ((1 << ALLOC) | Banks | Endpoint_BytesToEPSizeMask(Size))
 278:../lufa-LUFA-111009/LUFA/Drivers/USB/Core/AVR8/../AVR8/Endpoint_AVR8.h **** 			}
 279:../lufa-LUFA-111009/LUFA/Drivers/USB/Core/AVR8/../AVR8/Endpoint_AVR8.h **** 
 280:../lufa-LUFA-111009/LUFA/Drivers/USB/Core/AVR8/../AVR8/Endpoint_AVR8.h **** 			/** Indicates the number of bytes currently stored in the current endpoint's selected bank.
 281:../lufa-LUFA-111009/LUFA/Drivers/USB/Core/AVR8/../AVR8/Endpoint_AVR8.h **** 			 *
 282:../lufa-LUFA-111009/LUFA/Drivers/USB/Core/AVR8/../AVR8/Endpoint_AVR8.h **** 			 *  \note The return width of this function may differ, depending on the maximum endpoint bank s
 283:../lufa-LUFA-111009/LUFA/Drivers/USB/Core/AVR8/../AVR8/Endpoint_AVR8.h **** 			 *        of the selected AVR model.
 284:../lufa-LUFA-111009/LUFA/Drivers/USB/Core/AVR8/../AVR8/Endpoint_AVR8.h **** 			 *
 285:../lufa-LUFA-111009/LUFA/Drivers/USB/Core/AVR8/../AVR8/Endpoint_AVR8.h **** 			 *  \ingroup Group_EndpointRW_AVR8
 286:../lufa-LUFA-111009/LUFA/Drivers/USB/Core/AVR8/../AVR8/Endpoint_AVR8.h **** 			 *
 287:../lufa-LUFA-111009/LUFA/Drivers/USB/Core/AVR8/../AVR8/Endpoint_AVR8.h **** 			 *  \return Total number of bytes in the currently selected Endpoint's FIFO buffer.
 288:../lufa-LUFA-111009/LUFA/Drivers/USB/Core/AVR8/../AVR8/Endpoint_AVR8.h **** 			 */
 289:../lufa-LUFA-111009/LUFA/Drivers/USB/Core/AVR8/../AVR8/Endpoint_AVR8.h **** 			static inline uint16_t Endpoint_BytesInEndpoint(void) ATTR_WARN_UNUSED_RESULT ATTR_ALWAYS_INLINE
 290:../lufa-LUFA-111009/LUFA/Drivers/USB/Core/AVR8/../AVR8/Endpoint_AVR8.h **** 			static inline uint16_t Endpoint_BytesInEndpoint(void)
 291:../lufa-LUFA-111009/LUFA/Drivers/USB/Core/AVR8/../AVR8/Endpoint_AVR8.h **** 			{
 292:../lufa-LUFA-111009/LUFA/Drivers/USB/Core/AVR8/../AVR8/Endpoint_AVR8.h **** 				#if defined(USB_SERIES_6_AVR) || defined(USB_SERIES_7_AVR)
 293:../lufa-LUFA-111009/LUFA/Drivers/USB/Core/AVR8/../AVR8/Endpoint_AVR8.h **** 					return UEBCX;
 294:../lufa-LUFA-111009/LUFA/Drivers/USB/Core/AVR8/../AVR8/Endpoint_AVR8.h **** 				#elif defined(USB_SERIES_4_AVR)
 295:../lufa-LUFA-111009/LUFA/Drivers/USB/Core/AVR8/../AVR8/Endpoint_AVR8.h **** 					return (((uint16_t)UEBCHX << 8) | UEBCLX);
 296:../lufa-LUFA-111009/LUFA/Drivers/USB/Core/AVR8/../AVR8/Endpoint_AVR8.h **** 				#elif defined(USB_SERIES_2_AVR)
 297:../lufa-LUFA-111009/LUFA/Drivers/USB/Core/AVR8/../AVR8/Endpoint_AVR8.h **** 					return UEBCLX;
 298:../lufa-LUFA-111009/LUFA/Drivers/USB/Core/AVR8/../AVR8/Endpoint_AVR8.h **** 				#endif
 299:../lufa-LUFA-111009/LUFA/Drivers/USB/Core/AVR8/../AVR8/Endpoint_AVR8.h **** 			}
 300:../lufa-LUFA-111009/LUFA/Drivers/USB/Core/AVR8/../AVR8/Endpoint_AVR8.h **** 
 301:../lufa-LUFA-111009/LUFA/Drivers/USB/Core/AVR8/../AVR8/Endpoint_AVR8.h **** 			/** Get the endpoint address of the currently selected endpoint. This is typically used to save
 302:../lufa-LUFA-111009/LUFA/Drivers/USB/Core/AVR8/../AVR8/Endpoint_AVR8.h **** 			 *  the currently selected endpoint number so that it can be restored after another endpoint has
 303:../lufa-LUFA-111009/LUFA/Drivers/USB/Core/AVR8/../AVR8/Endpoint_AVR8.h **** 			 *  been manipulated.
 304:../lufa-LUFA-111009/LUFA/Drivers/USB/Core/AVR8/../AVR8/Endpoint_AVR8.h **** 			 *
 305:../lufa-LUFA-111009/LUFA/Drivers/USB/Core/AVR8/../AVR8/Endpoint_AVR8.h **** 			 *  \return Index of the currently selected endpoint.
 306:../lufa-LUFA-111009/LUFA/Drivers/USB/Core/AVR8/../AVR8/Endpoint_AVR8.h **** 			 */
 307:../lufa-LUFA-111009/LUFA/Drivers/USB/Core/AVR8/../AVR8/Endpoint_AVR8.h **** 			static inline uint8_t Endpoint_GetCurrentEndpoint(void) ATTR_WARN_UNUSED_RESULT ATTR_ALWAYS_INLI
 308:../lufa-LUFA-111009/LUFA/Drivers/USB/Core/AVR8/../AVR8/Endpoint_AVR8.h **** 			static inline uint8_t Endpoint_GetCurrentEndpoint(void)
 309:../lufa-LUFA-111009/LUFA/Drivers/USB/Core/AVR8/../AVR8/Endpoint_AVR8.h **** 			{
 310:../lufa-LUFA-111009/LUFA/Drivers/USB/Core/AVR8/../AVR8/Endpoint_AVR8.h **** 				#if !defined(CONTROL_ONLY_DEVICE)
 311:../lufa-LUFA-111009/LUFA/Drivers/USB/Core/AVR8/../AVR8/Endpoint_AVR8.h **** 					return (UENUM & ENDPOINT_EPNUM_MASK);
 312:../lufa-LUFA-111009/LUFA/Drivers/USB/Core/AVR8/../AVR8/Endpoint_AVR8.h **** 				#else
 313:../lufa-LUFA-111009/LUFA/Drivers/USB/Core/AVR8/../AVR8/Endpoint_AVR8.h **** 					return ENDPOINT_CONTROLEP;
 314:../lufa-LUFA-111009/LUFA/Drivers/USB/Core/AVR8/../AVR8/Endpoint_AVR8.h **** 				#endif
 315:../lufa-LUFA-111009/LUFA/Drivers/USB/Core/AVR8/../AVR8/Endpoint_AVR8.h **** 			}
 316:../lufa-LUFA-111009/LUFA/Drivers/USB/Core/AVR8/../AVR8/Endpoint_AVR8.h **** 
 317:../lufa-LUFA-111009/LUFA/Drivers/USB/Core/AVR8/../AVR8/Endpoint_AVR8.h **** 			/** Selects the given endpoint number. If the address from the device descriptors is used, the
 318:../lufa-LUFA-111009/LUFA/Drivers/USB/Core/AVR8/../AVR8/Endpoint_AVR8.h **** 			 *  value should be masked with the \ref ENDPOINT_EPNUM_MASK constant to extract only the endpoi
 319:../lufa-LUFA-111009/LUFA/Drivers/USB/Core/AVR8/../AVR8/Endpoint_AVR8.h **** 			 *  number (and discarding the endpoint direction bit).
 320:../lufa-LUFA-111009/LUFA/Drivers/USB/Core/AVR8/../AVR8/Endpoint_AVR8.h **** 			 *
 321:../lufa-LUFA-111009/LUFA/Drivers/USB/Core/AVR8/../AVR8/Endpoint_AVR8.h **** 			 *  Any endpoint operations which do not require the endpoint number to be indicated will operat
 322:../lufa-LUFA-111009/LUFA/Drivers/USB/Core/AVR8/../AVR8/Endpoint_AVR8.h **** 			 *  the currently selected endpoint.
 323:../lufa-LUFA-111009/LUFA/Drivers/USB/Core/AVR8/../AVR8/Endpoint_AVR8.h **** 			 *
 324:../lufa-LUFA-111009/LUFA/Drivers/USB/Core/AVR8/../AVR8/Endpoint_AVR8.h **** 			 *  \param[in] EndpointNumber Endpoint number to select.
 325:../lufa-LUFA-111009/LUFA/Drivers/USB/Core/AVR8/../AVR8/Endpoint_AVR8.h **** 			 */
 326:../lufa-LUFA-111009/LUFA/Drivers/USB/Core/AVR8/../AVR8/Endpoint_AVR8.h **** 			static inline void Endpoint_SelectEndpoint(const uint8_t EndpointNumber) ATTR_ALWAYS_INLINE;
 327:../lufa-LUFA-111009/LUFA/Drivers/USB/Core/AVR8/../AVR8/Endpoint_AVR8.h **** 			static inline void Endpoint_SelectEndpoint(const uint8_t EndpointNumber)
 328:../lufa-LUFA-111009/LUFA/Drivers/USB/Core/AVR8/../AVR8/Endpoint_AVR8.h **** 			{
 329:../lufa-LUFA-111009/LUFA/Drivers/USB/Core/AVR8/../AVR8/Endpoint_AVR8.h **** 				#if !defined(CONTROL_ONLY_DEVICE)
 330:../lufa-LUFA-111009/LUFA/Drivers/USB/Core/AVR8/../AVR8/Endpoint_AVR8.h **** 					UENUM = EndpointNumber;
  25               		.loc 2 330 0
  26 0000 84E0      		ldi r24,lo8(4)
  27 0002 8093 E900 		sts 233,r24
  28               	.L2:
  29               	.LBE86:
  30               	.LBE85:
  31               	.LBB87:
  32               	.LBB88:
 331:../lufa-LUFA-111009/LUFA/Drivers/USB/Core/AVR8/../AVR8/Endpoint_AVR8.h **** 				#endif
 332:../lufa-LUFA-111009/LUFA/Drivers/USB/Core/AVR8/../AVR8/Endpoint_AVR8.h **** 			}
 333:../lufa-LUFA-111009/LUFA/Drivers/USB/Core/AVR8/../AVR8/Endpoint_AVR8.h **** 
 334:../lufa-LUFA-111009/LUFA/Drivers/USB/Core/AVR8/../AVR8/Endpoint_AVR8.h **** 			/** Resets the endpoint bank FIFO. This clears all the endpoint banks and resets the USB control
 335:../lufa-LUFA-111009/LUFA/Drivers/USB/Core/AVR8/../AVR8/Endpoint_AVR8.h **** 			 *  data In and Out pointers to the bank's contents.
 336:../lufa-LUFA-111009/LUFA/Drivers/USB/Core/AVR8/../AVR8/Endpoint_AVR8.h **** 			 *
 337:../lufa-LUFA-111009/LUFA/Drivers/USB/Core/AVR8/../AVR8/Endpoint_AVR8.h **** 			 *  \param[in] EndpointNumber Endpoint number whose FIFO buffers are to be reset.
 338:../lufa-LUFA-111009/LUFA/Drivers/USB/Core/AVR8/../AVR8/Endpoint_AVR8.h **** 			 */
 339:../lufa-LUFA-111009/LUFA/Drivers/USB/Core/AVR8/../AVR8/Endpoint_AVR8.h **** 			static inline void Endpoint_ResetEndpoint(const uint8_t EndpointNumber) ATTR_ALWAYS_INLINE;
 340:../lufa-LUFA-111009/LUFA/Drivers/USB/Core/AVR8/../AVR8/Endpoint_AVR8.h **** 			static inline void Endpoint_ResetEndpoint(const uint8_t EndpointNumber)
 341:../lufa-LUFA-111009/LUFA/Drivers/USB/Core/AVR8/../AVR8/Endpoint_AVR8.h **** 			{
 342:../lufa-LUFA-111009/LUFA/Drivers/USB/Core/AVR8/../AVR8/Endpoint_AVR8.h **** 				UERST = (1 << EndpointNumber);
 343:../lufa-LUFA-111009/LUFA/Drivers/USB/Core/AVR8/../AVR8/Endpoint_AVR8.h **** 				UERST = 0;
 344:../lufa-LUFA-111009/LUFA/Drivers/USB/Core/AVR8/../AVR8/Endpoint_AVR8.h **** 			}
 345:../lufa-LUFA-111009/LUFA/Drivers/USB/Core/AVR8/../AVR8/Endpoint_AVR8.h **** 
 346:../lufa-LUFA-111009/LUFA/Drivers/USB/Core/AVR8/../AVR8/Endpoint_AVR8.h **** 			/** Enables the currently selected endpoint so that data can be sent and received through it to
 347:../lufa-LUFA-111009/LUFA/Drivers/USB/Core/AVR8/../AVR8/Endpoint_AVR8.h **** 			 *  and from a host.
 348:../lufa-LUFA-111009/LUFA/Drivers/USB/Core/AVR8/../AVR8/Endpoint_AVR8.h **** 			 *
 349:../lufa-LUFA-111009/LUFA/Drivers/USB/Core/AVR8/../AVR8/Endpoint_AVR8.h **** 			 *  \note Endpoints must first be configured properly via \ref Endpoint_ConfigureEndpoint().
 350:../lufa-LUFA-111009/LUFA/Drivers/USB/Core/AVR8/../AVR8/Endpoint_AVR8.h **** 			 */
 351:../lufa-LUFA-111009/LUFA/Drivers/USB/Core/AVR8/../AVR8/Endpoint_AVR8.h **** 			static inline void Endpoint_EnableEndpoint(void) ATTR_ALWAYS_INLINE;
 352:../lufa-LUFA-111009/LUFA/Drivers/USB/Core/AVR8/../AVR8/Endpoint_AVR8.h **** 			static inline void Endpoint_EnableEndpoint(void)
 353:../lufa-LUFA-111009/LUFA/Drivers/USB/Core/AVR8/../AVR8/Endpoint_AVR8.h **** 			{
 354:../lufa-LUFA-111009/LUFA/Drivers/USB/Core/AVR8/../AVR8/Endpoint_AVR8.h **** 				UECONX |= (1 << EPEN);
 355:../lufa-LUFA-111009/LUFA/Drivers/USB/Core/AVR8/../AVR8/Endpoint_AVR8.h **** 			}
 356:../lufa-LUFA-111009/LUFA/Drivers/USB/Core/AVR8/../AVR8/Endpoint_AVR8.h **** 
 357:../lufa-LUFA-111009/LUFA/Drivers/USB/Core/AVR8/../AVR8/Endpoint_AVR8.h **** 			/** Disables the currently selected endpoint so that data cannot be sent and received through it
 358:../lufa-LUFA-111009/LUFA/Drivers/USB/Core/AVR8/../AVR8/Endpoint_AVR8.h **** 			 *  to and from a host.
 359:../lufa-LUFA-111009/LUFA/Drivers/USB/Core/AVR8/../AVR8/Endpoint_AVR8.h **** 			 */
 360:../lufa-LUFA-111009/LUFA/Drivers/USB/Core/AVR8/../AVR8/Endpoint_AVR8.h **** 			static inline void Endpoint_DisableEndpoint(void) ATTR_ALWAYS_INLINE;
 361:../lufa-LUFA-111009/LUFA/Drivers/USB/Core/AVR8/../AVR8/Endpoint_AVR8.h **** 			static inline void Endpoint_DisableEndpoint(void)
 362:../lufa-LUFA-111009/LUFA/Drivers/USB/Core/AVR8/../AVR8/Endpoint_AVR8.h **** 			{
 363:../lufa-LUFA-111009/LUFA/Drivers/USB/Core/AVR8/../AVR8/Endpoint_AVR8.h **** 				UECONX &= ~(1 << EPEN);
 364:../lufa-LUFA-111009/LUFA/Drivers/USB/Core/AVR8/../AVR8/Endpoint_AVR8.h **** 			}
 365:../lufa-LUFA-111009/LUFA/Drivers/USB/Core/AVR8/../AVR8/Endpoint_AVR8.h **** 
 366:../lufa-LUFA-111009/LUFA/Drivers/USB/Core/AVR8/../AVR8/Endpoint_AVR8.h **** 			/** Determines if the currently selected endpoint is enabled, but not necessarily configured.
 367:../lufa-LUFA-111009/LUFA/Drivers/USB/Core/AVR8/../AVR8/Endpoint_AVR8.h **** 			 *
 368:../lufa-LUFA-111009/LUFA/Drivers/USB/Core/AVR8/../AVR8/Endpoint_AVR8.h **** 			 * \return Boolean \c true if the currently selected endpoint is enabled, \c false otherwise.
 369:../lufa-LUFA-111009/LUFA/Drivers/USB/Core/AVR8/../AVR8/Endpoint_AVR8.h **** 			 */
 370:../lufa-LUFA-111009/LUFA/Drivers/USB/Core/AVR8/../AVR8/Endpoint_AVR8.h **** 			static inline bool Endpoint_IsEnabled(void) ATTR_WARN_UNUSED_RESULT ATTR_ALWAYS_INLINE;
 371:../lufa-LUFA-111009/LUFA/Drivers/USB/Core/AVR8/../AVR8/Endpoint_AVR8.h **** 			static inline bool Endpoint_IsEnabled(void)
 372:../lufa-LUFA-111009/LUFA/Drivers/USB/Core/AVR8/../AVR8/Endpoint_AVR8.h **** 			{
 373:../lufa-LUFA-111009/LUFA/Drivers/USB/Core/AVR8/../AVR8/Endpoint_AVR8.h **** 				return ((UECONX & (1 << EPEN)) ? true : false);
 374:../lufa-LUFA-111009/LUFA/Drivers/USB/Core/AVR8/../AVR8/Endpoint_AVR8.h **** 			}
 375:../lufa-LUFA-111009/LUFA/Drivers/USB/Core/AVR8/../AVR8/Endpoint_AVR8.h **** 
 376:../lufa-LUFA-111009/LUFA/Drivers/USB/Core/AVR8/../AVR8/Endpoint_AVR8.h **** 			/** Retrieves the number of busy banks in the currently selected endpoint, which have been queue
 377:../lufa-LUFA-111009/LUFA/Drivers/USB/Core/AVR8/../AVR8/Endpoint_AVR8.h **** 			 *  transmission via the \ref Endpoint_ClearIN() command, or are awaiting acknowledgement via th
 378:../lufa-LUFA-111009/LUFA/Drivers/USB/Core/AVR8/../AVR8/Endpoint_AVR8.h **** 			 *  \ref Endpoint_ClearOUT() command.
 379:../lufa-LUFA-111009/LUFA/Drivers/USB/Core/AVR8/../AVR8/Endpoint_AVR8.h **** 			 *
 380:../lufa-LUFA-111009/LUFA/Drivers/USB/Core/AVR8/../AVR8/Endpoint_AVR8.h **** 			 *  \ingroup Group_EndpointPacketManagement_AVR8
 381:../lufa-LUFA-111009/LUFA/Drivers/USB/Core/AVR8/../AVR8/Endpoint_AVR8.h **** 			 *
 382:../lufa-LUFA-111009/LUFA/Drivers/USB/Core/AVR8/../AVR8/Endpoint_AVR8.h **** 			 *  \return Total number of busy banks in the selected endpoint.
 383:../lufa-LUFA-111009/LUFA/Drivers/USB/Core/AVR8/../AVR8/Endpoint_AVR8.h **** 			 */
 384:../lufa-LUFA-111009/LUFA/Drivers/USB/Core/AVR8/../AVR8/Endpoint_AVR8.h **** 			static inline uint8_t Endpoint_GetBusyBanks(void) ATTR_ALWAYS_INLINE ATTR_WARN_UNUSED_RESULT;
 385:../lufa-LUFA-111009/LUFA/Drivers/USB/Core/AVR8/../AVR8/Endpoint_AVR8.h **** 			static inline uint8_t Endpoint_GetBusyBanks(void)
 386:../lufa-LUFA-111009/LUFA/Drivers/USB/Core/AVR8/../AVR8/Endpoint_AVR8.h **** 			{
 387:../lufa-LUFA-111009/LUFA/Drivers/USB/Core/AVR8/../AVR8/Endpoint_AVR8.h **** 				return (UESTA0X & (0x03 << NBUSYBK0));
 388:../lufa-LUFA-111009/LUFA/Drivers/USB/Core/AVR8/../AVR8/Endpoint_AVR8.h **** 			}
 389:../lufa-LUFA-111009/LUFA/Drivers/USB/Core/AVR8/../AVR8/Endpoint_AVR8.h **** 
 390:../lufa-LUFA-111009/LUFA/Drivers/USB/Core/AVR8/../AVR8/Endpoint_AVR8.h **** 			/** Aborts all pending IN transactions on the currently selected endpoint, once the bank
 391:../lufa-LUFA-111009/LUFA/Drivers/USB/Core/AVR8/../AVR8/Endpoint_AVR8.h **** 			 *  has been queued for transmission to the host via \ref Endpoint_ClearIN(). This function
 392:../lufa-LUFA-111009/LUFA/Drivers/USB/Core/AVR8/../AVR8/Endpoint_AVR8.h **** 			 *  will terminate all queued transactions, resetting the endpoint banks ready for a new
 393:../lufa-LUFA-111009/LUFA/Drivers/USB/Core/AVR8/../AVR8/Endpoint_AVR8.h **** 			 *  packet.
 394:../lufa-LUFA-111009/LUFA/Drivers/USB/Core/AVR8/../AVR8/Endpoint_AVR8.h **** 			 *
 395:../lufa-LUFA-111009/LUFA/Drivers/USB/Core/AVR8/../AVR8/Endpoint_AVR8.h **** 			 *  \ingroup Group_EndpointPacketManagement_AVR8
 396:../lufa-LUFA-111009/LUFA/Drivers/USB/Core/AVR8/../AVR8/Endpoint_AVR8.h **** 			 */
 397:../lufa-LUFA-111009/LUFA/Drivers/USB/Core/AVR8/../AVR8/Endpoint_AVR8.h **** 			static inline void Endpoint_AbortPendingIN(void)
 398:../lufa-LUFA-111009/LUFA/Drivers/USB/Core/AVR8/../AVR8/Endpoint_AVR8.h **** 			{
 399:../lufa-LUFA-111009/LUFA/Drivers/USB/Core/AVR8/../AVR8/Endpoint_AVR8.h **** 				while (Endpoint_GetBusyBanks() != 0)
 400:../lufa-LUFA-111009/LUFA/Drivers/USB/Core/AVR8/../AVR8/Endpoint_AVR8.h **** 				{
 401:../lufa-LUFA-111009/LUFA/Drivers/USB/Core/AVR8/../AVR8/Endpoint_AVR8.h **** 					UEINTX |= (1 << RXOUTI);
 402:../lufa-LUFA-111009/LUFA/Drivers/USB/Core/AVR8/../AVR8/Endpoint_AVR8.h **** 					while (UEINTX & (1 << RXOUTI));
 403:../lufa-LUFA-111009/LUFA/Drivers/USB/Core/AVR8/../AVR8/Endpoint_AVR8.h **** 				}
 404:../lufa-LUFA-111009/LUFA/Drivers/USB/Core/AVR8/../AVR8/Endpoint_AVR8.h **** 			}
 405:../lufa-LUFA-111009/LUFA/Drivers/USB/Core/AVR8/../AVR8/Endpoint_AVR8.h **** 
 406:../lufa-LUFA-111009/LUFA/Drivers/USB/Core/AVR8/../AVR8/Endpoint_AVR8.h **** 			/** Determines if the currently selected endpoint may be read from (if data is waiting in the en
 407:../lufa-LUFA-111009/LUFA/Drivers/USB/Core/AVR8/../AVR8/Endpoint_AVR8.h **** 			 *  bank and the endpoint is an OUT direction, or if the bank is not yet full if the endpoint is
 408:../lufa-LUFA-111009/LUFA/Drivers/USB/Core/AVR8/../AVR8/Endpoint_AVR8.h **** 			 *  direction). This function will return false if an error has occurred in the endpoint, if the
 409:../lufa-LUFA-111009/LUFA/Drivers/USB/Core/AVR8/../AVR8/Endpoint_AVR8.h **** 			 *  is an OUT direction and no packet (or an empty packet) has been received, or if the endpoint
 410:../lufa-LUFA-111009/LUFA/Drivers/USB/Core/AVR8/../AVR8/Endpoint_AVR8.h **** 			 *  direction and the endpoint bank is full.
 411:../lufa-LUFA-111009/LUFA/Drivers/USB/Core/AVR8/../AVR8/Endpoint_AVR8.h **** 			 *
 412:../lufa-LUFA-111009/LUFA/Drivers/USB/Core/AVR8/../AVR8/Endpoint_AVR8.h **** 			 *  \ingroup Group_EndpointPacketManagement_AVR8
 413:../lufa-LUFA-111009/LUFA/Drivers/USB/Core/AVR8/../AVR8/Endpoint_AVR8.h **** 			 *
 414:../lufa-LUFA-111009/LUFA/Drivers/USB/Core/AVR8/../AVR8/Endpoint_AVR8.h **** 			 *  \return Boolean \c true if the currently selected endpoint may be read from or written to, d
 415:../lufa-LUFA-111009/LUFA/Drivers/USB/Core/AVR8/../AVR8/Endpoint_AVR8.h **** 			 *          on its direction.
 416:../lufa-LUFA-111009/LUFA/Drivers/USB/Core/AVR8/../AVR8/Endpoint_AVR8.h **** 			 */
 417:../lufa-LUFA-111009/LUFA/Drivers/USB/Core/AVR8/../AVR8/Endpoint_AVR8.h **** 			static inline bool Endpoint_IsReadWriteAllowed(void) ATTR_WARN_UNUSED_RESULT ATTR_ALWAYS_INLINE;
 418:../lufa-LUFA-111009/LUFA/Drivers/USB/Core/AVR8/../AVR8/Endpoint_AVR8.h **** 			static inline bool Endpoint_IsReadWriteAllowed(void)
 419:../lufa-LUFA-111009/LUFA/Drivers/USB/Core/AVR8/../AVR8/Endpoint_AVR8.h **** 			{
 420:../lufa-LUFA-111009/LUFA/Drivers/USB/Core/AVR8/../AVR8/Endpoint_AVR8.h **** 				return ((UEINTX & (1 << RWAL)) ? true : false);
  33               		.loc 2 420 0
  34 0006 8091 E800 		lds r24,232
  35               	.LBE88:
  36               	.LBE87:
 436:uBAD_bootloader.c ****     /* Select the OUT endpoint so that the next data byte can be read */
 437:uBAD_bootloader.c ****     Endpoint_SelectEndpoint(CDC_RX_EPNUM);
 438:uBAD_bootloader.c **** 
 439:uBAD_bootloader.c ****     /* If OUT endpoint empty, clear it and wait for the next packet from the host */
 440:uBAD_bootloader.c ****     while (!(Endpoint_IsReadWriteAllowed())) {
  37               		.loc 1 440 0
  38 000a 85FD      		sbrc r24,5
  39 000c 00C0      		rjmp .L11
  40               	.LBB89:
  41               	.LBB90:
 421:../lufa-LUFA-111009/LUFA/Drivers/USB/Core/AVR8/../AVR8/Endpoint_AVR8.h **** 			}
 422:../lufa-LUFA-111009/LUFA/Drivers/USB/Core/AVR8/../AVR8/Endpoint_AVR8.h **** 
 423:../lufa-LUFA-111009/LUFA/Drivers/USB/Core/AVR8/../AVR8/Endpoint_AVR8.h **** 			/** Determines if the currently selected endpoint is configured.
 424:../lufa-LUFA-111009/LUFA/Drivers/USB/Core/AVR8/../AVR8/Endpoint_AVR8.h **** 			 *
 425:../lufa-LUFA-111009/LUFA/Drivers/USB/Core/AVR8/../AVR8/Endpoint_AVR8.h **** 			 *  \return Boolean \c true if the currently selected endpoint has been configured, \c false oth
 426:../lufa-LUFA-111009/LUFA/Drivers/USB/Core/AVR8/../AVR8/Endpoint_AVR8.h **** 			 */
 427:../lufa-LUFA-111009/LUFA/Drivers/USB/Core/AVR8/../AVR8/Endpoint_AVR8.h **** 			static inline bool Endpoint_IsConfigured(void) ATTR_WARN_UNUSED_RESULT ATTR_ALWAYS_INLINE;
 428:../lufa-LUFA-111009/LUFA/Drivers/USB/Core/AVR8/../AVR8/Endpoint_AVR8.h **** 			static inline bool Endpoint_IsConfigured(void)
 429:../lufa-LUFA-111009/LUFA/Drivers/USB/Core/AVR8/../AVR8/Endpoint_AVR8.h **** 			{
 430:../lufa-LUFA-111009/LUFA/Drivers/USB/Core/AVR8/../AVR8/Endpoint_AVR8.h **** 				return ((UESTA0X & (1 << CFGOK)) ? true : false);
 431:../lufa-LUFA-111009/LUFA/Drivers/USB/Core/AVR8/../AVR8/Endpoint_AVR8.h **** 			}
 432:../lufa-LUFA-111009/LUFA/Drivers/USB/Core/AVR8/../AVR8/Endpoint_AVR8.h **** 
 433:../lufa-LUFA-111009/LUFA/Drivers/USB/Core/AVR8/../AVR8/Endpoint_AVR8.h **** 			/** Returns a mask indicating which INTERRUPT type endpoints have interrupted - i.e. their
 434:../lufa-LUFA-111009/LUFA/Drivers/USB/Core/AVR8/../AVR8/Endpoint_AVR8.h **** 			 *  interrupt duration has elapsed. Which endpoints have interrupted can be determined by
 435:../lufa-LUFA-111009/LUFA/Drivers/USB/Core/AVR8/../AVR8/Endpoint_AVR8.h **** 			 *  masking the return value against <tt>(1 << <i>{Endpoint Number}</i>)</tt>.
 436:../lufa-LUFA-111009/LUFA/Drivers/USB/Core/AVR8/../AVR8/Endpoint_AVR8.h **** 			 *
 437:../lufa-LUFA-111009/LUFA/Drivers/USB/Core/AVR8/../AVR8/Endpoint_AVR8.h **** 			 *  \return Mask whose bits indicate which endpoints have interrupted.
 438:../lufa-LUFA-111009/LUFA/Drivers/USB/Core/AVR8/../AVR8/Endpoint_AVR8.h **** 			 */
 439:../lufa-LUFA-111009/LUFA/Drivers/USB/Core/AVR8/../AVR8/Endpoint_AVR8.h **** 			static inline uint8_t Endpoint_GetEndpointInterrupts(void) ATTR_WARN_UNUSED_RESULT ATTR_ALWAYS_I
 440:../lufa-LUFA-111009/LUFA/Drivers/USB/Core/AVR8/../AVR8/Endpoint_AVR8.h **** 			static inline uint8_t Endpoint_GetEndpointInterrupts(void)
 441:../lufa-LUFA-111009/LUFA/Drivers/USB/Core/AVR8/../AVR8/Endpoint_AVR8.h **** 			{
 442:../lufa-LUFA-111009/LUFA/Drivers/USB/Core/AVR8/../AVR8/Endpoint_AVR8.h **** 				return UEINT;
 443:../lufa-LUFA-111009/LUFA/Drivers/USB/Core/AVR8/../AVR8/Endpoint_AVR8.h **** 			}
 444:../lufa-LUFA-111009/LUFA/Drivers/USB/Core/AVR8/../AVR8/Endpoint_AVR8.h **** 
 445:../lufa-LUFA-111009/LUFA/Drivers/USB/Core/AVR8/../AVR8/Endpoint_AVR8.h **** 			/** Determines if the specified endpoint number has interrupted (valid only for INTERRUPT type
 446:../lufa-LUFA-111009/LUFA/Drivers/USB/Core/AVR8/../AVR8/Endpoint_AVR8.h **** 			 *  endpoints).
 447:../lufa-LUFA-111009/LUFA/Drivers/USB/Core/AVR8/../AVR8/Endpoint_AVR8.h **** 			 *
 448:../lufa-LUFA-111009/LUFA/Drivers/USB/Core/AVR8/../AVR8/Endpoint_AVR8.h **** 			 *  \param[in] EndpointNumber  Index of the endpoint whose interrupt flag should be tested.
 449:../lufa-LUFA-111009/LUFA/Drivers/USB/Core/AVR8/../AVR8/Endpoint_AVR8.h **** 			 *
 450:../lufa-LUFA-111009/LUFA/Drivers/USB/Core/AVR8/../AVR8/Endpoint_AVR8.h **** 			 *  \return Boolean \c true if the specified endpoint has interrupted, \c false otherwise.
 451:../lufa-LUFA-111009/LUFA/Drivers/USB/Core/AVR8/../AVR8/Endpoint_AVR8.h **** 			 */
 452:../lufa-LUFA-111009/LUFA/Drivers/USB/Core/AVR8/../AVR8/Endpoint_AVR8.h **** 			static inline bool Endpoint_HasEndpointInterrupted(const uint8_t EndpointNumber) ATTR_WARN_UNUSE
 453:../lufa-LUFA-111009/LUFA/Drivers/USB/Core/AVR8/../AVR8/Endpoint_AVR8.h **** 			static inline bool Endpoint_HasEndpointInterrupted(const uint8_t EndpointNumber)
 454:../lufa-LUFA-111009/LUFA/Drivers/USB/Core/AVR8/../AVR8/Endpoint_AVR8.h **** 			{
 455:../lufa-LUFA-111009/LUFA/Drivers/USB/Core/AVR8/../AVR8/Endpoint_AVR8.h **** 				return ((Endpoint_GetEndpointInterrupts() & (1 << EndpointNumber)) ? true : false);
 456:../lufa-LUFA-111009/LUFA/Drivers/USB/Core/AVR8/../AVR8/Endpoint_AVR8.h **** 			}
 457:../lufa-LUFA-111009/LUFA/Drivers/USB/Core/AVR8/../AVR8/Endpoint_AVR8.h **** 
 458:../lufa-LUFA-111009/LUFA/Drivers/USB/Core/AVR8/../AVR8/Endpoint_AVR8.h **** 			/** Determines if the selected IN endpoint is ready for a new packet to be sent to the host.
 459:../lufa-LUFA-111009/LUFA/Drivers/USB/Core/AVR8/../AVR8/Endpoint_AVR8.h **** 			 *
 460:../lufa-LUFA-111009/LUFA/Drivers/USB/Core/AVR8/../AVR8/Endpoint_AVR8.h **** 			 *  \ingroup Group_EndpointPacketManagement_AVR8
 461:../lufa-LUFA-111009/LUFA/Drivers/USB/Core/AVR8/../AVR8/Endpoint_AVR8.h **** 			 *
 462:../lufa-LUFA-111009/LUFA/Drivers/USB/Core/AVR8/../AVR8/Endpoint_AVR8.h **** 			 *  \return Boolean \c true if the current endpoint is ready for an IN packet, \c false otherwis
 463:../lufa-LUFA-111009/LUFA/Drivers/USB/Core/AVR8/../AVR8/Endpoint_AVR8.h **** 			 */
 464:../lufa-LUFA-111009/LUFA/Drivers/USB/Core/AVR8/../AVR8/Endpoint_AVR8.h **** 			static inline bool Endpoint_IsINReady(void) ATTR_WARN_UNUSED_RESULT ATTR_ALWAYS_INLINE;
 465:../lufa-LUFA-111009/LUFA/Drivers/USB/Core/AVR8/../AVR8/Endpoint_AVR8.h **** 			static inline bool Endpoint_IsINReady(void)
 466:../lufa-LUFA-111009/LUFA/Drivers/USB/Core/AVR8/../AVR8/Endpoint_AVR8.h **** 			{
 467:../lufa-LUFA-111009/LUFA/Drivers/USB/Core/AVR8/../AVR8/Endpoint_AVR8.h **** 				return ((UEINTX & (1 << TXINI)) ? true : false);
 468:../lufa-LUFA-111009/LUFA/Drivers/USB/Core/AVR8/../AVR8/Endpoint_AVR8.h **** 			}
 469:../lufa-LUFA-111009/LUFA/Drivers/USB/Core/AVR8/../AVR8/Endpoint_AVR8.h **** 
 470:../lufa-LUFA-111009/LUFA/Drivers/USB/Core/AVR8/../AVR8/Endpoint_AVR8.h **** 			/** Determines if the selected OUT endpoint has received new packet from the host.
 471:../lufa-LUFA-111009/LUFA/Drivers/USB/Core/AVR8/../AVR8/Endpoint_AVR8.h **** 			 *
 472:../lufa-LUFA-111009/LUFA/Drivers/USB/Core/AVR8/../AVR8/Endpoint_AVR8.h **** 			 *  \ingroup Group_EndpointPacketManagement_AVR8
 473:../lufa-LUFA-111009/LUFA/Drivers/USB/Core/AVR8/../AVR8/Endpoint_AVR8.h **** 			 *
 474:../lufa-LUFA-111009/LUFA/Drivers/USB/Core/AVR8/../AVR8/Endpoint_AVR8.h **** 			 *  \return Boolean \c true if current endpoint is has received an OUT packet, \c false otherwis
 475:../lufa-LUFA-111009/LUFA/Drivers/USB/Core/AVR8/../AVR8/Endpoint_AVR8.h **** 			 */
 476:../lufa-LUFA-111009/LUFA/Drivers/USB/Core/AVR8/../AVR8/Endpoint_AVR8.h **** 			static inline bool Endpoint_IsOUTReceived(void) ATTR_WARN_UNUSED_RESULT ATTR_ALWAYS_INLINE;
 477:../lufa-LUFA-111009/LUFA/Drivers/USB/Core/AVR8/../AVR8/Endpoint_AVR8.h **** 			static inline bool Endpoint_IsOUTReceived(void)
 478:../lufa-LUFA-111009/LUFA/Drivers/USB/Core/AVR8/../AVR8/Endpoint_AVR8.h **** 			{
 479:../lufa-LUFA-111009/LUFA/Drivers/USB/Core/AVR8/../AVR8/Endpoint_AVR8.h **** 				return ((UEINTX & (1 << RXOUTI)) ? true : false);
 480:../lufa-LUFA-111009/LUFA/Drivers/USB/Core/AVR8/../AVR8/Endpoint_AVR8.h **** 			}
 481:../lufa-LUFA-111009/LUFA/Drivers/USB/Core/AVR8/../AVR8/Endpoint_AVR8.h **** 
 482:../lufa-LUFA-111009/LUFA/Drivers/USB/Core/AVR8/../AVR8/Endpoint_AVR8.h **** 			/** Determines if the current CONTROL type endpoint has received a SETUP packet.
 483:../lufa-LUFA-111009/LUFA/Drivers/USB/Core/AVR8/../AVR8/Endpoint_AVR8.h **** 			 *
 484:../lufa-LUFA-111009/LUFA/Drivers/USB/Core/AVR8/../AVR8/Endpoint_AVR8.h **** 			 *  \ingroup Group_EndpointPacketManagement_AVR8
 485:../lufa-LUFA-111009/LUFA/Drivers/USB/Core/AVR8/../AVR8/Endpoint_AVR8.h **** 			 *
 486:../lufa-LUFA-111009/LUFA/Drivers/USB/Core/AVR8/../AVR8/Endpoint_AVR8.h **** 			 *  \return Boolean \c true if the selected endpoint has received a SETUP packet, \c false other
 487:../lufa-LUFA-111009/LUFA/Drivers/USB/Core/AVR8/../AVR8/Endpoint_AVR8.h **** 			 */
 488:../lufa-LUFA-111009/LUFA/Drivers/USB/Core/AVR8/../AVR8/Endpoint_AVR8.h **** 			static inline bool Endpoint_IsSETUPReceived(void) ATTR_WARN_UNUSED_RESULT ATTR_ALWAYS_INLINE;
 489:../lufa-LUFA-111009/LUFA/Drivers/USB/Core/AVR8/../AVR8/Endpoint_AVR8.h **** 			static inline bool Endpoint_IsSETUPReceived(void)
 490:../lufa-LUFA-111009/LUFA/Drivers/USB/Core/AVR8/../AVR8/Endpoint_AVR8.h **** 			{
 491:../lufa-LUFA-111009/LUFA/Drivers/USB/Core/AVR8/../AVR8/Endpoint_AVR8.h **** 				return ((UEINTX & (1 << RXSTPI)) ? true : false);
 492:../lufa-LUFA-111009/LUFA/Drivers/USB/Core/AVR8/../AVR8/Endpoint_AVR8.h **** 			}
 493:../lufa-LUFA-111009/LUFA/Drivers/USB/Core/AVR8/../AVR8/Endpoint_AVR8.h **** 
 494:../lufa-LUFA-111009/LUFA/Drivers/USB/Core/AVR8/../AVR8/Endpoint_AVR8.h **** 			/** Clears a received SETUP packet on the currently selected CONTROL type endpoint, freeing up t
 495:../lufa-LUFA-111009/LUFA/Drivers/USB/Core/AVR8/../AVR8/Endpoint_AVR8.h **** 			 *  endpoint for the next packet.
 496:../lufa-LUFA-111009/LUFA/Drivers/USB/Core/AVR8/../AVR8/Endpoint_AVR8.h **** 			 *
 497:../lufa-LUFA-111009/LUFA/Drivers/USB/Core/AVR8/../AVR8/Endpoint_AVR8.h **** 			 *  \ingroup Group_EndpointPacketManagement_AVR8
 498:../lufa-LUFA-111009/LUFA/Drivers/USB/Core/AVR8/../AVR8/Endpoint_AVR8.h **** 			 *
 499:../lufa-LUFA-111009/LUFA/Drivers/USB/Core/AVR8/../AVR8/Endpoint_AVR8.h **** 			 *  \note This is not applicable for non CONTROL type endpoints.
 500:../lufa-LUFA-111009/LUFA/Drivers/USB/Core/AVR8/../AVR8/Endpoint_AVR8.h **** 			 */
 501:../lufa-LUFA-111009/LUFA/Drivers/USB/Core/AVR8/../AVR8/Endpoint_AVR8.h **** 			static inline void Endpoint_ClearSETUP(void) ATTR_ALWAYS_INLINE;
 502:../lufa-LUFA-111009/LUFA/Drivers/USB/Core/AVR8/../AVR8/Endpoint_AVR8.h **** 			static inline void Endpoint_ClearSETUP(void)
 503:../lufa-LUFA-111009/LUFA/Drivers/USB/Core/AVR8/../AVR8/Endpoint_AVR8.h **** 			{
 504:../lufa-LUFA-111009/LUFA/Drivers/USB/Core/AVR8/../AVR8/Endpoint_AVR8.h **** 				UEINTX &= ~(1 << RXSTPI);
 505:../lufa-LUFA-111009/LUFA/Drivers/USB/Core/AVR8/../AVR8/Endpoint_AVR8.h **** 			}
 506:../lufa-LUFA-111009/LUFA/Drivers/USB/Core/AVR8/../AVR8/Endpoint_AVR8.h **** 
 507:../lufa-LUFA-111009/LUFA/Drivers/USB/Core/AVR8/../AVR8/Endpoint_AVR8.h **** 			/** Sends an IN packet to the host on the currently selected endpoint, freeing up the endpoint f
 508:../lufa-LUFA-111009/LUFA/Drivers/USB/Core/AVR8/../AVR8/Endpoint_AVR8.h **** 			 *  next packet and switching to the alternative endpoint bank if double banked.
 509:../lufa-LUFA-111009/LUFA/Drivers/USB/Core/AVR8/../AVR8/Endpoint_AVR8.h **** 			 *
 510:../lufa-LUFA-111009/LUFA/Drivers/USB/Core/AVR8/../AVR8/Endpoint_AVR8.h **** 			 *  \ingroup Group_EndpointPacketManagement_AVR8
 511:../lufa-LUFA-111009/LUFA/Drivers/USB/Core/AVR8/../AVR8/Endpoint_AVR8.h **** 			 */
 512:../lufa-LUFA-111009/LUFA/Drivers/USB/Core/AVR8/../AVR8/Endpoint_AVR8.h **** 			static inline void Endpoint_ClearIN(void) ATTR_ALWAYS_INLINE;
 513:../lufa-LUFA-111009/LUFA/Drivers/USB/Core/AVR8/../AVR8/Endpoint_AVR8.h **** 			static inline void Endpoint_ClearIN(void)
 514:../lufa-LUFA-111009/LUFA/Drivers/USB/Core/AVR8/../AVR8/Endpoint_AVR8.h **** 			{
 515:../lufa-LUFA-111009/LUFA/Drivers/USB/Core/AVR8/../AVR8/Endpoint_AVR8.h **** 				#if !defined(CONTROL_ONLY_DEVICE)
 516:../lufa-LUFA-111009/LUFA/Drivers/USB/Core/AVR8/../AVR8/Endpoint_AVR8.h **** 					UEINTX &= ~((1 << TXINI) | (1 << FIFOCON));
 517:../lufa-LUFA-111009/LUFA/Drivers/USB/Core/AVR8/../AVR8/Endpoint_AVR8.h **** 				#else
 518:../lufa-LUFA-111009/LUFA/Drivers/USB/Core/AVR8/../AVR8/Endpoint_AVR8.h **** 					UEINTX &= ~(1 << TXINI);
 519:../lufa-LUFA-111009/LUFA/Drivers/USB/Core/AVR8/../AVR8/Endpoint_AVR8.h **** 				#endif
 520:../lufa-LUFA-111009/LUFA/Drivers/USB/Core/AVR8/../AVR8/Endpoint_AVR8.h **** 			}
 521:../lufa-LUFA-111009/LUFA/Drivers/USB/Core/AVR8/../AVR8/Endpoint_AVR8.h **** 
 522:../lufa-LUFA-111009/LUFA/Drivers/USB/Core/AVR8/../AVR8/Endpoint_AVR8.h **** 			/** Acknowledges an OUT packet to the host on the currently selected endpoint, freeing up the en
 523:../lufa-LUFA-111009/LUFA/Drivers/USB/Core/AVR8/../AVR8/Endpoint_AVR8.h **** 			 *  for the next packet and switching to the alternative endpoint bank if double banked.
 524:../lufa-LUFA-111009/LUFA/Drivers/USB/Core/AVR8/../AVR8/Endpoint_AVR8.h **** 			 *
 525:../lufa-LUFA-111009/LUFA/Drivers/USB/Core/AVR8/../AVR8/Endpoint_AVR8.h **** 			 *  \ingroup Group_EndpointPacketManagement_AVR8
 526:../lufa-LUFA-111009/LUFA/Drivers/USB/Core/AVR8/../AVR8/Endpoint_AVR8.h **** 			 */
 527:../lufa-LUFA-111009/LUFA/Drivers/USB/Core/AVR8/../AVR8/Endpoint_AVR8.h **** 			static inline void Endpoint_ClearOUT(void) ATTR_ALWAYS_INLINE;
 528:../lufa-LUFA-111009/LUFA/Drivers/USB/Core/AVR8/../AVR8/Endpoint_AVR8.h **** 			static inline void Endpoint_ClearOUT(void)
 529:../lufa-LUFA-111009/LUFA/Drivers/USB/Core/AVR8/../AVR8/Endpoint_AVR8.h **** 			{
 530:../lufa-LUFA-111009/LUFA/Drivers/USB/Core/AVR8/../AVR8/Endpoint_AVR8.h **** 				#if !defined(CONTROL_ONLY_DEVICE)
 531:../lufa-LUFA-111009/LUFA/Drivers/USB/Core/AVR8/../AVR8/Endpoint_AVR8.h **** 					UEINTX &= ~((1 << RXOUTI) | (1 << FIFOCON));
  42               		.loc 2 531 0
  43 000e 8091 E800 		lds r24,232
  44 0012 8B77      		andi r24,lo8(123)
  45 0014 8093 E800 		sts 232,r24
  46               	.L3:
  47               	.LBE90:
  48               	.LBE89:
  49               	.LBB91:
  50               	.LBB92:
 479:../lufa-LUFA-111009/LUFA/Drivers/USB/Core/AVR8/../AVR8/Endpoint_AVR8.h **** 			}
  51               		.loc 2 479 0
  52 0018 8091 E800 		lds r24,232
  53               	.LBE92:
  54               	.LBE91:
 441:uBAD_bootloader.c ****         Endpoint_ClearOUT();
 442:uBAD_bootloader.c **** 
 443:uBAD_bootloader.c ****         while (!(Endpoint_IsOUTReceived())) {
  55               		.loc 1 443 0
  56 001c 82FD      		sbrc r24,2
  57 001e 00C0      		rjmp .L2
 444:uBAD_bootloader.c ****             if (USB_DeviceState == DEVICE_STATE_Unattached) return 0;
  58               		.loc 1 444 0
  59 0020 8EB3      		in r24,0x1e
  60 0022 8111      		cpse r24,__zero_reg__
  61 0024 00C0      		rjmp .L3
  62 0026 00C0      		rjmp .L4
  63               	.L11:
  64               	.LBB93:
  65               	.LBB94:
 532:../lufa-LUFA-111009/LUFA/Drivers/USB/Core/AVR8/../AVR8/Endpoint_AVR8.h **** 				#else
 533:../lufa-LUFA-111009/LUFA/Drivers/USB/Core/AVR8/../AVR8/Endpoint_AVR8.h **** 					UEINTX &= ~(1 << RXOUTI);
 534:../lufa-LUFA-111009/LUFA/Drivers/USB/Core/AVR8/../AVR8/Endpoint_AVR8.h **** 				#endif
 535:../lufa-LUFA-111009/LUFA/Drivers/USB/Core/AVR8/../AVR8/Endpoint_AVR8.h **** 			}
 536:../lufa-LUFA-111009/LUFA/Drivers/USB/Core/AVR8/../AVR8/Endpoint_AVR8.h **** 
 537:../lufa-LUFA-111009/LUFA/Drivers/USB/Core/AVR8/../AVR8/Endpoint_AVR8.h **** 			/** Stalls the current endpoint, indicating to the host that a logical problem occurred with the
 538:../lufa-LUFA-111009/LUFA/Drivers/USB/Core/AVR8/../AVR8/Endpoint_AVR8.h **** 			 *  indicated endpoint and that the current transfer sequence should be aborted. This provides a
 539:../lufa-LUFA-111009/LUFA/Drivers/USB/Core/AVR8/../AVR8/Endpoint_AVR8.h **** 			 *  way for devices to indicate invalid commands to the host so that the current transfer can be
 540:../lufa-LUFA-111009/LUFA/Drivers/USB/Core/AVR8/../AVR8/Endpoint_AVR8.h **** 			 *  aborted and the host can begin its own recovery sequence.
 541:../lufa-LUFA-111009/LUFA/Drivers/USB/Core/AVR8/../AVR8/Endpoint_AVR8.h **** 			 *
 542:../lufa-LUFA-111009/LUFA/Drivers/USB/Core/AVR8/../AVR8/Endpoint_AVR8.h **** 			 *  The currently selected endpoint remains stalled until either the \ref Endpoint_ClearStall() 
 543:../lufa-LUFA-111009/LUFA/Drivers/USB/Core/AVR8/../AVR8/Endpoint_AVR8.h **** 			 *  is called, or the host issues a CLEAR FEATURE request to the device for the currently select
 544:../lufa-LUFA-111009/LUFA/Drivers/USB/Core/AVR8/../AVR8/Endpoint_AVR8.h **** 			 *  endpoint.
 545:../lufa-LUFA-111009/LUFA/Drivers/USB/Core/AVR8/../AVR8/Endpoint_AVR8.h **** 			 *
 546:../lufa-LUFA-111009/LUFA/Drivers/USB/Core/AVR8/../AVR8/Endpoint_AVR8.h **** 			 *  \ingroup Group_EndpointPacketManagement_AVR8
 547:../lufa-LUFA-111009/LUFA/Drivers/USB/Core/AVR8/../AVR8/Endpoint_AVR8.h **** 			 */
 548:../lufa-LUFA-111009/LUFA/Drivers/USB/Core/AVR8/../AVR8/Endpoint_AVR8.h **** 			static inline void Endpoint_StallTransaction(void) ATTR_ALWAYS_INLINE;
 549:../lufa-LUFA-111009/LUFA/Drivers/USB/Core/AVR8/../AVR8/Endpoint_AVR8.h **** 			static inline void Endpoint_StallTransaction(void)
 550:../lufa-LUFA-111009/LUFA/Drivers/USB/Core/AVR8/../AVR8/Endpoint_AVR8.h **** 			{
 551:../lufa-LUFA-111009/LUFA/Drivers/USB/Core/AVR8/../AVR8/Endpoint_AVR8.h **** 				UECONX |= (1 << STALLRQ);
 552:../lufa-LUFA-111009/LUFA/Drivers/USB/Core/AVR8/../AVR8/Endpoint_AVR8.h **** 			}
 553:../lufa-LUFA-111009/LUFA/Drivers/USB/Core/AVR8/../AVR8/Endpoint_AVR8.h **** 
 554:../lufa-LUFA-111009/LUFA/Drivers/USB/Core/AVR8/../AVR8/Endpoint_AVR8.h **** 			/** Clears the STALL condition on the currently selected endpoint.
 555:../lufa-LUFA-111009/LUFA/Drivers/USB/Core/AVR8/../AVR8/Endpoint_AVR8.h **** 			 *
 556:../lufa-LUFA-111009/LUFA/Drivers/USB/Core/AVR8/../AVR8/Endpoint_AVR8.h **** 			 *  \ingroup Group_EndpointPacketManagement_AVR8
 557:../lufa-LUFA-111009/LUFA/Drivers/USB/Core/AVR8/../AVR8/Endpoint_AVR8.h **** 			 */
 558:../lufa-LUFA-111009/LUFA/Drivers/USB/Core/AVR8/../AVR8/Endpoint_AVR8.h **** 			static inline void Endpoint_ClearStall(void) ATTR_ALWAYS_INLINE;
 559:../lufa-LUFA-111009/LUFA/Drivers/USB/Core/AVR8/../AVR8/Endpoint_AVR8.h **** 			static inline void Endpoint_ClearStall(void)
 560:../lufa-LUFA-111009/LUFA/Drivers/USB/Core/AVR8/../AVR8/Endpoint_AVR8.h **** 			{
 561:../lufa-LUFA-111009/LUFA/Drivers/USB/Core/AVR8/../AVR8/Endpoint_AVR8.h **** 				UECONX |= (1 << STALLRQC);
 562:../lufa-LUFA-111009/LUFA/Drivers/USB/Core/AVR8/../AVR8/Endpoint_AVR8.h **** 			}
 563:../lufa-LUFA-111009/LUFA/Drivers/USB/Core/AVR8/../AVR8/Endpoint_AVR8.h **** 
 564:../lufa-LUFA-111009/LUFA/Drivers/USB/Core/AVR8/../AVR8/Endpoint_AVR8.h **** 			/** Determines if the currently selected endpoint is stalled, false otherwise.
 565:../lufa-LUFA-111009/LUFA/Drivers/USB/Core/AVR8/../AVR8/Endpoint_AVR8.h **** 			 *
 566:../lufa-LUFA-111009/LUFA/Drivers/USB/Core/AVR8/../AVR8/Endpoint_AVR8.h **** 			 *  \ingroup Group_EndpointPacketManagement_AVR8
 567:../lufa-LUFA-111009/LUFA/Drivers/USB/Core/AVR8/../AVR8/Endpoint_AVR8.h **** 			 *
 568:../lufa-LUFA-111009/LUFA/Drivers/USB/Core/AVR8/../AVR8/Endpoint_AVR8.h **** 			 *  \return Boolean \c true if the currently selected endpoint is stalled, \c false otherwise.
 569:../lufa-LUFA-111009/LUFA/Drivers/USB/Core/AVR8/../AVR8/Endpoint_AVR8.h **** 			 */
 570:../lufa-LUFA-111009/LUFA/Drivers/USB/Core/AVR8/../AVR8/Endpoint_AVR8.h **** 			static inline bool Endpoint_IsStalled(void) ATTR_WARN_UNUSED_RESULT ATTR_ALWAYS_INLINE;
 571:../lufa-LUFA-111009/LUFA/Drivers/USB/Core/AVR8/../AVR8/Endpoint_AVR8.h **** 			static inline bool Endpoint_IsStalled(void)
 572:../lufa-LUFA-111009/LUFA/Drivers/USB/Core/AVR8/../AVR8/Endpoint_AVR8.h **** 			{
 573:../lufa-LUFA-111009/LUFA/Drivers/USB/Core/AVR8/../AVR8/Endpoint_AVR8.h **** 				return ((UECONX & (1 << STALLRQ)) ? true : false);
 574:../lufa-LUFA-111009/LUFA/Drivers/USB/Core/AVR8/../AVR8/Endpoint_AVR8.h **** 			}
 575:../lufa-LUFA-111009/LUFA/Drivers/USB/Core/AVR8/../AVR8/Endpoint_AVR8.h **** 
 576:../lufa-LUFA-111009/LUFA/Drivers/USB/Core/AVR8/../AVR8/Endpoint_AVR8.h **** 			/** Resets the data toggle of the currently selected endpoint. */
 577:../lufa-LUFA-111009/LUFA/Drivers/USB/Core/AVR8/../AVR8/Endpoint_AVR8.h **** 			static inline void Endpoint_ResetDataToggle(void) ATTR_ALWAYS_INLINE;
 578:../lufa-LUFA-111009/LUFA/Drivers/USB/Core/AVR8/../AVR8/Endpoint_AVR8.h **** 			static inline void Endpoint_ResetDataToggle(void)
 579:../lufa-LUFA-111009/LUFA/Drivers/USB/Core/AVR8/../AVR8/Endpoint_AVR8.h **** 			{
 580:../lufa-LUFA-111009/LUFA/Drivers/USB/Core/AVR8/../AVR8/Endpoint_AVR8.h **** 				UECONX |= (1 << RSTDT);
 581:../lufa-LUFA-111009/LUFA/Drivers/USB/Core/AVR8/../AVR8/Endpoint_AVR8.h **** 			}
 582:../lufa-LUFA-111009/LUFA/Drivers/USB/Core/AVR8/../AVR8/Endpoint_AVR8.h **** 
 583:../lufa-LUFA-111009/LUFA/Drivers/USB/Core/AVR8/../AVR8/Endpoint_AVR8.h **** 			/** Determines the currently selected endpoint's direction.
 584:../lufa-LUFA-111009/LUFA/Drivers/USB/Core/AVR8/../AVR8/Endpoint_AVR8.h **** 			 *
 585:../lufa-LUFA-111009/LUFA/Drivers/USB/Core/AVR8/../AVR8/Endpoint_AVR8.h **** 			 *  \return The currently selected endpoint's direction, as a \c ENDPOINT_DIR_* mask.
 586:../lufa-LUFA-111009/LUFA/Drivers/USB/Core/AVR8/../AVR8/Endpoint_AVR8.h **** 			 */
 587:../lufa-LUFA-111009/LUFA/Drivers/USB/Core/AVR8/../AVR8/Endpoint_AVR8.h **** 			static inline uint8_t Endpoint_GetEndpointDirection(void) ATTR_WARN_UNUSED_RESULT ATTR_ALWAYS_IN
 588:../lufa-LUFA-111009/LUFA/Drivers/USB/Core/AVR8/../AVR8/Endpoint_AVR8.h **** 			static inline uint8_t Endpoint_GetEndpointDirection(void)
 589:../lufa-LUFA-111009/LUFA/Drivers/USB/Core/AVR8/../AVR8/Endpoint_AVR8.h **** 			{
 590:../lufa-LUFA-111009/LUFA/Drivers/USB/Core/AVR8/../AVR8/Endpoint_AVR8.h **** 				return (UECFG0X & (1 << EPDIR)) ? ENDPOINT_DIR_IN : ENDPOINT_DIR_OUT;
 591:../lufa-LUFA-111009/LUFA/Drivers/USB/Core/AVR8/../AVR8/Endpoint_AVR8.h **** 			}
 592:../lufa-LUFA-111009/LUFA/Drivers/USB/Core/AVR8/../AVR8/Endpoint_AVR8.h **** 
 593:../lufa-LUFA-111009/LUFA/Drivers/USB/Core/AVR8/../AVR8/Endpoint_AVR8.h **** 			/** Sets the direction of the currently selected endpoint.
 594:../lufa-LUFA-111009/LUFA/Drivers/USB/Core/AVR8/../AVR8/Endpoint_AVR8.h **** 			 *
 595:../lufa-LUFA-111009/LUFA/Drivers/USB/Core/AVR8/../AVR8/Endpoint_AVR8.h **** 			 *  \param[in] DirectionMask  New endpoint direction, as a \c ENDPOINT_DIR_* mask.
 596:../lufa-LUFA-111009/LUFA/Drivers/USB/Core/AVR8/../AVR8/Endpoint_AVR8.h **** 			 */
 597:../lufa-LUFA-111009/LUFA/Drivers/USB/Core/AVR8/../AVR8/Endpoint_AVR8.h **** 			static inline void Endpoint_SetEndpointDirection(const uint8_t DirectionMask) ATTR_ALWAYS_INLINE
 598:../lufa-LUFA-111009/LUFA/Drivers/USB/Core/AVR8/../AVR8/Endpoint_AVR8.h **** 			static inline void Endpoint_SetEndpointDirection(const uint8_t DirectionMask)
 599:../lufa-LUFA-111009/LUFA/Drivers/USB/Core/AVR8/../AVR8/Endpoint_AVR8.h **** 			{
 600:../lufa-LUFA-111009/LUFA/Drivers/USB/Core/AVR8/../AVR8/Endpoint_AVR8.h **** 				UECFG0X = ((UECFG0X & ~(1 << EPDIR)) | (DirectionMask ? (1 << EPDIR) : 0));
 601:../lufa-LUFA-111009/LUFA/Drivers/USB/Core/AVR8/../AVR8/Endpoint_AVR8.h **** 			}
 602:../lufa-LUFA-111009/LUFA/Drivers/USB/Core/AVR8/../AVR8/Endpoint_AVR8.h **** 
 603:../lufa-LUFA-111009/LUFA/Drivers/USB/Core/AVR8/../AVR8/Endpoint_AVR8.h **** 			/** Reads one byte from the currently selected endpoint's bank, for OUT direction endpoints.
 604:../lufa-LUFA-111009/LUFA/Drivers/USB/Core/AVR8/../AVR8/Endpoint_AVR8.h **** 			 *
 605:../lufa-LUFA-111009/LUFA/Drivers/USB/Core/AVR8/../AVR8/Endpoint_AVR8.h **** 			 *  \ingroup Group_EndpointPrimitiveRW_AVR8
 606:../lufa-LUFA-111009/LUFA/Drivers/USB/Core/AVR8/../AVR8/Endpoint_AVR8.h **** 			 *
 607:../lufa-LUFA-111009/LUFA/Drivers/USB/Core/AVR8/../AVR8/Endpoint_AVR8.h **** 			 *  \return Next byte in the currently selected endpoint's FIFO buffer.
 608:../lufa-LUFA-111009/LUFA/Drivers/USB/Core/AVR8/../AVR8/Endpoint_AVR8.h **** 			 */
 609:../lufa-LUFA-111009/LUFA/Drivers/USB/Core/AVR8/../AVR8/Endpoint_AVR8.h **** 			static inline uint8_t Endpoint_Read_8(void) ATTR_WARN_UNUSED_RESULT ATTR_ALWAYS_INLINE;
 610:../lufa-LUFA-111009/LUFA/Drivers/USB/Core/AVR8/../AVR8/Endpoint_AVR8.h **** 			static inline uint8_t Endpoint_Read_8(void)
 611:../lufa-LUFA-111009/LUFA/Drivers/USB/Core/AVR8/../AVR8/Endpoint_AVR8.h **** 			{
 612:../lufa-LUFA-111009/LUFA/Drivers/USB/Core/AVR8/../AVR8/Endpoint_AVR8.h **** 				return UEDATX;
  66               		.loc 2 612 0
  67 0028 8091 F100 		lds r24,241
  68               	.L4:
  69               	.LBE94:
  70               	.LBE93:
 445:uBAD_bootloader.c ****         }
 446:uBAD_bootloader.c ****     }
 447:uBAD_bootloader.c **** 
 448:uBAD_bootloader.c ****     /* Fetch the next byte from the OUT endpoint */
 449:uBAD_bootloader.c ****     return Endpoint_Read_8();
 450:uBAD_bootloader.c **** }
  71               		.loc 1 450 0
  72 002c 0895      		ret
  73               		.cfi_endproc
  74               	.LFE109:
  76               		.section	.text.WriteNextResponseByte,"ax",@progbits
  78               	WriteNextResponseByte:
  79               	.LFB110:
 451:uBAD_bootloader.c **** 
 452:uBAD_bootloader.c **** /** Writes the next response byte to the CDC data IN endpoint, and sends the endpoint back if neede
 453:uBAD_bootloader.c ****  *  bank when full ready for the next byte in the packet to the host.
 454:uBAD_bootloader.c ****  *
 455:uBAD_bootloader.c ****  *  \param[in] Response  Next response byte to send to the host
 456:uBAD_bootloader.c ****  */
 457:uBAD_bootloader.c **** static void WriteNextResponseByte(const uint8_t Response)
 458:uBAD_bootloader.c **** {
  80               		.loc 1 458 0
  81               		.cfi_startproc
  82               	.LVL1:
  83               	/* prologue: function */
  84               	/* frame size = 0 */
  85               	/* stack size = 0 */
  86               	.L__stack_usage = 0
  87               	.LBB95:
  88               	.LBB96:
 330:../lufa-LUFA-111009/LUFA/Drivers/USB/Core/AVR8/../AVR8/Endpoint_AVR8.h **** 				#endif
  89               		.loc 2 330 0
  90 0000 93E0      		ldi r25,lo8(3)
  91 0002 9093 E900 		sts 233,r25
  92               	.LVL2:
  93               	.LBE96:
  94               	.LBE95:
  95               	.LBB97:
  96               	.LBB98:
 420:../lufa-LUFA-111009/LUFA/Drivers/USB/Core/AVR8/../AVR8/Endpoint_AVR8.h **** 			}
  97               		.loc 2 420 0
  98 0006 9091 E800 		lds r25,232
  99               	.LBE98:
 100               	.LBE97:
 459:uBAD_bootloader.c ****     /* Select the IN endpoint so that the next data byte can be written */
 460:uBAD_bootloader.c ****     Endpoint_SelectEndpoint(CDC_TX_EPNUM);
 461:uBAD_bootloader.c **** 
 462:uBAD_bootloader.c ****     /* If IN endpoint full, clear it and wait until ready for the next packet to the host */
 463:uBAD_bootloader.c ****     if (!(Endpoint_IsReadWriteAllowed())) {
 101               		.loc 1 463 0
 102 000a 95FF      		sbrs r25,5
 103 000c 00C0      		rjmp .L13
 104               	.L17:
 105               	.LVL3:
 106               	.LBB99:
 107               	.LBB100:
 613:../lufa-LUFA-111009/LUFA/Drivers/USB/Core/AVR8/../AVR8/Endpoint_AVR8.h **** 			}
 614:../lufa-LUFA-111009/LUFA/Drivers/USB/Core/AVR8/../AVR8/Endpoint_AVR8.h **** 
 615:../lufa-LUFA-111009/LUFA/Drivers/USB/Core/AVR8/../AVR8/Endpoint_AVR8.h **** 			/** Writes one byte to the currently selected endpoint's bank, for IN direction endpoints.
 616:../lufa-LUFA-111009/LUFA/Drivers/USB/Core/AVR8/../AVR8/Endpoint_AVR8.h **** 			 *
 617:../lufa-LUFA-111009/LUFA/Drivers/USB/Core/AVR8/../AVR8/Endpoint_AVR8.h **** 			 *  \ingroup Group_EndpointPrimitiveRW_AVR8
 618:../lufa-LUFA-111009/LUFA/Drivers/USB/Core/AVR8/../AVR8/Endpoint_AVR8.h **** 			 *
 619:../lufa-LUFA-111009/LUFA/Drivers/USB/Core/AVR8/../AVR8/Endpoint_AVR8.h **** 			 *  \param[in] Data  Data to write into the the currently selected endpoint's FIFO buffer.
 620:../lufa-LUFA-111009/LUFA/Drivers/USB/Core/AVR8/../AVR8/Endpoint_AVR8.h **** 			 */
 621:../lufa-LUFA-111009/LUFA/Drivers/USB/Core/AVR8/../AVR8/Endpoint_AVR8.h **** 			static inline void Endpoint_Write_8(const uint8_t Data) ATTR_ALWAYS_INLINE;
 622:../lufa-LUFA-111009/LUFA/Drivers/USB/Core/AVR8/../AVR8/Endpoint_AVR8.h **** 			static inline void Endpoint_Write_8(const uint8_t Data)
 623:../lufa-LUFA-111009/LUFA/Drivers/USB/Core/AVR8/../AVR8/Endpoint_AVR8.h **** 			{
 624:../lufa-LUFA-111009/LUFA/Drivers/USB/Core/AVR8/../AVR8/Endpoint_AVR8.h **** 				UEDATX = Data;
 108               		.loc 2 624 0
 109 000e 8093 F100 		sts 241,r24
 110               	.LVL4:
 111               	.LBE100:
 112               	.LBE99:
 464:uBAD_bootloader.c ****         Endpoint_ClearIN();
 465:uBAD_bootloader.c **** 
 466:uBAD_bootloader.c ****         while (!(Endpoint_IsINReady())) {
 467:uBAD_bootloader.c ****             if (USB_DeviceState == DEVICE_STATE_Unattached) return;
 468:uBAD_bootloader.c ****         }
 469:uBAD_bootloader.c ****     }
 470:uBAD_bootloader.c **** 
 471:uBAD_bootloader.c ****     /* Write the next byte to the IN endpoint */
 472:uBAD_bootloader.c ****     Endpoint_Write_8(Response);
 473:uBAD_bootloader.c **** 
 474:uBAD_bootloader.c ****     TX_LED_ON();
 113               		.loc 1 474 0
 114 0012 8F9A      		sbi 0x11,7
 475:uBAD_bootloader.c ****     TxLEDPulse = TX_RX_LED_PULSE_PERIOD;
 115               		.loc 1 475 0
 116 0014 84E6      		ldi r24,lo8(100)
 117 0016 90E0      		ldi r25,0
 118               	.LVL5:
 119 0018 9093 0000 		sts TxLEDPulse+1,r25
 120 001c 8093 0000 		sts TxLEDPulse,r24
 121               	.LVL6:
 122 0020 0895      		ret
 123               	.LVL7:
 124               	.L13:
 125               	.LBB101:
 126               	.LBB102:
 516:../lufa-LUFA-111009/LUFA/Drivers/USB/Core/AVR8/../AVR8/Endpoint_AVR8.h **** 				#else
 127               		.loc 2 516 0
 128 0022 9091 E800 		lds r25,232
 129 0026 9E77      		andi r25,lo8(126)
 130 0028 9093 E800 		sts 232,r25
 131               	.L15:
 132               	.LBE102:
 133               	.LBE101:
 134               	.LBB103:
 135               	.LBB104:
 467:../lufa-LUFA-111009/LUFA/Drivers/USB/Core/AVR8/../AVR8/Endpoint_AVR8.h **** 			}
 136               		.loc 2 467 0
 137 002c 9091 E800 		lds r25,232
 138               	.LBE104:
 139               	.LBE103:
 466:uBAD_bootloader.c ****             if (USB_DeviceState == DEVICE_STATE_Unattached) return;
 140               		.loc 1 466 0
 141 0030 90FD      		sbrc r25,0
 142 0032 00C0      		rjmp .L17
 467:uBAD_bootloader.c ****         }
 143               		.loc 1 467 0
 144 0034 9EB3      		in r25,0x1e
 145 0036 9111      		cpse r25,__zero_reg__
 146 0038 00C0      		rjmp .L15
 147 003a 0895      		ret
 148               		.cfi_endproc
 149               	.LFE110:
 151               		.section	.text.StartSketch,"ax",@progbits
 152               	.global	StartSketch
 154               	StartSketch:
 155               	.LFB99:
  73:uBAD_bootloader.c ****     cli();
 156               		.loc 1 73 0
 157               		.cfi_startproc
 158               	/* prologue: function */
 159               	/* frame size = 0 */
 160               	/* stack size = 0 */
 161               	.L__stack_usage = 0
  74:uBAD_bootloader.c **** 
 162               		.loc 1 74 0
 163               	/* #APP */
 164               	 ;  74 "uBAD_bootloader.c" 1
 165 0000 F894      		cli
 166               	 ;  0 "" 2
  77:uBAD_bootloader.c ****     TCCR1B = 0;
 167               		.loc 1 77 0
 168               	/* #NOAPP */
 169 0002 1092 6F00 		sts 111,__zero_reg__
  78:uBAD_bootloader.c ****     TCNT1H = 0; // 16-bit write to TCNT1 requires high byte be written first
 170               		.loc 1 78 0
 171 0006 1092 8100 		sts 129,__zero_reg__
  79:uBAD_bootloader.c ****     TCNT1L = 0;
 172               		.loc 1 79 0
 173 000a 1092 8500 		sts 133,__zero_reg__
  80:uBAD_bootloader.c **** 
 174               		.loc 1 80 0
 175 000e 1092 8400 		sts 132,__zero_reg__
  83:uBAD_bootloader.c ****     MCUCR = 0;
 176               		.loc 1 83 0
 177 0012 81E0      		ldi r24,lo8(1)
 178 0014 85BF      		out 0x35,r24
  84:uBAD_bootloader.c **** 
 179               		.loc 1 84 0
 180 0016 15BE      		out 0x35,__zero_reg__
  86:uBAD_bootloader.c ****     TX_LED_OFF();
 181               		.loc 1 86 0
 182 0018 4798      		cbi 0x8,7
  87:uBAD_bootloader.c ****     RX_LED_OFF();
 183               		.loc 1 87 0
 184 001a 8F98      		cbi 0x11,7
  88:uBAD_bootloader.c **** 
 185               		.loc 1 88 0
 186 001c 8E98      		cbi 0x11,6
  91:uBAD_bootloader.c **** }
 187               		.loc 1 91 0
 188               	/* #APP */
 189               	 ;  91 "uBAD_bootloader.c" 1
 190 001e 0C94 0000 		jmp 0x0000
 191               	 ;  0 "" 2
 192               	/* #NOAPP */
 193 0022 0895      		ret
 194               		.cfi_endproc
 195               	.LFE99:
 197               		.section	.text.LEDPulse,"ax",@progbits
 198               	.global	LEDPulse
 200               	LEDPulse:
 201               	.LFB100:
  97:uBAD_bootloader.c ****     LLEDPulse++;
 202               		.loc 1 97 0
 203               		.cfi_startproc
 204               	/* prologue: function */
 205               	/* frame size = 0 */
 206               	/* stack size = 0 */
 207               	.L__stack_usage = 0
  98:uBAD_bootloader.c ****     uint8_t p = LLEDPulse >> 8;
 208               		.loc 1 98 0
 209 0000 2091 0000 		lds r18,LLEDPulse
 210 0004 3091 0000 		lds r19,LLEDPulse+1
 211 0008 2F5F      		subi r18,-1
 212 000a 3F4F      		sbci r19,-1
 213 000c 3093 0000 		sts LLEDPulse+1,r19
 214 0010 2093 0000 		sts LLEDPulse,r18
  99:uBAD_bootloader.c ****     if (p > 127) p = 254 - p;
 215               		.loc 1 99 0
 216 0014 832F      		mov r24,r19
 217               	.LVL8:
 100:uBAD_bootloader.c ****     p += p;
 218               		.loc 1 100 0
 219 0016 37FF      		sbrs r19,7
 220 0018 00C0      		rjmp .L23
 100:uBAD_bootloader.c ****     p += p;
 221               		.loc 1 100 0 is_stmt 0 discriminator 1
 222 001a 8EEF      		ldi r24,lo8(-2)
 223 001c 831B      		sub r24,r19
 224               	.LVL9:
 225               	.L23:
 102:uBAD_bootloader.c ****         L_LED_OFF();
 226               		.loc 1 102 0 is_stmt 1
 227 001e 3327      		clr r19
 228 0020 880F      		lsl r24
 229               	.LVL10:
 230 0022 90E0      		ldi r25,0
 231 0024 8217      		cp r24,r18
 232 0026 9307      		cpc r25,r19
 233 0028 04F4      		brge .L24
 103:uBAD_bootloader.c ****     else
 234               		.loc 1 103 0
 235 002a 4798      		cbi 0x8,7
 236 002c 0895      		ret
 237               	.L24:
 105:uBAD_bootloader.c **** }
 238               		.loc 1 105 0
 239 002e 479A      		sbi 0x8,7
 240 0030 0895      		ret
 241               		.cfi_endproc
 242               	.LFE100:
 244               		.section	.text.xdelay,"ax",@progbits
 245               	.global	xdelay
 247               	xdelay:
 248               	.LFB101:
 114:uBAD_bootloader.c ****     for (int j = 1; j < 500; j++)
 249               		.loc 1 114 0
 250               		.cfi_startproc
 251               	.LVL11:
 252               	/* prologue: function */
 253               	/* frame size = 0 */
 254               	/* stack size = 0 */
 255               	.L__stack_usage = 0
 114:uBAD_bootloader.c ****     for (int j = 1; j < 500; j++)
 256               		.loc 1 114 0
 257 0000 43EF      		ldi r20,lo8(-13)
 258 0002 51E0      		ldi r21,lo8(1)
 259               	.LVL12:
 260               	.L27:
 261 0004 20E0      		ldi r18,0
 262 0006 30E0      		ldi r19,0
 263               	.L30:
 264               	.LVL13:
 265               	.LBB105:
 266               	.LBB106:
 116:uBAD_bootloader.c **** 
 267               		.loc 1 116 0 discriminator 1
 268 0008 2817      		cp r18,r24
 269 000a 3907      		cpc r19,r25
 270 000c 04F4      		brge .L31
 118:uBAD_bootloader.c ****                              "LDI ZL,0xFF ;Set low byte"
 271               		.loc 1 118 0 discriminator 3
 272               	/* #APP */
 273               	 ;  118 "uBAD_bootloader.c" 1
 274 000e FFEF      		LDI ZH,0xFF ;Set high byteLDI ZL,0xFF ;Set low byteDelayLoop:   SBIW ZL,1 ;subtract one from word 
 275               	 ;  0 "" 2
 116:uBAD_bootloader.c **** 
 276               		.loc 1 116 0 discriminator 3
 277               	/* #NOAPP */
 278 0010 2F5F      		subi r18,-1
 279 0012 3F4F      		sbci r19,-1
 280               	.LVL14:
 281 0014 00C0      		rjmp .L30
 282               	.L31:
 283               	.LVL15:
 284 0016 4150      		subi r20,1
 285 0018 5109      		sbc r21,__zero_reg__
 286               	.LVL16:
 287               	.LBE106:
 115:uBAD_bootloader.c ****         for (int i = 0; i < n; i++) {
 288               		.loc 1 115 0 discriminator 2
 289 001a 01F4      		brne .L27
 290 001c 0895      		ret
 291               	.LBE105:
 292               		.cfi_endproc
 293               	.LFE101:
 295               		.section	.text.blink,"ax",@progbits
 296               	.global	blink
 298               	blink:
 299               	.LFB102:
 132:uBAD_bootloader.c ****     L_LED_ON();
 300               		.loc 1 132 0
 301               		.cfi_startproc
 302               	/* prologue: function */
 303               	/* frame size = 0 */
 304               	/* stack size = 0 */
 305               	.L__stack_usage = 0
 133:uBAD_bootloader.c ****     xdelay(1000);
 306               		.loc 1 133 0
 307 0000 479A      		sbi 0x8,7
 134:uBAD_bootloader.c ****     L_LED_OFF();
 308               		.loc 1 134 0
 309 0002 88EE      		ldi r24,lo8(-24)
 310 0004 93E0      		ldi r25,lo8(3)
 311 0006 0E94 0000 		call xdelay
 312               	.LVL17:
 135:uBAD_bootloader.c ****     xdelay(2000);
 313               		.loc 1 135 0
 314 000a 4798      		cbi 0x8,7
 136:uBAD_bootloader.c **** }
 315               		.loc 1 136 0
 316 000c 80ED      		ldi r24,lo8(-48)
 317 000e 97E0      		ldi r25,lo8(7)
 318 0010 0C94 0000 		jmp xdelay
 319               	.LVL18:
 320               		.cfi_endproc
 321               	.LFE102:
 323               		.section	.text.SetupHardware,"ax",@progbits
 324               	.global	SetupHardware
 326               	SetupHardware:
 327               	.LFB104:
 212:uBAD_bootloader.c ****     /* Disable watchdog if enabled by bootloader/fuses */
 328               		.loc 1 212 0
 329               		.cfi_startproc
 330               	/* prologue: function */
 331               	/* frame size = 0 */
 332               	/* stack size = 0 */
 333               	.L__stack_usage = 0
 214:uBAD_bootloader.c ****     wdt_disable();
 334               		.loc 1 214 0
 335 0000 84B7      		in r24,0x34
 336 0002 877F      		andi r24,lo8(-9)
 337 0004 84BF      		out 0x34,r24
 338               	.LBB107:
 339               	.LBB108:
 340               		.file 3 "/usr/lib/avr/include/avr/wdt.h"
   1:/usr/lib/avr/include/avr/wdt.h **** /* Copyright (c) 2002, 2004 Marek Michalkiewicz
   2:/usr/lib/avr/include/avr/wdt.h ****    Copyright (c) 2005, 2006, 2007 Eric B. Weddington
   3:/usr/lib/avr/include/avr/wdt.h ****    All rights reserved.
   4:/usr/lib/avr/include/avr/wdt.h **** 
   5:/usr/lib/avr/include/avr/wdt.h ****    Redistribution and use in source and binary forms, with or without
   6:/usr/lib/avr/include/avr/wdt.h ****    modification, are permitted provided that the following conditions are met:
   7:/usr/lib/avr/include/avr/wdt.h **** 
   8:/usr/lib/avr/include/avr/wdt.h ****    * Redistributions of source code must retain the above copyright
   9:/usr/lib/avr/include/avr/wdt.h ****      notice, this list of conditions and the following disclaimer.
  10:/usr/lib/avr/include/avr/wdt.h **** 
  11:/usr/lib/avr/include/avr/wdt.h ****    * Redistributions in binary form must reproduce the above copyright
  12:/usr/lib/avr/include/avr/wdt.h ****      notice, this list of conditions and the following disclaimer in
  13:/usr/lib/avr/include/avr/wdt.h ****      the documentation and/or other materials provided with the
  14:/usr/lib/avr/include/avr/wdt.h ****      distribution.
  15:/usr/lib/avr/include/avr/wdt.h **** 
  16:/usr/lib/avr/include/avr/wdt.h ****    * Neither the name of the copyright holders nor the names of
  17:/usr/lib/avr/include/avr/wdt.h ****      contributors may be used to endorse or promote products derived
  18:/usr/lib/avr/include/avr/wdt.h ****      from this software without specific prior written permission.
  19:/usr/lib/avr/include/avr/wdt.h **** 
  20:/usr/lib/avr/include/avr/wdt.h ****   THIS SOFTWARE IS PROVIDED BY THE COPYRIGHT HOLDERS AND CONTRIBUTORS "AS IS"
  21:/usr/lib/avr/include/avr/wdt.h ****   AND ANY EXPRESS OR IMPLIED WARRANTIES, INCLUDING, BUT NOT LIMITED TO, THE
  22:/usr/lib/avr/include/avr/wdt.h ****   IMPLIED WARRANTIES OF MERCHANTABILITY AND FITNESS FOR A PARTICULAR PURPOSE
  23:/usr/lib/avr/include/avr/wdt.h ****   ARE DISCLAIMED. IN NO EVENT SHALL THE COPYRIGHT OWNER OR CONTRIBUTORS BE
  24:/usr/lib/avr/include/avr/wdt.h ****   LIABLE FOR ANY DIRECT, INDIRECT, INCIDENTAL, SPECIAL, EXEMPLARY, OR
  25:/usr/lib/avr/include/avr/wdt.h ****   CONSEQUENTIAL DAMAGES (INCLUDING, BUT NOT LIMITED TO, PROCUREMENT OF
  26:/usr/lib/avr/include/avr/wdt.h ****   SUBSTITUTE GOODS OR SERVICES; LOSS OF USE, DATA, OR PROFITS; OR BUSINESS
  27:/usr/lib/avr/include/avr/wdt.h ****   INTERRUPTION) HOWEVER CAUSED AND ON ANY THEORY OF LIABILITY, WHETHER IN
  28:/usr/lib/avr/include/avr/wdt.h ****   CONTRACT, STRICT LIABILITY, OR TORT (INCLUDING NEGLIGENCE OR OTHERWISE)
  29:/usr/lib/avr/include/avr/wdt.h ****   ARISING IN ANY WAY OUT OF THE USE OF THIS SOFTWARE, EVEN IF ADVISED OF THE
  30:/usr/lib/avr/include/avr/wdt.h ****   POSSIBILITY OF SUCH DAMAGE. */
  31:/usr/lib/avr/include/avr/wdt.h **** 
  32:/usr/lib/avr/include/avr/wdt.h **** /* $Id$ */
  33:/usr/lib/avr/include/avr/wdt.h **** 
  34:/usr/lib/avr/include/avr/wdt.h **** /*
  35:/usr/lib/avr/include/avr/wdt.h ****    avr/wdt.h - macros for AVR watchdog timer
  36:/usr/lib/avr/include/avr/wdt.h ****  */
  37:/usr/lib/avr/include/avr/wdt.h **** 
  38:/usr/lib/avr/include/avr/wdt.h **** #ifndef _AVR_WDT_H_
  39:/usr/lib/avr/include/avr/wdt.h **** #define _AVR_WDT_H_
  40:/usr/lib/avr/include/avr/wdt.h **** 
  41:/usr/lib/avr/include/avr/wdt.h **** #include <avr/io.h>
  42:/usr/lib/avr/include/avr/wdt.h **** #include <stdint.h>
  43:/usr/lib/avr/include/avr/wdt.h **** 
  44:/usr/lib/avr/include/avr/wdt.h **** /** \file */
  45:/usr/lib/avr/include/avr/wdt.h **** /** \defgroup avr_watchdog <avr/wdt.h>: Watchdog timer handling
  46:/usr/lib/avr/include/avr/wdt.h ****     \code #include <avr/wdt.h> \endcode
  47:/usr/lib/avr/include/avr/wdt.h **** 
  48:/usr/lib/avr/include/avr/wdt.h ****     This header file declares the interface to some inline macros
  49:/usr/lib/avr/include/avr/wdt.h ****     handling the watchdog timer present in many AVR devices.  In order
  50:/usr/lib/avr/include/avr/wdt.h ****     to prevent the watchdog timer configuration from being
  51:/usr/lib/avr/include/avr/wdt.h ****     accidentally altered by a crashing application, a special timed
  52:/usr/lib/avr/include/avr/wdt.h ****     sequence is required in order to change it.  The macros within
  53:/usr/lib/avr/include/avr/wdt.h ****     this header file handle the required sequence automatically
  54:/usr/lib/avr/include/avr/wdt.h ****     before changing any value.  Interrupts will be disabled during
  55:/usr/lib/avr/include/avr/wdt.h ****     the manipulation.
  56:/usr/lib/avr/include/avr/wdt.h **** 
  57:/usr/lib/avr/include/avr/wdt.h ****     \note Depending on the fuse configuration of the particular
  58:/usr/lib/avr/include/avr/wdt.h ****     device, further restrictions might apply, in particular it might
  59:/usr/lib/avr/include/avr/wdt.h ****     be disallowed to turn off the watchdog timer.
  60:/usr/lib/avr/include/avr/wdt.h **** 
  61:/usr/lib/avr/include/avr/wdt.h ****     Note that for newer devices (ATmega88 and newer, effectively any
  62:/usr/lib/avr/include/avr/wdt.h ****     AVR that has the option to also generate interrupts), the watchdog
  63:/usr/lib/avr/include/avr/wdt.h ****     timer remains active even after a system reset (except a power-on
  64:/usr/lib/avr/include/avr/wdt.h ****     condition), using the fastest prescaler value (approximately 15
  65:/usr/lib/avr/include/avr/wdt.h ****     ms).  It is therefore required to turn off the watchdog early
  66:/usr/lib/avr/include/avr/wdt.h ****     during program startup, the datasheet recommends a sequence like
  67:/usr/lib/avr/include/avr/wdt.h ****     the following:
  68:/usr/lib/avr/include/avr/wdt.h **** 
  69:/usr/lib/avr/include/avr/wdt.h ****     \code
  70:/usr/lib/avr/include/avr/wdt.h ****     #include <stdint.h>
  71:/usr/lib/avr/include/avr/wdt.h ****     #include <avr/wdt.h>
  72:/usr/lib/avr/include/avr/wdt.h **** 
  73:/usr/lib/avr/include/avr/wdt.h ****     uint8_t mcusr_mirror __attribute__ ((section (".noinit")));
  74:/usr/lib/avr/include/avr/wdt.h **** 
  75:/usr/lib/avr/include/avr/wdt.h ****     void get_mcusr(void) \
  76:/usr/lib/avr/include/avr/wdt.h ****       __attribute__((naked)) \
  77:/usr/lib/avr/include/avr/wdt.h ****       __attribute__((section(".init3")));
  78:/usr/lib/avr/include/avr/wdt.h ****     void get_mcusr(void)
  79:/usr/lib/avr/include/avr/wdt.h ****     {
  80:/usr/lib/avr/include/avr/wdt.h ****       mcusr_mirror = MCUSR;
  81:/usr/lib/avr/include/avr/wdt.h ****       MCUSR = 0;
  82:/usr/lib/avr/include/avr/wdt.h ****       wdt_disable();
  83:/usr/lib/avr/include/avr/wdt.h ****     }
  84:/usr/lib/avr/include/avr/wdt.h ****     \endcode
  85:/usr/lib/avr/include/avr/wdt.h **** 
  86:/usr/lib/avr/include/avr/wdt.h ****     Saving the value of MCUSR in \c mcusr_mirror is only needed if the
  87:/usr/lib/avr/include/avr/wdt.h ****     application later wants to examine the reset source, but in particular, 
  88:/usr/lib/avr/include/avr/wdt.h ****     clearing the watchdog reset flag before disabling the
  89:/usr/lib/avr/include/avr/wdt.h ****     watchdog is required, according to the datasheet.
  90:/usr/lib/avr/include/avr/wdt.h **** */
  91:/usr/lib/avr/include/avr/wdt.h **** 
  92:/usr/lib/avr/include/avr/wdt.h **** /**
  93:/usr/lib/avr/include/avr/wdt.h ****    \ingroup avr_watchdog
  94:/usr/lib/avr/include/avr/wdt.h ****    Reset the watchdog timer.  When the watchdog timer is enabled,
  95:/usr/lib/avr/include/avr/wdt.h ****    a call to this instruction is required before the timer expires,
  96:/usr/lib/avr/include/avr/wdt.h ****    otherwise a watchdog-initiated device reset will occur. 
  97:/usr/lib/avr/include/avr/wdt.h **** */
  98:/usr/lib/avr/include/avr/wdt.h **** 
  99:/usr/lib/avr/include/avr/wdt.h **** #define wdt_reset() __asm__ __volatile__ ("wdr")
 100:/usr/lib/avr/include/avr/wdt.h **** 
 101:/usr/lib/avr/include/avr/wdt.h **** #ifndef __DOXYGEN__
 102:/usr/lib/avr/include/avr/wdt.h **** 
 103:/usr/lib/avr/include/avr/wdt.h **** #if defined(WDP3)
 104:/usr/lib/avr/include/avr/wdt.h **** # define _WD_PS3_MASK       _BV(WDP3)
 105:/usr/lib/avr/include/avr/wdt.h **** #else
 106:/usr/lib/avr/include/avr/wdt.h **** # define _WD_PS3_MASK       0x00
 107:/usr/lib/avr/include/avr/wdt.h **** #endif
 108:/usr/lib/avr/include/avr/wdt.h **** 
 109:/usr/lib/avr/include/avr/wdt.h **** #if defined(WDTCSR)
 110:/usr/lib/avr/include/avr/wdt.h **** #  define _WD_CONTROL_REG     WDTCSR
 111:/usr/lib/avr/include/avr/wdt.h **** #elif defined(WDTCR)
 112:/usr/lib/avr/include/avr/wdt.h **** #  define _WD_CONTROL_REG     WDTCR
 113:/usr/lib/avr/include/avr/wdt.h **** #else
 114:/usr/lib/avr/include/avr/wdt.h **** #  define _WD_CONTROL_REG     WDT
 115:/usr/lib/avr/include/avr/wdt.h **** #endif
 116:/usr/lib/avr/include/avr/wdt.h **** 
 117:/usr/lib/avr/include/avr/wdt.h **** #if defined(WDTOE)
 118:/usr/lib/avr/include/avr/wdt.h **** #define _WD_CHANGE_BIT      WDTOE
 119:/usr/lib/avr/include/avr/wdt.h **** #else
 120:/usr/lib/avr/include/avr/wdt.h **** #define _WD_CHANGE_BIT      WDCE
 121:/usr/lib/avr/include/avr/wdt.h **** #endif
 122:/usr/lib/avr/include/avr/wdt.h **** 
 123:/usr/lib/avr/include/avr/wdt.h **** #endif	/* !__DOXYGEN__ */
 124:/usr/lib/avr/include/avr/wdt.h **** 
 125:/usr/lib/avr/include/avr/wdt.h **** 
 126:/usr/lib/avr/include/avr/wdt.h **** /**
 127:/usr/lib/avr/include/avr/wdt.h ****    \ingroup avr_watchdog
 128:/usr/lib/avr/include/avr/wdt.h ****    Enable the watchdog timer, configuring it for expiry after
 129:/usr/lib/avr/include/avr/wdt.h ****    \c timeout (which is a combination of the \c WDP0 through
 130:/usr/lib/avr/include/avr/wdt.h ****    \c WDP2 bits to write into the \c WDTCR register; For those devices 
 131:/usr/lib/avr/include/avr/wdt.h ****    that have a \c WDTCSR register, it uses the combination of the \c WDP0 
 132:/usr/lib/avr/include/avr/wdt.h ****    through \c WDP3 bits).
 133:/usr/lib/avr/include/avr/wdt.h **** 
 134:/usr/lib/avr/include/avr/wdt.h ****    See also the symbolic constants \c WDTO_15MS et al.
 135:/usr/lib/avr/include/avr/wdt.h **** */
 136:/usr/lib/avr/include/avr/wdt.h **** 
 137:/usr/lib/avr/include/avr/wdt.h **** 
 138:/usr/lib/avr/include/avr/wdt.h **** #if defined(__AVR_XMEGA__)
 139:/usr/lib/avr/include/avr/wdt.h **** 
 140:/usr/lib/avr/include/avr/wdt.h **** #if defined (WDT_CTRLA) && !defined(RAMPD)
 141:/usr/lib/avr/include/avr/wdt.h **** 
 142:/usr/lib/avr/include/avr/wdt.h **** #define wdt_enable(timeout) \
 143:/usr/lib/avr/include/avr/wdt.h **** do { \
 144:/usr/lib/avr/include/avr/wdt.h **** uint8_t temp; \
 145:/usr/lib/avr/include/avr/wdt.h **** __asm__ __volatile__ ( \
 146:/usr/lib/avr/include/avr/wdt.h **** 	"wdr"									"\n\t" \
 147:/usr/lib/avr/include/avr/wdt.h **** 	"out %[ccp_reg], %[ioreg_cen_mask]"		"\n\t" \
 148:/usr/lib/avr/include/avr/wdt.h **** 	"lds %[tmp], %[wdt_reg]"				"\n\t" \
 149:/usr/lib/avr/include/avr/wdt.h **** 	"sbr %[tmp], %[wdt_enable_timeout]"		"\n\t" \
 150:/usr/lib/avr/include/avr/wdt.h **** 	"sts %[wdt_reg], %[tmp]"				"\n\t" \
 151:/usr/lib/avr/include/avr/wdt.h **** 	"1:lds %[tmp], %[wdt_status_reg]"		"\n\t" \
 152:/usr/lib/avr/include/avr/wdt.h **** 	"sbrc %[tmp], %[wdt_syncbusy_bit]"		"\n\t" \
 153:/usr/lib/avr/include/avr/wdt.h **** 	"rjmp 1b"								"\n\t" \
 154:/usr/lib/avr/include/avr/wdt.h **** 	: [tmp]					"=r" (temp) \
 155:/usr/lib/avr/include/avr/wdt.h **** 	: [ccp_reg]				"I"  (_SFR_IO_ADDR(CCP)), \
 156:/usr/lib/avr/include/avr/wdt.h **** 	  [ioreg_cen_mask]		"r"  ((uint8_t)CCP_IOREG_gc), \
 157:/usr/lib/avr/include/avr/wdt.h **** 	  [wdt_reg]				"n"  (_SFR_MEM_ADDR(WDT_CTRLA)), \
 158:/usr/lib/avr/include/avr/wdt.h **** 	  [wdt_enable_timeout]	"M"  (timeout), \
 159:/usr/lib/avr/include/avr/wdt.h **** 	  [wdt_status_reg]		"n"  (_SFR_MEM_ADDR(WDT_STATUS)), \
 160:/usr/lib/avr/include/avr/wdt.h **** 	  [wdt_syncbusy_bit]	"I"  (WDT_SYNCBUSY_bm) \
 161:/usr/lib/avr/include/avr/wdt.h **** ); \
 162:/usr/lib/avr/include/avr/wdt.h **** } while(0)
 163:/usr/lib/avr/include/avr/wdt.h **** 
 164:/usr/lib/avr/include/avr/wdt.h **** #define wdt_disable() \
 165:/usr/lib/avr/include/avr/wdt.h **** do { \
 166:/usr/lib/avr/include/avr/wdt.h **** uint8_t temp; \
 167:/usr/lib/avr/include/avr/wdt.h **** __asm__ __volatile__ (  \
 168:/usr/lib/avr/include/avr/wdt.h **** 	"wdr"								"\n\t" \
 169:/usr/lib/avr/include/avr/wdt.h **** 	"out %[ccp_reg], %[ioreg_cen_mask]" "\n\t" \
 170:/usr/lib/avr/include/avr/wdt.h **** 	"lds %[tmp], %[wdt_reg]"			"\n\t" \
 171:/usr/lib/avr/include/avr/wdt.h **** 	"cbr %[tmp], %[timeout_mask]"       "\n\t" \
 172:/usr/lib/avr/include/avr/wdt.h **** 	"sts %[wdt_reg], %[tmp]"			"\n\t" \
 173:/usr/lib/avr/include/avr/wdt.h ****     : [tmp]            "=r" (temp) \
 174:/usr/lib/avr/include/avr/wdt.h ****     : [ccp_reg]        "I" (_SFR_IO_ADDR(CCP)),       \
 175:/usr/lib/avr/include/avr/wdt.h ****       [ioreg_cen_mask] "r" ((uint8_t)CCP_IOREG_gc),   \
 176:/usr/lib/avr/include/avr/wdt.h ****       [wdt_reg]        "n" (_SFR_MEM_ADDR(WDT_CTRLA)),\
 177:/usr/lib/avr/include/avr/wdt.h ****       [timeout_mask]   "I" (WDT_PERIOD_gm) \
 178:/usr/lib/avr/include/avr/wdt.h **** ); \
 179:/usr/lib/avr/include/avr/wdt.h **** } while(0)
 180:/usr/lib/avr/include/avr/wdt.h **** 
 181:/usr/lib/avr/include/avr/wdt.h **** #else // defined (WDT_CTRLA) && !defined(RAMPD)
 182:/usr/lib/avr/include/avr/wdt.h **** 
 183:/usr/lib/avr/include/avr/wdt.h **** /*
 184:/usr/lib/avr/include/avr/wdt.h ****    wdt_enable(timeout) for xmega devices
 185:/usr/lib/avr/include/avr/wdt.h **** ** write signature (CCP_IOREG_gc) that enables change of protected I/O
 186:/usr/lib/avr/include/avr/wdt.h ****    registers to the CCP register
 187:/usr/lib/avr/include/avr/wdt.h **** ** At the same time,
 188:/usr/lib/avr/include/avr/wdt.h ****    1) set WDT change enable (WDT_CEN_bm)
 189:/usr/lib/avr/include/avr/wdt.h ****    2) enable WDT (WDT_ENABLE_bm)
 190:/usr/lib/avr/include/avr/wdt.h ****    3) set timeout (timeout)
 191:/usr/lib/avr/include/avr/wdt.h **** ** Synchronization starts when ENABLE bit of WDT is set. So, wait till it
 192:/usr/lib/avr/include/avr/wdt.h ****    finishes (SYNCBUSY of STATUS register is automatically cleared after the
 193:/usr/lib/avr/include/avr/wdt.h ****    sync is finished).
 194:/usr/lib/avr/include/avr/wdt.h **** */
 195:/usr/lib/avr/include/avr/wdt.h **** #define wdt_enable(timeout) \
 196:/usr/lib/avr/include/avr/wdt.h **** do { \
 197:/usr/lib/avr/include/avr/wdt.h **** uint8_t temp; \
 198:/usr/lib/avr/include/avr/wdt.h **** __asm__ __volatile__ (         \
 199:/usr/lib/avr/include/avr/wdt.h ****     "in __tmp_reg__, %[rampd]"              "\n\t" \
 200:/usr/lib/avr/include/avr/wdt.h ****     "out %[rampd], __zero_reg__"            "\n\t" \
 201:/usr/lib/avr/include/avr/wdt.h ****     "out %[ccp_reg], %[ioreg_cen_mask]"     "\n\t" \
 202:/usr/lib/avr/include/avr/wdt.h ****     "sts %[wdt_reg], %[wdt_enable_timeout]" "\n\t" \
 203:/usr/lib/avr/include/avr/wdt.h ****     "1:lds %[tmp], %[wdt_status_reg]"       "\n\t" \
 204:/usr/lib/avr/include/avr/wdt.h ****     "sbrc %[tmp], %[wdt_syncbusy_bit]"      "\n\t" \
 205:/usr/lib/avr/include/avr/wdt.h ****     "rjmp 1b"                               "\n\t" \
 206:/usr/lib/avr/include/avr/wdt.h ****     "out %[rampd], __tmp_reg__"             "\n\t" \
 207:/usr/lib/avr/include/avr/wdt.h ****     : [tmp]                "=r" (temp) \
 208:/usr/lib/avr/include/avr/wdt.h ****     : [rampd]              "I" (_SFR_IO_ADDR(RAMPD)),      \
 209:/usr/lib/avr/include/avr/wdt.h ****       [ccp_reg]            "I" (_SFR_IO_ADDR(CCP)),        \
 210:/usr/lib/avr/include/avr/wdt.h ****       [ioreg_cen_mask]     "r" ((uint8_t)CCP_IOREG_gc),     \
 211:/usr/lib/avr/include/avr/wdt.h ****       [wdt_reg]            "n" (_SFR_MEM_ADDR(WDT_CTRL)),   \
 212:/usr/lib/avr/include/avr/wdt.h ****       [wdt_enable_timeout] "r" ((uint8_t)(WDT_CEN_bm | WDT_ENABLE_bm | timeout)), \
 213:/usr/lib/avr/include/avr/wdt.h ****       [wdt_status_reg]     "n" (_SFR_MEM_ADDR(WDT_STATUS)), \
 214:/usr/lib/avr/include/avr/wdt.h ****       [wdt_syncbusy_bit]   "I" (WDT_SYNCBUSY_bm)            \
 215:/usr/lib/avr/include/avr/wdt.h ****     : "r0" \
 216:/usr/lib/avr/include/avr/wdt.h **** ); \
 217:/usr/lib/avr/include/avr/wdt.h **** } while(0)
 218:/usr/lib/avr/include/avr/wdt.h **** 
 219:/usr/lib/avr/include/avr/wdt.h **** #define wdt_disable() \
 220:/usr/lib/avr/include/avr/wdt.h **** __asm__ __volatile__ (  \
 221:/usr/lib/avr/include/avr/wdt.h ****     "in __tmp_reg__, %[rampd]"          "\n\t" \
 222:/usr/lib/avr/include/avr/wdt.h ****     "out %[rampd], __zero_reg__"        "\n\t" \
 223:/usr/lib/avr/include/avr/wdt.h ****     "out %[ccp_reg], %[ioreg_cen_mask]" "\n\t" \
 224:/usr/lib/avr/include/avr/wdt.h ****     "sts %[wdt_reg], %[disable_mask]"   "\n\t" \
 225:/usr/lib/avr/include/avr/wdt.h ****     "out %[rampd], __tmp_reg__"         "\n\t" \
 226:/usr/lib/avr/include/avr/wdt.h ****     : \
 227:/usr/lib/avr/include/avr/wdt.h ****     : [rampd]             "I" (_SFR_IO_ADDR(RAMPD)),    \
 228:/usr/lib/avr/include/avr/wdt.h ****       [ccp_reg]           "I" (_SFR_IO_ADDR(CCP)),      \
 229:/usr/lib/avr/include/avr/wdt.h ****       [ioreg_cen_mask]    "r" ((uint8_t)CCP_IOREG_gc),   \
 230:/usr/lib/avr/include/avr/wdt.h ****       [wdt_reg]           "n" (_SFR_MEM_ADDR(WDT_CTRL)), \
 231:/usr/lib/avr/include/avr/wdt.h ****       [disable_mask]      "r" ((uint8_t)((~WDT_ENABLE_bm) | WDT_CEN_bm)) \
 232:/usr/lib/avr/include/avr/wdt.h ****     : "r0" \
 233:/usr/lib/avr/include/avr/wdt.h **** );
 234:/usr/lib/avr/include/avr/wdt.h **** 
 235:/usr/lib/avr/include/avr/wdt.h **** #endif // defined (WDT_CTRLA) && !defined(RAMPD)
 236:/usr/lib/avr/include/avr/wdt.h **** 
 237:/usr/lib/avr/include/avr/wdt.h **** #elif defined(__AVR_TINY__)
 238:/usr/lib/avr/include/avr/wdt.h **** 
 239:/usr/lib/avr/include/avr/wdt.h **** #define wdt_enable(value) \
 240:/usr/lib/avr/include/avr/wdt.h **** __asm__ __volatile__ ( \
 241:/usr/lib/avr/include/avr/wdt.h ****     "in __tmp_reg__,__SREG__" "\n\t"  \
 242:/usr/lib/avr/include/avr/wdt.h ****     "cli" "\n\t"  \
 243:/usr/lib/avr/include/avr/wdt.h ****     "wdr" "\n\t"  \
 244:/usr/lib/avr/include/avr/wdt.h ****     "out %[CCPADDRESS],%[SIGNATURE]" "\n\t"  \
 245:/usr/lib/avr/include/avr/wdt.h ****     "out %[WDTREG],%[WDVALUE]" "\n\t"  \
 246:/usr/lib/avr/include/avr/wdt.h ****     "out __SREG__,__tmp_reg__" "\n\t"  \
 247:/usr/lib/avr/include/avr/wdt.h ****     : /* no outputs */  \
 248:/usr/lib/avr/include/avr/wdt.h ****     : [CCPADDRESS] "I" (_SFR_IO_ADDR(CCP)),  \
 249:/usr/lib/avr/include/avr/wdt.h ****       [SIGNATURE] "r" ((uint8_t)0xD8), \
 250:/usr/lib/avr/include/avr/wdt.h ****       [WDTREG] "I" (_SFR_IO_ADDR(_WD_CONTROL_REG)), \
 251:/usr/lib/avr/include/avr/wdt.h ****       [WDVALUE] "r" ((uint8_t)((value & 0x08 ? _WD_PS3_MASK : 0x00) \
 252:/usr/lib/avr/include/avr/wdt.h ****       | _BV(WDE) | (value & 0x07) )) \
 253:/usr/lib/avr/include/avr/wdt.h ****     : "r16" \
 254:/usr/lib/avr/include/avr/wdt.h **** )
 255:/usr/lib/avr/include/avr/wdt.h **** 
 256:/usr/lib/avr/include/avr/wdt.h **** #define wdt_disable() \
 257:/usr/lib/avr/include/avr/wdt.h **** do { \
 258:/usr/lib/avr/include/avr/wdt.h **** uint8_t temp_wd; \
 259:/usr/lib/avr/include/avr/wdt.h **** __asm__ __volatile__ ( \
 260:/usr/lib/avr/include/avr/wdt.h ****     "in __tmp_reg__,__SREG__" "\n\t"  \
 261:/usr/lib/avr/include/avr/wdt.h ****     "cli" "\n\t"  \
 262:/usr/lib/avr/include/avr/wdt.h ****     "wdr" "\n\t"  \
 263:/usr/lib/avr/include/avr/wdt.h ****     "out %[CCPADDRESS],%[SIGNATURE]" "\n\t"  \
 264:/usr/lib/avr/include/avr/wdt.h ****     "in  %[TEMP_WD],%[WDTREG]" "\n\t" \
 265:/usr/lib/avr/include/avr/wdt.h ****     "cbr %[TEMP_WD],%[WDVALUE]" "\n\t" \
 266:/usr/lib/avr/include/avr/wdt.h ****     "out %[WDTREG],%[TEMP_WD]" "\n\t" \
 267:/usr/lib/avr/include/avr/wdt.h ****     "out __SREG__,__tmp_reg__" "\n\t" \
 268:/usr/lib/avr/include/avr/wdt.h ****     : /*no output */ \
 269:/usr/lib/avr/include/avr/wdt.h ****     : [CCPADDRESS] "I" (_SFR_IO_ADDR(CCP)), \
 270:/usr/lib/avr/include/avr/wdt.h ****       [SIGNATURE] "r" ((uint8_t)0xD8), \
 271:/usr/lib/avr/include/avr/wdt.h ****       [WDTREG] "I" (_SFR_IO_ADDR(_WD_CONTROL_REG)), \
 272:/usr/lib/avr/include/avr/wdt.h ****       [TEMP_WD] "d" (temp_wd), \
 273:/usr/lib/avr/include/avr/wdt.h ****       [WDVALUE] "n" (1 << WDE) \
 274:/usr/lib/avr/include/avr/wdt.h ****     : "r16" \
 275:/usr/lib/avr/include/avr/wdt.h **** ); \
 276:/usr/lib/avr/include/avr/wdt.h **** }while(0)
 277:/usr/lib/avr/include/avr/wdt.h **** 
 278:/usr/lib/avr/include/avr/wdt.h **** #elif defined(CCP)
 279:/usr/lib/avr/include/avr/wdt.h **** 
 280:/usr/lib/avr/include/avr/wdt.h **** static __inline__
 281:/usr/lib/avr/include/avr/wdt.h **** __attribute__ ((__always_inline__))
 282:/usr/lib/avr/include/avr/wdt.h **** void wdt_enable (const uint8_t value)
 283:/usr/lib/avr/include/avr/wdt.h **** {
 284:/usr/lib/avr/include/avr/wdt.h **** 	if (!_SFR_IO_REG_P (CCP) && !_SFR_IO_REG_P (_WD_CONTROL_REG))
 285:/usr/lib/avr/include/avr/wdt.h **** 	{
 286:/usr/lib/avr/include/avr/wdt.h **** 		__asm__ __volatile__ (
 287:/usr/lib/avr/include/avr/wdt.h **** 			"in __tmp_reg__,__SREG__" "\n\t"
 288:/usr/lib/avr/include/avr/wdt.h **** 			"cli" "\n\t"
 289:/usr/lib/avr/include/avr/wdt.h **** 			"wdr" "\n\t"
 290:/usr/lib/avr/include/avr/wdt.h **** 			"sts %[CCPADDRESS],%[SIGNATURE]" "\n\t"
 291:/usr/lib/avr/include/avr/wdt.h **** 			"sts %[WDTREG],%[WDVALUE]" "\n\t"
 292:/usr/lib/avr/include/avr/wdt.h **** 			"out __SREG__,__tmp_reg__" "\n\t"
 293:/usr/lib/avr/include/avr/wdt.h **** 			: /* no outputs */
 294:/usr/lib/avr/include/avr/wdt.h **** 			: [CCPADDRESS] "n" (_SFR_MEM_ADDR(CCP)),
 295:/usr/lib/avr/include/avr/wdt.h **** 			[SIGNATURE] "r" ((uint8_t)0xD8),
 296:/usr/lib/avr/include/avr/wdt.h **** 			[WDTREG] "n" (_SFR_MEM_ADDR(_WD_CONTROL_REG)),
 297:/usr/lib/avr/include/avr/wdt.h **** 			[WDVALUE] "r" ((uint8_t)((value & 0x08 ? _WD_PS3_MASK : 0x00)
 298:/usr/lib/avr/include/avr/wdt.h **** 				| _BV(WDE) | (value & 0x07) ))
 299:/usr/lib/avr/include/avr/wdt.h **** 			: "r0"
 300:/usr/lib/avr/include/avr/wdt.h **** 			);
 301:/usr/lib/avr/include/avr/wdt.h **** 	}
 302:/usr/lib/avr/include/avr/wdt.h **** 	else if (!_SFR_IO_REG_P (CCP) && _SFR_IO_REG_P (_WD_CONTROL_REG))
 303:/usr/lib/avr/include/avr/wdt.h **** 	{
 304:/usr/lib/avr/include/avr/wdt.h **** 		__asm__ __volatile__ (
 305:/usr/lib/avr/include/avr/wdt.h **** 			"in __tmp_reg__,__SREG__" "\n\t"
 306:/usr/lib/avr/include/avr/wdt.h **** 			"cli" "\n\t"
 307:/usr/lib/avr/include/avr/wdt.h **** 			"wdr" "\n\t"
 308:/usr/lib/avr/include/avr/wdt.h **** 			"sts %[CCPADDRESS],%[SIGNATURE]" "\n\t"
 309:/usr/lib/avr/include/avr/wdt.h **** 			"out %[WDTREG],%[WDVALUE]" "\n\t"
 310:/usr/lib/avr/include/avr/wdt.h **** 			"out __SREG__,__tmp_reg__" "\n\t"
 311:/usr/lib/avr/include/avr/wdt.h **** 			: /* no outputs */
 312:/usr/lib/avr/include/avr/wdt.h **** 			: [CCPADDRESS] "n" (_SFR_MEM_ADDR(CCP)),
 313:/usr/lib/avr/include/avr/wdt.h **** 			[SIGNATURE] "r" ((uint8_t)0xD8),
 314:/usr/lib/avr/include/avr/wdt.h **** 			[WDTREG] "I" (_SFR_IO_ADDR(_WD_CONTROL_REG)),
 315:/usr/lib/avr/include/avr/wdt.h **** 			[WDVALUE] "r" ((uint8_t)((value & 0x08 ? _WD_PS3_MASK : 0x00)
 316:/usr/lib/avr/include/avr/wdt.h **** 				| _BV(WDE) | (value & 0x07) ))
 317:/usr/lib/avr/include/avr/wdt.h **** 			: "r0"
 318:/usr/lib/avr/include/avr/wdt.h **** 			);
 319:/usr/lib/avr/include/avr/wdt.h **** 	}
 320:/usr/lib/avr/include/avr/wdt.h **** 	else if (_SFR_IO_REG_P (CCP) && !_SFR_IO_REG_P (_WD_CONTROL_REG))
 321:/usr/lib/avr/include/avr/wdt.h **** 	{
 322:/usr/lib/avr/include/avr/wdt.h **** 		__asm__ __volatile__ (
 323:/usr/lib/avr/include/avr/wdt.h **** 			"in __tmp_reg__,__SREG__" "\n\t"
 324:/usr/lib/avr/include/avr/wdt.h **** 			"cli" "\n\t"
 325:/usr/lib/avr/include/avr/wdt.h **** 			"wdr" "\n\t"
 326:/usr/lib/avr/include/avr/wdt.h **** 			"out %[CCPADDRESS],%[SIGNATURE]" "\n\t"
 327:/usr/lib/avr/include/avr/wdt.h **** 			"sts %[WDTREG],%[WDVALUE]" "\n\t"
 328:/usr/lib/avr/include/avr/wdt.h **** 			"out __SREG__,__tmp_reg__" "\n\t"
 329:/usr/lib/avr/include/avr/wdt.h **** 			: /* no outputs */
 330:/usr/lib/avr/include/avr/wdt.h **** 			: [CCPADDRESS] "I" (_SFR_IO_ADDR(CCP)),
 331:/usr/lib/avr/include/avr/wdt.h **** 			[SIGNATURE] "r" ((uint8_t)0xD8),
 332:/usr/lib/avr/include/avr/wdt.h **** 			[WDTREG] "n" (_SFR_MEM_ADDR(_WD_CONTROL_REG)),
 333:/usr/lib/avr/include/avr/wdt.h **** 			[WDVALUE] "r" ((uint8_t)((value & 0x08 ? _WD_PS3_MASK : 0x00)
 334:/usr/lib/avr/include/avr/wdt.h **** 				| _BV(WDE) | (value & 0x07) ))
 335:/usr/lib/avr/include/avr/wdt.h **** 			: "r0"
 336:/usr/lib/avr/include/avr/wdt.h **** 			);
 337:/usr/lib/avr/include/avr/wdt.h **** 	}
 338:/usr/lib/avr/include/avr/wdt.h **** 	else
 339:/usr/lib/avr/include/avr/wdt.h ****  	{
 340:/usr/lib/avr/include/avr/wdt.h **** 		__asm__ __volatile__ (
 341:/usr/lib/avr/include/avr/wdt.h **** 			"in __tmp_reg__,__SREG__" "\n\t"
 342:/usr/lib/avr/include/avr/wdt.h **** 			"cli" "\n\t"
 343:/usr/lib/avr/include/avr/wdt.h **** 			"wdr" "\n\t"
 344:/usr/lib/avr/include/avr/wdt.h **** 			"out %[CCPADDRESS],%[SIGNATURE]" "\n\t"
 345:/usr/lib/avr/include/avr/wdt.h **** 			"out %[WDTREG],%[WDVALUE]" "\n\t"
 346:/usr/lib/avr/include/avr/wdt.h **** 			"out __SREG__,__tmp_reg__" "\n\t"
 347:/usr/lib/avr/include/avr/wdt.h **** 			: /* no outputs */
 348:/usr/lib/avr/include/avr/wdt.h **** 			: [CCPADDRESS] "I" (_SFR_IO_ADDR(CCP)),
 349:/usr/lib/avr/include/avr/wdt.h **** 			[SIGNATURE] "r" ((uint8_t)0xD8),
 350:/usr/lib/avr/include/avr/wdt.h **** 			[WDTREG] "I" (_SFR_IO_ADDR(_WD_CONTROL_REG)),
 351:/usr/lib/avr/include/avr/wdt.h **** 			[WDVALUE] "r" ((uint8_t)((value & 0x08 ? _WD_PS3_MASK : 0x00)
 352:/usr/lib/avr/include/avr/wdt.h **** 				| _BV(WDE) | (value & 0x07) ))
 353:/usr/lib/avr/include/avr/wdt.h **** 			: "r0"
 354:/usr/lib/avr/include/avr/wdt.h **** 			);
 355:/usr/lib/avr/include/avr/wdt.h **** 	}
 356:/usr/lib/avr/include/avr/wdt.h **** }
 357:/usr/lib/avr/include/avr/wdt.h **** 
 358:/usr/lib/avr/include/avr/wdt.h **** static __inline__
 359:/usr/lib/avr/include/avr/wdt.h **** __attribute__ ((__always_inline__))
 360:/usr/lib/avr/include/avr/wdt.h **** void wdt_disable (void)
 361:/usr/lib/avr/include/avr/wdt.h **** {
 362:/usr/lib/avr/include/avr/wdt.h **** 	if (!_SFR_IO_REG_P (CCP) && !_SFR_IO_REG_P(_WD_CONTROL_REG))
 363:/usr/lib/avr/include/avr/wdt.h **** 	{
 364:/usr/lib/avr/include/avr/wdt.h ****         uint8_t temp_wd;
 365:/usr/lib/avr/include/avr/wdt.h ****         __asm__ __volatile__ (
 366:/usr/lib/avr/include/avr/wdt.h **** 				"in __tmp_reg__,__SREG__" "\n\t"
 367:/usr/lib/avr/include/avr/wdt.h **** 				"cli" "\n\t"
 368:/usr/lib/avr/include/avr/wdt.h **** 				"wdr" "\n\t"
 369:/usr/lib/avr/include/avr/wdt.h **** 				"sts %[CCPADDRESS],%[SIGNATURE]" "\n\t"
 370:/usr/lib/avr/include/avr/wdt.h **** 				"lds %[TEMP_WD],%[WDTREG]" "\n\t"
 371:/usr/lib/avr/include/avr/wdt.h **** 				"cbr %[TEMP_WD],%[WDVALUE]" "\n\t"
 372:/usr/lib/avr/include/avr/wdt.h **** 				"sts %[WDTREG],%[TEMP_WD]" "\n\t"
 373:/usr/lib/avr/include/avr/wdt.h **** 				"out __SREG__,__tmp_reg__" "\n\t"
 374:/usr/lib/avr/include/avr/wdt.h **** 				: /*no output */
 375:/usr/lib/avr/include/avr/wdt.h **** 				: [CCPADDRESS] "n" (_SFR_MEM_ADDR(CCP)),
 376:/usr/lib/avr/include/avr/wdt.h **** 				[SIGNATURE] "r" ((uint8_t)0xD8),
 377:/usr/lib/avr/include/avr/wdt.h **** 				[WDTREG] "n" (_SFR_MEM_ADDR(_WD_CONTROL_REG)),
 378:/usr/lib/avr/include/avr/wdt.h **** 				[TEMP_WD] "d" (temp_wd),
 379:/usr/lib/avr/include/avr/wdt.h **** 				[WDVALUE] "n" (1 << WDE)
 380:/usr/lib/avr/include/avr/wdt.h **** 				: "r0"
 381:/usr/lib/avr/include/avr/wdt.h **** 				);
 382:/usr/lib/avr/include/avr/wdt.h **** 	}
 383:/usr/lib/avr/include/avr/wdt.h **** 	else if (!_SFR_IO_REG_P (CCP) && _SFR_IO_REG_P(_WD_CONTROL_REG))
 384:/usr/lib/avr/include/avr/wdt.h **** 	{
 385:/usr/lib/avr/include/avr/wdt.h ****         uint8_t temp_wd;
 386:/usr/lib/avr/include/avr/wdt.h ****         __asm__ __volatile__ (
 387:/usr/lib/avr/include/avr/wdt.h **** 				"in __tmp_reg__,__SREG__" "\n\t"
 388:/usr/lib/avr/include/avr/wdt.h **** 				"cli" "\n\t"
 389:/usr/lib/avr/include/avr/wdt.h **** 				"wdr" "\n\t"
 390:/usr/lib/avr/include/avr/wdt.h **** 				"sts %[CCPADDRESS],%[SIGNATURE]" "\n\t"
 391:/usr/lib/avr/include/avr/wdt.h **** 				"in %[TEMP_WD],%[WDTREG]" "\n\t"
 392:/usr/lib/avr/include/avr/wdt.h **** 				"cbr %[TEMP_WD],%[WDVALUE]" "\n\t"
 393:/usr/lib/avr/include/avr/wdt.h **** 				"out %[WDTREG],%[TEMP_WD]" "\n\t"
 394:/usr/lib/avr/include/avr/wdt.h **** 				"out __SREG__,__tmp_reg__" "\n\t"
 395:/usr/lib/avr/include/avr/wdt.h **** 				: /*no output */
 396:/usr/lib/avr/include/avr/wdt.h **** 				: [CCPADDRESS] "n" (_SFR_MEM_ADDR(CCP)),
 397:/usr/lib/avr/include/avr/wdt.h **** 				[SIGNATURE] "r" ((uint8_t)0xD8),
 398:/usr/lib/avr/include/avr/wdt.h **** 				[WDTREG] "I" (_SFR_IO_ADDR(_WD_CONTROL_REG)),
 399:/usr/lib/avr/include/avr/wdt.h **** 				[TEMP_WD] "d" (temp_wd),
 400:/usr/lib/avr/include/avr/wdt.h **** 				[WDVALUE] "n" (1 << WDE)
 401:/usr/lib/avr/include/avr/wdt.h **** 				: "r0"
 402:/usr/lib/avr/include/avr/wdt.h **** 				);
 403:/usr/lib/avr/include/avr/wdt.h **** 	}
 404:/usr/lib/avr/include/avr/wdt.h **** 	else if (_SFR_IO_REG_P (CCP) && !_SFR_IO_REG_P(_WD_CONTROL_REG))
 405:/usr/lib/avr/include/avr/wdt.h **** 	{
 406:/usr/lib/avr/include/avr/wdt.h ****         uint8_t temp_wd;
 407:/usr/lib/avr/include/avr/wdt.h ****         __asm__ __volatile__ (
 408:/usr/lib/avr/include/avr/wdt.h **** 				"in __tmp_reg__,__SREG__" "\n\t"
 409:/usr/lib/avr/include/avr/wdt.h **** 				"cli" "\n\t"
 410:/usr/lib/avr/include/avr/wdt.h **** 				"wdr" "\n\t"
 411:/usr/lib/avr/include/avr/wdt.h **** 				"out %[CCPADDRESS],%[SIGNATURE]" "\n\t"
 412:/usr/lib/avr/include/avr/wdt.h **** 				"lds %[TEMP_WD],%[WDTREG]" "\n\t"
 413:/usr/lib/avr/include/avr/wdt.h **** 				"cbr %[TEMP_WD],%[WDVALUE]" "\n\t"
 414:/usr/lib/avr/include/avr/wdt.h **** 				"sts %[WDTREG],%[TEMP_WD]" "\n\t"
 415:/usr/lib/avr/include/avr/wdt.h **** 				"out __SREG__,__tmp_reg__" "\n\t"
 416:/usr/lib/avr/include/avr/wdt.h **** 				: /*no output */
 417:/usr/lib/avr/include/avr/wdt.h **** 				: [CCPADDRESS] "I" (_SFR_IO_ADDR(CCP)),
 418:/usr/lib/avr/include/avr/wdt.h **** 				[SIGNATURE] "r" ((uint8_t)0xD8),
 419:/usr/lib/avr/include/avr/wdt.h **** 				[WDTREG] "n" (_SFR_MEM_ADDR(_WD_CONTROL_REG)),
 420:/usr/lib/avr/include/avr/wdt.h **** 				[TEMP_WD] "d" (temp_wd),
 421:/usr/lib/avr/include/avr/wdt.h **** 				[WDVALUE] "n" (1 << WDE)
 422:/usr/lib/avr/include/avr/wdt.h **** 				: "r0"
 423:/usr/lib/avr/include/avr/wdt.h **** 				);
 424:/usr/lib/avr/include/avr/wdt.h **** 	}
 425:/usr/lib/avr/include/avr/wdt.h **** 	else
 426:/usr/lib/avr/include/avr/wdt.h **** 	{
 427:/usr/lib/avr/include/avr/wdt.h ****         uint8_t temp_wd;
 428:/usr/lib/avr/include/avr/wdt.h ****         __asm__ __volatile__ (
 429:/usr/lib/avr/include/avr/wdt.h **** 				"in __tmp_reg__,__SREG__" "\n\t"
 430:/usr/lib/avr/include/avr/wdt.h **** 				"cli" "\n\t"
 431:/usr/lib/avr/include/avr/wdt.h **** 				"wdr" "\n\t"
 432:/usr/lib/avr/include/avr/wdt.h **** 				"out %[CCPADDRESS],%[SIGNATURE]" "\n\t"
 433:/usr/lib/avr/include/avr/wdt.h **** 				"in %[TEMP_WD],%[WDTREG]" "\n\t"
 434:/usr/lib/avr/include/avr/wdt.h **** 				"cbr %[TEMP_WD],%[WDVALUE]" "\n\t"
 435:/usr/lib/avr/include/avr/wdt.h **** 				"out %[WDTREG],%[TEMP_WD]" "\n\t"
 436:/usr/lib/avr/include/avr/wdt.h **** 				"out __SREG__,__tmp_reg__" "\n\t"
 437:/usr/lib/avr/include/avr/wdt.h **** 				: /*no output */
 438:/usr/lib/avr/include/avr/wdt.h **** 				: [CCPADDRESS] "I" (_SFR_IO_ADDR(CCP)),
 439:/usr/lib/avr/include/avr/wdt.h **** 				[SIGNATURE] "r" ((uint8_t)0xD8),
 440:/usr/lib/avr/include/avr/wdt.h **** 				[WDTREG] "I" (_SFR_IO_ADDR(_WD_CONTROL_REG)),
 441:/usr/lib/avr/include/avr/wdt.h **** 				[TEMP_WD] "d" (temp_wd),
 442:/usr/lib/avr/include/avr/wdt.h **** 				[WDVALUE] "n" (1 << WDE)
 443:/usr/lib/avr/include/avr/wdt.h **** 				: "r0"
 444:/usr/lib/avr/include/avr/wdt.h **** 				);
 445:/usr/lib/avr/include/avr/wdt.h **** 	}
 446:/usr/lib/avr/include/avr/wdt.h **** }
 447:/usr/lib/avr/include/avr/wdt.h **** 
 448:/usr/lib/avr/include/avr/wdt.h **** #else
 449:/usr/lib/avr/include/avr/wdt.h **** 
 450:/usr/lib/avr/include/avr/wdt.h **** static __inline__
 451:/usr/lib/avr/include/avr/wdt.h **** __attribute__ ((__always_inline__))
 452:/usr/lib/avr/include/avr/wdt.h **** void wdt_enable (const uint8_t value)
 453:/usr/lib/avr/include/avr/wdt.h **** {
 454:/usr/lib/avr/include/avr/wdt.h **** 	if (_SFR_IO_REG_P (_WD_CONTROL_REG))
 455:/usr/lib/avr/include/avr/wdt.h **** 	{
 456:/usr/lib/avr/include/avr/wdt.h **** 		__asm__ __volatile__ (
 457:/usr/lib/avr/include/avr/wdt.h **** 				"in __tmp_reg__,__SREG__" "\n\t"
 458:/usr/lib/avr/include/avr/wdt.h **** 				"cli" "\n\t"
 459:/usr/lib/avr/include/avr/wdt.h **** 				"wdr" "\n\t"
 460:/usr/lib/avr/include/avr/wdt.h **** 				"out %0, %1" "\n\t"
 461:/usr/lib/avr/include/avr/wdt.h **** 				"out __SREG__,__tmp_reg__" "\n\t"
 462:/usr/lib/avr/include/avr/wdt.h **** 				"out %0, %2" "\n \t"
 463:/usr/lib/avr/include/avr/wdt.h **** 				: /* no outputs */
 464:/usr/lib/avr/include/avr/wdt.h **** 				: "I" (_SFR_IO_ADDR(_WD_CONTROL_REG)),
 465:/usr/lib/avr/include/avr/wdt.h **** 				"r" ((uint8_t)(_BV(_WD_CHANGE_BIT) | _BV(WDE))),
 466:/usr/lib/avr/include/avr/wdt.h **** 				"r" ((uint8_t) ((value & 0x08 ? _WD_PS3_MASK : 0x00) |
 467:/usr/lib/avr/include/avr/wdt.h **** 						_BV(WDE) | (value & 0x07)) )
 468:/usr/lib/avr/include/avr/wdt.h **** 				: "r0"
 469:/usr/lib/avr/include/avr/wdt.h **** 		);
 470:/usr/lib/avr/include/avr/wdt.h **** 	}
 471:/usr/lib/avr/include/avr/wdt.h **** 	else
 472:/usr/lib/avr/include/avr/wdt.h **** 	{
 473:/usr/lib/avr/include/avr/wdt.h **** 		__asm__ __volatile__ (
 474:/usr/lib/avr/include/avr/wdt.h **** 				"in __tmp_reg__,__SREG__" "\n\t"
 475:/usr/lib/avr/include/avr/wdt.h **** 				"cli" "\n\t"
 476:/usr/lib/avr/include/avr/wdt.h **** 				"wdr" "\n\t"
 477:/usr/lib/avr/include/avr/wdt.h **** 				"sts %0, %1" "\n\t"
 478:/usr/lib/avr/include/avr/wdt.h **** 				"out __SREG__,__tmp_reg__" "\n\t"
 479:/usr/lib/avr/include/avr/wdt.h **** 				"sts %0, %2" "\n \t"
 480:/usr/lib/avr/include/avr/wdt.h **** 				: /* no outputs */
 481:/usr/lib/avr/include/avr/wdt.h **** 				: "n" (_SFR_MEM_ADDR(_WD_CONTROL_REG)),
 482:/usr/lib/avr/include/avr/wdt.h **** 				"r" ((uint8_t)(_BV(_WD_CHANGE_BIT) | _BV(WDE))),
 483:/usr/lib/avr/include/avr/wdt.h **** 				"r" ((uint8_t) ((value & 0x08 ? _WD_PS3_MASK : 0x00) |
 484:/usr/lib/avr/include/avr/wdt.h **** 						_BV(WDE) | (value & 0x07)) )
 485:/usr/lib/avr/include/avr/wdt.h **** 				: "r0"
 486:/usr/lib/avr/include/avr/wdt.h **** 		);
 487:/usr/lib/avr/include/avr/wdt.h **** 	}
 488:/usr/lib/avr/include/avr/wdt.h **** }
 489:/usr/lib/avr/include/avr/wdt.h **** 
 490:/usr/lib/avr/include/avr/wdt.h **** static __inline__
 491:/usr/lib/avr/include/avr/wdt.h **** __attribute__ ((__always_inline__))
 492:/usr/lib/avr/include/avr/wdt.h **** void wdt_disable (void)
 493:/usr/lib/avr/include/avr/wdt.h **** {
 494:/usr/lib/avr/include/avr/wdt.h **** 	if (_SFR_IO_REG_P (_WD_CONTROL_REG))
 495:/usr/lib/avr/include/avr/wdt.h **** 	{
 496:/usr/lib/avr/include/avr/wdt.h ****         uint8_t register temp_reg;
 497:/usr/lib/avr/include/avr/wdt.h **** 		__asm__ __volatile__ (
 498:/usr/lib/avr/include/avr/wdt.h **** 				"in __tmp_reg__,__SREG__"    "\n\t"
 499:/usr/lib/avr/include/avr/wdt.h **** 				"cli"                        "\n\t"
 500:/usr/lib/avr/include/avr/wdt.h **** 				"wdr"                        "\n\t"
 501:/usr/lib/avr/include/avr/wdt.h **** 				"in  %[TEMPREG],%[WDTREG]"   "\n\t"
 502:/usr/lib/avr/include/avr/wdt.h **** 				"ori %[TEMPREG],%[WDCE_WDE]" "\n\t"
 503:/usr/lib/avr/include/avr/wdt.h **** 				"out %[WDTREG],%[TEMPREG]"   "\n\t"
 504:/usr/lib/avr/include/avr/wdt.h **** 				"out %[WDTREG],__zero_reg__" "\n\t"
 505:/usr/lib/avr/include/avr/wdt.h **** 				"out __SREG__,__tmp_reg__"   "\n\t"
 506:/usr/lib/avr/include/avr/wdt.h **** 				: [TEMPREG] "=d" (temp_reg)
 507:/usr/lib/avr/include/avr/wdt.h **** 				: [WDTREG]  "I"  (_SFR_IO_ADDR(_WD_CONTROL_REG)),
 508:/usr/lib/avr/include/avr/wdt.h **** 				[WDCE_WDE]  "n"  ((uint8_t)(_BV(_WD_CHANGE_BIT) | _BV(WDE)))
 509:/usr/lib/avr/include/avr/wdt.h **** 				: "r0"
 510:/usr/lib/avr/include/avr/wdt.h **** 		);
 511:/usr/lib/avr/include/avr/wdt.h **** 	}
 512:/usr/lib/avr/include/avr/wdt.h **** 	else
 513:/usr/lib/avr/include/avr/wdt.h **** 	{
 514:/usr/lib/avr/include/avr/wdt.h ****         uint8_t register temp_reg;
 515:/usr/lib/avr/include/avr/wdt.h **** 		__asm__ __volatile__ (
 341               		.loc 3 515 0
 342               	/* #APP */
 343               	 ;  515 "/usr/lib/avr/include/avr/wdt.h" 1
 344 0006 0FB6      		in __tmp_reg__,__SREG__
 345 0008 F894      		cli
 346 000a A895      		wdr
 347 000c 8091 6000 		lds r24,96
 348 0010 8861      		ori r24,24
 349 0012 8093 6000 		sts 96,r24
 350 0016 1092 6000 		sts 96,__zero_reg__
 351 001a 0FBE      		out __SREG__,__tmp_reg__
 352               		
 353               	 ;  0 "" 2
 354               	.LVL19:
 355               	/* #NOAPP */
 356               	.LBE108:
 357               	.LBE107:
 358               	.LBB109:
 359               	.LBB110:
 360               		.file 4 "/usr/lib/avr/include/avr/power.h"
   1:/usr/lib/avr/include/avr/power.h **** /* Copyright (c) 2006, 2007, 2008  Eric B. Weddington
   2:/usr/lib/avr/include/avr/power.h ****    Copyright (c) 2011 Frédéric Nadeau
   3:/usr/lib/avr/include/avr/power.h ****    All rights reserved.
   4:/usr/lib/avr/include/avr/power.h **** 
   5:/usr/lib/avr/include/avr/power.h ****    Redistribution and use in source and binary forms, with or without
   6:/usr/lib/avr/include/avr/power.h ****    modification, are permitted provided that the following conditions are met:
   7:/usr/lib/avr/include/avr/power.h **** 
   8:/usr/lib/avr/include/avr/power.h ****    * Redistributions of source code must retain the above copyright
   9:/usr/lib/avr/include/avr/power.h ****      notice, this list of conditions and the following disclaimer.
  10:/usr/lib/avr/include/avr/power.h ****    * Redistributions in binary form must reproduce the above copyright
  11:/usr/lib/avr/include/avr/power.h ****      notice, this list of conditions and the following disclaimer in
  12:/usr/lib/avr/include/avr/power.h ****      the documentation and/or other materials provided with the
  13:/usr/lib/avr/include/avr/power.h ****      distribution.
  14:/usr/lib/avr/include/avr/power.h ****    * Neither the name of the copyright holders nor the names of
  15:/usr/lib/avr/include/avr/power.h ****      contributors may be used to endorse or promote products derived
  16:/usr/lib/avr/include/avr/power.h ****      from this software without specific prior written permission.
  17:/usr/lib/avr/include/avr/power.h **** 
  18:/usr/lib/avr/include/avr/power.h ****   THIS SOFTWARE IS PROVIDED BY THE COPYRIGHT HOLDERS AND CONTRIBUTORS "AS IS"
  19:/usr/lib/avr/include/avr/power.h ****   AND ANY EXPRESS OR IMPLIED WARRANTIES, INCLUDING, BUT NOT LIMITED TO, THE
  20:/usr/lib/avr/include/avr/power.h ****   IMPLIED WARRANTIES OF MERCHANTABILITY AND FITNESS FOR A PARTICULAR PURPOSE
  21:/usr/lib/avr/include/avr/power.h ****   ARE DISCLAIMED. IN NO EVENT SHALL THE COPYRIGHT OWNER OR CONTRIBUTORS BE
  22:/usr/lib/avr/include/avr/power.h ****   LIABLE FOR ANY DIRECT, INDIRECT, INCIDENTAL, SPECIAL, EXEMPLARY, OR
  23:/usr/lib/avr/include/avr/power.h ****   CONSEQUENTIAL DAMAGES (INCLUDING, BUT NOT LIMITED TO, PROCUREMENT OF
  24:/usr/lib/avr/include/avr/power.h ****   SUBSTITUTE GOODS OR SERVICES; LOSS OF USE, DATA, OR PROFITS; OR BUSINESS
  25:/usr/lib/avr/include/avr/power.h ****   INTERRUPTION) HOWEVER CAUSED AND ON ANY THEORY OF LIABILITY, WHETHER IN
  26:/usr/lib/avr/include/avr/power.h ****   CONTRACT, STRICT LIABILITY, OR TORT (INCLUDING NEGLIGENCE OR OTHERWISE)
  27:/usr/lib/avr/include/avr/power.h ****   ARISING IN ANY WAY OUT OF THE USE OF THIS SOFTWARE, EVEN IF ADVISED OF THE
  28:/usr/lib/avr/include/avr/power.h ****   POSSIBILITY OF SUCH DAMAGE. */
  29:/usr/lib/avr/include/avr/power.h **** 
  30:/usr/lib/avr/include/avr/power.h **** /* $Id$ */
  31:/usr/lib/avr/include/avr/power.h **** 
  32:/usr/lib/avr/include/avr/power.h **** #ifndef _AVR_POWER_H_
  33:/usr/lib/avr/include/avr/power.h **** #define _AVR_POWER_H_   1
  34:/usr/lib/avr/include/avr/power.h **** 
  35:/usr/lib/avr/include/avr/power.h **** #include <avr/io.h>
  36:/usr/lib/avr/include/avr/power.h **** #include <stdint.h>
  37:/usr/lib/avr/include/avr/power.h **** 
  38:/usr/lib/avr/include/avr/power.h **** 
  39:/usr/lib/avr/include/avr/power.h **** /** \file */
  40:/usr/lib/avr/include/avr/power.h **** /** \defgroup avr_power <avr/power.h>: Power Reduction Management
  41:/usr/lib/avr/include/avr/power.h **** 
  42:/usr/lib/avr/include/avr/power.h **** \code #include <avr/power.h>\endcode
  43:/usr/lib/avr/include/avr/power.h **** 
  44:/usr/lib/avr/include/avr/power.h **** Many AVRs contain a Power Reduction Register (PRR) or Registers (PRRx) that 
  45:/usr/lib/avr/include/avr/power.h **** allow you to reduce power consumption by disabling or enabling various on-board 
  46:/usr/lib/avr/include/avr/power.h **** peripherals as needed. Some devices have the XTAL Divide Control Register
  47:/usr/lib/avr/include/avr/power.h **** (XDIV) which offer similar functionality as System Clock Prescale
  48:/usr/lib/avr/include/avr/power.h **** Register (CLKPR).
  49:/usr/lib/avr/include/avr/power.h **** 
  50:/usr/lib/avr/include/avr/power.h **** There are many macros in this header file that provide an easy interface
  51:/usr/lib/avr/include/avr/power.h **** to enable or disable on-board peripherals to reduce power. See the table below.
  52:/usr/lib/avr/include/avr/power.h **** 
  53:/usr/lib/avr/include/avr/power.h **** \note Not all AVR devices have a Power Reduction Register (for example
  54:/usr/lib/avr/include/avr/power.h **** the ATmega8). On those devices without a Power Reduction Register, the
  55:/usr/lib/avr/include/avr/power.h **** power reduction macros are not available..
  56:/usr/lib/avr/include/avr/power.h **** 
  57:/usr/lib/avr/include/avr/power.h **** \note Not all AVR devices contain the same peripherals (for example, the LCD
  58:/usr/lib/avr/include/avr/power.h **** interface), or they will be named differently (for example, USART and 
  59:/usr/lib/avr/include/avr/power.h **** USART0). Please consult your device's datasheet, or the header file, to 
  60:/usr/lib/avr/include/avr/power.h **** find out which macros are applicable to your device.
  61:/usr/lib/avr/include/avr/power.h **** 
  62:/usr/lib/avr/include/avr/power.h **** \note For device using the XTAL Divide Control Register (XDIV), when prescaler
  63:/usr/lib/avr/include/avr/power.h **** is used, Timer/Counter0 can only be used in asynchronous mode. Keep in mind
  64:/usr/lib/avr/include/avr/power.h **** that Timer/Counter0 source shall be less than ¼th of peripheral clock.
  65:/usr/lib/avr/include/avr/power.h **** Therefore, when using a typical 32.768 kHz crystal, one shall not scale
  66:/usr/lib/avr/include/avr/power.h **** the clock below 131.072 kHz.
  67:/usr/lib/avr/include/avr/power.h **** 
  68:/usr/lib/avr/include/avr/power.h **** */
  69:/usr/lib/avr/include/avr/power.h **** 
  70:/usr/lib/avr/include/avr/power.h **** 
  71:/usr/lib/avr/include/avr/power.h **** /** \addtogroup avr_power
  72:/usr/lib/avr/include/avr/power.h **** 
  73:/usr/lib/avr/include/avr/power.h **** \anchor avr_powermacros
  74:/usr/lib/avr/include/avr/power.h **** <small>
  75:/usr/lib/avr/include/avr/power.h **** <center>
  76:/usr/lib/avr/include/avr/power.h **** <table border="3">
  77:/usr/lib/avr/include/avr/power.h ****   <tr>
  78:/usr/lib/avr/include/avr/power.h ****     <td width="10%"><strong>Power Macro</strong></td>
  79:/usr/lib/avr/include/avr/power.h ****     <td width="15%"><strong>Description</strong></td>
  80:/usr/lib/avr/include/avr/power.h ****   </tr>
  81:/usr/lib/avr/include/avr/power.h **** 
  82:/usr/lib/avr/include/avr/power.h ****   <tr>
  83:/usr/lib/avr/include/avr/power.h ****     <td>power_aca_disable()</td>
  84:/usr/lib/avr/include/avr/power.h ****     <td>Disable the Analog Comparator on PortA.</td>
  85:/usr/lib/avr/include/avr/power.h ****   </tr>
  86:/usr/lib/avr/include/avr/power.h **** 
  87:/usr/lib/avr/include/avr/power.h ****   <tr>
  88:/usr/lib/avr/include/avr/power.h ****     <td>power_aca_enable()</td>
  89:/usr/lib/avr/include/avr/power.h ****     <td>Enable the Analog Comparator on PortA.</td>
  90:/usr/lib/avr/include/avr/power.h ****   </tr>
  91:/usr/lib/avr/include/avr/power.h **** 
  92:/usr/lib/avr/include/avr/power.h ****   <tr>
  93:/usr/lib/avr/include/avr/power.h ****     <td>power_adc_enable()</td>
  94:/usr/lib/avr/include/avr/power.h ****     <td>Enable the Analog to Digital Converter module.</td>
  95:/usr/lib/avr/include/avr/power.h ****   </tr>
  96:/usr/lib/avr/include/avr/power.h **** 
  97:/usr/lib/avr/include/avr/power.h ****   <tr>
  98:/usr/lib/avr/include/avr/power.h ****     <td>power_adc_disable()</td>
  99:/usr/lib/avr/include/avr/power.h ****     <td>Disable the Analog to Digital Converter module.</td>
 100:/usr/lib/avr/include/avr/power.h ****   </tr>
 101:/usr/lib/avr/include/avr/power.h **** 
 102:/usr/lib/avr/include/avr/power.h ****   <tr>
 103:/usr/lib/avr/include/avr/power.h ****     <td>power_adca_disable()</td>
 104:/usr/lib/avr/include/avr/power.h ****     <td>Disable the Analog to Digital Converter module on PortA</td>
 105:/usr/lib/avr/include/avr/power.h ****   </tr>
 106:/usr/lib/avr/include/avr/power.h **** 
 107:/usr/lib/avr/include/avr/power.h ****   <tr>
 108:/usr/lib/avr/include/avr/power.h ****     <td>power_adca_enable()</td>
 109:/usr/lib/avr/include/avr/power.h ****     <td>Enable the Analog to Digital Converter module on PortA</td>
 110:/usr/lib/avr/include/avr/power.h ****   </tr>
 111:/usr/lib/avr/include/avr/power.h **** 
 112:/usr/lib/avr/include/avr/power.h ****   <tr>
 113:/usr/lib/avr/include/avr/power.h ****     <td>power_evsys_disable()</td>
 114:/usr/lib/avr/include/avr/power.h ****     <td>Disable the EVSYS module</td>
 115:/usr/lib/avr/include/avr/power.h ****   </tr>
 116:/usr/lib/avr/include/avr/power.h **** 
 117:/usr/lib/avr/include/avr/power.h ****   <tr>
 118:/usr/lib/avr/include/avr/power.h ****     <td>power_evsys_enable()</td>
 119:/usr/lib/avr/include/avr/power.h ****     <td>Enable the EVSYS module</td>
 120:/usr/lib/avr/include/avr/power.h ****   </tr>
 121:/usr/lib/avr/include/avr/power.h **** 
 122:/usr/lib/avr/include/avr/power.h ****   <tr>
 123:/usr/lib/avr/include/avr/power.h ****     <td>power_hiresc_disable()</td>
 124:/usr/lib/avr/include/avr/power.h ****     <td>Disable the HIRES module on PortC</td>
 125:/usr/lib/avr/include/avr/power.h ****   </tr>
 126:/usr/lib/avr/include/avr/power.h **** 
 127:/usr/lib/avr/include/avr/power.h ****   <tr>
 128:/usr/lib/avr/include/avr/power.h ****     <td>power_hiresc_enable()</td>
 129:/usr/lib/avr/include/avr/power.h ****     <td>Enable the HIRES module on PortC</td>
 130:/usr/lib/avr/include/avr/power.h ****   </tr>
 131:/usr/lib/avr/include/avr/power.h **** 
 132:/usr/lib/avr/include/avr/power.h ****    <tr>
 133:/usr/lib/avr/include/avr/power.h ****     <td>power_lcd_enable()</td>
 134:/usr/lib/avr/include/avr/power.h ****     <td>Enable the LCD module.</td>
 135:/usr/lib/avr/include/avr/power.h ****   </tr>
 136:/usr/lib/avr/include/avr/power.h **** 
 137:/usr/lib/avr/include/avr/power.h ****   <tr>
 138:/usr/lib/avr/include/avr/power.h ****     <td>power_lcd_disable().</td>
 139:/usr/lib/avr/include/avr/power.h ****     <td>Disable the LCD module.</td>
 140:/usr/lib/avr/include/avr/power.h ****   </tr>
 141:/usr/lib/avr/include/avr/power.h **** 
 142:/usr/lib/avr/include/avr/power.h ****   <tr>
 143:/usr/lib/avr/include/avr/power.h ****     <td>power_pga_enable()</td>
 144:/usr/lib/avr/include/avr/power.h ****     <td>Enable the Programmable Gain Amplifier module.</td>
 145:/usr/lib/avr/include/avr/power.h ****   </tr>
 146:/usr/lib/avr/include/avr/power.h **** 
 147:/usr/lib/avr/include/avr/power.h ****   <tr>
 148:/usr/lib/avr/include/avr/power.h ****     <td>power_pga_disable()</td>
 149:/usr/lib/avr/include/avr/power.h ****     <td>Disable the Programmable Gain Amplifier module.</td>
 150:/usr/lib/avr/include/avr/power.h ****   </tr>
 151:/usr/lib/avr/include/avr/power.h ****   
 152:/usr/lib/avr/include/avr/power.h ****   <tr>
 153:/usr/lib/avr/include/avr/power.h ****     <td>power_pscr_enable()</td>
 154:/usr/lib/avr/include/avr/power.h ****     <td>Enable the Reduced Power Stage Controller module.</td>
 155:/usr/lib/avr/include/avr/power.h ****   </tr>
 156:/usr/lib/avr/include/avr/power.h **** 
 157:/usr/lib/avr/include/avr/power.h ****   <tr>
 158:/usr/lib/avr/include/avr/power.h ****     <td>power_pscr_disable()</td>
 159:/usr/lib/avr/include/avr/power.h ****     <td>Disable the Reduced Power Stage Controller module.</td>
 160:/usr/lib/avr/include/avr/power.h ****   </tr>
 161:/usr/lib/avr/include/avr/power.h **** 
 162:/usr/lib/avr/include/avr/power.h ****   <tr>
 163:/usr/lib/avr/include/avr/power.h ****     <td>power_psc0_enable()</td>
 164:/usr/lib/avr/include/avr/power.h ****     <td>Enable the Power Stage Controller 0 module.</td>
 165:/usr/lib/avr/include/avr/power.h ****   </tr>
 166:/usr/lib/avr/include/avr/power.h **** 
 167:/usr/lib/avr/include/avr/power.h ****   <tr>
 168:/usr/lib/avr/include/avr/power.h ****     <td>power_psc0_disable()</td>
 169:/usr/lib/avr/include/avr/power.h ****     <td>Disable the Power Stage Controller 0 module.</td>
 170:/usr/lib/avr/include/avr/power.h ****   </tr>
 171:/usr/lib/avr/include/avr/power.h **** 
 172:/usr/lib/avr/include/avr/power.h ****   <tr>
 173:/usr/lib/avr/include/avr/power.h ****     <td>power_psc1_enable()</td>
 174:/usr/lib/avr/include/avr/power.h ****     <td>Enable the Power Stage Controller 1 module.</td>
 175:/usr/lib/avr/include/avr/power.h ****   </tr>
 176:/usr/lib/avr/include/avr/power.h **** 
 177:/usr/lib/avr/include/avr/power.h ****   <tr>
 178:/usr/lib/avr/include/avr/power.h ****     <td>power_psc1_disable()</td>
 179:/usr/lib/avr/include/avr/power.h ****     <td>Disable the Power Stage Controller 1 module.</td>
 180:/usr/lib/avr/include/avr/power.h ****   </tr>
 181:/usr/lib/avr/include/avr/power.h **** 
 182:/usr/lib/avr/include/avr/power.h ****   <tr>
 183:/usr/lib/avr/include/avr/power.h ****     <td>power_psc2_enable()</td>
 184:/usr/lib/avr/include/avr/power.h ****     <td>Enable the Power Stage Controller 2 module.</td>
 185:/usr/lib/avr/include/avr/power.h ****   </tr>
 186:/usr/lib/avr/include/avr/power.h **** 
 187:/usr/lib/avr/include/avr/power.h ****   <tr>
 188:/usr/lib/avr/include/avr/power.h ****     <td>power_psc2_disable()</td>
 189:/usr/lib/avr/include/avr/power.h ****     <td>Disable the Power Stage Controller 2 module.</td>
 190:/usr/lib/avr/include/avr/power.h ****   </tr>
 191:/usr/lib/avr/include/avr/power.h **** 
 192:/usr/lib/avr/include/avr/power.h ****   <tr>
 193:/usr/lib/avr/include/avr/power.h ****     <td>power_ram0_enable()</td>
 194:/usr/lib/avr/include/avr/power.h ****     <td>Enable the SRAM block 0 .</td>
 195:/usr/lib/avr/include/avr/power.h ****   </tr>
 196:/usr/lib/avr/include/avr/power.h **** 
 197:/usr/lib/avr/include/avr/power.h ****   <tr>
 198:/usr/lib/avr/include/avr/power.h ****     <td>power_ram0_disable()</td>
 199:/usr/lib/avr/include/avr/power.h ****     <td>Disable the SRAM block 0. </td>
 200:/usr/lib/avr/include/avr/power.h ****   </tr>
 201:/usr/lib/avr/include/avr/power.h **** 
 202:/usr/lib/avr/include/avr/power.h ****   <tr>
 203:/usr/lib/avr/include/avr/power.h ****     <td>power_ram1_enable()</td>
 204:/usr/lib/avr/include/avr/power.h ****     <td>Enable the SRAM block 1 .</td>
 205:/usr/lib/avr/include/avr/power.h ****   </tr>
 206:/usr/lib/avr/include/avr/power.h **** 
 207:/usr/lib/avr/include/avr/power.h ****   <tr>
 208:/usr/lib/avr/include/avr/power.h ****     <td>power_ram1_disable()</td>
 209:/usr/lib/avr/include/avr/power.h ****     <td>Disable the SRAM block 1. </td>
 210:/usr/lib/avr/include/avr/power.h ****   </tr>
 211:/usr/lib/avr/include/avr/power.h **** 
 212:/usr/lib/avr/include/avr/power.h ****   <tr>
 213:/usr/lib/avr/include/avr/power.h ****     <td>power_ram2_enable()</td>
 214:/usr/lib/avr/include/avr/power.h ****     <td>Enable the SRAM block 2 .</td>
 215:/usr/lib/avr/include/avr/power.h ****   </tr>
 216:/usr/lib/avr/include/avr/power.h **** 
 217:/usr/lib/avr/include/avr/power.h ****   <tr>
 218:/usr/lib/avr/include/avr/power.h ****     <td>power_ram2_disable()</td>
 219:/usr/lib/avr/include/avr/power.h ****     <td>Disable the SRAM block 2. </td>
 220:/usr/lib/avr/include/avr/power.h ****   </tr>
 221:/usr/lib/avr/include/avr/power.h **** 
 222:/usr/lib/avr/include/avr/power.h ****   <tr>
 223:/usr/lib/avr/include/avr/power.h ****     <td>power_ram3_enable()</td>
 224:/usr/lib/avr/include/avr/power.h ****     <td>Enable the SRAM block 3 .</td>
 225:/usr/lib/avr/include/avr/power.h ****   </tr>
 226:/usr/lib/avr/include/avr/power.h **** 
 227:/usr/lib/avr/include/avr/power.h ****   <tr>
 228:/usr/lib/avr/include/avr/power.h ****     <td>power_ram3_disable()</td>
 229:/usr/lib/avr/include/avr/power.h ****     <td>Disable the SRAM block 3. </td>
 230:/usr/lib/avr/include/avr/power.h ****   </tr>
 231:/usr/lib/avr/include/avr/power.h **** 
 232:/usr/lib/avr/include/avr/power.h ****   <tr>
 233:/usr/lib/avr/include/avr/power.h ****     <td>power_rtc_disable()</td>
 234:/usr/lib/avr/include/avr/power.h ****     <td>Disable the RTC module</td>
 235:/usr/lib/avr/include/avr/power.h ****   </tr>
 236:/usr/lib/avr/include/avr/power.h **** 
 237:/usr/lib/avr/include/avr/power.h ****   <tr>
 238:/usr/lib/avr/include/avr/power.h ****     <td>power_rtc_enable()</td>
 239:/usr/lib/avr/include/avr/power.h ****     <td>Enable the RTC module</td>
 240:/usr/lib/avr/include/avr/power.h ****   </tr>
 241:/usr/lib/avr/include/avr/power.h **** 
 242:/usr/lib/avr/include/avr/power.h ****   <tr>
 243:/usr/lib/avr/include/avr/power.h ****     <td>power_spi_enable()</td>
 244:/usr/lib/avr/include/avr/power.h ****     <td>Enable the Serial Peripheral Interface module.</td>
 245:/usr/lib/avr/include/avr/power.h ****   </tr>
 246:/usr/lib/avr/include/avr/power.h **** 
 247:/usr/lib/avr/include/avr/power.h ****   <tr>
 248:/usr/lib/avr/include/avr/power.h ****     <td>power_spi_disable()</td>
 249:/usr/lib/avr/include/avr/power.h ****     <td>Disable the Serial Peripheral Interface module.</td>
 250:/usr/lib/avr/include/avr/power.h ****   </tr>
 251:/usr/lib/avr/include/avr/power.h **** 
 252:/usr/lib/avr/include/avr/power.h ****   <tr>
 253:/usr/lib/avr/include/avr/power.h ****     <td>power_spic_disable()</td>
 254:/usr/lib/avr/include/avr/power.h ****     <td>Disable the SPI module on PortC</td>
 255:/usr/lib/avr/include/avr/power.h ****   </tr>
 256:/usr/lib/avr/include/avr/power.h **** 
 257:/usr/lib/avr/include/avr/power.h ****   <tr>
 258:/usr/lib/avr/include/avr/power.h ****     <td>power_spic_enable()</td>
 259:/usr/lib/avr/include/avr/power.h ****     <td>Enable the SPI module on PortC</td>
 260:/usr/lib/avr/include/avr/power.h ****   </tr>
 261:/usr/lib/avr/include/avr/power.h **** 
 262:/usr/lib/avr/include/avr/power.h ****   <tr>
 263:/usr/lib/avr/include/avr/power.h ****     <td>power_spid_disable()</td>
 264:/usr/lib/avr/include/avr/power.h ****     <td>Disable the SPI module on PortD</td>
 265:/usr/lib/avr/include/avr/power.h ****   </tr>
 266:/usr/lib/avr/include/avr/power.h **** 
 267:/usr/lib/avr/include/avr/power.h ****   <tr>
 268:/usr/lib/avr/include/avr/power.h ****     <td>power_spid_enable()</td>
 269:/usr/lib/avr/include/avr/power.h ****     <td>Enable the SPI module on PortD</td>
 270:/usr/lib/avr/include/avr/power.h ****   </tr>
 271:/usr/lib/avr/include/avr/power.h **** 
 272:/usr/lib/avr/include/avr/power.h ****   <tr>
 273:/usr/lib/avr/include/avr/power.h ****     <td>power_tc0c_disable()</td>
 274:/usr/lib/avr/include/avr/power.h ****     <td>Disable the TC0 module on PortC</td>
 275:/usr/lib/avr/include/avr/power.h ****   </tr>
 276:/usr/lib/avr/include/avr/power.h **** 
 277:/usr/lib/avr/include/avr/power.h ****   <tr>
 278:/usr/lib/avr/include/avr/power.h ****     <td>power_tc0c_enable()</td>
 279:/usr/lib/avr/include/avr/power.h ****     <td>Enable the TC0 module on PortC</td>
 280:/usr/lib/avr/include/avr/power.h ****   </tr>
 281:/usr/lib/avr/include/avr/power.h **** 
 282:/usr/lib/avr/include/avr/power.h ****   <tr>
 283:/usr/lib/avr/include/avr/power.h ****     <td>power_tc0d_disable()</td>
 284:/usr/lib/avr/include/avr/power.h ****     <td>Disable the TC0 module on PortD</td>
 285:/usr/lib/avr/include/avr/power.h ****   </tr>
 286:/usr/lib/avr/include/avr/power.h **** 
 287:/usr/lib/avr/include/avr/power.h ****   <tr>
 288:/usr/lib/avr/include/avr/power.h ****     <td>power_tc0d_enable()</td>
 289:/usr/lib/avr/include/avr/power.h ****     <td>Enable the TC0 module on PortD</td>
 290:/usr/lib/avr/include/avr/power.h ****   </tr>
 291:/usr/lib/avr/include/avr/power.h **** 
 292:/usr/lib/avr/include/avr/power.h ****   <tr>
 293:/usr/lib/avr/include/avr/power.h ****     <td>power_tc0e_disable()</td>
 294:/usr/lib/avr/include/avr/power.h ****     <td>Disable the TC0 module on PortE</td>
 295:/usr/lib/avr/include/avr/power.h ****   </tr>
 296:/usr/lib/avr/include/avr/power.h **** 
 297:/usr/lib/avr/include/avr/power.h ****   <tr>
 298:/usr/lib/avr/include/avr/power.h ****     <td>power_tc0e_enable()</td>
 299:/usr/lib/avr/include/avr/power.h ****     <td>Enable the TC0 module on PortE</td>
 300:/usr/lib/avr/include/avr/power.h ****   </tr>
 301:/usr/lib/avr/include/avr/power.h **** 
 302:/usr/lib/avr/include/avr/power.h ****   <tr>
 303:/usr/lib/avr/include/avr/power.h ****     <td>power_tc0f_disable()</td>
 304:/usr/lib/avr/include/avr/power.h ****     <td>Disable the TC0 module on PortF</td>
 305:/usr/lib/avr/include/avr/power.h ****   </tr>
 306:/usr/lib/avr/include/avr/power.h **** 
 307:/usr/lib/avr/include/avr/power.h ****   <tr>
 308:/usr/lib/avr/include/avr/power.h ****     <td>power_tc0f_enable()</td>
 309:/usr/lib/avr/include/avr/power.h ****     <td>Enable the TC0 module on PortF</td>
 310:/usr/lib/avr/include/avr/power.h ****   </tr>
 311:/usr/lib/avr/include/avr/power.h **** 
 312:/usr/lib/avr/include/avr/power.h ****   <tr>
 313:/usr/lib/avr/include/avr/power.h ****     <td>power_tc1c_disable()</td>
 314:/usr/lib/avr/include/avr/power.h ****     <td>Disable the TC1 module on PortC</td>
 315:/usr/lib/avr/include/avr/power.h ****   </tr>
 316:/usr/lib/avr/include/avr/power.h **** 
 317:/usr/lib/avr/include/avr/power.h ****   <tr>
 318:/usr/lib/avr/include/avr/power.h ****     <td>power_tc1c_enable()</td>
 319:/usr/lib/avr/include/avr/power.h ****     <td>Enable the TC1 module on PortC</td>
 320:/usr/lib/avr/include/avr/power.h ****   </tr>
 321:/usr/lib/avr/include/avr/power.h **** 
 322:/usr/lib/avr/include/avr/power.h ****   <tr>
 323:/usr/lib/avr/include/avr/power.h ****     <td>power_twic_disable()</td>
 324:/usr/lib/avr/include/avr/power.h ****     <td>Disable the Two Wire Interface module on PortC</td>
 325:/usr/lib/avr/include/avr/power.h ****   </tr>
 326:/usr/lib/avr/include/avr/power.h **** 
 327:/usr/lib/avr/include/avr/power.h ****   <tr>
 328:/usr/lib/avr/include/avr/power.h ****     <td>power_twic_enable()</td>
 329:/usr/lib/avr/include/avr/power.h ****     <td>Enable the Two Wire Interface module on PortC</td>
 330:/usr/lib/avr/include/avr/power.h ****   </tr>
 331:/usr/lib/avr/include/avr/power.h **** 
 332:/usr/lib/avr/include/avr/power.h ****   <tr>
 333:/usr/lib/avr/include/avr/power.h ****     <td>power_twie_disable()</td>
 334:/usr/lib/avr/include/avr/power.h ****     <td>Disable the Two Wire Interface module on PortE</td>
 335:/usr/lib/avr/include/avr/power.h ****   </tr>
 336:/usr/lib/avr/include/avr/power.h **** 
 337:/usr/lib/avr/include/avr/power.h ****   <tr>
 338:/usr/lib/avr/include/avr/power.h ****     <td>power_twie_enable()</td>
 339:/usr/lib/avr/include/avr/power.h ****     <td>Enable the Two Wire Interface module on PortE</td>
 340:/usr/lib/avr/include/avr/power.h ****   </tr>
 341:/usr/lib/avr/include/avr/power.h **** 
 342:/usr/lib/avr/include/avr/power.h ****   <tr>
 343:/usr/lib/avr/include/avr/power.h ****     <td>power_timer0_enable()</td>
 344:/usr/lib/avr/include/avr/power.h ****     <td>Enable the Timer 0 module.</td>
 345:/usr/lib/avr/include/avr/power.h ****   </tr>
 346:/usr/lib/avr/include/avr/power.h **** 
 347:/usr/lib/avr/include/avr/power.h ****   <tr>
 348:/usr/lib/avr/include/avr/power.h ****     <td>power_timer0_disable()</td>
 349:/usr/lib/avr/include/avr/power.h ****     <td>Disable the Timer 0 module.</td>
 350:/usr/lib/avr/include/avr/power.h ****   </tr>
 351:/usr/lib/avr/include/avr/power.h **** 
 352:/usr/lib/avr/include/avr/power.h ****   <tr>
 353:/usr/lib/avr/include/avr/power.h ****     <td>power_timer1_enable()</td>
 354:/usr/lib/avr/include/avr/power.h ****     <td>Enable the Timer 1 module.</td>
 355:/usr/lib/avr/include/avr/power.h ****   </tr>
 356:/usr/lib/avr/include/avr/power.h **** 
 357:/usr/lib/avr/include/avr/power.h ****   <tr>
 358:/usr/lib/avr/include/avr/power.h ****     <td>power_timer1_disable()</td>
 359:/usr/lib/avr/include/avr/power.h ****     <td>Disable the Timer 1 module.</td>
 360:/usr/lib/avr/include/avr/power.h ****   </tr>
 361:/usr/lib/avr/include/avr/power.h **** 
 362:/usr/lib/avr/include/avr/power.h ****   <tr>
 363:/usr/lib/avr/include/avr/power.h ****     <td>power_timer2_enable()</td>
 364:/usr/lib/avr/include/avr/power.h ****     <td>Enable the Timer 2 module.</td>
 365:/usr/lib/avr/include/avr/power.h ****   </tr>
 366:/usr/lib/avr/include/avr/power.h **** 
 367:/usr/lib/avr/include/avr/power.h ****   <tr>
 368:/usr/lib/avr/include/avr/power.h ****     <td>power_timer2_disable()</td>
 369:/usr/lib/avr/include/avr/power.h ****     <td>Disable the Timer 2 module.</td>
 370:/usr/lib/avr/include/avr/power.h ****   </tr>
 371:/usr/lib/avr/include/avr/power.h **** 
 372:/usr/lib/avr/include/avr/power.h ****   <tr>
 373:/usr/lib/avr/include/avr/power.h ****     <td>power_timer3_enable()</td>
 374:/usr/lib/avr/include/avr/power.h ****     <td>Enable the Timer 3 module.</td>
 375:/usr/lib/avr/include/avr/power.h ****   </tr>
 376:/usr/lib/avr/include/avr/power.h **** 
 377:/usr/lib/avr/include/avr/power.h ****   <tr>
 378:/usr/lib/avr/include/avr/power.h ****     <td>power_timer3_disable()</td>
 379:/usr/lib/avr/include/avr/power.h ****     <td>Disable the Timer 3 module.</td>
 380:/usr/lib/avr/include/avr/power.h ****   </tr>
 381:/usr/lib/avr/include/avr/power.h **** 
 382:/usr/lib/avr/include/avr/power.h ****   <tr>
 383:/usr/lib/avr/include/avr/power.h ****     <td>power_timer4_enable()</td>
 384:/usr/lib/avr/include/avr/power.h ****     <td>Enable the Timer 4 module.</td>
 385:/usr/lib/avr/include/avr/power.h ****   </tr>
 386:/usr/lib/avr/include/avr/power.h **** 
 387:/usr/lib/avr/include/avr/power.h ****   <tr>
 388:/usr/lib/avr/include/avr/power.h ****     <td>power_timer4_disable()</td>
 389:/usr/lib/avr/include/avr/power.h ****     <td>Disable the Timer 4 module.</td>
 390:/usr/lib/avr/include/avr/power.h ****   </tr>
 391:/usr/lib/avr/include/avr/power.h **** 
 392:/usr/lib/avr/include/avr/power.h ****   <tr>
 393:/usr/lib/avr/include/avr/power.h ****     <td>power_timer5_enable()</td>
 394:/usr/lib/avr/include/avr/power.h ****     <td>Enable the Timer 5 module.</td>
 395:/usr/lib/avr/include/avr/power.h ****   </tr>
 396:/usr/lib/avr/include/avr/power.h **** 
 397:/usr/lib/avr/include/avr/power.h ****   <tr>
 398:/usr/lib/avr/include/avr/power.h ****     <td>power_timer5_disable()</td>
 399:/usr/lib/avr/include/avr/power.h ****     <td>Disable the Timer 5 module.</td>
 400:/usr/lib/avr/include/avr/power.h ****   </tr>
 401:/usr/lib/avr/include/avr/power.h **** 
 402:/usr/lib/avr/include/avr/power.h ****   <tr>
 403:/usr/lib/avr/include/avr/power.h ****     <td>power_twi_enable()</td>
 404:/usr/lib/avr/include/avr/power.h ****     <td>Enable the Two Wire Interface module.</td>
 405:/usr/lib/avr/include/avr/power.h ****   </tr>
 406:/usr/lib/avr/include/avr/power.h **** 
 407:/usr/lib/avr/include/avr/power.h ****   <tr>
 408:/usr/lib/avr/include/avr/power.h ****     <td>power_twi_disable()</td>
 409:/usr/lib/avr/include/avr/power.h ****     <td>Disable the Two Wire Interface module.</td>
 410:/usr/lib/avr/include/avr/power.h ****   </tr>
 411:/usr/lib/avr/include/avr/power.h **** 
 412:/usr/lib/avr/include/avr/power.h ****   <tr>
 413:/usr/lib/avr/include/avr/power.h ****     <td>power_usart_enable()</td>
 414:/usr/lib/avr/include/avr/power.h ****     <td>Enable the USART module.</td>
 415:/usr/lib/avr/include/avr/power.h ****   </tr>
 416:/usr/lib/avr/include/avr/power.h **** 
 417:/usr/lib/avr/include/avr/power.h ****   <tr>
 418:/usr/lib/avr/include/avr/power.h ****     <td>power_usart_disable()</td>
 419:/usr/lib/avr/include/avr/power.h ****     <td>Disable the USART module.</td>
 420:/usr/lib/avr/include/avr/power.h ****   </tr>
 421:/usr/lib/avr/include/avr/power.h **** 
 422:/usr/lib/avr/include/avr/power.h ****   <tr>
 423:/usr/lib/avr/include/avr/power.h ****     <td>power_usart0_enable()</td>
 424:/usr/lib/avr/include/avr/power.h ****     <td>Enable the USART 0 module.</td>
 425:/usr/lib/avr/include/avr/power.h ****   </tr>
 426:/usr/lib/avr/include/avr/power.h **** 
 427:/usr/lib/avr/include/avr/power.h ****   <tr>
 428:/usr/lib/avr/include/avr/power.h ****     <td>power_usart0_disable()</td>
 429:/usr/lib/avr/include/avr/power.h ****     <td>Disable the USART 0 module.</td>
 430:/usr/lib/avr/include/avr/power.h ****   </tr>
 431:/usr/lib/avr/include/avr/power.h **** 
 432:/usr/lib/avr/include/avr/power.h ****   <tr>
 433:/usr/lib/avr/include/avr/power.h ****     <td>power_usart1_enable()</td>
 434:/usr/lib/avr/include/avr/power.h ****     <td>Enable the USART 1 module.</td>
 435:/usr/lib/avr/include/avr/power.h ****   </tr>
 436:/usr/lib/avr/include/avr/power.h **** 
 437:/usr/lib/avr/include/avr/power.h ****   <tr>
 438:/usr/lib/avr/include/avr/power.h ****     <td>power_usart1_disable()</td>
 439:/usr/lib/avr/include/avr/power.h ****     <td>Disable the USART 1 module.</td>
 440:/usr/lib/avr/include/avr/power.h ****   </tr>
 441:/usr/lib/avr/include/avr/power.h **** 
 442:/usr/lib/avr/include/avr/power.h ****   <tr>
 443:/usr/lib/avr/include/avr/power.h ****     <td>power_usart2_enable()</td>
 444:/usr/lib/avr/include/avr/power.h ****     <td>Enable the USART 2 module.</td>
 445:/usr/lib/avr/include/avr/power.h ****   </tr>
 446:/usr/lib/avr/include/avr/power.h **** 
 447:/usr/lib/avr/include/avr/power.h ****   <tr>
 448:/usr/lib/avr/include/avr/power.h ****     <td>power_usart2_disable()</td>
 449:/usr/lib/avr/include/avr/power.h ****     <td>Disable the USART 2 module.</td>
 450:/usr/lib/avr/include/avr/power.h ****   </tr>
 451:/usr/lib/avr/include/avr/power.h **** 
 452:/usr/lib/avr/include/avr/power.h ****   <tr>
 453:/usr/lib/avr/include/avr/power.h ****     <td>power_usart3_enable()</td>
 454:/usr/lib/avr/include/avr/power.h ****     <td>Enable the USART 3 module.</td>
 455:/usr/lib/avr/include/avr/power.h ****   </tr>
 456:/usr/lib/avr/include/avr/power.h **** 
 457:/usr/lib/avr/include/avr/power.h ****   <tr>
 458:/usr/lib/avr/include/avr/power.h ****     <td>power_usart3_disable()</td>
 459:/usr/lib/avr/include/avr/power.h ****     <td>Disable the USART 3 module.</td>
 460:/usr/lib/avr/include/avr/power.h ****   </tr>
 461:/usr/lib/avr/include/avr/power.h **** 
 462:/usr/lib/avr/include/avr/power.h ****   <tr>
 463:/usr/lib/avr/include/avr/power.h ****     <td>power_usartc0_disable()</td>
 464:/usr/lib/avr/include/avr/power.h ****     <td> Disable the USART0 module on PortC</td>
 465:/usr/lib/avr/include/avr/power.h ****   </tr>
 466:/usr/lib/avr/include/avr/power.h **** 
 467:/usr/lib/avr/include/avr/power.h ****   <tr>
 468:/usr/lib/avr/include/avr/power.h ****     <td>power_usartc0_enable()</td>
 469:/usr/lib/avr/include/avr/power.h ****     <td> Enable the USART0 module on PortC</td>
 470:/usr/lib/avr/include/avr/power.h ****   </tr>
 471:/usr/lib/avr/include/avr/power.h **** 
 472:/usr/lib/avr/include/avr/power.h ****   <tr>
 473:/usr/lib/avr/include/avr/power.h ****     <td>power_usartd0_disable()</td>
 474:/usr/lib/avr/include/avr/power.h ****     <td> Disable the USART0 module on PortD</td>
 475:/usr/lib/avr/include/avr/power.h ****   </tr>
 476:/usr/lib/avr/include/avr/power.h **** 
 477:/usr/lib/avr/include/avr/power.h ****   <tr>
 478:/usr/lib/avr/include/avr/power.h ****     <td>power_usartd0_enable()</td>
 479:/usr/lib/avr/include/avr/power.h ****     <td> Enable the USART0 module on PortD</td>
 480:/usr/lib/avr/include/avr/power.h ****   </tr>
 481:/usr/lib/avr/include/avr/power.h **** 
 482:/usr/lib/avr/include/avr/power.h ****   <tr>
 483:/usr/lib/avr/include/avr/power.h ****     <td>power_usarte0_disable()</td>
 484:/usr/lib/avr/include/avr/power.h ****     <td> Disable the USART0 module on PortE</td>
 485:/usr/lib/avr/include/avr/power.h ****   </tr>
 486:/usr/lib/avr/include/avr/power.h **** 
 487:/usr/lib/avr/include/avr/power.h ****   <tr>
 488:/usr/lib/avr/include/avr/power.h ****     <td>power_usarte0_enable()</td>
 489:/usr/lib/avr/include/avr/power.h ****     <td> Enable the USART0 module on PortE</td>
 490:/usr/lib/avr/include/avr/power.h ****   </tr>
 491:/usr/lib/avr/include/avr/power.h **** 
 492:/usr/lib/avr/include/avr/power.h ****   <tr>
 493:/usr/lib/avr/include/avr/power.h ****     <td>power_usartf0_disable()</td>
 494:/usr/lib/avr/include/avr/power.h ****     <td> Disable the USART0 module on PortF</td>
 495:/usr/lib/avr/include/avr/power.h ****   </tr>
 496:/usr/lib/avr/include/avr/power.h **** 
 497:/usr/lib/avr/include/avr/power.h ****   <tr>
 498:/usr/lib/avr/include/avr/power.h ****     <td>power_usartf0_enable()</td>
 499:/usr/lib/avr/include/avr/power.h ****     <td> Enable the USART0 module on PortF</td>
 500:/usr/lib/avr/include/avr/power.h ****   </tr>
 501:/usr/lib/avr/include/avr/power.h **** 
 502:/usr/lib/avr/include/avr/power.h ****   <tr>
 503:/usr/lib/avr/include/avr/power.h ****     <td>power_usb_enable()</td>
 504:/usr/lib/avr/include/avr/power.h ****     <td>Enable the USB module.</td>
 505:/usr/lib/avr/include/avr/power.h ****   </tr>
 506:/usr/lib/avr/include/avr/power.h **** 
 507:/usr/lib/avr/include/avr/power.h ****   <tr>
 508:/usr/lib/avr/include/avr/power.h ****     <td>power_usb_disable()</td>
 509:/usr/lib/avr/include/avr/power.h ****     <td>Disable the USB module.</td>
 510:/usr/lib/avr/include/avr/power.h ****   </tr>
 511:/usr/lib/avr/include/avr/power.h **** 
 512:/usr/lib/avr/include/avr/power.h ****   <tr>
 513:/usr/lib/avr/include/avr/power.h ****     <td>power_usi_enable()</td>
 514:/usr/lib/avr/include/avr/power.h ****     <td>Enable the Universal Serial Interface module.</td>
 515:/usr/lib/avr/include/avr/power.h ****   </tr>
 516:/usr/lib/avr/include/avr/power.h **** 
 517:/usr/lib/avr/include/avr/power.h ****   <tr>
 518:/usr/lib/avr/include/avr/power.h ****     <td>power_usi_disable()</td>
 519:/usr/lib/avr/include/avr/power.h ****     <td>Disable the Universal Serial Interface module.</td>
 520:/usr/lib/avr/include/avr/power.h ****   </tr>
 521:/usr/lib/avr/include/avr/power.h **** 
 522:/usr/lib/avr/include/avr/power.h ****   <tr>
 523:/usr/lib/avr/include/avr/power.h ****     <td>power_vadc_enable()</td>
 524:/usr/lib/avr/include/avr/power.h ****     <td>Enable the Voltage ADC module.</td>
 525:/usr/lib/avr/include/avr/power.h ****   </tr>
 526:/usr/lib/avr/include/avr/power.h **** 
 527:/usr/lib/avr/include/avr/power.h ****   <tr>
 528:/usr/lib/avr/include/avr/power.h ****     <td>power_vadc_disable()</td>
 529:/usr/lib/avr/include/avr/power.h ****     <td>Disable the Voltage ADC module.</td>
 530:/usr/lib/avr/include/avr/power.h ****   </tr>
 531:/usr/lib/avr/include/avr/power.h **** 
 532:/usr/lib/avr/include/avr/power.h ****   <tr>
 533:/usr/lib/avr/include/avr/power.h ****     <td>power_all_enable()</td>
 534:/usr/lib/avr/include/avr/power.h ****     <td>Enable all modules.</td>
 535:/usr/lib/avr/include/avr/power.h ****   </tr>
 536:/usr/lib/avr/include/avr/power.h **** 
 537:/usr/lib/avr/include/avr/power.h ****   <tr>
 538:/usr/lib/avr/include/avr/power.h ****     <td>power_all_disable()</td>
 539:/usr/lib/avr/include/avr/power.h ****     <td>Disable all modules.</td>
 540:/usr/lib/avr/include/avr/power.h ****   </tr>
 541:/usr/lib/avr/include/avr/power.h **** </table>
 542:/usr/lib/avr/include/avr/power.h **** </center>
 543:/usr/lib/avr/include/avr/power.h **** </small>
 544:/usr/lib/avr/include/avr/power.h **** 
 545:/usr/lib/avr/include/avr/power.h **** @} */
 546:/usr/lib/avr/include/avr/power.h **** 
 547:/usr/lib/avr/include/avr/power.h **** #if defined(__AVR_HAVE_PRR_PRADC)
 548:/usr/lib/avr/include/avr/power.h **** #define power_adc_enable()      (PRR &= (uint8_t)~(1 << PRADC))
 549:/usr/lib/avr/include/avr/power.h **** #define power_adc_disable()     (PRR |= (uint8_t)(1 << PRADC))
 550:/usr/lib/avr/include/avr/power.h **** #endif
 551:/usr/lib/avr/include/avr/power.h **** 
 552:/usr/lib/avr/include/avr/power.h **** #if defined(__AVR_HAVE_PRR_PRCAN)
 553:/usr/lib/avr/include/avr/power.h **** #define power_can_enable()      (PRR &= (uint8_t)~(1 << PRCAN))
 554:/usr/lib/avr/include/avr/power.h **** #define power_can_disable()     (PRR |= (uint8_t)(1 << PRCAN))
 555:/usr/lib/avr/include/avr/power.h **** #endif
 556:/usr/lib/avr/include/avr/power.h **** 
 557:/usr/lib/avr/include/avr/power.h **** #if defined(__AVR_HAVE_PRR_PRLCD)
 558:/usr/lib/avr/include/avr/power.h **** #define power_lcd_enable()      (PRR &= (uint8_t)~(1 << PRLCD))
 559:/usr/lib/avr/include/avr/power.h **** #define power_lcd_disable()     (PRR |= (uint8_t)(1 << PRLCD))
 560:/usr/lib/avr/include/avr/power.h **** #endif
 561:/usr/lib/avr/include/avr/power.h **** 
 562:/usr/lib/avr/include/avr/power.h **** #if defined(__AVR_HAVE_PRR_PRLIN)
 563:/usr/lib/avr/include/avr/power.h **** #define power_lin_enable()      (PRR &= (uint8_t)~(1 << PRLIN))
 564:/usr/lib/avr/include/avr/power.h **** #define power_lin_disable()     (PRR |= (uint8_t)(1 << PRLIN))
 565:/usr/lib/avr/include/avr/power.h **** #endif
 566:/usr/lib/avr/include/avr/power.h **** 
 567:/usr/lib/avr/include/avr/power.h **** #if defined(__AVR_HAVE_PRR_PRPSC)
 568:/usr/lib/avr/include/avr/power.h **** #define power_psc_enable()      (PRR &= (uint8_t)~(1 << PRPSC))
 569:/usr/lib/avr/include/avr/power.h **** #define power_psc_disable()     (PRR |= (uint8_t)(1 << PRPSC))
 570:/usr/lib/avr/include/avr/power.h **** #endif
 571:/usr/lib/avr/include/avr/power.h **** 
 572:/usr/lib/avr/include/avr/power.h **** #if defined(__AVR_HAVE_PRR_PRPSC0)
 573:/usr/lib/avr/include/avr/power.h **** #define power_psc0_enable()     (PRR &= (uint8_t)~(1 << PRPSC0))
 574:/usr/lib/avr/include/avr/power.h **** #define power_psc0_disable()    (PRR |= (uint8_t)(1 << PRPSC0))
 575:/usr/lib/avr/include/avr/power.h **** #endif
 576:/usr/lib/avr/include/avr/power.h **** 
 577:/usr/lib/avr/include/avr/power.h **** #if defined(__AVR_HAVE_PRR_PRPSC1)
 578:/usr/lib/avr/include/avr/power.h **** #define power_psc1_enable()     (PRR &= (uint8_t)~(1 << PRPSC1))
 579:/usr/lib/avr/include/avr/power.h **** #define power_psc1_disable()    (PRR |= (uint8_t)(1 << PRPSC1))
 580:/usr/lib/avr/include/avr/power.h **** #endif
 581:/usr/lib/avr/include/avr/power.h **** 
 582:/usr/lib/avr/include/avr/power.h **** #if defined(__AVR_HAVE_PRR_PRPSC2)
 583:/usr/lib/avr/include/avr/power.h **** #define power_psc2_enable()     (PRR &= (uint8_t)~(1 << PRPSC2))
 584:/usr/lib/avr/include/avr/power.h **** #define power_psc2_disable()    (PRR |= (uint8_t)(1 << PRPSC2))
 585:/usr/lib/avr/include/avr/power.h **** #endif
 586:/usr/lib/avr/include/avr/power.h **** 
 587:/usr/lib/avr/include/avr/power.h **** #if defined(__AVR_HAVE_PRR_PRPSCR)
 588:/usr/lib/avr/include/avr/power.h **** #define power_pscr_enable()     (PRR &= (uint8_t)~(1 << PRPSCR))
 589:/usr/lib/avr/include/avr/power.h **** #define power_pscr_disable()    (PRR |= (uint8_t)(1 << PRPSCR))
 590:/usr/lib/avr/include/avr/power.h **** #endif
 591:/usr/lib/avr/include/avr/power.h **** 
 592:/usr/lib/avr/include/avr/power.h **** #if defined(__AVR_HAVE_PRR_PRSPI)
 593:/usr/lib/avr/include/avr/power.h **** #define power_spi_enable()      (PRR &= (uint8_t)~(1 << PRSPI))
 594:/usr/lib/avr/include/avr/power.h **** #define power_spi_disable()     (PRR |= (uint8_t)(1 << PRSPI))
 595:/usr/lib/avr/include/avr/power.h **** #endif
 596:/usr/lib/avr/include/avr/power.h **** 
 597:/usr/lib/avr/include/avr/power.h **** #if defined(__AVR_HAVE_PRR_PRTIM0)
 598:/usr/lib/avr/include/avr/power.h **** #define power_timer0_enable()   (PRR &= (uint8_t)~(1 << PRTIM0))
 599:/usr/lib/avr/include/avr/power.h **** #define power_timer0_disable()  (PRR |= (uint8_t)(1 << PRTIM0))
 600:/usr/lib/avr/include/avr/power.h **** #endif
 601:/usr/lib/avr/include/avr/power.h **** 
 602:/usr/lib/avr/include/avr/power.h **** #if defined(__AVR_HAVE_PRR_PRTIM1)
 603:/usr/lib/avr/include/avr/power.h **** #define power_timer1_enable()   (PRR &= (uint8_t)~(1 << PRTIM1))
 604:/usr/lib/avr/include/avr/power.h **** #define power_timer1_disable()  (PRR |= (uint8_t)(1 << PRTIM1))
 605:/usr/lib/avr/include/avr/power.h **** #endif
 606:/usr/lib/avr/include/avr/power.h **** 
 607:/usr/lib/avr/include/avr/power.h **** #if defined(__AVR_HAVE_PRR_PRTIM2)
 608:/usr/lib/avr/include/avr/power.h **** #define power_timer2_enable()   (PRR &= (uint8_t)~(1 << PRTIM2))
 609:/usr/lib/avr/include/avr/power.h **** #define power_timer2_disable()  (PRR |= (uint8_t)(1 << PRTIM2))
 610:/usr/lib/avr/include/avr/power.h **** #endif
 611:/usr/lib/avr/include/avr/power.h **** 
 612:/usr/lib/avr/include/avr/power.h **** #if defined(__AVR_HAVE_PRR_PRTWI)
 613:/usr/lib/avr/include/avr/power.h **** #define power_twi_enable()      (PRR &= (uint8_t)~(1 << PRTWI))
 614:/usr/lib/avr/include/avr/power.h **** #define power_twi_disable()     (PRR |= (uint8_t)(1 << PRTWI))
 615:/usr/lib/avr/include/avr/power.h **** #endif
 616:/usr/lib/avr/include/avr/power.h **** 
 617:/usr/lib/avr/include/avr/power.h **** #if defined(__AVR_HAVE_PRR_PRUSART)
 618:/usr/lib/avr/include/avr/power.h **** #define power_usart_enable()    (PRR &= (uint8_t)~(1 << PRUSART))
 619:/usr/lib/avr/include/avr/power.h **** #define power_usart_disable()   (PRR |= (uint8_t)(1 << PRUSART))
 620:/usr/lib/avr/include/avr/power.h **** #endif
 621:/usr/lib/avr/include/avr/power.h **** 
 622:/usr/lib/avr/include/avr/power.h **** #if defined(__AVR_HAVE_PRR_PRUSART0)
 623:/usr/lib/avr/include/avr/power.h **** #define power_usart0_enable()   (PRR &= (uint8_t)~(1 << PRUSART0))
 624:/usr/lib/avr/include/avr/power.h **** #define power_usart0_disable()  (PRR |= (uint8_t)(1 << PRUSART0))
 625:/usr/lib/avr/include/avr/power.h **** #endif
 626:/usr/lib/avr/include/avr/power.h **** 
 627:/usr/lib/avr/include/avr/power.h **** #if defined(__AVR_HAVE_PRR_PRUSART1)
 628:/usr/lib/avr/include/avr/power.h **** #define power_usart1_enable()   (PRR &= (uint8_t)~(1 << PRUSART1))
 629:/usr/lib/avr/include/avr/power.h **** #define power_usart1_disable()  (PRR |= (uint8_t)(1 << PRUSART1))
 630:/usr/lib/avr/include/avr/power.h **** #endif
 631:/usr/lib/avr/include/avr/power.h **** 
 632:/usr/lib/avr/include/avr/power.h **** #if defined(__AVR_HAVE_PRR_PRUSI)
 633:/usr/lib/avr/include/avr/power.h **** #define power_usi_enable()      (PRR &= (uint8_t)~(1 << PRUSI))
 634:/usr/lib/avr/include/avr/power.h **** #define power_usi_disable()     (PRR |= (uint8_t)(1 << PRUSI))
 635:/usr/lib/avr/include/avr/power.h **** #endif
 636:/usr/lib/avr/include/avr/power.h **** 
 637:/usr/lib/avr/include/avr/power.h **** #if defined(__AVR_HAVE_PRR0_PRADC)
 638:/usr/lib/avr/include/avr/power.h **** #define power_adc_enable()      (PRR0 &= (uint8_t)~(1 << PRADC))
 639:/usr/lib/avr/include/avr/power.h **** #define power_adc_disable()     (PRR0 |= (uint8_t)(1 << PRADC))
 640:/usr/lib/avr/include/avr/power.h **** #endif
 641:/usr/lib/avr/include/avr/power.h **** 
 642:/usr/lib/avr/include/avr/power.h **** #if defined(__AVR_HAVE_PRR0_PRCO)
 643:/usr/lib/avr/include/avr/power.h **** #define power_clock_output_enable()     (PRR0 &= (uint8_t)~(1 << PRCO))
 644:/usr/lib/avr/include/avr/power.h **** #define power_clock_output_disable()    (PRR0 |= (uint8_t)(1 << PRCO))
 645:/usr/lib/avr/include/avr/power.h **** #endif
 646:/usr/lib/avr/include/avr/power.h **** 
 647:/usr/lib/avr/include/avr/power.h **** #if defined(__AVR_HAVE_PRR0_PRCRC)
 648:/usr/lib/avr/include/avr/power.h **** #define power_crc_enable()              (PRR0 &= (uint8_t)~(1 << PRCRC))
 649:/usr/lib/avr/include/avr/power.h **** #define power_crc_disable()             (PRR0 |= (uint8_t)(1 << PRCRC))
 650:/usr/lib/avr/include/avr/power.h **** #endif
 651:/usr/lib/avr/include/avr/power.h **** 
 652:/usr/lib/avr/include/avr/power.h **** #if defined(__AVR_HAVE_PRR0_PRCU)
 653:/usr/lib/avr/include/avr/power.h **** #define power_crypto_enable()           (PRR0 &= (uint8_t)~(1 << PRCU))
 654:/usr/lib/avr/include/avr/power.h **** #define power_crypto_disable()          (PRR0 |= (uint8_t)(1 << PRCU))
 655:/usr/lib/avr/include/avr/power.h **** #endif
 656:/usr/lib/avr/include/avr/power.h **** 
 657:/usr/lib/avr/include/avr/power.h **** #if defined(__AVR_HAVE_PRR0_PRDS)
 658:/usr/lib/avr/include/avr/power.h **** #define power_irdriver_enable()         (PRR0 &= (uint8_t)~(1 << PRDS))
 659:/usr/lib/avr/include/avr/power.h **** #define power_irdriver_disable()        (PRR0 |= (uint8_t)(1 << PRDS))
 660:/usr/lib/avr/include/avr/power.h **** #endif
 661:/usr/lib/avr/include/avr/power.h **** 
 662:/usr/lib/avr/include/avr/power.h **** #if defined(__AVR_HAVE_PRR0_PRLFR)
 663:/usr/lib/avr/include/avr/power.h **** #define power_lfreceiver_enable()       (PRR0 &= (uint8_t)~(1 << PRLFR))
 664:/usr/lib/avr/include/avr/power.h **** #define power_lfreceiver_disable()      (PRR0 |= (uint8_t)(1 << PRLFR))
 665:/usr/lib/avr/include/avr/power.h **** #endif
 666:/usr/lib/avr/include/avr/power.h **** 
 667:/usr/lib/avr/include/avr/power.h **** #if defined(__AVR_HAVE_PRR0_PRLFRS)
 668:/usr/lib/avr/include/avr/power.h **** #define power_lfrs_enable()             (PRR0 &= (uint8_t)~(1 << PRLFRS))
 669:/usr/lib/avr/include/avr/power.h **** #define power_lfrs_disable()            (PRR0 |= (uint8_t)(1 << PRLFRS))
 670:/usr/lib/avr/include/avr/power.h **** #endif
 671:/usr/lib/avr/include/avr/power.h **** 
 672:/usr/lib/avr/include/avr/power.h **** #if defined(__AVR_HAVE_PRR0_PRLIN)
 673:/usr/lib/avr/include/avr/power.h **** #define power_lin_enable()              (PRR0 &= (uint8_t)~(1 << PRLIN))
 674:/usr/lib/avr/include/avr/power.h **** #define power_lin_disable()             (PRR0 |= (uint8_t)(1 << PRLIN))
 675:/usr/lib/avr/include/avr/power.h **** #endif
 676:/usr/lib/avr/include/avr/power.h **** 
 677:/usr/lib/avr/include/avr/power.h **** #if defined(__AVR_HAVE_PRR0_PRPGA)
 678:/usr/lib/avr/include/avr/power.h **** #define power_pga_enable()              (PRR0 &= (uint8_t)~(1 << PRPGA))
 679:/usr/lib/avr/include/avr/power.h **** #define power_pga_disable()             (PRR0 |= (uint8_t)(1 << PRPGA))
 680:/usr/lib/avr/include/avr/power.h **** #endif
 681:/usr/lib/avr/include/avr/power.h **** 
 682:/usr/lib/avr/include/avr/power.h **** #if defined(__AVR_HAVE_PRR0_PRRXDC)
 683:/usr/lib/avr/include/avr/power.h **** #define power_receive_dsp_control_enable()  (PRR0 &= (uint8_t)~(1 << PRRXDC))
 684:/usr/lib/avr/include/avr/power.h **** #define power_receive_dsp_control_disable() (PRR0 |= (uint8_t)(1 << PRRXDC))
 685:/usr/lib/avr/include/avr/power.h **** #endif
 686:/usr/lib/avr/include/avr/power.h **** 
 687:/usr/lib/avr/include/avr/power.h **** #if defined(__AVR_HAVE_PRR0_PRSPI)
 688:/usr/lib/avr/include/avr/power.h **** #define power_spi_enable()              (PRR0 &= (uint8_t)~(1 << PRSPI))
 689:/usr/lib/avr/include/avr/power.h **** #define power_spi_disable()             (PRR0 |= (uint8_t)(1 << PRSPI))
 690:/usr/lib/avr/include/avr/power.h **** #endif
 691:/usr/lib/avr/include/avr/power.h **** 
 692:/usr/lib/avr/include/avr/power.h **** #if defined(__AVR_HAVE_PRR0_PRT0)
 693:/usr/lib/avr/include/avr/power.h **** #define power_timer0_enable()           (PRR0 &= (uint8_t)~(1 << PRT0))
 694:/usr/lib/avr/include/avr/power.h **** #define power_timer0_disable()          (PRR0 |= (uint8_t)(1 << PRT0))
 695:/usr/lib/avr/include/avr/power.h **** #endif
 696:/usr/lib/avr/include/avr/power.h **** 
 697:/usr/lib/avr/include/avr/power.h **** #if defined(__AVR_HAVE_PRR0_PRTIM0)
 698:/usr/lib/avr/include/avr/power.h **** #define power_timer0_enable()           (PRR0 &= (uint8_t)~(1 << PRTIM0))
 699:/usr/lib/avr/include/avr/power.h **** #define power_timer0_disable()          (PRR0 |= (uint8_t)(1 << PRTIM0))
 700:/usr/lib/avr/include/avr/power.h **** #endif
 701:/usr/lib/avr/include/avr/power.h **** 
 702:/usr/lib/avr/include/avr/power.h **** #if defined(__AVR_HAVE_PRR0_PRT1)
 703:/usr/lib/avr/include/avr/power.h **** #define power_timer1_enable()           (PRR0 &= (uint8_t)~(1 << PRT1))
 704:/usr/lib/avr/include/avr/power.h **** #define power_timer1_disable()          (PRR0 |= (uint8_t)(1 << PRT1))
 705:/usr/lib/avr/include/avr/power.h **** #endif
 706:/usr/lib/avr/include/avr/power.h **** 
 707:/usr/lib/avr/include/avr/power.h **** #if defined(__AVR_HAVE_PRR0_PRTIM1)
 708:/usr/lib/avr/include/avr/power.h **** #define power_timer1_enable()           (PRR0 &= (uint8_t)~(1 << PRTIM1))
 709:/usr/lib/avr/include/avr/power.h **** #define power_timer1_disable()          (PRR0 |= (uint8_t)(1 << PRTIM1))
 710:/usr/lib/avr/include/avr/power.h **** #endif
 711:/usr/lib/avr/include/avr/power.h **** 
 712:/usr/lib/avr/include/avr/power.h **** #if defined(__AVR_HAVE_PRR0_PRT2)
 713:/usr/lib/avr/include/avr/power.h **** #define power_timer2_enable()           (PRR0 &= (uint8_t)~(1 << PRT2))
 714:/usr/lib/avr/include/avr/power.h **** #define power_timer2_disable()          (PRR0 |= (uint8_t)(1 << PRT2))
 715:/usr/lib/avr/include/avr/power.h **** #endif
 716:/usr/lib/avr/include/avr/power.h **** 
 717:/usr/lib/avr/include/avr/power.h **** #if defined(__AVR_HAVE_PRR0_PRTIM2)
 718:/usr/lib/avr/include/avr/power.h **** #define power_timer2_enable()           (PRR0 &= (uint8_t)~(1 << PRTIM2))
 719:/usr/lib/avr/include/avr/power.h **** #define power_timer2_disable()          (PRR0 |= (uint8_t)(1 << PRTIM2))
 720:/usr/lib/avr/include/avr/power.h **** #endif
 721:/usr/lib/avr/include/avr/power.h **** 
 722:/usr/lib/avr/include/avr/power.h **** #if defined(__AVR_HAVE_PRR0_PRT3)
 723:/usr/lib/avr/include/avr/power.h **** #define power_timer3_enable()           (PRR0 &= (uint8_t)~(1 << PRT3))
 724:/usr/lib/avr/include/avr/power.h **** #define power_timer3_disable()          (PRR0 |= (uint8_t)(1 << PRT3))
 725:/usr/lib/avr/include/avr/power.h **** #endif
 726:/usr/lib/avr/include/avr/power.h **** 
 727:/usr/lib/avr/include/avr/power.h **** #if defined(__AVR_HAVE_PRR0_PRTM)
 728:/usr/lib/avr/include/avr/power.h **** #define power_timermodulator_enable()   (PRR0 &= (uint8_t)~(1 << PRTM))
 729:/usr/lib/avr/include/avr/power.h **** #define power_timermodulator_disable()  (PRR0 |= (uint8_t)(1 << PRTM))
 730:/usr/lib/avr/include/avr/power.h **** #endif
 731:/usr/lib/avr/include/avr/power.h **** 
 732:/usr/lib/avr/include/avr/power.h **** #if defined(__AVR_HAVE_PRR0_PRTWI)
 733:/usr/lib/avr/include/avr/power.h **** #define power_twi_enable()              (PRR0 &= (uint8_t)~(1 << PRTWI))
 734:/usr/lib/avr/include/avr/power.h **** #define power_twi_disable()             (PRR0 |= (uint8_t)(1 << PRTWI))
 735:/usr/lib/avr/include/avr/power.h **** #endif
 736:/usr/lib/avr/include/avr/power.h **** 
 737:/usr/lib/avr/include/avr/power.h **** #if defined(__AVR_HAVE_PRR0_PRTWI1)
 738:/usr/lib/avr/include/avr/power.h **** #define power_twi1_enable()             (PRR0 &= (uint8_t)~(1 << PRTWI1))
 739:/usr/lib/avr/include/avr/power.h **** #define power_twi1_disable()            (PRR0 |= (uint8_t)(1 << PRTWI1))
 740:/usr/lib/avr/include/avr/power.h **** #endif
 741:/usr/lib/avr/include/avr/power.h **** 
 742:/usr/lib/avr/include/avr/power.h **** #if defined(__AVR_HAVE_PRR0_PRTXDC)
 743:/usr/lib/avr/include/avr/power.h **** #define power_transmit_dsp_control_enable()   (PRR0 &= (uint8_t)~(1 << PRTXDC))
 744:/usr/lib/avr/include/avr/power.h **** #define power_transmit_dsp_control_disable()  (PRR0 |= (uint8_t)(1 << PRTXDC))
 745:/usr/lib/avr/include/avr/power.h **** #endif
 746:/usr/lib/avr/include/avr/power.h **** 
 747:/usr/lib/avr/include/avr/power.h **** #if defined(__AVR_HAVE_PRR0_PRUSART0)
 748:/usr/lib/avr/include/avr/power.h **** #define power_usart0_enable()           (PRR0 &= (uint8_t)~(1 << PRUSART0))
 749:/usr/lib/avr/include/avr/power.h **** #define power_usart0_disable()          (PRR0 |= (uint8_t)(1 << PRUSART0))
 750:/usr/lib/avr/include/avr/power.h **** #endif
 751:/usr/lib/avr/include/avr/power.h **** 
 752:/usr/lib/avr/include/avr/power.h **** #if defined(__AVR_HAVE_PRR0_PRUSART1)
 753:/usr/lib/avr/include/avr/power.h **** #define power_usart1_enable()           (PRR0 &= (uint8_t)~(1 << PRUSART1))
 754:/usr/lib/avr/include/avr/power.h **** #define power_usart1_disable()          (PRR0 |= (uint8_t)(1 << PRUSART1))
 755:/usr/lib/avr/include/avr/power.h **** #endif
 756:/usr/lib/avr/include/avr/power.h **** 
 757:/usr/lib/avr/include/avr/power.h **** #if defined(__AVR_HAVE_PRR0_PRVADC)
 758:/usr/lib/avr/include/avr/power.h **** #define power_vadc_enable()             (PRR0 &= (uint8_t)~(1 << PRVADC))
 759:/usr/lib/avr/include/avr/power.h **** #define power_vadc_disable()            (PRR0 |= (uint8_t)(1 << PRVADC))
 760:/usr/lib/avr/include/avr/power.h **** #endif
 761:/usr/lib/avr/include/avr/power.h **** 
 762:/usr/lib/avr/include/avr/power.h **** #if defined(__AVR_HAVE_PRR0_PRVM)
 763:/usr/lib/avr/include/avr/power.h **** #define power_voltage_monitor_enable()  (PRR0 &= (uint8_t)~(1 << PRVM))
 764:/usr/lib/avr/include/avr/power.h **** #define power_voltage_monitor_disable() (PRR0 |= (uint8_t)(1 << PRVM))
 765:/usr/lib/avr/include/avr/power.h **** #endif
 766:/usr/lib/avr/include/avr/power.h **** 
 767:/usr/lib/avr/include/avr/power.h **** #if defined(__AVR_HAVE_PRR0_PRVRM)
 768:/usr/lib/avr/include/avr/power.h **** #define power_vrm_enable()              (PRR0 &= (uint8_t)~(1 << PRVRM))
 769:/usr/lib/avr/include/avr/power.h **** #define power_vrm_disable()             (PRR0 |= (uint8_t)(1 << PRVRM))
 770:/usr/lib/avr/include/avr/power.h **** #endif
 771:/usr/lib/avr/include/avr/power.h **** 
 772:/usr/lib/avr/include/avr/power.h **** #if defined(__AVR_HAVE_PRR1_PRAES)
 773:/usr/lib/avr/include/avr/power.h **** #define power_aes_enable()              (PRR1 &= (uint8_t)~(1 << PRAES))
 774:/usr/lib/avr/include/avr/power.h **** #define power_aes_disable()             (PRR1 |= (uint8_t)(1 << PRAES))
 775:/usr/lib/avr/include/avr/power.h **** #endif
 776:/usr/lib/avr/include/avr/power.h **** 
 777:/usr/lib/avr/include/avr/power.h **** #if defined(__AVR_HAVE_PRR1_PRCI)
 778:/usr/lib/avr/include/avr/power.h **** #define power_cinterface_enable()       (PRR1 &= (uint8_t)~(1 << PRCI))
 779:/usr/lib/avr/include/avr/power.h **** #define power_cinterface_disable()      (PRR1 |= (uint8_t)(1 << PRCI))
 780:/usr/lib/avr/include/avr/power.h **** #endif
 781:/usr/lib/avr/include/avr/power.h **** 
 782:/usr/lib/avr/include/avr/power.h **** #if defined(__AVR_HAVE_PRR1_PRHSSPI)
 783:/usr/lib/avr/include/avr/power.h **** #define power_hsspi_enable()            (PRR1 &= (uint8_t)~(1 << PRHSSPI))
 784:/usr/lib/avr/include/avr/power.h **** #define power_hsspi_disable()           (PRR1 |= (uint8_t)(1 << PRHSSPI))
 785:/usr/lib/avr/include/avr/power.h **** #endif
 786:/usr/lib/avr/include/avr/power.h **** 
 787:/usr/lib/avr/include/avr/power.h **** #if defined(__AVR_HAVE_PRR1_PRKB)
 788:/usr/lib/avr/include/avr/power.h **** #define power_kb_enable()               (PRR1 &= (uint8_t)~(1 << PRKB))
 789:/usr/lib/avr/include/avr/power.h **** #define power_kb_disable()              (PRR1 |= (uint8_t)(1 << PRKB))
 790:/usr/lib/avr/include/avr/power.h **** #endif
 791:/usr/lib/avr/include/avr/power.h **** 
 792:/usr/lib/avr/include/avr/power.h **** #if defined(__AVR_HAVE_PRR1_PRLFPH)
 793:/usr/lib/avr/include/avr/power.h **** #define power_lfph_enable()             (PRR1 &= (uint8_t)~(1 << PRLFPH))
 794:/usr/lib/avr/include/avr/power.h **** #define power_lfph_disable()            (PRR1 |= (uint8_t)(1 << PRLFPH))
 795:/usr/lib/avr/include/avr/power.h **** #endif
 796:/usr/lib/avr/include/avr/power.h **** 
 797:/usr/lib/avr/include/avr/power.h **** #if defined(__AVR_HAVE_PRR1_PRLFR)
 798:/usr/lib/avr/include/avr/power.h **** #define power_lfreceiver_enable()       (PRR1 &= (uint8_t)~(1 << PRLFR))            
 799:/usr/lib/avr/include/avr/power.h **** #define power_lfreceiver_disable()      (PRR1 |= (uint8_t)(1 << PRLFR))            
 800:/usr/lib/avr/include/avr/power.h **** #endif
 801:/usr/lib/avr/include/avr/power.h **** 
 802:/usr/lib/avr/include/avr/power.h **** #if defined(__AVR_HAVE_PRR1_PRLFTP)
 803:/usr/lib/avr/include/avr/power.h **** #define power_lftp_enable()             (PRR1 &= (uint8_t)~(1 << PRLFTP))
 804:/usr/lib/avr/include/avr/power.h **** #define power_lftp_disable()            (PRR1 |= (uint8_t)(1 << PRLFTP))
 805:/usr/lib/avr/include/avr/power.h **** #endif
 806:/usr/lib/avr/include/avr/power.h **** 
 807:/usr/lib/avr/include/avr/power.h **** #if defined(__AVR_HAVE_PRR1_PRSCI)
 808:/usr/lib/avr/include/avr/power.h **** #define power_sci_enable()              (PRR1 &= (uint8_t)~(1 << PRSCI))
 809:/usr/lib/avr/include/avr/power.h **** #define power_sci_disable()             (PRR1 |= (uint8_t)(1 << PRSCI))
 810:/usr/lib/avr/include/avr/power.h **** #endif
 811:/usr/lib/avr/include/avr/power.h **** 
 812:/usr/lib/avr/include/avr/power.h **** #if defined(__AVR_HAVE_PRR1_PRSPI)
 813:/usr/lib/avr/include/avr/power.h **** #define power_spi_enable()              (PRR1 &= (uint8_t)~(1 << PRSPI))
 814:/usr/lib/avr/include/avr/power.h **** #define power_spi_disable()             (PRR1 |= (uint8_t)(1 << PRSPI))
 815:/usr/lib/avr/include/avr/power.h **** #endif
 816:/usr/lib/avr/include/avr/power.h **** 
 817:/usr/lib/avr/include/avr/power.h **** #if defined(__AVR_HAVE_PRR1_PRT1)
 818:/usr/lib/avr/include/avr/power.h **** #define power_timer1_enable()           (PRR1 &= (uint8_t)~(1 << PRT1))
 819:/usr/lib/avr/include/avr/power.h **** #define power_timer1_disable()          (PRR1 |= (uint8_t)(1 << PRT1))
 820:/usr/lib/avr/include/avr/power.h **** #endif
 821:/usr/lib/avr/include/avr/power.h **** 
 822:/usr/lib/avr/include/avr/power.h **** #if defined(__AVR_HAVE_PRR1_PRT2)
 823:/usr/lib/avr/include/avr/power.h **** #define power_timer2_enable()           (PRR1 &= (uint8_t)~(1 << PRT2))
 824:/usr/lib/avr/include/avr/power.h **** #define power_timer2_disable()          (PRR1 |= (uint8_t)(1 << PRT2))
 825:/usr/lib/avr/include/avr/power.h **** #endif
 826:/usr/lib/avr/include/avr/power.h **** 
 827:/usr/lib/avr/include/avr/power.h **** #if defined(__AVR_HAVE_PRR1_PRT3)
 828:/usr/lib/avr/include/avr/power.h **** #define power_timer3_enable()           (PRR1 &= (uint8_t)~(1 << PRT3))
 829:/usr/lib/avr/include/avr/power.h **** #define power_timer3_disable()          (PRR1 |= (uint8_t)(1 << PRT3))
 830:/usr/lib/avr/include/avr/power.h **** #endif
 831:/usr/lib/avr/include/avr/power.h **** 
 832:/usr/lib/avr/include/avr/power.h **** #if defined(__AVR_HAVE_PRR1_PRT4)
 833:/usr/lib/avr/include/avr/power.h **** #define power_timer4_enable()           (PRR1 &= (uint8_t)~(1 << PRT4))
 834:/usr/lib/avr/include/avr/power.h **** #define power_timer4_disable()          (PRR1 |= (uint8_t)(1 << PRT4))
 835:/usr/lib/avr/include/avr/power.h **** #endif
 836:/usr/lib/avr/include/avr/power.h **** 
 837:/usr/lib/avr/include/avr/power.h **** #if defined(__AVR_HAVE_PRR1_PRT5)
 838:/usr/lib/avr/include/avr/power.h **** #define power_timer5_enable()           (PRR1 &= (uint8_t)~(1 << PRT5))
 839:/usr/lib/avr/include/avr/power.h **** #define power_timer5_disable()          (PRR1 |= (uint8_t)(1 << PRT5))
 840:/usr/lib/avr/include/avr/power.h **** #endif
 841:/usr/lib/avr/include/avr/power.h **** 
 842:/usr/lib/avr/include/avr/power.h **** #if defined(__AVR_HAVE_PRR1_PRTIM3)
 843:/usr/lib/avr/include/avr/power.h **** #define power_timer3_enable()           (PRR1 &= (uint8_t)~(1 << PRTIM3))
 844:/usr/lib/avr/include/avr/power.h **** #define power_timer3_disable()          (PRR1 |= (uint8_t)(1 << PRTIM3))
 845:/usr/lib/avr/include/avr/power.h **** #endif
 846:/usr/lib/avr/include/avr/power.h **** 
 847:/usr/lib/avr/include/avr/power.h **** #if defined(__AVR_HAVE_PRR1_PRTIM4)
 848:/usr/lib/avr/include/avr/power.h **** #define power_timer4_enable()           (PRR1 &= (uint8_t)~(1 << PRTIM4))
 849:/usr/lib/avr/include/avr/power.h **** #define power_timer4_disable()          (PRR1 |= (uint8_t)(1 << PRTIM4))
 850:/usr/lib/avr/include/avr/power.h **** #endif
 851:/usr/lib/avr/include/avr/power.h **** 
 852:/usr/lib/avr/include/avr/power.h **** #if defined(__AVR_HAVE_PRR1_PRTIM5)
 853:/usr/lib/avr/include/avr/power.h **** #define power_timer5_enable()           (PRR1 &= (uint8_t)~(1 << PRTIM5))
 854:/usr/lib/avr/include/avr/power.h **** #define power_timer5_disable()          (PRR1 |= (uint8_t)(1 << PRTIM5))
 855:/usr/lib/avr/include/avr/power.h **** #endif
 856:/usr/lib/avr/include/avr/power.h **** 
 857:/usr/lib/avr/include/avr/power.h **** #if defined(__AVR_HAVE_PRR1_PRTRX24)
 858:/usr/lib/avr/include/avr/power.h **** #define power_transceiver_enable()      (PRR1 &= (uint8_t)~(1 << PRTRX24))
 859:/usr/lib/avr/include/avr/power.h **** #define power_transceiver_disable()     (PRR1 |= (uint8_t)(1 << PRTRX24))
 860:/usr/lib/avr/include/avr/power.h **** #endif
 861:/usr/lib/avr/include/avr/power.h **** 
 862:/usr/lib/avr/include/avr/power.h **** #if defined(__AVR_HAVE_PRR1_PRUSART1)
 863:/usr/lib/avr/include/avr/power.h **** #define power_usart1_enable()           (PRR1 &= (uint8_t)~(1 << PRUSART1))
 864:/usr/lib/avr/include/avr/power.h **** #define power_usart1_disable()          (PRR1 |= (uint8_t)(1 << PRUSART1))
 865:/usr/lib/avr/include/avr/power.h **** #endif
 866:/usr/lib/avr/include/avr/power.h **** 
 867:/usr/lib/avr/include/avr/power.h **** #if defined(__AVR_HAVE_PRR1_PRUSART2)
 868:/usr/lib/avr/include/avr/power.h **** #define power_usart2_enable()           (PRR1 &= (uint8_t)~(1 << PRUSART2))
 869:/usr/lib/avr/include/avr/power.h **** #define power_usart2_disable()          (PRR1 |= (uint8_t)(1 << PRUSART2))
 870:/usr/lib/avr/include/avr/power.h **** #endif
 871:/usr/lib/avr/include/avr/power.h **** 
 872:/usr/lib/avr/include/avr/power.h **** #if defined(__AVR_HAVE_PRR1_PRUSART3)
 873:/usr/lib/avr/include/avr/power.h **** #define power_usart3_enable()           (PRR1 &= (uint8_t)~(1 << PRUSART3))
 874:/usr/lib/avr/include/avr/power.h **** #define power_usart3_disable()          (PRR1 |= (uint8_t)(1 << PRUSART3))
 875:/usr/lib/avr/include/avr/power.h **** #endif
 876:/usr/lib/avr/include/avr/power.h **** 
 877:/usr/lib/avr/include/avr/power.h **** #if defined(__AVR_HAVE_PRR1_PRUSB)
 878:/usr/lib/avr/include/avr/power.h **** #define power_usb_enable()              (PRR1 &= (uint8_t)~(1 << PRUSB))
 879:/usr/lib/avr/include/avr/power.h **** #define power_usb_disable()             (PRR1 |= (uint8_t)(1 << PRUSB))
 880:/usr/lib/avr/include/avr/power.h **** #endif
 881:/usr/lib/avr/include/avr/power.h **** 
 882:/usr/lib/avr/include/avr/power.h **** #if defined(__AVR_HAVE_PRR1_PRUSBH)
 883:/usr/lib/avr/include/avr/power.h **** #define power_usbh_enable()             (PRR1 &= (uint8_t)~(1 << PRUSBH))
 884:/usr/lib/avr/include/avr/power.h **** #define power_usbh_disable()            (PRR1 |= (uint8_t)(1 << PRUSBH))
 885:/usr/lib/avr/include/avr/power.h **** #endif
 886:/usr/lib/avr/include/avr/power.h **** 
 887:/usr/lib/avr/include/avr/power.h **** #if defined(__AVR_HAVE_PRR2_PRDF)
 888:/usr/lib/avr/include/avr/power.h **** #define power_data_fifo_enable()        (PRR2 &= (uint8_t)~(1 << PRDF))
 889:/usr/lib/avr/include/avr/power.h **** #define power_data_fifo_disable()       (PRR2 |= (uint8_t)(1 << PRDF))
 890:/usr/lib/avr/include/avr/power.h **** #endif
 891:/usr/lib/avr/include/avr/power.h **** 
 892:/usr/lib/avr/include/avr/power.h **** #if defined(__AVR_HAVE_PRR2_PRIDS)
 893:/usr/lib/avr/include/avr/power.h **** #define power_id_scan_enable()          (PRR2 &= (uint8_t)~(1 << PRIDS))
 894:/usr/lib/avr/include/avr/power.h **** #define power_id_scan_disable()         (PRR2 |= (uint8_t)(1 << PRIDS))
 895:/usr/lib/avr/include/avr/power.h **** #endif
 896:/usr/lib/avr/include/avr/power.h **** 
 897:/usr/lib/avr/include/avr/power.h **** #if defined(__AVR_HAVE_PRR2_PRRAM0)
 898:/usr/lib/avr/include/avr/power.h **** #define power_ram0_enable()             (PRR2 &= (uint8_t)~(1 << PRRAM0))
 899:/usr/lib/avr/include/avr/power.h **** #define power_ram0_disable()            (PRR2 |= (uint8_t)(1 << PRRAM0))
 900:/usr/lib/avr/include/avr/power.h **** #endif
 901:/usr/lib/avr/include/avr/power.h **** 
 902:/usr/lib/avr/include/avr/power.h **** #if defined(__AVR_HAVE_PRR2_PRRAM1)
 903:/usr/lib/avr/include/avr/power.h **** #define power_ram1_enable()             (PRR2 &= (uint8_t)~(1 << PRRAM1))
 904:/usr/lib/avr/include/avr/power.h **** #define power_ram1_disable()            (PRR2 |= (uint8_t)(1 << PRRAM1))
 905:/usr/lib/avr/include/avr/power.h **** #endif
 906:/usr/lib/avr/include/avr/power.h **** 
 907:/usr/lib/avr/include/avr/power.h **** #if defined(__AVR_HAVE_PRR2_PRRAM2)
 908:/usr/lib/avr/include/avr/power.h **** #define power_ram2_enable()             (PRR2 &= (uint8_t)~(1 << PRRAM2))
 909:/usr/lib/avr/include/avr/power.h **** #define power_ram2_disable()            (PRR2 |= (uint8_t)(1 << PRRAM2))
 910:/usr/lib/avr/include/avr/power.h **** #endif
 911:/usr/lib/avr/include/avr/power.h **** 
 912:/usr/lib/avr/include/avr/power.h **** #if defined(__AVR_HAVE_PRR2_PRRAM3)
 913:/usr/lib/avr/include/avr/power.h **** #define power_ram3_enable()             (PRR2 &= (uint8_t)~(1 << PRRAM3))
 914:/usr/lib/avr/include/avr/power.h **** #define power_ram3_disable()            (PRR2 |= (uint8_t)(1 << PRRAM3))
 915:/usr/lib/avr/include/avr/power.h **** #endif
 916:/usr/lib/avr/include/avr/power.h **** 
 917:/usr/lib/avr/include/avr/power.h **** #if defined(__AVR_HAVE_PRR2_PRRS)
 918:/usr/lib/avr/include/avr/power.h **** #define power_rssi_buffer_enable()      (PRR2 &= (uint8_t)~(1 << PRRS))
 919:/usr/lib/avr/include/avr/power.h **** #define power_rssi_buffer_disable()     (PRR2 |= (uint8_t)(1 << PRRS))
 920:/usr/lib/avr/include/avr/power.h **** #endif
 921:/usr/lib/avr/include/avr/power.h **** 
 922:/usr/lib/avr/include/avr/power.h **** #if defined(__AVR_HAVE_PRR2_PRSF)
 923:/usr/lib/avr/include/avr/power.h **** #define power_preamble_rssi_fifo_enable()       (PRR2 &= (uint8_t)~(1 << PRSF))
 924:/usr/lib/avr/include/avr/power.h **** #define power_preamble_rssi_fifo_disable()      (PRR2 |= (uint8_t)(1 << PRSF))
 925:/usr/lib/avr/include/avr/power.h **** #endif
 926:/usr/lib/avr/include/avr/power.h **** 
 927:/usr/lib/avr/include/avr/power.h **** #if defined(__AVR_HAVE_PRR2_PRSPI2)
 928:/usr/lib/avr/include/avr/power.h **** #define power_spi2_enable()             (PRR2 &= (uint8_t)~(1 << PRSPI2))
 929:/usr/lib/avr/include/avr/power.h **** #define power_spi2_disable()            (PRR2 |= (uint8_t)(1 << PRSPI2))
 930:/usr/lib/avr/include/avr/power.h **** #endif
 931:/usr/lib/avr/include/avr/power.h **** 
 932:/usr/lib/avr/include/avr/power.h **** #if defined(__AVR_HAVE_PRR2_PRSSM)
 933:/usr/lib/avr/include/avr/power.h **** #define power_sequencer_state_machine_enable()  (PRR2 &= (uint8_t)~(1 << PRSSM))
 934:/usr/lib/avr/include/avr/power.h **** #define power_sequencer_state_machine_disable() (PRR2 |= (uint8_t)(1 << PRSSM))
 935:/usr/lib/avr/include/avr/power.h **** #endif
 936:/usr/lib/avr/include/avr/power.h **** 
 937:/usr/lib/avr/include/avr/power.h **** #if defined(__AVR_HAVE_PRR2_PRTM)
 938:/usr/lib/avr/include/avr/power.h **** #define power_tx_modulator_enable()     (PRR2 &= (uint8_t)~(1 << PRTM))
 939:/usr/lib/avr/include/avr/power.h **** #define power_tx_modulator_disable()    (PRR2 |= (uint8_t)(1 << PRTM))
 940:/usr/lib/avr/include/avr/power.h **** #endif
 941:/usr/lib/avr/include/avr/power.h **** 
 942:/usr/lib/avr/include/avr/power.h **** #if defined(__AVR_HAVE_PRR2_PRTWI2)
 943:/usr/lib/avr/include/avr/power.h **** #define power_twi2_enable()             (PRR2 &= (uint8_t)~(1 << PRTWI2))
 944:/usr/lib/avr/include/avr/power.h **** #define power_twi2_disable()            (PRR2 |= (uint8_t)(1 << PRTWI2))
 945:/usr/lib/avr/include/avr/power.h **** #endif
 946:/usr/lib/avr/include/avr/power.h **** 
 947:/usr/lib/avr/include/avr/power.h **** #if defined(__AVR_HAVE_PRR2_PRXA)
 948:/usr/lib/avr/include/avr/power.h **** #define power_rx_buffer_A_enable()      (PRR2 &= (uint8_t)~(1 << PRXA))
 949:/usr/lib/avr/include/avr/power.h **** #define power_rx_buffer_A_disable()     (PRR2 |= (uint8_t)(1 << PRXA))
 950:/usr/lib/avr/include/avr/power.h **** #endif
 951:/usr/lib/avr/include/avr/power.h **** 
 952:/usr/lib/avr/include/avr/power.h **** #if defined(__AVR_HAVE_PRR2_PRXB)
 953:/usr/lib/avr/include/avr/power.h **** #define power_rx_buffer_B_enable()      (PRR2 &= (uint8_t)~(1 << PRXB))
 954:/usr/lib/avr/include/avr/power.h **** #define power_rx_buffer_B_disable()     (PRR2 |= (uint8_t)(1 << PRXB))
 955:/usr/lib/avr/include/avr/power.h **** #endif
 956:/usr/lib/avr/include/avr/power.h **** 
 957:/usr/lib/avr/include/avr/power.h **** #if defined(__AVR_HAVE_PRGEN_AES)
 958:/usr/lib/avr/include/avr/power.h **** #define power_aes_enable()              (PR_PRGEN &= (uint8_t)~(PR_AES_bm))
 959:/usr/lib/avr/include/avr/power.h **** #define power_aes_disable()             (PR_PRGEN |= (uint8_t)PR_AES_bm)
 960:/usr/lib/avr/include/avr/power.h **** #endif
 961:/usr/lib/avr/include/avr/power.h **** 
 962:/usr/lib/avr/include/avr/power.h **** #if defined(__AVR_HAVE_PRGEN_DMA)
 963:/usr/lib/avr/include/avr/power.h **** #define power_dma_enable()              (PR_PRGEN &= (uint8_t)~(PR_DMA_bm))
 964:/usr/lib/avr/include/avr/power.h **** #define power_dma_disable()             (PR_PRGEN |= (uint8_t)PR_DMA_bm)
 965:/usr/lib/avr/include/avr/power.h **** #endif
 966:/usr/lib/avr/include/avr/power.h **** 
 967:/usr/lib/avr/include/avr/power.h **** #if defined(__AVR_HAVE_PRGEN_EBI)
 968:/usr/lib/avr/include/avr/power.h **** #define power_ebi_enable()              (PR_PRGEN &= (uint8_t)~(PR_EBI_bm))
 969:/usr/lib/avr/include/avr/power.h **** #define power_ebi_disable()             (PR_PRGEN |= (uint8_t)PR_EBI_bm)
 970:/usr/lib/avr/include/avr/power.h **** #endif
 971:/usr/lib/avr/include/avr/power.h **** 
 972:/usr/lib/avr/include/avr/power.h **** #if defined(__AVR_HAVE_PRGEN_EDMA)
 973:/usr/lib/avr/include/avr/power.h **** #define power_edma_enable()             (PR_PRGEN &= (uint8_t)~(PR_EDMA_bm))
 974:/usr/lib/avr/include/avr/power.h **** #define power_edma_disable()            (PR_PRGEN |= (uint8_t)PR_EDMA_bm)
 975:/usr/lib/avr/include/avr/power.h **** #endif
 976:/usr/lib/avr/include/avr/power.h **** 
 977:/usr/lib/avr/include/avr/power.h **** #if defined(__AVR_HAVE_PRGEN_EVSYS)
 978:/usr/lib/avr/include/avr/power.h **** #define power_evsys_enable()            (PR_PRGEN &= (uint8_t)~(PR_EVSYS_bm))
 979:/usr/lib/avr/include/avr/power.h **** #define power_evsys_disable()           (PR_PRGEN |= (uint8_t)PR_EVSYS_bm)
 980:/usr/lib/avr/include/avr/power.h **** #endif
 981:/usr/lib/avr/include/avr/power.h **** 
 982:/usr/lib/avr/include/avr/power.h **** #if defined(__AVR_HAVE_PRGEN_LCD)
 983:/usr/lib/avr/include/avr/power.h **** #define power_lcd_enable()              (PR_PRGEN &= (uint8_t)~(PR_LCD_bm))
 984:/usr/lib/avr/include/avr/power.h **** #define power_lcd_disable()             (PR_PRGEN |= (uint8_t)PR_LCD_bm)
 985:/usr/lib/avr/include/avr/power.h **** #endif
 986:/usr/lib/avr/include/avr/power.h **** 
 987:/usr/lib/avr/include/avr/power.h **** #if defined(__AVR_HAVE_PRGEN_RTC)
 988:/usr/lib/avr/include/avr/power.h **** #define power_rtc_enable()              (PR_PRGEN &= (uint8_t)~(PR_RTC_bm))
 989:/usr/lib/avr/include/avr/power.h **** #define power_rtc_disable()             (PR_PRGEN |= (uint8_t)PR_RTC_bm)
 990:/usr/lib/avr/include/avr/power.h **** #endif
 991:/usr/lib/avr/include/avr/power.h **** 
 992:/usr/lib/avr/include/avr/power.h **** #if defined(__AVR_HAVE_PRGEN_USB)
 993:/usr/lib/avr/include/avr/power.h **** #define power_usb_enable()              (PR_PRGEN &= (uint8_t)~(PR_USB_bm))
 994:/usr/lib/avr/include/avr/power.h **** #define power_usb_disable()             (PR_PRGEN &= (uint8_t)(PR_USB_bm))
 995:/usr/lib/avr/include/avr/power.h **** #endif
 996:/usr/lib/avr/include/avr/power.h **** 
 997:/usr/lib/avr/include/avr/power.h **** #if defined(__AVR_HAVE_PRGEN_XCL)
 998:/usr/lib/avr/include/avr/power.h **** #define power_xcl_enable()              (PR_PRGEN &= (uint8_t)~(PR_XCL_bm))
 999:/usr/lib/avr/include/avr/power.h **** #define power_xcl_disable()             (PR_PRGEN |= (uint8_t)PR_XCL_bm)
1000:/usr/lib/avr/include/avr/power.h **** #endif
1001:/usr/lib/avr/include/avr/power.h **** 
1002:/usr/lib/avr/include/avr/power.h **** #if defined(__AVR_HAVE_PRPA_AC)
1003:/usr/lib/avr/include/avr/power.h **** #define power_aca_enable()      (PR_PRPA &= (uint8_t)~(PR_AC_bm))
1004:/usr/lib/avr/include/avr/power.h **** #define power_aca_disable()     (PR_PRPA |= (uint8_t)PR_AC_bm)
1005:/usr/lib/avr/include/avr/power.h **** #endif
1006:/usr/lib/avr/include/avr/power.h **** 
1007:/usr/lib/avr/include/avr/power.h **** #if defined(__AVR_HAVE_PRPA_ADC)
1008:/usr/lib/avr/include/avr/power.h **** #define power_adca_enable()     (PR_PRPA &= (uint8_t)~(PR_ADC_bm))
1009:/usr/lib/avr/include/avr/power.h **** #define power_adca_disable()    (PR_PRPA |= (uint8_t)PR_ADC_bm)
1010:/usr/lib/avr/include/avr/power.h **** #endif
1011:/usr/lib/avr/include/avr/power.h **** 
1012:/usr/lib/avr/include/avr/power.h **** #if defined(__AVR_HAVE_PRPA_DAC)
1013:/usr/lib/avr/include/avr/power.h **** #define power_daca_enable()     (PR_PRPA &= (uint8_t)~(PR_DAC_bm))
1014:/usr/lib/avr/include/avr/power.h **** #define power_daca_disable()    (PR_PRPA |= (uint8_t)PR_DAC_bm)
1015:/usr/lib/avr/include/avr/power.h **** #endif
1016:/usr/lib/avr/include/avr/power.h **** 
1017:/usr/lib/avr/include/avr/power.h **** #if defined(__AVR_HAVE_PRPB_AC)
1018:/usr/lib/avr/include/avr/power.h **** #define power_acb_enable()      (PR_PRPB &= (uint8_t)~(PR_AC_bm))
1019:/usr/lib/avr/include/avr/power.h **** #define power_acb_disable()     (PR_PRPB |= (uint8_t)PR_AC_bm)
1020:/usr/lib/avr/include/avr/power.h **** #endif
1021:/usr/lib/avr/include/avr/power.h **** 
1022:/usr/lib/avr/include/avr/power.h **** #if defined(__AVR_HAVE_PRPB_ADC)
1023:/usr/lib/avr/include/avr/power.h **** #define power_adcb_enable()     (PR_PRPB &= (uint8_t)~(PR_ADC_bm))
1024:/usr/lib/avr/include/avr/power.h **** #define power_adcb_disable()    (PR_PRPB |= (uint8_t)PR_ADC_bm)
1025:/usr/lib/avr/include/avr/power.h **** #endif
1026:/usr/lib/avr/include/avr/power.h **** 
1027:/usr/lib/avr/include/avr/power.h **** #if defined(__AVR_HAVE_PRPB_DAC)
1028:/usr/lib/avr/include/avr/power.h **** #define power_dacb_enable()     (PR_PRPB &= (uint8_t)~(PR_DAC_bm))
1029:/usr/lib/avr/include/avr/power.h **** #define power_dacb_disable()    (PR_PRPB |= (uint8_t)PR_DAC_bm)
1030:/usr/lib/avr/include/avr/power.h **** #endif
1031:/usr/lib/avr/include/avr/power.h **** 
1032:/usr/lib/avr/include/avr/power.h **** #if defined(__AVR_HAVE_PRPC_HIRES)
1033:/usr/lib/avr/include/avr/power.h **** #define power_hiresc_enable()   (PR_PRPC &= (uint8_t)~(PR_HIRES_bm))
1034:/usr/lib/avr/include/avr/power.h **** #define power_hiresc_disable()  (PR_PRPC |= (uint8_t)PR_HIRES_bm)
1035:/usr/lib/avr/include/avr/power.h **** #endif
1036:/usr/lib/avr/include/avr/power.h **** 
1037:/usr/lib/avr/include/avr/power.h **** #if defined(__AVR_HAVE_PRPC_SPI)
1038:/usr/lib/avr/include/avr/power.h **** #define power_spic_enable()     (PR_PRPC &= (uint8_t)~(PR_SPI_bm))
1039:/usr/lib/avr/include/avr/power.h **** #define power_spic_disable()    (PR_PRPC |= (uint8_t)PR_SPI_bm)
1040:/usr/lib/avr/include/avr/power.h **** #endif
1041:/usr/lib/avr/include/avr/power.h **** 
1042:/usr/lib/avr/include/avr/power.h **** #if defined(__AVR_HAVE_PRPC_TC0)
1043:/usr/lib/avr/include/avr/power.h **** #define power_tc0c_enable()     (PR_PRPC &= (uint8_t)~(PR_TC0_bm))
1044:/usr/lib/avr/include/avr/power.h **** #define power_tc0c_disable()    (PR_PRPC |= (uint8_t)PR_TC0_bm)
1045:/usr/lib/avr/include/avr/power.h **** #endif
1046:/usr/lib/avr/include/avr/power.h **** 
1047:/usr/lib/avr/include/avr/power.h **** #if defined(__AVR_HAVE_PRPC_TC1)
1048:/usr/lib/avr/include/avr/power.h **** #define power_tc1c_enable()     (PR_PRPC &= (uint8_t)~(PR_TC1_bm))
1049:/usr/lib/avr/include/avr/power.h **** #define power_tc1c_disable()    (PR_PRPC |= (uint8_t)PR_TC1_bm)
1050:/usr/lib/avr/include/avr/power.h **** #endif
1051:/usr/lib/avr/include/avr/power.h **** 
1052:/usr/lib/avr/include/avr/power.h **** #if defined(__AVR_HAVE_PRPC_TC4)
1053:/usr/lib/avr/include/avr/power.h **** #define power_tc4c_enable()     (PR_PRPC  &= (uint8_t)~(PR_TC4_bm))
1054:/usr/lib/avr/include/avr/power.h **** #define power_tc4c_disable()    (PR_PRPC  |= (uint8_t)PR_TC4_bm)
1055:/usr/lib/avr/include/avr/power.h **** #endif
1056:/usr/lib/avr/include/avr/power.h **** 
1057:/usr/lib/avr/include/avr/power.h **** #if defined(__AVR_HAVE_PRPC_TC5)
1058:/usr/lib/avr/include/avr/power.h **** #define power_tc5c_enable()     (PR_PRPC  &= (uint8_t)~(PR_TC5_bm))
1059:/usr/lib/avr/include/avr/power.h **** #define power_tc5c_disable()    (PR_PRPC  |= (uint8_t)PR_TC5_bm)
1060:/usr/lib/avr/include/avr/power.h **** #endif
1061:/usr/lib/avr/include/avr/power.h **** 
1062:/usr/lib/avr/include/avr/power.h **** #if defined(__AVR_HAVE_PRPC_TWI)
1063:/usr/lib/avr/include/avr/power.h **** #define power_twic_enable()     (PR_PRPC &= (uint8_t)~(PR_TWI_bm))
1064:/usr/lib/avr/include/avr/power.h **** #define power_twic_disable()    (PR_PRPC |= (uint8_t)PR_TWI_bm)
1065:/usr/lib/avr/include/avr/power.h **** #endif
1066:/usr/lib/avr/include/avr/power.h **** 
1067:/usr/lib/avr/include/avr/power.h **** #if defined(__AVR_HAVE_PRPC_USART0)
1068:/usr/lib/avr/include/avr/power.h **** #define power_usartc0_enable()  (PR_PRPC &= (uint8_t)~(PR_USART0_bm))
1069:/usr/lib/avr/include/avr/power.h **** #define power_usartc0_disable() (PR_PRPC |= (uint8_t)PR_USART0_bm)
1070:/usr/lib/avr/include/avr/power.h **** #endif
1071:/usr/lib/avr/include/avr/power.h **** 
1072:/usr/lib/avr/include/avr/power.h **** #if defined(__AVR_HAVE_PRPC_USART1)
1073:/usr/lib/avr/include/avr/power.h **** #define power_usartc1_enable()  (PR_PRPC &= (uint8_t)~(PR_USART1_bm))
1074:/usr/lib/avr/include/avr/power.h **** #define power_usartc1_disable() (PR_PRPC |= (uint8_t)PR_USART1_bm)
1075:/usr/lib/avr/include/avr/power.h **** #endif
1076:/usr/lib/avr/include/avr/power.h **** 
1077:/usr/lib/avr/include/avr/power.h **** #if defined(__AVR_HAVE_PRPD_HIRES)
1078:/usr/lib/avr/include/avr/power.h **** #define power_hiresd_enable()   (PR_PRPD &= (uint8_t)~(PR_HIRES_bm))
1079:/usr/lib/avr/include/avr/power.h **** #define power_hiresd_disable()  (PR_PRPD |= (uint8_t)PR_HIRES_bm)
1080:/usr/lib/avr/include/avr/power.h **** #endif
1081:/usr/lib/avr/include/avr/power.h **** 
1082:/usr/lib/avr/include/avr/power.h **** #if defined(__AVR_HAVE_PRPD_SPI)
1083:/usr/lib/avr/include/avr/power.h **** #define power_spid_enable()     (PR_PRPD &= (uint8_t)~(PR_SPI_bm))
1084:/usr/lib/avr/include/avr/power.h **** #define power_spid_disable()    (PR_PRPD |= (uint8_t)PR_SPI_bm)
1085:/usr/lib/avr/include/avr/power.h **** #endif
1086:/usr/lib/avr/include/avr/power.h **** 
1087:/usr/lib/avr/include/avr/power.h **** #if defined(__AVR_HAVE_PRPD_TC0)
1088:/usr/lib/avr/include/avr/power.h **** #define power_tc0d_enable()     (PR_PRPD &= (uint8_t)~(PR_TC0_bm))
1089:/usr/lib/avr/include/avr/power.h **** #define power_tc0d_disable()    (PR_PRPD |= (uint8_t)PR_TC0_bm)
1090:/usr/lib/avr/include/avr/power.h **** #endif
1091:/usr/lib/avr/include/avr/power.h **** 
1092:/usr/lib/avr/include/avr/power.h **** #if defined(__AVR_HAVE_PRPD_TC1)
1093:/usr/lib/avr/include/avr/power.h **** #define power_tc1d_enable()     (PR_PRPD &= (uint8_t)~(PR_TC1_bm))
1094:/usr/lib/avr/include/avr/power.h **** #define power_tc1d_disable()    (PR_PRPD |= (uint8_t)PR_TC1_bm)
1095:/usr/lib/avr/include/avr/power.h **** #endif
1096:/usr/lib/avr/include/avr/power.h **** 
1097:/usr/lib/avr/include/avr/power.h **** #if defined(__AVR_HAVE_PRPD_TC5)
1098:/usr/lib/avr/include/avr/power.h **** #define power_tc5d_enable()     (PR_PRPD  &= (uint8_t)~(PR_TC5_bm))
1099:/usr/lib/avr/include/avr/power.h **** #define power_tc5d_disable()    (PR_PRPD  |= (uint8_t)PR_TC5_bm)
1100:/usr/lib/avr/include/avr/power.h **** #endif
1101:/usr/lib/avr/include/avr/power.h **** 
1102:/usr/lib/avr/include/avr/power.h **** #if defined(__AVR_HAVE_PRPD_TWI)
1103:/usr/lib/avr/include/avr/power.h **** #define power_twid_enable()     (PR_PRPD &= (uint8_t)~(PR_TWI_bm))
1104:/usr/lib/avr/include/avr/power.h **** #define power_twid_disable()    (PR_PRPD |= (uint8_t)PR_TWI_bm)
1105:/usr/lib/avr/include/avr/power.h **** #endif
1106:/usr/lib/avr/include/avr/power.h **** 
1107:/usr/lib/avr/include/avr/power.h **** #if defined(__AVR_HAVE_PRPD_USART0)
1108:/usr/lib/avr/include/avr/power.h **** #define power_usartd0_enable()  (PR_PRPD &= (uint8_t)~(PR_USART0_bm))
1109:/usr/lib/avr/include/avr/power.h **** #define power_usartd0_disable() (PR_PRPD |= (uint8_t)PR_USART0_bm)
1110:/usr/lib/avr/include/avr/power.h **** #endif
1111:/usr/lib/avr/include/avr/power.h **** 
1112:/usr/lib/avr/include/avr/power.h **** #if defined(__AVR_HAVE_PRPD_USART1)
1113:/usr/lib/avr/include/avr/power.h **** #define power_usartd1_enable()  (PR_PRPD &= (uint8_t)~(PR_USART1_bm))
1114:/usr/lib/avr/include/avr/power.h **** #define power_usartd1_disable() (PR_PRPD |= (uint8_t)PR_USART1_bm)
1115:/usr/lib/avr/include/avr/power.h **** #endif
1116:/usr/lib/avr/include/avr/power.h **** 
1117:/usr/lib/avr/include/avr/power.h **** #if defined(__AVR_HAVE_PRPE_HIRES)
1118:/usr/lib/avr/include/avr/power.h **** #define power_hirese_enable()   (PR_PRPE &= (uint8_t)~(PR_HIRES_bm))
1119:/usr/lib/avr/include/avr/power.h **** #define power_hirese_disable()  (PR_PRPE |= (uint8_t)PR_HIRES_bm)
1120:/usr/lib/avr/include/avr/power.h **** #endif
1121:/usr/lib/avr/include/avr/power.h **** 
1122:/usr/lib/avr/include/avr/power.h **** #if defined(__AVR_HAVE_PRPE_SPI)
1123:/usr/lib/avr/include/avr/power.h **** #define power_spie_enable()     (PR_PRPE &= (uint8_t)~(PR_SPI_bm))
1124:/usr/lib/avr/include/avr/power.h **** #define power_spie_disable()    (PR_PRPE |= (uint8_t)PR_SPI_bm)
1125:/usr/lib/avr/include/avr/power.h **** #endif
1126:/usr/lib/avr/include/avr/power.h **** 
1127:/usr/lib/avr/include/avr/power.h **** #if defined(__AVR_HAVE_PRPE_TC0)
1128:/usr/lib/avr/include/avr/power.h **** #define power_tc0e_enable()     (PR_PRPE &= (uint8_t)~(PR_TC0_bm))
1129:/usr/lib/avr/include/avr/power.h **** #define power_tc0e_disable()    (PR_PRPE |= (uint8_t)PR_TC0_bm)
1130:/usr/lib/avr/include/avr/power.h **** #endif
1131:/usr/lib/avr/include/avr/power.h **** 
1132:/usr/lib/avr/include/avr/power.h **** #if defined(__AVR_HAVE_PRPE_TC1)
1133:/usr/lib/avr/include/avr/power.h **** #define power_tc1e_enable()     (PR_PRPE &= (uint8_t)~(PR_TC1_bm))
1134:/usr/lib/avr/include/avr/power.h **** #define power_tc1e_disable()    (PR_PRPE |= (uint8_t)PR_TC1_bm)
1135:/usr/lib/avr/include/avr/power.h **** #endif
1136:/usr/lib/avr/include/avr/power.h **** 
1137:/usr/lib/avr/include/avr/power.h **** #if defined(__AVR_HAVE_PRPE_TWI)
1138:/usr/lib/avr/include/avr/power.h **** #define power_twie_enable()     (PR_PRPE &= (uint8_t)~(PR_TWI_bm))
1139:/usr/lib/avr/include/avr/power.h **** #define power_twie_disable()    (PR_PRPE |= (uint8_t)PR_TWI_bm)
1140:/usr/lib/avr/include/avr/power.h **** #endif
1141:/usr/lib/avr/include/avr/power.h **** 
1142:/usr/lib/avr/include/avr/power.h **** #if defined(__AVR_HAVE_PRPE_USART0)
1143:/usr/lib/avr/include/avr/power.h **** #define power_usarte0_enable()  (PR_PRPE &= (uint8_t)~(PR_USART0_bm))
1144:/usr/lib/avr/include/avr/power.h **** #define power_usarte0_disable() (PR_PRPE |= (uint8_t)PR_USART0_bm)
1145:/usr/lib/avr/include/avr/power.h **** #endif
1146:/usr/lib/avr/include/avr/power.h **** 
1147:/usr/lib/avr/include/avr/power.h **** #if defined(__AVR_HAVE_PRPE_USART1)
1148:/usr/lib/avr/include/avr/power.h **** #define power_usarte1_enable()  (PR_PRPE &= (uint8_t)~(PR_USART1_bm))
1149:/usr/lib/avr/include/avr/power.h **** #define power_usarte1_disable() (PR_PRPE |= (uint8_t)PR_USART1_bm)
1150:/usr/lib/avr/include/avr/power.h **** #endif
1151:/usr/lib/avr/include/avr/power.h **** 
1152:/usr/lib/avr/include/avr/power.h **** #if defined(__AVR_HAVE_PRPF_HIRES)
1153:/usr/lib/avr/include/avr/power.h **** #define power_hiresf_enable()   (PR_PRPF &= (uint8_t)~(PR_HIRES_bm))
1154:/usr/lib/avr/include/avr/power.h **** #define power_hiresf_disable()  (PR_PRPF |= (uint8_t)PR_HIRES_bm)
1155:/usr/lib/avr/include/avr/power.h **** #endif
1156:/usr/lib/avr/include/avr/power.h **** 
1157:/usr/lib/avr/include/avr/power.h **** #if defined(__AVR_HAVE_PRPF_SPI)
1158:/usr/lib/avr/include/avr/power.h **** #define power_spif_enable()     (PR_PRPF &= (uint8_t)~(PR_SPI_bm))
1159:/usr/lib/avr/include/avr/power.h **** #define power_spif_disable()    (PR_PRPF |= (uint8_t)PR_SPI_bm)
1160:/usr/lib/avr/include/avr/power.h **** #endif
1161:/usr/lib/avr/include/avr/power.h **** 
1162:/usr/lib/avr/include/avr/power.h **** #if defined(__AVR_HAVE_PRPF_TC0)
1163:/usr/lib/avr/include/avr/power.h **** #define power_tc0f_enable()     (PR_PRPF &= (uint8_t)~(PR_TC0_bm))
1164:/usr/lib/avr/include/avr/power.h **** #define power_tc0f_disable()    (PR_PRPF |= (uint8_t)PR_TC0_bm)
1165:/usr/lib/avr/include/avr/power.h **** #endif
1166:/usr/lib/avr/include/avr/power.h **** 
1167:/usr/lib/avr/include/avr/power.h **** #if defined(__AVR_HAVE_PRPF_TC1)
1168:/usr/lib/avr/include/avr/power.h **** #define power_tc1f_enable()     (PR_PRPF &= (uint8_t)~(PR_TC1_bm))
1169:/usr/lib/avr/include/avr/power.h **** #define power_tc1f_disable()    (PR_PRPF |= (uint8_t)PR_TC1_bm)
1170:/usr/lib/avr/include/avr/power.h **** #endif
1171:/usr/lib/avr/include/avr/power.h **** 
1172:/usr/lib/avr/include/avr/power.h **** #if defined(__AVR_HAVE_PRPF_TWI)
1173:/usr/lib/avr/include/avr/power.h **** #define power_twif_enable()     (PR_PRPF &= (uint8_t)~(PR_TWI_bm))
1174:/usr/lib/avr/include/avr/power.h **** #define power_twif_disable()    (PR_PRPF |= (uint8_t)PR_TWI_bm)
1175:/usr/lib/avr/include/avr/power.h **** #endif
1176:/usr/lib/avr/include/avr/power.h **** 
1177:/usr/lib/avr/include/avr/power.h **** #if defined(__AVR_HAVE_PRPF_USART0)
1178:/usr/lib/avr/include/avr/power.h **** #define power_usartf0_enable()  (PR_PRPF &= (uint8_t)~(PR_USART0_bm))
1179:/usr/lib/avr/include/avr/power.h **** #define power_usartf0_disable() (PR_PRPF |= (uint8_t)PR_USART0_bm)
1180:/usr/lib/avr/include/avr/power.h **** #endif
1181:/usr/lib/avr/include/avr/power.h **** 
1182:/usr/lib/avr/include/avr/power.h **** #if defined(__AVR_HAVE_PRPF_USART1)
1183:/usr/lib/avr/include/avr/power.h **** #define power_usartf1_enable()  (PR_PRPF &= (uint8_t)~(PR_USART1_bm))
1184:/usr/lib/avr/include/avr/power.h **** #define power_usartf1_disable() (PR_PRPF |= (uint8_t)PR_USART1_bm)
1185:/usr/lib/avr/include/avr/power.h **** #endif
1186:/usr/lib/avr/include/avr/power.h **** 
1187:/usr/lib/avr/include/avr/power.h **** static __inline void
1188:/usr/lib/avr/include/avr/power.h **** __attribute__ ((__always_inline__))
1189:/usr/lib/avr/include/avr/power.h **** __power_all_enable()
1190:/usr/lib/avr/include/avr/power.h **** {
1191:/usr/lib/avr/include/avr/power.h **** #ifdef __AVR_HAVE_PRR
1192:/usr/lib/avr/include/avr/power.h ****     PRR &= (uint8_t)~(__AVR_HAVE_PRR);
1193:/usr/lib/avr/include/avr/power.h **** #endif
1194:/usr/lib/avr/include/avr/power.h **** 
1195:/usr/lib/avr/include/avr/power.h **** #ifdef __AVR_HAVE_PRR0
1196:/usr/lib/avr/include/avr/power.h ****     PRR0 &= (uint8_t)~(__AVR_HAVE_PRR0);
1197:/usr/lib/avr/include/avr/power.h **** #endif
1198:/usr/lib/avr/include/avr/power.h **** 
1199:/usr/lib/avr/include/avr/power.h **** #ifdef __AVR_HAVE_PRR1
1200:/usr/lib/avr/include/avr/power.h ****     PRR1 &= (uint8_t)~(__AVR_HAVE_PRR1);
1201:/usr/lib/avr/include/avr/power.h **** #endif
1202:/usr/lib/avr/include/avr/power.h **** 
1203:/usr/lib/avr/include/avr/power.h **** #ifdef __AVR_HAVE_PRR2
1204:/usr/lib/avr/include/avr/power.h ****    PRR2 &= (uint8_t)~(__AVR_HAVE_PRR2);
1205:/usr/lib/avr/include/avr/power.h **** #endif
1206:/usr/lib/avr/include/avr/power.h **** 
1207:/usr/lib/avr/include/avr/power.h **** #ifdef __AVR_HAVE_PRGEN
1208:/usr/lib/avr/include/avr/power.h ****     PR_PRGEN &= (uint8_t)~(__AVR_HAVE_PRGEN);
1209:/usr/lib/avr/include/avr/power.h **** #endif
1210:/usr/lib/avr/include/avr/power.h **** 
1211:/usr/lib/avr/include/avr/power.h **** #ifdef __AVR_HAVE_PRPA
1212:/usr/lib/avr/include/avr/power.h ****     PR_PRPA &= (uint8_t)~(__AVR_HAVE_PRPA);
1213:/usr/lib/avr/include/avr/power.h **** #endif
1214:/usr/lib/avr/include/avr/power.h **** 
1215:/usr/lib/avr/include/avr/power.h **** #ifdef __AVR_HAVE_PRPB
1216:/usr/lib/avr/include/avr/power.h ****     PR_PRPB &= (uint8_t)~(__AVR_HAVE_PRPB);
1217:/usr/lib/avr/include/avr/power.h **** #endif
1218:/usr/lib/avr/include/avr/power.h **** 
1219:/usr/lib/avr/include/avr/power.h **** #ifdef __AVR_HAVE_PRPC
1220:/usr/lib/avr/include/avr/power.h ****     PR_PRPC &= (uint8_t)~(__AVR_HAVE_PRPC);
1221:/usr/lib/avr/include/avr/power.h **** #endif
1222:/usr/lib/avr/include/avr/power.h **** 
1223:/usr/lib/avr/include/avr/power.h **** #ifdef __AVR_HAVE_PRPD
1224:/usr/lib/avr/include/avr/power.h ****     PR_PRPD &= (uint8_t)~(__AVR_HAVE_PRPD);
1225:/usr/lib/avr/include/avr/power.h **** #endif
1226:/usr/lib/avr/include/avr/power.h **** 
1227:/usr/lib/avr/include/avr/power.h **** #ifdef __AVR_HAVE_PRPE
1228:/usr/lib/avr/include/avr/power.h ****     PR_PRPE &= (uint8_t)~(__AVR_HAVE_PRPE);
1229:/usr/lib/avr/include/avr/power.h **** #endif
1230:/usr/lib/avr/include/avr/power.h **** 
1231:/usr/lib/avr/include/avr/power.h **** #ifdef __AVR_HAVE_PRPF
1232:/usr/lib/avr/include/avr/power.h ****     PR_PRPF &= (uint8_t)~(__AVR_HAVE_PRPF);
1233:/usr/lib/avr/include/avr/power.h **** #endif
1234:/usr/lib/avr/include/avr/power.h **** }
1235:/usr/lib/avr/include/avr/power.h **** 
1236:/usr/lib/avr/include/avr/power.h **** static __inline void
1237:/usr/lib/avr/include/avr/power.h **** __attribute__ ((__always_inline__))
1238:/usr/lib/avr/include/avr/power.h **** __power_all_disable()
1239:/usr/lib/avr/include/avr/power.h **** {
1240:/usr/lib/avr/include/avr/power.h **** #ifdef __AVR_HAVE_PRR
1241:/usr/lib/avr/include/avr/power.h ****     PRR |= (uint8_t)(__AVR_HAVE_PRR);
1242:/usr/lib/avr/include/avr/power.h **** #endif
1243:/usr/lib/avr/include/avr/power.h **** 
1244:/usr/lib/avr/include/avr/power.h **** #ifdef __AVR_HAVE_PRR0
1245:/usr/lib/avr/include/avr/power.h ****     PRR0 |= (uint8_t)(__AVR_HAVE_PRR0);
1246:/usr/lib/avr/include/avr/power.h **** #endif
1247:/usr/lib/avr/include/avr/power.h **** 
1248:/usr/lib/avr/include/avr/power.h **** #ifdef __AVR_HAVE_PRR1
1249:/usr/lib/avr/include/avr/power.h ****     PRR1 |= (uint8_t)(__AVR_HAVE_PRR1);
1250:/usr/lib/avr/include/avr/power.h **** #endif
1251:/usr/lib/avr/include/avr/power.h **** 
1252:/usr/lib/avr/include/avr/power.h **** #ifdef __AVR_HAVE_PRR2
1253:/usr/lib/avr/include/avr/power.h ****     PRR2 |= (uint8_t)(__AVR_HAVE_PRR2);
1254:/usr/lib/avr/include/avr/power.h **** #endif
1255:/usr/lib/avr/include/avr/power.h **** 
1256:/usr/lib/avr/include/avr/power.h **** #ifdef __AVR_HAVE_PRGEN
1257:/usr/lib/avr/include/avr/power.h ****     PR_PRGEN |= (uint8_t)(__AVR_HAVE_PRGEN);
1258:/usr/lib/avr/include/avr/power.h **** #endif
1259:/usr/lib/avr/include/avr/power.h **** 
1260:/usr/lib/avr/include/avr/power.h **** #ifdef __AVR_HAVE_PRPA
1261:/usr/lib/avr/include/avr/power.h ****     PR_PRPA |= (uint8_t)(__AVR_HAVE_PRPA);
1262:/usr/lib/avr/include/avr/power.h **** #endif
1263:/usr/lib/avr/include/avr/power.h **** 
1264:/usr/lib/avr/include/avr/power.h **** #ifdef __AVR_HAVE_PRPB
1265:/usr/lib/avr/include/avr/power.h ****     PR_PRPB |= (uint8_t)(__AVR_HAVE_PRPB);
1266:/usr/lib/avr/include/avr/power.h **** #endif
1267:/usr/lib/avr/include/avr/power.h **** 
1268:/usr/lib/avr/include/avr/power.h **** #ifdef __AVR_HAVE_PRPC
1269:/usr/lib/avr/include/avr/power.h ****     PR_PRPC |= (uint8_t)(__AVR_HAVE_PRPC);
1270:/usr/lib/avr/include/avr/power.h **** #endif
1271:/usr/lib/avr/include/avr/power.h **** 
1272:/usr/lib/avr/include/avr/power.h **** #ifdef __AVR_HAVE_PRPD
1273:/usr/lib/avr/include/avr/power.h ****     PR_PRPD |= (uint8_t)(__AVR_HAVE_PRPD);
1274:/usr/lib/avr/include/avr/power.h **** #endif
1275:/usr/lib/avr/include/avr/power.h **** 
1276:/usr/lib/avr/include/avr/power.h **** #ifdef __AVR_HAVE_PRPE
1277:/usr/lib/avr/include/avr/power.h ****     PR_PRPE |= (uint8_t)(__AVR_HAVE_PRPE);
1278:/usr/lib/avr/include/avr/power.h **** #endif
1279:/usr/lib/avr/include/avr/power.h **** 
1280:/usr/lib/avr/include/avr/power.h **** #ifdef __AVR_HAVE_PRPF
1281:/usr/lib/avr/include/avr/power.h ****     PR_PRPF |= (uint8_t)(__AVR_HAVE_PRPF);
1282:/usr/lib/avr/include/avr/power.h **** #endif
1283:/usr/lib/avr/include/avr/power.h **** }
1284:/usr/lib/avr/include/avr/power.h **** 
1285:/usr/lib/avr/include/avr/power.h **** #ifndef __DOXYGEN__
1286:/usr/lib/avr/include/avr/power.h **** #ifndef power_all_enable
1287:/usr/lib/avr/include/avr/power.h **** #define power_all_enable() __power_all_enable()
1288:/usr/lib/avr/include/avr/power.h **** #endif
1289:/usr/lib/avr/include/avr/power.h **** 
1290:/usr/lib/avr/include/avr/power.h **** #ifndef power_all_disable
1291:/usr/lib/avr/include/avr/power.h **** #define power_all_disable() __power_all_disable()
1292:/usr/lib/avr/include/avr/power.h **** #endif
1293:/usr/lib/avr/include/avr/power.h **** #endif	/* !__DOXYGEN__ */
1294:/usr/lib/avr/include/avr/power.h **** 
1295:/usr/lib/avr/include/avr/power.h **** 
1296:/usr/lib/avr/include/avr/power.h **** #if defined(__AVR_AT90CAN32__) \
1297:/usr/lib/avr/include/avr/power.h **** || defined(__AVR_AT90CAN64__) \
1298:/usr/lib/avr/include/avr/power.h **** || defined(__AVR_AT90CAN128__) \
1299:/usr/lib/avr/include/avr/power.h **** || defined(__AVR_AT90PWM1__) \
1300:/usr/lib/avr/include/avr/power.h **** || defined(__AVR_AT90PWM2__) \
1301:/usr/lib/avr/include/avr/power.h **** || defined(__AVR_AT90PWM2B__) \
1302:/usr/lib/avr/include/avr/power.h **** || defined(__AVR_AT90PWM3__) \
1303:/usr/lib/avr/include/avr/power.h **** || defined(__AVR_AT90PWM3B__) \
1304:/usr/lib/avr/include/avr/power.h **** || defined(__AVR_AT90PWM81__) \
1305:/usr/lib/avr/include/avr/power.h **** || defined(__AVR_AT90PWM161__) \
1306:/usr/lib/avr/include/avr/power.h **** || defined(__AVR_AT90PWM216__) \
1307:/usr/lib/avr/include/avr/power.h **** || defined(__AVR_AT90PWM316__) \
1308:/usr/lib/avr/include/avr/power.h **** || defined(__AVR_AT90SCR100__) \
1309:/usr/lib/avr/include/avr/power.h **** || defined(__AVR_AT90USB646__) \
1310:/usr/lib/avr/include/avr/power.h **** || defined(__AVR_AT90USB647__) \
1311:/usr/lib/avr/include/avr/power.h **** || defined(__AVR_AT90USB82__) \
1312:/usr/lib/avr/include/avr/power.h **** || defined(__AVR_AT90USB1286__) \
1313:/usr/lib/avr/include/avr/power.h **** || defined(__AVR_AT90USB1287__) \
1314:/usr/lib/avr/include/avr/power.h **** || defined(__AVR_AT90USB162__) \
1315:/usr/lib/avr/include/avr/power.h **** || defined(__AVR_ATA5505__) \
1316:/usr/lib/avr/include/avr/power.h **** || defined(__AVR_ATA5272__) \
1317:/usr/lib/avr/include/avr/power.h **** || defined(__AVR_ATA6617C__) \
1318:/usr/lib/avr/include/avr/power.h **** || defined(__AVR_ATA664251__) \
1319:/usr/lib/avr/include/avr/power.h **** || defined(__AVR_ATmega1280__) \
1320:/usr/lib/avr/include/avr/power.h **** || defined(__AVR_ATmega1281__) \
1321:/usr/lib/avr/include/avr/power.h **** || defined(__AVR_ATmega1284__) \
1322:/usr/lib/avr/include/avr/power.h **** || defined(__AVR_ATmega128RFA1__) \
1323:/usr/lib/avr/include/avr/power.h **** || defined(__AVR_ATmega1284RFR2__) \
1324:/usr/lib/avr/include/avr/power.h **** || defined(__AVR_ATmega128RFR2__) \
1325:/usr/lib/avr/include/avr/power.h **** || defined(__AVR_ATmega1284P__) \
1326:/usr/lib/avr/include/avr/power.h **** || defined(__AVR_ATmega162__) \
1327:/usr/lib/avr/include/avr/power.h **** || defined(__AVR_ATmega164A__) \
1328:/usr/lib/avr/include/avr/power.h **** || defined(__AVR_ATmega164P__) \
1329:/usr/lib/avr/include/avr/power.h **** || defined(__AVR_ATmega164PA__) \
1330:/usr/lib/avr/include/avr/power.h **** || defined(__AVR_ATmega165__) \
1331:/usr/lib/avr/include/avr/power.h **** || defined(__AVR_ATmega165A__) \
1332:/usr/lib/avr/include/avr/power.h **** || defined(__AVR_ATmega165P__) \
1333:/usr/lib/avr/include/avr/power.h **** || defined(__AVR_ATmega165PA__) \
1334:/usr/lib/avr/include/avr/power.h **** || defined(__AVR_ATmega168__) \
1335:/usr/lib/avr/include/avr/power.h **** || defined(__AVR_ATmega168A__) \
1336:/usr/lib/avr/include/avr/power.h **** || defined(__AVR_ATmega168P__) \
1337:/usr/lib/avr/include/avr/power.h **** || defined(__AVR_ATmega168PA__) \
1338:/usr/lib/avr/include/avr/power.h **** || defined(__AVR_ATmega168PB__) \
1339:/usr/lib/avr/include/avr/power.h **** || defined(__AVR_ATmega169__) \
1340:/usr/lib/avr/include/avr/power.h **** || defined(__AVR_ATmega169A__) \
1341:/usr/lib/avr/include/avr/power.h **** || defined(__AVR_ATmega169P__) \
1342:/usr/lib/avr/include/avr/power.h **** || defined(__AVR_ATmega169PA__) \
1343:/usr/lib/avr/include/avr/power.h **** || defined(__AVR_ATmega16M1__) \
1344:/usr/lib/avr/include/avr/power.h **** || defined(__AVR_ATmega16U2__) \
1345:/usr/lib/avr/include/avr/power.h **** || defined(__AVR_ATmega16U4__) \
1346:/usr/lib/avr/include/avr/power.h **** || defined(__AVR_ATmega2560__) \
1347:/usr/lib/avr/include/avr/power.h **** || defined(__AVR_ATmega2561__) \
1348:/usr/lib/avr/include/avr/power.h **** || defined(__AVR_ATmega2564RFR2__) \
1349:/usr/lib/avr/include/avr/power.h **** || defined(__AVR_ATmega256RFR2__) \
1350:/usr/lib/avr/include/avr/power.h **** || defined(__AVR_ATmega324A__) \
1351:/usr/lib/avr/include/avr/power.h **** || defined(__AVR_ATmega324P__) \
1352:/usr/lib/avr/include/avr/power.h **** || defined(__AVR_ATmega324PA__) \
1353:/usr/lib/avr/include/avr/power.h **** || defined(__AVR_ATmega324PB__) \
1354:/usr/lib/avr/include/avr/power.h **** || defined(__AVR_ATmega325__) \
1355:/usr/lib/avr/include/avr/power.h **** || defined(__AVR_ATmega325A__) \
1356:/usr/lib/avr/include/avr/power.h **** || defined(__AVR_ATmega325P__) \
1357:/usr/lib/avr/include/avr/power.h **** || defined(__AVR_ATmega325PA__) \
1358:/usr/lib/avr/include/avr/power.h **** || defined(__AVR_ATmega3250__) \
1359:/usr/lib/avr/include/avr/power.h **** || defined(__AVR_ATmega3250A__) \
1360:/usr/lib/avr/include/avr/power.h **** || defined(__AVR_ATmega3250P__) \
1361:/usr/lib/avr/include/avr/power.h **** || defined(__AVR_ATmega3250PA__) \
1362:/usr/lib/avr/include/avr/power.h **** || defined(__AVR_ATmega328__) \
1363:/usr/lib/avr/include/avr/power.h **** || defined(__AVR_ATmega328P__) \
1364:/usr/lib/avr/include/avr/power.h **** || defined(__AVR_ATmega328PB__) \
1365:/usr/lib/avr/include/avr/power.h **** || defined(__AVR_ATmega329__) \
1366:/usr/lib/avr/include/avr/power.h **** || defined(__AVR_ATmega329A__) \
1367:/usr/lib/avr/include/avr/power.h **** || defined(__AVR_ATmega329P__) \
1368:/usr/lib/avr/include/avr/power.h **** || defined(__AVR_ATmega329PA__) \
1369:/usr/lib/avr/include/avr/power.h **** || defined(__AVR_ATmega3290__) \
1370:/usr/lib/avr/include/avr/power.h **** || defined(__AVR_ATmega3290A__) \
1371:/usr/lib/avr/include/avr/power.h **** || defined(__AVR_ATmega3290P__) \
1372:/usr/lib/avr/include/avr/power.h **** || defined(__AVR_ATmega3290PA__) \
1373:/usr/lib/avr/include/avr/power.h **** || defined(__AVR_ATmega32C1__) \
1374:/usr/lib/avr/include/avr/power.h **** || defined(__AVR_ATmega32M1__) \
1375:/usr/lib/avr/include/avr/power.h **** || defined(__AVR_ATmega32U2__) \
1376:/usr/lib/avr/include/avr/power.h **** || defined(__AVR_ATmega32U4__) \
1377:/usr/lib/avr/include/avr/power.h **** || defined(__AVR_ATmega32U6__) \
1378:/usr/lib/avr/include/avr/power.h **** || defined(__AVR_ATmega48__) \
1379:/usr/lib/avr/include/avr/power.h **** || defined(__AVR_ATmega48A__) \
1380:/usr/lib/avr/include/avr/power.h **** || defined(__AVR_ATmega48PA__) \
1381:/usr/lib/avr/include/avr/power.h **** || defined(__AVR_ATmega48PB__) \
1382:/usr/lib/avr/include/avr/power.h **** || defined(__AVR_ATmega48P__) \
1383:/usr/lib/avr/include/avr/power.h **** || defined(__AVR_ATmega640__) \
1384:/usr/lib/avr/include/avr/power.h **** || defined(__AVR_ATmega649P__) \
1385:/usr/lib/avr/include/avr/power.h **** || defined(__AVR_ATmega644__) \
1386:/usr/lib/avr/include/avr/power.h **** || defined(__AVR_ATmega644A__) \
1387:/usr/lib/avr/include/avr/power.h **** || defined(__AVR_ATmega644P__) \
1388:/usr/lib/avr/include/avr/power.h **** || defined(__AVR_ATmega644PA__) \
1389:/usr/lib/avr/include/avr/power.h **** || defined(__AVR_ATmega645__) \
1390:/usr/lib/avr/include/avr/power.h **** || defined(__AVR_ATmega645A__) \
1391:/usr/lib/avr/include/avr/power.h **** || defined(__AVR_ATmega645P__) \
1392:/usr/lib/avr/include/avr/power.h **** || defined(__AVR_ATmega6450__) \
1393:/usr/lib/avr/include/avr/power.h **** || defined(__AVR_ATmega6450A__) \
1394:/usr/lib/avr/include/avr/power.h **** || defined(__AVR_ATmega6450P__) \
1395:/usr/lib/avr/include/avr/power.h **** || defined(__AVR_ATmega649__) \
1396:/usr/lib/avr/include/avr/power.h **** || defined(__AVR_ATmega649A__) \
1397:/usr/lib/avr/include/avr/power.h **** || defined(__AVR_ATmega64M1__) \
1398:/usr/lib/avr/include/avr/power.h **** || defined(__AVR_ATmega64C1__) \
1399:/usr/lib/avr/include/avr/power.h **** || defined(__AVR_ATmega88A__) \
1400:/usr/lib/avr/include/avr/power.h **** || defined(__AVR_ATmega88PA__) \
1401:/usr/lib/avr/include/avr/power.h **** || defined(__AVR_ATmega88PB__) \
1402:/usr/lib/avr/include/avr/power.h **** || defined(__AVR_ATmega6490__) \
1403:/usr/lib/avr/include/avr/power.h **** || defined(__AVR_ATmega6490A__) \
1404:/usr/lib/avr/include/avr/power.h **** || defined(__AVR_ATmega6490P__) \
1405:/usr/lib/avr/include/avr/power.h **** || defined(__AVR_ATmega644RFR2__) \
1406:/usr/lib/avr/include/avr/power.h **** || defined(__AVR_ATmega64RFR2__) \
1407:/usr/lib/avr/include/avr/power.h **** || defined(__AVR_ATmega88__) \
1408:/usr/lib/avr/include/avr/power.h **** || defined(__AVR_ATmega88P__) \
1409:/usr/lib/avr/include/avr/power.h **** || defined(__AVR_ATmega8U2__) \
1410:/usr/lib/avr/include/avr/power.h **** || defined(__AVR_ATmega16U2__) \
1411:/usr/lib/avr/include/avr/power.h **** || defined(__AVR_ATmega32U2__) \
1412:/usr/lib/avr/include/avr/power.h **** || defined(__AVR_ATtiny48__) \
1413:/usr/lib/avr/include/avr/power.h **** || defined(__AVR_ATtiny88__) \
1414:/usr/lib/avr/include/avr/power.h **** || defined(__AVR_ATtiny87__) \
1415:/usr/lib/avr/include/avr/power.h **** || defined(__AVR_ATtiny167__) \
1416:/usr/lib/avr/include/avr/power.h **** || defined(__DOXYGEN__)
1417:/usr/lib/avr/include/avr/power.h **** 
1418:/usr/lib/avr/include/avr/power.h **** 
1419:/usr/lib/avr/include/avr/power.h **** /** \addtogroup avr_power
1420:/usr/lib/avr/include/avr/power.h **** 
1421:/usr/lib/avr/include/avr/power.h **** Some of the newer AVRs contain a System Clock Prescale Register (CLKPR) that
1422:/usr/lib/avr/include/avr/power.h **** allows you to decrease the system clock frequency and the power consumption
1423:/usr/lib/avr/include/avr/power.h **** when the need for processing power is low.
1424:/usr/lib/avr/include/avr/power.h **** On some earlier AVRs (ATmega103, ATmega64, ATmega128), similar
1425:/usr/lib/avr/include/avr/power.h **** functionality can be achieved through the XTAL Divide Control Register.
1426:/usr/lib/avr/include/avr/power.h **** Below are two macros and an enumerated type that can be used to
1427:/usr/lib/avr/include/avr/power.h **** interface to the Clock Prescale Register or
1428:/usr/lib/avr/include/avr/power.h **** XTAL Divide Control Register.
1429:/usr/lib/avr/include/avr/power.h **** 
1430:/usr/lib/avr/include/avr/power.h **** \note Not all AVR devices have a clock prescaler. On those devices
1431:/usr/lib/avr/include/avr/power.h **** without a Clock Prescale Register or XTAL Divide Control Register, these
1432:/usr/lib/avr/include/avr/power.h **** macros are not available.
1433:/usr/lib/avr/include/avr/power.h **** */
1434:/usr/lib/avr/include/avr/power.h **** 
1435:/usr/lib/avr/include/avr/power.h **** 
1436:/usr/lib/avr/include/avr/power.h **** /** \addtogroup avr_power
1437:/usr/lib/avr/include/avr/power.h **** \code 
1438:/usr/lib/avr/include/avr/power.h **** typedef enum
1439:/usr/lib/avr/include/avr/power.h **** {
1440:/usr/lib/avr/include/avr/power.h ****     clock_div_1 = 0,
1441:/usr/lib/avr/include/avr/power.h ****     clock_div_2 = 1,
1442:/usr/lib/avr/include/avr/power.h ****     clock_div_4 = 2,
1443:/usr/lib/avr/include/avr/power.h ****     clock_div_8 = 3,
1444:/usr/lib/avr/include/avr/power.h ****     clock_div_16 = 4,
1445:/usr/lib/avr/include/avr/power.h ****     clock_div_32 = 5,
1446:/usr/lib/avr/include/avr/power.h ****     clock_div_64 = 6,
1447:/usr/lib/avr/include/avr/power.h ****     clock_div_128 = 7,
1448:/usr/lib/avr/include/avr/power.h ****     clock_div_256 = 8,
1449:/usr/lib/avr/include/avr/power.h ****     clock_div_1_rc = 15, // ATmega128RFA1 only
1450:/usr/lib/avr/include/avr/power.h **** } clock_div_t;
1451:/usr/lib/avr/include/avr/power.h **** \endcode
1452:/usr/lib/avr/include/avr/power.h **** Clock prescaler setting enumerations for device using
1453:/usr/lib/avr/include/avr/power.h **** System Clock Prescale Register.
1454:/usr/lib/avr/include/avr/power.h **** 
1455:/usr/lib/avr/include/avr/power.h **** \code
1456:/usr/lib/avr/include/avr/power.h **** typedef enum
1457:/usr/lib/avr/include/avr/power.h **** {
1458:/usr/lib/avr/include/avr/power.h ****     clock_div_1 = 1,
1459:/usr/lib/avr/include/avr/power.h ****     clock_div_2 = 2,
1460:/usr/lib/avr/include/avr/power.h ****     clock_div_4 = 4,
1461:/usr/lib/avr/include/avr/power.h ****     clock_div_8 = 8,
1462:/usr/lib/avr/include/avr/power.h ****     clock_div_16 = 16,
1463:/usr/lib/avr/include/avr/power.h ****     clock_div_32 = 32,
1464:/usr/lib/avr/include/avr/power.h ****     clock_div_64 = 64,
1465:/usr/lib/avr/include/avr/power.h ****     clock_div_128 = 128
1466:/usr/lib/avr/include/avr/power.h **** } clock_div_t;
1467:/usr/lib/avr/include/avr/power.h **** \endcode
1468:/usr/lib/avr/include/avr/power.h **** Clock prescaler setting enumerations for device using
1469:/usr/lib/avr/include/avr/power.h **** XTAL Divide Control Register.
1470:/usr/lib/avr/include/avr/power.h **** 
1471:/usr/lib/avr/include/avr/power.h **** */
1472:/usr/lib/avr/include/avr/power.h **** #ifndef __DOXYGEN__
1473:/usr/lib/avr/include/avr/power.h **** typedef enum
1474:/usr/lib/avr/include/avr/power.h **** {
1475:/usr/lib/avr/include/avr/power.h ****     clock_div_1 = 0,
1476:/usr/lib/avr/include/avr/power.h ****     clock_div_2 = 1,
1477:/usr/lib/avr/include/avr/power.h ****     clock_div_4 = 2,
1478:/usr/lib/avr/include/avr/power.h ****     clock_div_8 = 3,
1479:/usr/lib/avr/include/avr/power.h ****     clock_div_16 = 4,
1480:/usr/lib/avr/include/avr/power.h ****     clock_div_32 = 5,
1481:/usr/lib/avr/include/avr/power.h ****     clock_div_64 = 6,
1482:/usr/lib/avr/include/avr/power.h ****     clock_div_128 = 7,
1483:/usr/lib/avr/include/avr/power.h ****     clock_div_256 = 8
1484:/usr/lib/avr/include/avr/power.h **** #if defined(__AVR_ATmega128RFA1__) \
1485:/usr/lib/avr/include/avr/power.h **** || defined(__AVR_ATmega2564RFR2__) \
1486:/usr/lib/avr/include/avr/power.h **** || defined(__AVR_ATmega1284RFR2__) \
1487:/usr/lib/avr/include/avr/power.h **** || defined(__AVR_ATmega644RFR2__) \
1488:/usr/lib/avr/include/avr/power.h **** || defined(__AVR_ATmega256RFR2__) \
1489:/usr/lib/avr/include/avr/power.h **** || defined(__AVR_ATmega128RFR2__) \
1490:/usr/lib/avr/include/avr/power.h **** || defined(__AVR_ATmega64RFR2__)
1491:/usr/lib/avr/include/avr/power.h ****     , clock_div_1_rc = 15
1492:/usr/lib/avr/include/avr/power.h **** #endif
1493:/usr/lib/avr/include/avr/power.h **** } clock_div_t;
1494:/usr/lib/avr/include/avr/power.h **** 
1495:/usr/lib/avr/include/avr/power.h **** static __inline__ void clock_prescale_set(clock_div_t) __attribute__((__always_inline__));
1496:/usr/lib/avr/include/avr/power.h **** #endif	/* !__DOXYGEN__ */
1497:/usr/lib/avr/include/avr/power.h **** 
1498:/usr/lib/avr/include/avr/power.h **** /**
1499:/usr/lib/avr/include/avr/power.h ****    \ingroup avr_power
1500:/usr/lib/avr/include/avr/power.h ****    \fn clock_prescale_set(clock_div_t x)
1501:/usr/lib/avr/include/avr/power.h **** 
1502:/usr/lib/avr/include/avr/power.h **** Set the clock prescaler register select bits, selecting a system clock
1503:/usr/lib/avr/include/avr/power.h **** division setting. This function is inlined, even if compiler
1504:/usr/lib/avr/include/avr/power.h **** optimizations are disabled.
1505:/usr/lib/avr/include/avr/power.h **** 
1506:/usr/lib/avr/include/avr/power.h **** The type of \c x is \c clock_div_t.
1507:/usr/lib/avr/include/avr/power.h **** 
1508:/usr/lib/avr/include/avr/power.h **** \note For device with XTAL Divide Control Register (XDIV), \c x can actually range
1509:/usr/lib/avr/include/avr/power.h **** from 1 to 129. Thus, one does not need to use \c clock_div_t type as argument.
1510:/usr/lib/avr/include/avr/power.h **** */
1511:/usr/lib/avr/include/avr/power.h **** void clock_prescale_set(clock_div_t __x)
1512:/usr/lib/avr/include/avr/power.h **** {
1513:/usr/lib/avr/include/avr/power.h ****     uint8_t __tmp = _BV(CLKPCE);
1514:/usr/lib/avr/include/avr/power.h ****     __asm__ __volatile__ (
 361               		.loc 4 1514 0
 362 001c 90E8      		ldi r25,lo8(-128)
 363 001e 80E0      		ldi r24,0
 364               	/* #APP */
 365               	 ;  1514 "/usr/lib/avr/include/avr/power.h" 1
 366 0020 0FB6      		in __tmp_reg__,__SREG__
 367 0022 F894      		cli
 368 0024 9093 6100 		sts 97, r25
 369 0028 8093 6100 		sts 97, r24
 370 002c 0FBE      		out __SREG__, __tmp_reg__
 371               	 ;  0 "" 2
 372               	.LVL20:
 373               	/* #NOAPP */
 374               	.LBE110:
 375               	.LBE109:
 221:uBAD_bootloader.c ****     MCUCR = (1 << IVSEL);
 376               		.loc 1 221 0
 377 002e 81E0      		ldi r24,lo8(1)
 378 0030 85BF      		out 0x35,r24
 222:uBAD_bootloader.c **** 
 379               		.loc 1 222 0
 380 0032 82E0      		ldi r24,lo8(2)
 381 0034 85BF      		out 0x35,r24
 224:uBAD_bootloader.c ****     CPU_PRESCALE(0);
 382               		.loc 1 224 0
 383 0036 3F9A      		sbi 0x7,7
 384 0038 869A      		sbi 0x10,6
 385 003a 879A      		sbi 0x10,7
 225:uBAD_bootloader.c ****     L_LED_OFF();
 386               		.loc 1 225 0
 387 003c E1E6      		ldi r30,lo8(97)
 388 003e F0E0      		ldi r31,0
 389 0040 9083      		st Z,r25
 390 0042 1082      		st Z,__zero_reg__
 226:uBAD_bootloader.c ****     TX_LED_OFF();
 391               		.loc 1 226 0
 392 0044 4798      		cbi 0x8,7
 227:uBAD_bootloader.c ****     RX_LED_OFF();
 393               		.loc 1 227 0
 394 0046 8F98      		cbi 0x11,7
 228:uBAD_bootloader.c **** 
 395               		.loc 1 228 0
 396 0048 8E98      		cbi 0x11,6
 236:uBAD_bootloader.c ****     OCR1AL = 250;
 397               		.loc 1 236 0
 398 004a 1092 8900 		sts 137,__zero_reg__
 237:uBAD_bootloader.c ****     TIMSK1 = (1 << OCIE1A);               // enable timer 1 output compare A match interrupt
 399               		.loc 1 237 0
 400 004e 9AEF      		ldi r25,lo8(-6)
 401 0050 9093 8800 		sts 136,r25
 238:uBAD_bootloader.c ****     TCCR1B = ((1 << CS11) | (1 << CS10)); // 1/64 prescaler on timer 1 input
 402               		.loc 1 238 0
 403 0054 8093 6F00 		sts 111,r24
 239:uBAD_bootloader.c **** 
 404               		.loc 1 239 0
 405 0058 83E0      		ldi r24,lo8(3)
 406 005a 8093 8100 		sts 129,r24
 407 005e 0895      		ret
 408               		.cfi_endproc
 409               	.LFE104:
 411               		.section	.text.__vector_17,"ax",@progbits
 412               	.global	__vector_17
 414               	__vector_17:
 415               	.LFB105:
 247:uBAD_bootloader.c ****     /* Reset counter */
 416               		.loc 1 247 0
 417               		.cfi_startproc
 418 0000 1F92      		push r1
 419               	.LCFI0:
 420               		.cfi_def_cfa_offset 3
 421               		.cfi_offset 1, -2
 422 0002 0F92      		push r0
 423               	.LCFI1:
 424               		.cfi_def_cfa_offset 4
 425               		.cfi_offset 0, -3
 426 0004 0FB6      		in r0,__SREG__
 427 0006 0F92      		push r0
 428 0008 1124      		clr __zero_reg__
 429 000a 2F93      		push r18
 430               	.LCFI2:
 431               		.cfi_def_cfa_offset 5
 432               		.cfi_offset 18, -4
 433 000c 8F93      		push r24
 434               	.LCFI3:
 435               		.cfi_def_cfa_offset 6
 436               		.cfi_offset 24, -5
 437 000e 9F93      		push r25
 438               	.LCFI4:
 439               		.cfi_def_cfa_offset 7
 440               		.cfi_offset 25, -6
 441 0010 EF93      		push r30
 442               	.LCFI5:
 443               		.cfi_def_cfa_offset 8
 444               		.cfi_offset 30, -7
 445 0012 FF93      		push r31
 446               	.LCFI6:
 447               		.cfi_def_cfa_offset 9
 448               		.cfi_offset 31, -8
 449               	/* prologue: Signal */
 450               	/* frame size = 0 */
 451               	/* stack size = 8 */
 452               	.L__stack_usage = 8
 249:uBAD_bootloader.c ****     TCNT1L = 0;
 453               		.loc 1 249 0
 454 0014 1092 8500 		sts 133,__zero_reg__
 250:uBAD_bootloader.c **** 
 455               		.loc 1 250 0
 456 0018 1092 8400 		sts 132,__zero_reg__
 253:uBAD_bootloader.c ****     if (RxLEDPulse && !(--RxLEDPulse)) RX_LED_OFF();
 457               		.loc 1 253 0
 458 001c 8091 0000 		lds r24,TxLEDPulse
 459 0020 9091 0000 		lds r25,TxLEDPulse+1
 460 0024 0097      		sbiw r24,0
 461 0026 01F0      		breq .L36
 253:uBAD_bootloader.c ****     if (RxLEDPulse && !(--RxLEDPulse)) RX_LED_OFF();
 462               		.loc 1 253 0 is_stmt 0 discriminator 1
 463 0028 0197      		sbiw r24,1
 464 002a 9093 0000 		sts TxLEDPulse+1,r25
 465 002e 8093 0000 		sts TxLEDPulse,r24
 466 0032 892B      		or r24,r25
 467 0034 01F4      		brne .L36
 253:uBAD_bootloader.c ****     if (RxLEDPulse && !(--RxLEDPulse)) RX_LED_OFF();
 468               		.loc 1 253 0 discriminator 2
 469 0036 8F98      		cbi 0x11,7
 470               	.L36:
 254:uBAD_bootloader.c **** 
 471               		.loc 1 254 0 is_stmt 1
 472 0038 8091 0000 		lds r24,RxLEDPulse
 473 003c 9091 0000 		lds r25,RxLEDPulse+1
 474 0040 0097      		sbiw r24,0
 475 0042 01F0      		breq .L39
 254:uBAD_bootloader.c **** 
 476               		.loc 1 254 0 is_stmt 0 discriminator 1
 477 0044 0197      		sbiw r24,1
 478 0046 9093 0000 		sts RxLEDPulse+1,r25
 479 004a 8093 0000 		sts RxLEDPulse,r24
 480 004e 892B      		or r24,r25
 481 0050 01F4      		brne .L39
 254:uBAD_bootloader.c **** 
 482               		.loc 1 254 0 discriminator 2
 483 0052 8E98      		cbi 0x11,6
 484               	.L39:
 485               	.LVL21:
 486               	.LBB111:
 256:uBAD_bootloader.c **** }
 487               		.loc 1 256 0 is_stmt 1
 488 0054 E0E0      		ldi r30,0
 489 0056 F0E0      		ldi r31,0
 490               	/* #APP */
 491               	 ;  256 "uBAD_bootloader.c" 1
 492 0058 8591      		lpm r24, Z+
 493 005a 9491      		lpm r25, Z
 494               		
 495               	 ;  0 "" 2
 496               	.LVL22:
 497               	/* #NOAPP */
 498               	.LBE111:
 499 005c 0196      		adiw r24,1
 500 005e 01F0      		breq .L34
 256:uBAD_bootloader.c **** }
 501               		.loc 1 256 0 is_stmt 0 discriminator 1
 502 0060 8091 0000 		lds r24,Timeout
 503 0064 9091 0000 		lds r25,Timeout+1
 504               	.LVL23:
 505 0068 0196      		adiw r24,1
 506 006a 9093 0000 		sts Timeout+1,r25
 507 006e 8093 0000 		sts Timeout,r24
 508               	.L34:
 509               	/* epilogue start */
 257:uBAD_bootloader.c **** 
 510               		.loc 1 257 0 is_stmt 1
 511 0072 FF91      		pop r31
 512 0074 EF91      		pop r30
 513 0076 9F91      		pop r25
 514 0078 8F91      		pop r24
 515 007a 2F91      		pop r18
 516 007c 0F90      		pop r0
 517 007e 0FBE      		out __SREG__,r0
 518 0080 0F90      		pop r0
 519 0082 1F90      		pop r1
 520 0084 1895      		reti
 521               		.cfi_endproc
 522               	.LFE105:
 524               		.section	.text.EVENT_USB_Device_ConfigurationChanged,"ax",@progbits
 525               	.global	EVENT_USB_Device_ConfigurationChanged
 527               	EVENT_USB_Device_ConfigurationChanged:
 528               	.LFB106:
 263:uBAD_bootloader.c ****     /* Setup CDC Notification, Rx and Tx Endpoints */
 529               		.loc 1 263 0
 530               		.cfi_startproc
 531               	/* prologue: function */
 532               	/* frame size = 0 */
 533               	/* stack size = 0 */
 534               	.L__stack_usage = 0
 535               	.LVL24:
 536               	.LBB112:
 537               	.LBB113:
 276:../lufa-LUFA-111009/LUFA/Drivers/USB/Core/AVR8/../AVR8/Endpoint_AVR8.h **** 				                                      ((1 << ALLOC) | Banks | Endpoint_BytesToEPSizeMask(Size))
 538               		.loc 2 276 0
 539 0000 42E0      		ldi r20,lo8(2)
 540 0002 61EC      		ldi r22,lo8(-63)
 541 0004 82E0      		ldi r24,lo8(2)
 542 0006 0E94 0000 		call Endpoint_ConfigureEndpoint_Prv
 543               	.LVL25:
 544               	.LBE113:
 545               	.LBE112:
 546               	.LBB114:
 547               	.LBB115:
 548 000a 42E1      		ldi r20,lo8(18)
 549 000c 61E8      		ldi r22,lo8(-127)
 550 000e 83E0      		ldi r24,lo8(3)
 551 0010 0E94 0000 		call Endpoint_ConfigureEndpoint_Prv
 552               	.LVL26:
 553               	.LBE115:
 554               	.LBE114:
 555               	.LBB116:
 556               	.LBB117:
 557 0014 42E1      		ldi r20,lo8(18)
 558 0016 60E8      		ldi r22,lo8(-128)
 559 0018 84E0      		ldi r24,lo8(4)
 560 001a 0C94 0000 		jmp Endpoint_ConfigureEndpoint_Prv
 561               	.LVL27:
 562               	.LBE117:
 563               	.LBE116:
 564               		.cfi_endproc
 565               	.LFE106:
 567               		.section	.text.EVENT_USB_Device_ControlRequest,"ax",@progbits
 568               	.global	EVENT_USB_Device_ControlRequest
 570               	EVENT_USB_Device_ControlRequest:
 571               	.LFB107:
 277:uBAD_bootloader.c ****     /* Ignore any requests that aren't directed to the CDC interface */
 572               		.loc 1 277 0
 573               		.cfi_startproc
 574               	/* prologue: function */
 575               	/* frame size = 0 */
 576               	/* stack size = 0 */
 577               	.L__stack_usage = 0
 279:uBAD_bootloader.c ****         return;
 578               		.loc 1 279 0
 579 0000 8091 0000 		lds r24,USB_ControlRequest
 580 0004 982F      		mov r25,r24
 581 0006 9F77      		andi r25,lo8(127)
 582 0008 9132      		cpi r25,lo8(33)
 583 000a 01F4      		brne .L46
 284:uBAD_bootloader.c ****     case CDC_REQ_GetLineEncoding:
 584               		.loc 1 284 0
 585 000c 9091 0000 		lds r25,USB_ControlRequest+1
 586 0010 9032      		cpi r25,lo8(32)
 587 0012 01F0      		breq .L48
 588 0014 9132      		cpi r25,lo8(33)
 589 0016 01F4      		brne .L46
 286:uBAD_bootloader.c ****             Endpoint_ClearSETUP();
 590               		.loc 1 286 0
 591 0018 813A      		cpi r24,lo8(-95)
 592 001a 01F4      		brne .L46
 593               	.LBB118:
 594               	.LBB119:
 504:../lufa-LUFA-111009/LUFA/Drivers/USB/Core/AVR8/../AVR8/Endpoint_AVR8.h **** 			}
 595               		.loc 2 504 0
 596 001c 8091 E800 		lds r24,232
 597 0020 877F      		andi r24,lo8(-9)
 598 0022 8093 E800 		sts 232,r24
 599               	.LBE119:
 600               	.LBE118:
 290:uBAD_bootloader.c ****             Endpoint_ClearOUT();
 601               		.loc 1 290 0
 602 0026 67E0      		ldi r22,lo8(7)
 603 0028 70E0      		ldi r23,0
 604 002a 80E0      		ldi r24,lo8(LineEncoding)
 605 002c 90E0      		ldi r25,hi8(LineEncoding)
 606 002e 0E94 0000 		call Endpoint_Write_Control_Stream_LE
 607               	.LVL28:
 608               	.LBB120:
 609               	.LBB121:
 531:../lufa-LUFA-111009/LUFA/Drivers/USB/Core/AVR8/../AVR8/Endpoint_AVR8.h **** 				#else
 610               		.loc 2 531 0
 611 0032 8091 E800 		lds r24,232
 612 0036 8B77      		andi r24,lo8(123)
 613 0038 00C0      		rjmp .L50
 614               	.L48:
 615               	.LBE121:
 616               	.LBE120:
 308:uBAD_bootloader.c ****             Endpoint_ClearSETUP();
 617               		.loc 1 308 0
 618 003a 8132      		cpi r24,lo8(33)
 619 003c 01F4      		brne .L46
 620               	.LBB122:
 621               	.LBB123:
 504:../lufa-LUFA-111009/LUFA/Drivers/USB/Core/AVR8/../AVR8/Endpoint_AVR8.h **** 			}
 622               		.loc 2 504 0
 623 003e 8091 E800 		lds r24,232
 624 0042 877F      		andi r24,lo8(-9)
 625 0044 8093 E800 		sts 232,r24
 626               	.LBE123:
 627               	.LBE122:
 312:uBAD_bootloader.c ****             Endpoint_ClearIN();
 628               		.loc 1 312 0
 629 0048 67E0      		ldi r22,lo8(7)
 630 004a 70E0      		ldi r23,0
 631 004c 80E0      		ldi r24,lo8(LineEncoding)
 632 004e 90E0      		ldi r25,hi8(LineEncoding)
 633 0050 0E94 0000 		call Endpoint_Read_Control_Stream_LE
 634               	.LVL29:
 635               	.LBB124:
 636               	.LBB125:
 516:../lufa-LUFA-111009/LUFA/Drivers/USB/Core/AVR8/../AVR8/Endpoint_AVR8.h **** 				#else
 637               		.loc 2 516 0
 638 0054 8091 E800 		lds r24,232
 639 0058 8E77      		andi r24,lo8(126)
 640               	.L50:
 641 005a 8093 E800 		sts 232,r24
 642               	.L46:
 643 005e 0895      		ret
 644               	.LBE125:
 645               	.LBE124:
 646               		.cfi_endproc
 647               	.LFE107:
 649               		.section	.rodata.str1.1,"aMS",@progbits,1
 650               	.LC0:
 651 0000 7542 4144 		.string	"uBAD1v1"
 651      3176 3100 
 652               		.section	.text.CDC_Task,"ax",@progbits
 653               	.global	CDC_Task
 655               	CDC_Task:
 656               	.LFB111:
 476:uBAD_bootloader.c **** }
 477:uBAD_bootloader.c **** 
 478:uBAD_bootloader.c **** #define STK_OK 0x10
 479:uBAD_bootloader.c **** #define STK_INSYNC 0x14   // ' '
 480:uBAD_bootloader.c **** #define CRC_EOP 0x20      // 'SPACE'
 481:uBAD_bootloader.c **** #define STK_GET_SYNC 0x30 // '0'
 482:uBAD_bootloader.c **** 
 483:uBAD_bootloader.c **** #define STK_GET_PARAMETER 0x41  // 'A'
 484:uBAD_bootloader.c **** #define STK_SET_DEVICE 0x42     // 'B'
 485:uBAD_bootloader.c **** #define STK_SET_DEVICE_EXT 0x45 // 'E'
 486:uBAD_bootloader.c **** #define STK_LOAD_ADDRESS 0x55   // 'U'
 487:uBAD_bootloader.c **** #define STK_UNIVERSAL 0x56      // 'V'
 488:uBAD_bootloader.c **** #define STK_PROG_PAGE 0x64      // 'd'
 489:uBAD_bootloader.c **** #define STK_READ_PAGE 0x74      // 't'
 490:uBAD_bootloader.c **** #define STK_READ_SIGN 0x75      // 'u'
 491:uBAD_bootloader.c **** 
 492:uBAD_bootloader.c **** /** Task to read in AVR910 commands from the CDC data OUT endpoint, process them, perform the requi
 493:uBAD_bootloader.c ****  *  and send the appropriate response back to the host.
 494:uBAD_bootloader.c ****  */
 495:uBAD_bootloader.c **** void CDC_Task(void)
 496:uBAD_bootloader.c **** {
 657               		.loc 1 496 0
 658               		.cfi_startproc
 659 0000 4F92      		push r4
 660               	.LCFI7:
 661               		.cfi_def_cfa_offset 3
 662               		.cfi_offset 4, -2
 663 0002 5F92      		push r5
 664               	.LCFI8:
 665               		.cfi_def_cfa_offset 4
 666               		.cfi_offset 5, -3
 667 0004 6F92      		push r6
 668               	.LCFI9:
 669               		.cfi_def_cfa_offset 5
 670               		.cfi_offset 6, -4
 671 0006 7F92      		push r7
 672               	.LCFI10:
 673               		.cfi_def_cfa_offset 6
 674               		.cfi_offset 7, -5
 675 0008 8F92      		push r8
 676               	.LCFI11:
 677               		.cfi_def_cfa_offset 7
 678               		.cfi_offset 8, -6
 679 000a 9F92      		push r9
 680               	.LCFI12:
 681               		.cfi_def_cfa_offset 8
 682               		.cfi_offset 9, -7
 683 000c AF92      		push r10
 684               	.LCFI13:
 685               		.cfi_def_cfa_offset 9
 686               		.cfi_offset 10, -8
 687 000e BF92      		push r11
 688               	.LCFI14:
 689               		.cfi_def_cfa_offset 10
 690               		.cfi_offset 11, -9
 691 0010 CF92      		push r12
 692               	.LCFI15:
 693               		.cfi_def_cfa_offset 11
 694               		.cfi_offset 12, -10
 695 0012 DF92      		push r13
 696               	.LCFI16:
 697               		.cfi_def_cfa_offset 12
 698               		.cfi_offset 13, -11
 699 0014 EF92      		push r14
 700               	.LCFI17:
 701               		.cfi_def_cfa_offset 13
 702               		.cfi_offset 14, -12
 703 0016 FF92      		push r15
 704               	.LCFI18:
 705               		.cfi_def_cfa_offset 14
 706               		.cfi_offset 15, -13
 707 0018 0F93      		push r16
 708               	.LCFI19:
 709               		.cfi_def_cfa_offset 15
 710               		.cfi_offset 16, -14
 711 001a 1F93      		push r17
 712               	.LCFI20:
 713               		.cfi_def_cfa_offset 16
 714               		.cfi_offset 17, -15
 715 001c CF93      		push r28
 716               	.LCFI21:
 717               		.cfi_def_cfa_offset 17
 718               		.cfi_offset 28, -16
 719 001e DF93      		push r29
 720               	.LCFI22:
 721               		.cfi_def_cfa_offset 18
 722               		.cfi_offset 29, -17
 723               	/* prologue: function */
 724               	/* frame size = 0 */
 725               	/* stack size = 16 */
 726               	.L__stack_usage = 16
 727               	.LVL30:
 728               	.LBB158:
 729               	.LBB159:
 330:../lufa-LUFA-111009/LUFA/Drivers/USB/Core/AVR8/../AVR8/Endpoint_AVR8.h **** 				#endif
 730               		.loc 2 330 0
 731 0020 84E0      		ldi r24,lo8(4)
 732 0022 8093 E900 		sts 233,r24
 733               	.LVL31:
 734               	.LBE159:
 735               	.LBE158:
 736               	.LBB160:
 737               	.LBB161:
 479:../lufa-LUFA-111009/LUFA/Drivers/USB/Core/AVR8/../AVR8/Endpoint_AVR8.h **** 			}
 738               		.loc 2 479 0
 739 0026 8091 E800 		lds r24,232
 740               	.LBE161:
 741               	.LBE160:
 497:uBAD_bootloader.c ****     /* Select the OUT endpoint */
 498:uBAD_bootloader.c ****     Endpoint_SelectEndpoint(CDC_RX_EPNUM);
 499:uBAD_bootloader.c **** 
 500:uBAD_bootloader.c ****     /* Check if endpoint has a command in it sent from the host */
 501:uBAD_bootloader.c ****     if (!(Endpoint_IsOUTReceived())) return;
 742               		.loc 1 501 0
 743 002a 82FF      		sbrs r24,2
 744 002c 00C0      		rjmp .L51
 502:uBAD_bootloader.c **** 
 503:uBAD_bootloader.c ****     RX_LED_ON();
 745               		.loc 1 503 0
 746 002e 8E9A      		sbi 0x11,6
 504:uBAD_bootloader.c ****     RxLEDPulse = TX_RX_LED_PULSE_PERIOD;
 747               		.loc 1 504 0
 748 0030 84E6      		ldi r24,lo8(100)
 749 0032 90E0      		ldi r25,0
 750 0034 9093 0000 		sts RxLEDPulse+1,r25
 751 0038 8093 0000 		sts RxLEDPulse,r24
 505:uBAD_bootloader.c **** 
 506:uBAD_bootloader.c ****     /* Read in the bootloader command (first byte sent from host) */
 507:uBAD_bootloader.c ****     uint8_t Command = FetchNextCommandByte();
 752               		.loc 1 507 0
 753 003c 0E94 0000 		call FetchNextCommandByte
 754               	.LVL32:
 755 0040 C82F      		mov r28,r24
 756               	.LVL33:
 508:uBAD_bootloader.c **** 
 509:uBAD_bootloader.c ****     // E stands for exit bootloader. basically we shouldn't call this
 510:uBAD_bootloader.c ****     // until it's verified to be saved. As the exit call
 511:uBAD_bootloader.c ****     // makes it exit after half a second we can bump up the TIMEOUT_PERIOD.
 512:uBAD_bootloader.c ****     if (Command == 'E') {
 757               		.loc 1 512 0
 758 0042 8534      		cpi r24,lo8(69)
 759 0044 01F4      		brne .L54
 513:uBAD_bootloader.c ****         /* We nearly run out the bootloader timeout clock,
 514:uBAD_bootloader.c ****          * leaving just a few hundred milliseconds so the
 515:uBAD_bootloader.c ****          * bootloder has time to respond and service any
 516:uBAD_bootloader.c ****          * subsequent requests */
 517:uBAD_bootloader.c ****         Timeout = TIMEOUT_PERIOD - 500;
 760               		.loc 1 517 0
 761 0046 8CE8      		ldi r24,lo8(-116)
 762 0048 9CE3      		ldi r25,lo8(60)
 763               	.LVL34:
 764 004a 9093 0000 		sts Timeout+1,r25
 765 004e 8093 0000 		sts Timeout,r24
 766               	.L55:
 518:uBAD_bootloader.c **** 
 519:uBAD_bootloader.c ****         /* Re-enable RWW section - must be done here in case
 520:uBAD_bootloader.c ****          * user has disabled verification on upload.  */
 521:uBAD_bootloader.c ****         boot_rww_enable_safe();
 767               		.loc 1 521 0 discriminator 1
 768 0052 07B6      		in __tmp_reg__,0x37
 769 0054 00FC      		sbrc __tmp_reg__,0
 770 0056 00C0      		rjmp .L55
 771               	.L56:
 772               		.loc 1 521 0 is_stmt 0 discriminator 3
 773 0058 F999      		sbic 0x1f,1
 774 005a 00C0      		rjmp .L56
 775               		.loc 1 521 0 discriminator 4
 776 005c 81E1      		ldi r24,lo8(17)
 777               	/* #APP */
 778               	 ;  521 "uBAD_bootloader.c" 1
 779 005e 8093 5700 		sts 87, r24
 780 0062 E895      		spm
 781               		
 782               	 ;  0 "" 2
 783               	/* #NOAPP */
 784 0064 00C0      		rjmp .L140
 785               	.LVL35:
 786               	.L54:
 522:uBAD_bootloader.c **** 
 523:uBAD_bootloader.c ****         // Send confirmation byte back to the host
 524:uBAD_bootloader.c ****         WriteNextResponseByte('\r');
 525:uBAD_bootloader.c ****     }
 526:uBAD_bootloader.c ****     else if (Command == 'T') {
 787               		.loc 1 526 0 is_stmt 1
 788 0066 8435      		cpi r24,lo8(84)
 789 0068 01F4      		brne .L58
 527:uBAD_bootloader.c ****         FetchNextCommandByte();
 790               		.loc 1 527 0
 791 006a 0E94 0000 		call FetchNextCommandByte
 792               	.LVL36:
 793               	.L140:
 528:uBAD_bootloader.c **** 
 529:uBAD_bootloader.c ****         // Send confirmation byte back to the host
 530:uBAD_bootloader.c ****         WriteNextResponseByte('\r');
 794               		.loc 1 530 0
 795 006e 8DE0      		ldi r24,lo8(13)
 796               	.L141:
 797 0070 0E94 0000 		call WriteNextResponseByte
 798               	.LVL37:
 799 0074 00C0      		rjmp .L57
 800               	.LVL38:
 801               	.L58:
 531:uBAD_bootloader.c ****     }
 532:uBAD_bootloader.c ****     else if ((Command == 'L') || (Command == 'P')) {
 802               		.loc 1 532 0
 803 0076 8C34      		cpi r24,lo8(76)
 804 0078 01F0      		breq .L140
 805               		.loc 1 532 0 is_stmt 0 discriminator 1
 806 007a 8035      		cpi r24,lo8(80)
 807 007c 01F0      		breq .L140
 533:uBAD_bootloader.c ****         // Send confirmation byte back to the host
 534:uBAD_bootloader.c ****         WriteNextResponseByte('\r');
 535:uBAD_bootloader.c ****     }
 536:uBAD_bootloader.c ****     else if (Command == 't') {
 808               		.loc 1 536 0 is_stmt 1
 809 007e 8437      		cpi r24,lo8(116)
 810 0080 01F4      		brne .L61
 537:uBAD_bootloader.c ****         // Return ATMEGA128 part code - this is only to allow AVRProg to use the bootloader
 538:uBAD_bootloader.c ****         WriteNextResponseByte(0x44);
 811               		.loc 1 538 0
 812 0082 84E4      		ldi r24,lo8(68)
 813               	.LVL39:
 814 0084 0E94 0000 		call WriteNextResponseByte
 815               	.LVL40:
 539:uBAD_bootloader.c ****         WriteNextResponseByte(0x00);
 816               		.loc 1 539 0
 817 0088 80E0      		ldi r24,0
 818 008a 00C0      		rjmp .L141
 819               	.LVL41:
 820               	.L61:
 540:uBAD_bootloader.c ****     }
 541:uBAD_bootloader.c ****     else if (Command == 'a') {
 821               		.loc 1 541 0
 822 008c 8136      		cpi r24,lo8(97)
 823 008e 01F4      		brne .L62
 542:uBAD_bootloader.c ****         // Indicate auto-address increment is supported
 543:uBAD_bootloader.c ****         WriteNextResponseByte('Y');
 824               		.loc 1 543 0
 825 0090 89E5      		ldi r24,lo8(89)
 826               	.LVL42:
 827 0092 00C0      		rjmp .L141
 828               	.LVL43:
 829               	.L62:
 544:uBAD_bootloader.c ****     }
 545:uBAD_bootloader.c ****     else if (Command == 'A') {
 830               		.loc 1 545 0
 831 0094 8134      		cpi r24,lo8(65)
 832 0096 01F4      		brne .L63
 546:uBAD_bootloader.c ****         // Set the current address to that given by the host
 547:uBAD_bootloader.c ****         CurrAddress = (FetchNextCommandByte() << 9);
 833               		.loc 1 547 0
 834 0098 0E94 0000 		call FetchNextCommandByte
 835               	.LVL44:
 836 009c C82F      		mov r28,r24
 837               	.LVL45:
 548:uBAD_bootloader.c ****         CurrAddress |= (FetchNextCommandByte() << 1);
 838               		.loc 1 548 0
 839 009e 0E94 0000 		call FetchNextCommandByte
 840               	.LVL46:
 841 00a2 2C2F      		mov r18,r28
 842 00a4 30E0      		ldi r19,0
 843 00a6 322F      		mov r19,r18
 844 00a8 2227      		clr r18
 845 00aa 330F      		lsl r19
 846 00ac 90E0      		ldi r25,0
 847 00ae 880F      		lsl r24
 848 00b0 991F      		rol r25
 849 00b2 822B      		or r24,r18
 850 00b4 932B      		or r25,r19
 851 00b6 092E      		mov __tmp_reg__,r25
 852 00b8 000C      		lsl r0
 853 00ba AA0B      		sbc r26,r26
 854 00bc BB0B      		sbc r27,r27
 855 00be 00C0      		rjmp .L142
 856               	.LVL47:
 857               	.L63:
 549:uBAD_bootloader.c **** 
 550:uBAD_bootloader.c ****         // Send confirmation byte back to the host
 551:uBAD_bootloader.c ****         WriteNextResponseByte('\r');
 552:uBAD_bootloader.c ****     }
 553:uBAD_bootloader.c ****     else if (Command == 'p') {
 858               		.loc 1 553 0
 859 00c0 8037      		cpi r24,lo8(112)
 860 00c2 01F4      		brne .L64
 554:uBAD_bootloader.c ****         // Indicate serial programmer back to the host
 555:uBAD_bootloader.c ****         WriteNextResponseByte('S');
 861               		.loc 1 555 0
 862 00c4 83E5      		ldi r24,lo8(83)
 863               	.LVL48:
 864 00c6 00C0      		rjmp .L141
 865               	.LVL49:
 866               	.L64:
 556:uBAD_bootloader.c ****     }
 557:uBAD_bootloader.c ****     else if (Command == 'S') {
 867               		.loc 1 557 0
 868 00c8 8335      		cpi r24,lo8(83)
 869 00ca 01F4      		brne .L65
 870 00cc C0E0      		ldi r28,lo8(.LC0)
 871 00ce D0E0      		ldi r29,hi8(.LC0)
 872               	.LVL50:
 873               	.L66:
 874               	.LBB162:
 558:uBAD_bootloader.c ****         // Write the 7-byte software identifier to the endpoint
 559:uBAD_bootloader.c ****         for (uint8_t CurrByte = 0; CurrByte < 7; CurrByte++)
 560:uBAD_bootloader.c ****             WriteNextResponseByte(SOFTWARE_IDENTIFIER[CurrByte]);
 875               		.loc 1 560 0 discriminator 3
 876 00d0 8991      		ld r24,Y+
 877               	.LVL51:
 878 00d2 0E94 0000 		call WriteNextResponseByte
 879               	.LVL52:
 559:uBAD_bootloader.c ****             WriteNextResponseByte(SOFTWARE_IDENTIFIER[CurrByte]);
 880               		.loc 1 559 0 discriminator 3
 881 00d6 20E0      		ldi r18,hi8(.LC0+7)
 882 00d8 C030      		cpi r28,lo8(.LC0+7)
 883 00da D207      		cpc r29,r18
 884 00dc 01F4      		brne .L66
 885 00de 00C0      		rjmp .L57
 886               	.LVL53:
 887               	.L65:
 888               	.LBE162:
 561:uBAD_bootloader.c ****     }
 562:uBAD_bootloader.c ****     else if (Command == 'V') {
 889               		.loc 1 562 0
 890 00e0 8635      		cpi r24,lo8(86)
 891 00e2 01F4      		brne .L67
 563:uBAD_bootloader.c ****         WriteNextResponseByte('0' + BOOTLOADER_VERSION_MAJOR);
 892               		.loc 1 563 0
 893 00e4 81E3      		ldi r24,lo8(49)
 894               	.LVL54:
 895 00e6 0E94 0000 		call WriteNextResponseByte
 896               	.LVL55:
 564:uBAD_bootloader.c ****         WriteNextResponseByte('0' + BOOTLOADER_VERSION_MINOR);
 897               		.loc 1 564 0
 898 00ea 80E3      		ldi r24,lo8(48)
 899 00ec 00C0      		rjmp .L141
 900               	.LVL56:
 901               	.L67:
 565:uBAD_bootloader.c ****     }
 566:uBAD_bootloader.c ****     else if (Command == 's') {
 902               		.loc 1 566 0
 903 00ee 8337      		cpi r24,lo8(115)
 904 00f0 01F4      		brne .L68
 567:uBAD_bootloader.c ****         WriteNextResponseByte(AVR_SIGNATURE_3);
 905               		.loc 1 567 0
 906 00f2 87E8      		ldi r24,lo8(-121)
 907               	.LVL57:
 908 00f4 0E94 0000 		call WriteNextResponseByte
 909               	.LVL58:
 568:uBAD_bootloader.c ****         WriteNextResponseByte(AVR_SIGNATURE_2);
 910               		.loc 1 568 0
 911 00f8 85E9      		ldi r24,lo8(-107)
 912 00fa 0E94 0000 		call WriteNextResponseByte
 913               	.LVL59:
 569:uBAD_bootloader.c ****         WriteNextResponseByte(AVR_SIGNATURE_1);
 914               		.loc 1 569 0
 915 00fe 8EE1      		ldi r24,lo8(30)
 916 0100 00C0      		rjmp .L141
 917               	.LVL60:
 918               	.L68:
 570:uBAD_bootloader.c ****     }
 571:uBAD_bootloader.c ****     else if (Command == 'e') {
 919               		.loc 1 571 0
 920 0102 8536      		cpi r24,lo8(101)
 921 0104 01F4      		brne .L69
 922 0106 E0E0      		ldi r30,0
 923 0108 F0E0      		ldi r31,0
 924               	.LBB163:
 572:uBAD_bootloader.c ****         // Clear the application section of flash
 573:uBAD_bootloader.c ****         for (uint32_t CurrFlashAddress = 0; CurrFlashAddress < BOOT_START_ADDR; CurrFlashAddress +=
 574:uBAD_bootloader.c ****             boot_page_erase(CurrFlashAddress);
 925               		.loc 1 574 0
 926 010a 83E0      		ldi r24,lo8(3)
 927               	.LVL61:
 575:uBAD_bootloader.c ****             boot_spm_busy_wait();
 576:uBAD_bootloader.c ****             boot_page_write(CurrFlashAddress);
 928               		.loc 1 576 0
 929 010c 95E0      		ldi r25,lo8(5)
 930               	.L72:
 574:uBAD_bootloader.c ****             boot_spm_busy_wait();
 931               		.loc 1 574 0
 932               	/* #APP */
 933               	 ;  574 "uBAD_bootloader.c" 1
 934 010e 8093 5700 		sts 87, r24
 935 0112 E895      		spm
 936               		
 937               	 ;  0 "" 2
 938               	/* #NOAPP */
 939               	.L70:
 575:uBAD_bootloader.c ****             boot_spm_busy_wait();
 940               		.loc 1 575 0 discriminator 1
 941 0114 07B6      		in __tmp_reg__,0x37
 942 0116 00FC      		sbrc __tmp_reg__,0
 943 0118 00C0      		rjmp .L70
 944               		.loc 1 576 0
 945               	/* #APP */
 946               	 ;  576 "uBAD_bootloader.c" 1
 947 011a 9093 5700 		sts 87, r25
 948 011e E895      		spm
 949               		
 950               	 ;  0 "" 2
 951               	/* #NOAPP */
 952               	.L71:
 577:uBAD_bootloader.c ****             boot_spm_busy_wait();
 953               		.loc 1 577 0 discriminator 1
 954 0120 07B6      		in __tmp_reg__,0x37
 955 0122 00FC      		sbrc __tmp_reg__,0
 956 0124 00C0      		rjmp .L71
 957               	.LVL62:
 958 0126 E058      		subi r30,-128
 959 0128 FF4F      		sbci r31,-1
 573:uBAD_bootloader.c ****             boot_page_erase(CurrFlashAddress);
 960               		.loc 1 573 0 discriminator 2
 961 012a E115      		cp r30,__zero_reg__
 962 012c 40E7      		ldi r20,112
 963 012e F407      		cpc r31,r20
 964 0130 01F4      		brne .L72
 965 0132 00C0      		rjmp .L140
 966               	.LVL63:
 967               	.L69:
 968               	.LBE163:
 578:uBAD_bootloader.c ****         }
 579:uBAD_bootloader.c **** 
 580:uBAD_bootloader.c ****         // Send confirmation byte back to the host
 581:uBAD_bootloader.c ****         WriteNextResponseByte('\r');
 582:uBAD_bootloader.c ****     }
 583:uBAD_bootloader.c **** #if !defined(NO_LOCK_BYTE_WRITE_SUPPORT)
 584:uBAD_bootloader.c ****     else if (Command == 'l') {
 585:uBAD_bootloader.c ****         // Set the lock bits to those given by the host
 586:uBAD_bootloader.c ****         boot_lock_bits_set(FetchNextCommandByte());
 587:uBAD_bootloader.c **** 
 588:uBAD_bootloader.c ****         // Send confirmation byte back to the host
 589:uBAD_bootloader.c ****         WriteNextResponseByte('\r');
 590:uBAD_bootloader.c ****     }
 591:uBAD_bootloader.c **** #endif
 592:uBAD_bootloader.c ****     else if (Command == 'r') {
 969               		.loc 1 592 0
 970 0134 8237      		cpi r24,lo8(114)
 971 0136 01F4      		brne .L73
 972               	.LBB164:
 593:uBAD_bootloader.c ****         WriteNextResponseByte(boot_lock_fuse_bits_get(GET_LOCK_BITS));
 973               		.loc 1 593 0
 974 0138 E1E0      		ldi r30,lo8(1)
 975 013a F0E0      		ldi r31,0
 976 013c 00C0      		rjmp .L143
 977               	.L73:
 978               	.LBE164:
 594:uBAD_bootloader.c ****     }
 595:uBAD_bootloader.c ****     else if (Command == 'F') {
 979               		.loc 1 595 0
 980 013e 8634      		cpi r24,lo8(70)
 981 0140 01F4      		brne .L74
 982               	.LBB165:
 596:uBAD_bootloader.c ****         WriteNextResponseByte(boot_lock_fuse_bits_get(GET_LOW_FUSE_BITS));
 983               		.loc 1 596 0
 984 0142 E0E0      		ldi r30,0
 985 0144 F0E0      		ldi r31,0
 986 0146 00C0      		rjmp .L143
 987               	.L74:
 988               	.LBE165:
 597:uBAD_bootloader.c ****     }
 598:uBAD_bootloader.c ****     else if (Command == 'N') {
 989               		.loc 1 598 0
 990 0148 8E34      		cpi r24,lo8(78)
 991 014a 01F4      		brne .L75
 992               	.LBB166:
 599:uBAD_bootloader.c ****         WriteNextResponseByte(boot_lock_fuse_bits_get(GET_HIGH_FUSE_BITS));
 993               		.loc 1 599 0
 994 014c E3E0      		ldi r30,lo8(3)
 995 014e F0E0      		ldi r31,0
 996 0150 00C0      		rjmp .L143
 997               	.L75:
 998               	.LBE166:
 600:uBAD_bootloader.c ****     }
 601:uBAD_bootloader.c ****     else if (Command == 'Q') {
 999               		.loc 1 601 0
 1000 0152 8135      		cpi r24,lo8(81)
 1001 0154 01F4      		brne .L76
 1002               	.LBB167:
 602:uBAD_bootloader.c ****         WriteNextResponseByte(boot_lock_fuse_bits_get(GET_EXTENDED_FUSE_BITS));
 1003               		.loc 1 602 0
 1004 0156 E2E0      		ldi r30,lo8(2)
 1005 0158 F0E0      		ldi r31,0
 1006               	.L143:
 1007 015a 89E0      		ldi r24,lo8(9)
 1008               	.LVL64:
 1009               	/* #APP */
 1010               	 ;  602 "uBAD_bootloader.c" 1
 1011 015c 8093 5700 		sts 87, r24
 1012 0160 8491      		lpm r24, Z
 1013               		
 1014               	 ;  0 "" 2
 1015               	.LVL65:
 1016               	/* #NOAPP */
 1017 0162 00C0      		rjmp .L141
 1018               	.LVL66:
 1019               	.L76:
 1020               	.LBE167:
 603:uBAD_bootloader.c ****     }
 604:uBAD_bootloader.c ****     // Current locking is good enough, especially with the addition of 186 and 185
 605:uBAD_bootloader.c ****     // codes we can stay avrdude/avr109 compatible as well.
 606:uBAD_bootloader.c ****     // we mostly use block writes because of added speed
 607:uBAD_bootloader.c **** #if !defined(NO_BLOCK_SUPPORT)
 608:uBAD_bootloader.c ****     else if (Command == 'b') {
 1021               		.loc 1 608 0
 1022 0164 8236      		cpi r24,lo8(98)
 1023 0166 01F4      		brne .L77
 609:uBAD_bootloader.c ****         WriteNextResponseByte('Y');
 1024               		.loc 1 609 0
 1025 0168 89E5      		ldi r24,lo8(89)
 1026               	.LVL67:
 1027 016a 0E94 0000 		call WriteNextResponseByte
 1028               	.LVL68:
 610:uBAD_bootloader.c **** 
 611:uBAD_bootloader.c ****         // Send block size to the host
 612:uBAD_bootloader.c ****         WriteNextResponseByte(SPM_PAGESIZE >> 8);
 1029               		.loc 1 612 0
 1030 016e 80E0      		ldi r24,0
 1031 0170 0E94 0000 		call WriteNextResponseByte
 1032               	.LVL69:
 613:uBAD_bootloader.c ****         WriteNextResponseByte(SPM_PAGESIZE & 0xFF);
 1033               		.loc 1 613 0
 1034 0174 80E8      		ldi r24,lo8(-128)
 1035 0176 00C0      		rjmp .L141
 1036               	.LVL70:
 1037               	.L77:
 614:uBAD_bootloader.c ****     }
 615:uBAD_bootloader.c ****     else if ((Command == 'B') || (Command == 'g')) {
 1038               		.loc 1 615 0
 1039 0178 8234      		cpi r24,lo8(66)
 1040 017a 01F0      		breq .L78
 1041               		.loc 1 615 0 is_stmt 0 discriminator 1
 1042 017c 8736      		cpi r24,lo8(103)
 1043 017e 01F0      		breq .+2
 1044 0180 00C0      		rjmp .L79
 1045               	.L78:
 616:uBAD_bootloader.c ****         // Keep resetting the timeout counter if we're receiving self-programming instructions
 617:uBAD_bootloader.c ****         Timeout = 0;
 1046               		.loc 1 617 0 is_stmt 1
 1047 0182 1092 0000 		sts Timeout+1,__zero_reg__
 1048 0186 1092 0000 		sts Timeout,__zero_reg__
 1049               	.LVL71:
 1050               	.LBB168:
 1051               	.LBB169:
 334:uBAD_bootloader.c ****     BlockSize |= FetchNextCommandByte();
 1052               		.loc 1 334 0
 1053 018a 0E94 0000 		call FetchNextCommandByte
 1054               	.LVL72:
 1055 018e 082F      		mov r16,r24
 1056               	.LVL73:
 335:uBAD_bootloader.c **** 
 1057               		.loc 1 335 0
 1058 0190 0E94 0000 		call FetchNextCommandByte
 1059               	.LVL74:
 1060 0194 D82F      		mov r29,r24
 1061               	.LVL75:
 337:uBAD_bootloader.c **** 
 1062               		.loc 1 337 0
 1063 0196 0E94 0000 		call FetchNextCommandByte
 1064               	.LVL76:
 1065 019a 182F      		mov r17,r24
 1066               	.LVL77:
 339:uBAD_bootloader.c ****         /* Send error byte back to the host */
 1067               		.loc 1 339 0
 1068 019c 8BEB      		ldi r24,lo8(-69)
 1069 019e 810F      		add r24,r17
 1070 01a0 8230      		cpi r24,lo8(2)
 1071 01a2 00F0      		brlo .L80
 1072               	.LVL78:
 1073               	.L105:
 341:uBAD_bootloader.c **** 
 1074               		.loc 1 341 0
 1075 01a4 8FE3      		ldi r24,lo8(63)
 1076 01a6 00C0      		rjmp .L141
 1077               	.LVL79:
 1078               	.L80:
 334:uBAD_bootloader.c ****     BlockSize |= FetchNextCommandByte();
 1079               		.loc 1 334 0
 1080 01a8 8D2F      		mov r24,r29
 1081 01aa 90E0      		ldi r25,0
 335:uBAD_bootloader.c **** 
 1082               		.loc 1 335 0
 1083 01ac 902B      		or r25,r16
 348:uBAD_bootloader.c **** 
 1084               		.loc 1 348 0
 1085 01ae 1092 6F00 		sts 111,__zero_reg__
 351:uBAD_bootloader.c ****         /* Re-enable RWW section */
 1086               		.loc 1 351 0
 1087 01b2 C736      		cpi r28,lo8(103)
 1088 01b4 01F0      		breq .+2
 1089 01b6 00C0      		rjmp .L81
 1090               	.LVL80:
 353:uBAD_bootloader.c **** 
 1091               		.loc 1 353 0
 1092 01b8 21E1      		ldi r18,lo8(17)
 1093               	/* #APP */
 1094               	 ;  353 "uBAD_bootloader.c" 1
 1095 01ba 2093 5700 		sts 87, r18
 1096 01be E895      		spm
 1097               		
 1098               	 ;  0 "" 2
 1099               	/* #NOAPP */
 1100 01c0 EC01      		movw r28,r24
 1101               	.LVL81:
 331:uBAD_bootloader.c ****     uint8_t LowByte = 0;
 1102               		.loc 1 331 0
 1103 01c2 B12C      		mov r11,__zero_reg__
 367:uBAD_bootloader.c ****             }
 1104               		.loc 1 367 0
 1105 01c4 01E0      		ldi r16,lo8(1)
 1106               	.LVL82:
 1107               	.L82:
 355:uBAD_bootloader.c ****             if (MemoryType == 'F') {
 1108               		.loc 1 355 0
 1109 01c6 2097      		sbiw r28,0
 1110 01c8 01F4      		brne .+2
 1111 01ca 00C0      		rjmp .L87
 1112 01cc C090 0000 		lds r12,CurrAddress
 1113 01d0 D090 0000 		lds r13,CurrAddress+1
 1114 01d4 E090 0000 		lds r14,CurrAddress+2
 1115 01d8 F090 0000 		lds r15,CurrAddress+3
 356:uBAD_bootloader.c **** /* Read the next FLASH byte from the current FLASH page */
 1116               		.loc 1 356 0
 1117 01dc 1634      		cpi r17,lo8(70)
 1118 01de 01F4      		brne .L83
 1119               	.LVL83:
 1120               	.LBB170:
 361:uBAD_bootloader.c **** #endif
 1121               		.loc 1 361 0
 1122 01e0 EB2D      		mov r30,r11
 1123 01e2 F0E0      		ldi r31,0
 1124 01e4 EC29      		or r30,r12
 1125 01e6 FD29      		or r31,r13
 1126               	/* #APP */
 1127               	 ;  361 "uBAD_bootloader.c" 1
 1128 01e8 8491      		lpm r24, Z
 1129               		
 1130               	 ;  0 "" 2
 1131               	.LVL84:
 1132               	/* #NOAPP */
 1133               	.LBE170:
 1134 01ea 0E94 0000 		call WriteNextResponseByte
 1135               	.LVL85:
 365:uBAD_bootloader.c **** 
 1136               		.loc 1 365 0
 1137 01ee BB20      		tst r11
 1138 01f0 01F0      		breq .L84
 1139 01f2 52E0      		ldi r21,2
 1140 01f4 C50E      		add r12,r21
 1141 01f6 D11C      		adc r13,__zero_reg__
 1142 01f8 E11C      		adc r14,__zero_reg__
 1143 01fa F11C      		adc r15,__zero_reg__
 1144               	.LVL86:
 1145 01fc C092 0000 		sts CurrAddress,r12
 1146 0200 D092 0000 		sts CurrAddress+1,r13
 1147 0204 E092 0000 		sts CurrAddress+2,r14
 1148 0208 F092 0000 		sts CurrAddress+3,r15
 1149               	.LVL87:
 1150               	.L84:
 367:uBAD_bootloader.c ****             }
 1151               		.loc 1 367 0
 1152 020c B026      		eor r11,r16
 1153               	.LVL88:
 1154 020e 00C0      		rjmp .L85
 1155               	.L83:
 371:uBAD_bootloader.c **** 
 1156               		.loc 1 371 0
 1157 0210 D701      		movw r26,r14
 1158 0212 C601      		movw r24,r12
 1159 0214 B695      		lsr r27
 1160 0216 A795      		ror r26
 1161 0218 9795      		ror r25
 1162 021a 8795      		ror r24
 1163 021c 0E94 0000 		call eeprom_read_byte
 1164               	.LVL89:
 1165 0220 0E94 0000 		call WriteNextResponseByte
 1166               	.LVL90:
 374:uBAD_bootloader.c ****             }
 1167               		.loc 1 374 0
 1168 0224 82E0      		ldi r24,2
 1169 0226 C80E      		add r12,r24
 1170 0228 D11C      		adc r13,__zero_reg__
 1171 022a E11C      		adc r14,__zero_reg__
 1172 022c F11C      		adc r15,__zero_reg__
 1173 022e C092 0000 		sts CurrAddress,r12
 1174 0232 D092 0000 		sts CurrAddress+1,r13
 1175 0236 E092 0000 		sts CurrAddress+2,r14
 1176 023a F092 0000 		sts CurrAddress+3,r15
 1177               	.L85:
 1178 023e 2197      		sbiw r28,1
 1179               	.LVL91:
 1180 0240 00C0      		rjmp .L82
 1181               	.LVL92:
 1182               	.L81:
 1183               	.LBB171:
 379:uBAD_bootloader.c **** 
 1184               		.loc 1 379 0
 1185 0242 8090 0000 		lds r8,CurrAddress
 1186 0246 9090 0000 		lds r9,CurrAddress+1
 1187 024a A090 0000 		lds r10,CurrAddress+2
 1188 024e B090 0000 		lds r11,CurrAddress+3
 381:uBAD_bootloader.c ****             boot_page_erase(PageStartAddress);
 1189               		.loc 1 381 0
 1190 0252 1634      		cpi r17,lo8(70)
 1191 0254 01F4      		brne .L113
 382:uBAD_bootloader.c ****             boot_spm_busy_wait();
 1192               		.loc 1 382 0
 1193 0256 23E0      		ldi r18,lo8(3)
 1194 0258 F401      		movw r30,r8
 1195               	/* #APP */
 1196               	 ;  382 "uBAD_bootloader.c" 1
 1197 025a 2093 5700 		sts 87, r18
 1198 025e E895      		spm
 1199               		
 1200               	 ;  0 "" 2
 1201               	/* #NOAPP */
 1202               	.L89:
 383:uBAD_bootloader.c ****         }
 1203               		.loc 1 383 0
 1204 0260 07B6      		in __tmp_reg__,0x37
 1205 0262 00FC      		sbrc __tmp_reg__,0
 1206 0264 00C0      		rjmp .L89
 1207               	.L113:
 381:uBAD_bootloader.c ****             boot_page_erase(PageStartAddress);
 1208               		.loc 1 381 0
 1209 0266 E12C      		mov r14,__zero_reg__
 1210 0268 F12C      		mov r15,__zero_reg__
 1211 026a EC01      		movw r28,r24
 1212               	.LVL93:
 400:uBAD_bootloader.c ****             }
 1213               		.loc 1 400 0
 1214 026c 01E0      		ldi r16,lo8(1)
 1215               	.LVL94:
 1216               	.L90:
 386:uBAD_bootloader.c ****             if (MemoryType == 'F') {
 1217               		.loc 1 386 0
 1218 026e 2097      		sbiw r28,0
 1219 0270 01F4      		brne .+2
 1220 0272 00C0      		rjmp .L144
 387:uBAD_bootloader.c ****                 /* If both bytes in current word have been written, increment the address counter *
 1221               		.loc 1 387 0
 1222 0274 1634      		cpi r17,lo8(70)
 1223 0276 01F4      		brne .L91
 389:uBAD_bootloader.c ****                     /* Write the next FLASH word to the current FLASH page */
 1224               		.loc 1 389 0
 1225 0278 FF20      		tst r15
 1226 027a 01F0      		breq .L92
 391:uBAD_bootloader.c **** 
 1227               		.loc 1 391 0
 1228 027c 4090 0000 		lds r4,CurrAddress
 1229 0280 5090 0000 		lds r5,CurrAddress+1
 1230 0284 6090 0000 		lds r6,CurrAddress+2
 1231 0288 7090 0000 		lds r7,CurrAddress+3
 1232 028c 0E94 0000 		call FetchNextCommandByte
 1233               	.LVL95:
 1234 0290 2E2D      		mov r18,r14
 1235 0292 30E0      		ldi r19,0
 1236 0294 A901      		movw r20,r18
 1237 0296 582B      		or r21,r24
 1238 0298 F201      		movw r30,r4
 1239               	/* #APP */
 1240               	 ;  391 "uBAD_bootloader.c" 1
 1241 029a 0A01      		movw  r0, r20
 1242 029c 0093 5700 		sts 87, r16
 1243 02a0 E895      		spm
 1244 02a2 1124      		clr  r1
 1245               		
 1246               	 ;  0 "" 2
 394:uBAD_bootloader.c ****                 }
 1247               		.loc 1 394 0
 1248               	/* #NOAPP */
 1249 02a4 F2E0      		ldi r31,2
 1250 02a6 4F0E      		add r4,r31
 1251 02a8 511C      		adc r5,__zero_reg__
 1252 02aa 611C      		adc r6,__zero_reg__
 1253 02ac 711C      		adc r7,__zero_reg__
 1254 02ae 4092 0000 		sts CurrAddress,r4
 1255 02b2 5092 0000 		sts CurrAddress+1,r5
 1256 02b6 6092 0000 		sts CurrAddress+2,r6
 1257 02ba 7092 0000 		sts CurrAddress+3,r7
 1258 02be 00C0      		rjmp .L93
 1259               	.L92:
 397:uBAD_bootloader.c ****                 }
 1260               		.loc 1 397 0
 1261 02c0 0E94 0000 		call FetchNextCommandByte
 1262               	.LVL96:
 1263 02c4 E82E      		mov r14,r24
 1264               	.LVL97:
 1265               	.L93:
 400:uBAD_bootloader.c ****             }
 1266               		.loc 1 400 0
 1267 02c6 F026      		eor r15,r16
 1268               	.LVL98:
 1269 02c8 00C0      		rjmp .L94
 1270               	.L91:
 404:uBAD_bootloader.c **** 
 1271               		.loc 1 404 0
 1272 02ca 0E94 0000 		call FetchNextCommandByte
 1273               	.LVL99:
 1274 02ce 682F      		mov r22,r24
 1275 02d0 8091 0000 		lds r24,CurrAddress
 1276 02d4 9091 0000 		lds r25,CurrAddress+1
 1277 02d8 A091 0000 		lds r26,CurrAddress+2
 1278 02dc B091 0000 		lds r27,CurrAddress+3
 1279 02e0 B695      		lsr r27
 1280 02e2 A795      		ror r26
 1281 02e4 9795      		ror r25
 1282 02e6 8795      		ror r24
 1283 02e8 0E94 0000 		call eeprom_write_byte
 1284               	.LVL100:
 407:uBAD_bootloader.c ****             }
 1285               		.loc 1 407 0
 1286 02ec 8091 0000 		lds r24,CurrAddress
 1287 02f0 9091 0000 		lds r25,CurrAddress+1
 1288 02f4 A091 0000 		lds r26,CurrAddress+2
 1289 02f8 B091 0000 		lds r27,CurrAddress+3
 1290 02fc 0296      		adiw r24,2
 1291 02fe A11D      		adc r26,__zero_reg__
 1292 0300 B11D      		adc r27,__zero_reg__
 1293 0302 8093 0000 		sts CurrAddress,r24
 1294 0306 9093 0000 		sts CurrAddress+1,r25
 1295 030a A093 0000 		sts CurrAddress+2,r26
 1296 030e B093 0000 		sts CurrAddress+3,r27
 1297               	.L94:
 1298 0312 2197      		sbiw r28,1
 1299               	.LVL101:
 1300 0314 00C0      		rjmp .L90
 1301               	.LVL102:
 1302               	.L144:
 412:uBAD_bootloader.c ****             /* Commit the flash page to memory */
 1303               		.loc 1 412 0
 1304 0316 1634      		cpi r17,lo8(70)
 1305 0318 01F4      		brne .L96
 414:uBAD_bootloader.c **** 
 1306               		.loc 1 414 0
 1307 031a 85E0      		ldi r24,lo8(5)
 1308 031c F401      		movw r30,r8
 1309               	/* #APP */
 1310               	 ;  414 "uBAD_bootloader.c" 1
 1311 031e 8093 5700 		sts 87, r24
 1312 0322 E895      		spm
 1313               		
 1314               	 ;  0 "" 2
 1315               	/* #NOAPP */
 1316               	.L97:
 417:uBAD_bootloader.c ****         }
 1317               		.loc 1 417 0
 1318 0324 07B6      		in __tmp_reg__,0x37
 1319 0326 00FC      		sbrc __tmp_reg__,0
 1320 0328 00C0      		rjmp .L97
 1321               	.L96:
 421:uBAD_bootloader.c ****     }
 1322               		.loc 1 421 0
 1323 032a 8DE0      		ldi r24,lo8(13)
 1324 032c 0E94 0000 		call WriteNextResponseByte
 1325               	.LVL103:
 1326               	.L87:
 1327               	.LBE171:
 425:uBAD_bootloader.c **** }
 1328               		.loc 1 425 0
 1329 0330 82E0      		ldi r24,lo8(2)
 1330 0332 8093 6F00 		sts 111,r24
 1331 0336 00C0      		rjmp .L57
 1332               	.LVL104:
 1333               	.L79:
 1334               	.LBE169:
 1335               	.LBE168:
 618:uBAD_bootloader.c ****         // Delegate the block write/read to a separate function for clarity
 619:uBAD_bootloader.c ****         ReadWriteMemoryBlock(Command);
 620:uBAD_bootloader.c ****     }
 621:uBAD_bootloader.c **** #endif
 622:uBAD_bootloader.c **** #if !defined(NO_FLASH_BYTE_SUPPORT)
 623:uBAD_bootloader.c ****     else if (Command == 'C') {
 1336               		.loc 1 623 0
 1337 0338 8334      		cpi r24,lo8(67)
 1338 033a 01F4      		brne .L98
 624:uBAD_bootloader.c ****         // Write the high byte to the current flash page
 625:uBAD_bootloader.c ****         boot_page_fill(CurrAddress, FetchNextCommandByte());
 1339               		.loc 1 625 0
 1340 033c C091 0000 		lds r28,CurrAddress
 1341 0340 D091 0000 		lds r29,CurrAddress+1
 1342 0344 0E94 0000 		call FetchNextCommandByte
 1343               	.LVL105:
 1344 0348 90E0      		ldi r25,0
 1345 034a 21E0      		ldi r18,lo8(1)
 1346 034c FE01      		movw r30,r28
 1347               	/* #APP */
 1348               	 ;  625 "uBAD_bootloader.c" 1
 1349 034e 0C01      		movw  r0, r24
 1350 0350 2093 5700 		sts 87, r18
 1351 0354 E895      		spm
 1352 0356 1124      		clr  r1
 1353               		
 1354               	 ;  0 "" 2
 1355               	/* #NOAPP */
 1356 0358 00C0      		rjmp .L140
 1357               	.LVL106:
 1358               	.L98:
 626:uBAD_bootloader.c **** 
 627:uBAD_bootloader.c ****         // Send confirmation byte back to the host
 628:uBAD_bootloader.c ****         WriteNextResponseByte('\r');
 629:uBAD_bootloader.c ****     }
 630:uBAD_bootloader.c ****     else if (Command == 'c') {
 1359               		.loc 1 630 0
 1360 035a 8336      		cpi r24,lo8(99)
 1361 035c 01F4      		brne .L99
 631:uBAD_bootloader.c ****         // Write the low byte to the current flash page
 632:uBAD_bootloader.c ****         boot_page_fill(CurrAddress | 0x01, FetchNextCommandByte());
 1362               		.loc 1 632 0
 1363 035e C090 0000 		lds r12,CurrAddress
 1364 0362 D090 0000 		lds r13,CurrAddress+1
 1365 0366 E090 0000 		lds r14,CurrAddress+2
 1366 036a F090 0000 		lds r15,CurrAddress+3
 1367 036e 0E94 0000 		call FetchNextCommandByte
 1368               	.LVL107:
 1369 0372 F601      		movw r30,r12
 1370 0374 E160      		ori r30,1
 1371 0376 90E0      		ldi r25,0
 1372 0378 21E0      		ldi r18,lo8(1)
 1373               	/* #APP */
 1374               	 ;  632 "uBAD_bootloader.c" 1
 1375 037a 0C01      		movw  r0, r24
 1376 037c 2093 5700 		sts 87, r18
 1377 0380 E895      		spm
 1378 0382 1124      		clr  r1
 1379               		
 1380               	 ;  0 "" 2
 633:uBAD_bootloader.c **** 
 634:uBAD_bootloader.c ****         // Increment the address
 635:uBAD_bootloader.c ****         CurrAddress += 2;
 1381               		.loc 1 635 0
 1382               	/* #NOAPP */
 1383 0384 F2E0      		ldi r31,2
 1384 0386 CF0E      		add r12,r31
 1385 0388 D11C      		adc r13,__zero_reg__
 1386 038a E11C      		adc r14,__zero_reg__
 1387 038c F11C      		adc r15,__zero_reg__
 1388 038e C092 0000 		sts CurrAddress,r12
 1389 0392 D092 0000 		sts CurrAddress+1,r13
 1390 0396 E092 0000 		sts CurrAddress+2,r14
 1391 039a F092 0000 		sts CurrAddress+3,r15
 1392 039e 00C0      		rjmp .L140
 1393               	.LVL108:
 1394               	.L99:
 636:uBAD_bootloader.c **** 
 637:uBAD_bootloader.c ****         // Send confirmation byte back to the host
 638:uBAD_bootloader.c ****         WriteNextResponseByte('\r');
 639:uBAD_bootloader.c ****     }
 640:uBAD_bootloader.c ****     else if (Command == 'm') {
 1395               		.loc 1 640 0
 1396 03a0 8D36      		cpi r24,lo8(109)
 1397 03a2 01F4      		brne .L100
 641:uBAD_bootloader.c ****         // Commit the flash page to memory
 642:uBAD_bootloader.c ****         boot_page_write(CurrAddress);
 1398               		.loc 1 642 0
 1399 03a4 E091 0000 		lds r30,CurrAddress
 1400 03a8 F091 0000 		lds r31,CurrAddress+1
 1401 03ac 85E0      		ldi r24,lo8(5)
 1402               	.LVL109:
 1403               	/* #APP */
 1404               	 ;  642 "uBAD_bootloader.c" 1
 1405 03ae 8093 5700 		sts 87, r24
 1406 03b2 E895      		spm
 1407               		
 1408               	 ;  0 "" 2
 1409               	/* #NOAPP */
 1410               	.L101:
 643:uBAD_bootloader.c **** 
 644:uBAD_bootloader.c ****         // Wait until write operation has completed
 645:uBAD_bootloader.c ****         boot_spm_busy_wait();
 1411               		.loc 1 645 0 discriminator 1
 1412 03b4 07B6      		in __tmp_reg__,0x37
 1413 03b6 00FC      		sbrc __tmp_reg__,0
 1414 03b8 00C0      		rjmp .L101
 1415 03ba 00C0      		rjmp .L140
 1416               	.LVL110:
 1417               	.L100:
 646:uBAD_bootloader.c **** 
 647:uBAD_bootloader.c ****         // Send confirmation byte back to the host
 648:uBAD_bootloader.c ****         WriteNextResponseByte('\r');
 649:uBAD_bootloader.c ****     }
 650:uBAD_bootloader.c ****     else if (Command == 'R') {
 1418               		.loc 1 650 0
 1419 03bc 8235      		cpi r24,lo8(82)
 1420 03be 01F4      		brne .L102
 1421               	.LBB172:
 1422               	.LBB173:
 651:uBAD_bootloader.c **** #if (FLASHEND > 0xFFFF)
 652:uBAD_bootloader.c ****         uint16_t ProgramWord = pgm_read_word_far(CurrAddress);
 653:uBAD_bootloader.c **** #else
 654:uBAD_bootloader.c ****         uint16_t ProgramWord = pgm_read_word(CurrAddress);
 1423               		.loc 1 654 0
 1424 03c0 E091 0000 		lds r30,CurrAddress
 1425 03c4 F091 0000 		lds r31,CurrAddress+1
 1426               	.LVL111:
 1427               	/* #APP */
 1428               	 ;  654 "uBAD_bootloader.c" 1
 1429 03c8 C591      		lpm r28, Z+
 1430 03ca D491      		lpm r29, Z
 1431               		
 1432               	 ;  0 "" 2
 1433               	.LVL112:
 1434               	/* #NOAPP */
 1435               	.LBE173:
 655:uBAD_bootloader.c **** #endif
 656:uBAD_bootloader.c **** 
 657:uBAD_bootloader.c ****         WriteNextResponseByte(ProgramWord >> 8);
 1436               		.loc 1 657 0
 1437 03cc 8D2F      		mov r24,r29
 1438               	.LVL113:
 1439 03ce 0E94 0000 		call WriteNextResponseByte
 1440               	.LVL114:
 658:uBAD_bootloader.c ****         WriteNextResponseByte(ProgramWord & 0xFF);
 1441               		.loc 1 658 0
 1442 03d2 8C2F      		mov r24,r28
 1443 03d4 00C0      		rjmp .L141
 1444               	.LVL115:
 1445               	.L102:
 1446               	.LBE172:
 659:uBAD_bootloader.c ****     }
 660:uBAD_bootloader.c **** #endif
 661:uBAD_bootloader.c **** #if !defined(NO_EEPROM_BYTE_SUPPORT)
 662:uBAD_bootloader.c ****     else if (Command == 'D') {
 1447               		.loc 1 662 0
 1448 03d6 8434      		cpi r24,lo8(68)
 1449 03d8 01F4      		brne .L103
 663:uBAD_bootloader.c ****         // Read the byte from the endpoint and write it to the EEPROM
 664:uBAD_bootloader.c ****         eeprom_write_byte((uint8_t *)((intptr_t)(CurrAddress >> 1)), FetchNextCommandByte());
 1450               		.loc 1 664 0
 1451 03da 0E94 0000 		call FetchNextCommandByte
 1452               	.LVL116:
 1453 03de 682F      		mov r22,r24
 1454 03e0 8091 0000 		lds r24,CurrAddress
 1455 03e4 9091 0000 		lds r25,CurrAddress+1
 1456 03e8 A091 0000 		lds r26,CurrAddress+2
 1457 03ec B091 0000 		lds r27,CurrAddress+3
 1458 03f0 B695      		lsr r27
 1459 03f2 A795      		ror r26
 1460 03f4 9795      		ror r25
 1461 03f6 8795      		ror r24
 1462 03f8 0E94 0000 		call eeprom_write_byte
 1463               	.LVL117:
 665:uBAD_bootloader.c **** 
 666:uBAD_bootloader.c ****         // Increment the address after use
 667:uBAD_bootloader.c ****         CurrAddress += 2;
 1464               		.loc 1 667 0
 1465 03fc 8091 0000 		lds r24,CurrAddress
 1466 0400 9091 0000 		lds r25,CurrAddress+1
 1467 0404 A091 0000 		lds r26,CurrAddress+2
 1468 0408 B091 0000 		lds r27,CurrAddress+3
 1469 040c 0296      		adiw r24,2
 1470 040e A11D      		adc r26,__zero_reg__
 1471 0410 B11D      		adc r27,__zero_reg__
 1472               	.LVL118:
 1473               	.L142:
 1474 0412 8093 0000 		sts CurrAddress,r24
 1475 0416 9093 0000 		sts CurrAddress+1,r25
 1476 041a A093 0000 		sts CurrAddress+2,r26
 1477 041e B093 0000 		sts CurrAddress+3,r27
 1478 0422 00C0      		rjmp .L140
 1479               	.LVL119:
 1480               	.L103:
 668:uBAD_bootloader.c **** 
 669:uBAD_bootloader.c ****         // Send confirmation byte back to the host
 670:uBAD_bootloader.c ****         WriteNextResponseByte('\r');
 671:uBAD_bootloader.c ****     }
 672:uBAD_bootloader.c ****     else if (Command == 'd') {
 1481               		.loc 1 672 0
 1482 0424 8436      		cpi r24,lo8(100)
 1483 0426 01F4      		brne .L104
 673:uBAD_bootloader.c ****         // Read the EEPROM byte and write it to the endpoint
 674:uBAD_bootloader.c ****         WriteNextResponseByte(eeprom_read_byte((uint8_t *)((intptr_t)(CurrAddress >> 1))));
 1484               		.loc 1 674 0
 1485 0428 C090 0000 		lds r12,CurrAddress
 1486 042c D090 0000 		lds r13,CurrAddress+1
 1487 0430 E090 0000 		lds r14,CurrAddress+2
 1488 0434 F090 0000 		lds r15,CurrAddress+3
 1489 0438 D701      		movw r26,r14
 1490 043a C601      		movw r24,r12
 1491               	.LVL120:
 1492 043c B695      		lsr r27
 1493 043e A795      		ror r26
 1494 0440 9795      		ror r25
 1495 0442 8795      		ror r24
 1496 0444 0E94 0000 		call eeprom_read_byte
 1497               	.LVL121:
 1498 0448 0E94 0000 		call WriteNextResponseByte
 1499               	.LVL122:
 675:uBAD_bootloader.c **** 
 676:uBAD_bootloader.c ****         // Increment the address after use
 677:uBAD_bootloader.c ****         CurrAddress += 2;
 1500               		.loc 1 677 0
 1501 044c 22E0      		ldi r18,2
 1502 044e C20E      		add r12,r18
 1503 0450 D11C      		adc r13,__zero_reg__
 1504 0452 E11C      		adc r14,__zero_reg__
 1505 0454 F11C      		adc r15,__zero_reg__
 1506 0456 C092 0000 		sts CurrAddress,r12
 1507 045a D092 0000 		sts CurrAddress+1,r13
 1508 045e E092 0000 		sts CurrAddress+2,r14
 1509 0462 F092 0000 		sts CurrAddress+3,r15
 1510 0466 00C0      		rjmp .L57
 1511               	.LVL123:
 1512               	.L104:
 678:uBAD_bootloader.c ****     }
 679:uBAD_bootloader.c **** #endif
 680:uBAD_bootloader.c ****     else if (Command != 27) {
 1513               		.loc 1 680 0
 1514 0468 8B31      		cpi r24,lo8(27)
 1515 046a 01F0      		breq .+2
 1516 046c 00C0      		rjmp .L105
 1517               	.LVL124:
 1518               	.L57:
 1519               	.LBB174:
 1520               	.LBB175:
 330:../lufa-LUFA-111009/LUFA/Drivers/USB/Core/AVR8/../AVR8/Endpoint_AVR8.h **** 				#endif
 1521               		.loc 2 330 0
 1522 046e 83E0      		ldi r24,lo8(3)
 1523 0470 8093 E900 		sts 233,r24
 1524               	.LVL125:
 1525               	.LBE175:
 1526               	.LBE174:
 1527               	.LBB176:
 1528               	.LBB177:
 420:../lufa-LUFA-111009/LUFA/Drivers/USB/Core/AVR8/../AVR8/Endpoint_AVR8.h **** 			}
 1529               		.loc 2 420 0
 1530 0474 9091 E800 		lds r25,232
 1531               	.LVL126:
 1532               	.LBE177:
 1533               	.LBE176:
 1534               	.LBB178:
 1535               	.LBB179:
 516:../lufa-LUFA-111009/LUFA/Drivers/USB/Core/AVR8/../AVR8/Endpoint_AVR8.h **** 				#else
 1536               		.loc 2 516 0
 1537 0478 8091 E800 		lds r24,232
 1538 047c 8E77      		andi r24,lo8(126)
 1539 047e 8093 E800 		sts 232,r24
 1540               	.LBE179:
 1541               	.LBE178:
 681:uBAD_bootloader.c ****         // Unknown (non-sync) command, return fail code
 682:uBAD_bootloader.c ****         WriteNextResponseByte('?');
 683:uBAD_bootloader.c ****     }
 684:uBAD_bootloader.c **** 
 685:uBAD_bootloader.c ****     /* Select the IN endpoint */
 686:uBAD_bootloader.c ****     Endpoint_SelectEndpoint(CDC_TX_EPNUM);
 687:uBAD_bootloader.c **** 
 688:uBAD_bootloader.c ****     /* Remember if the endpoint is completely full before clearing it */
 689:uBAD_bootloader.c ****     bool IsEndpointFull = !(Endpoint_IsReadWriteAllowed());
 690:uBAD_bootloader.c **** 
 691:uBAD_bootloader.c ****     /* Send the endpoint data to the host */
 692:uBAD_bootloader.c ****     Endpoint_ClearIN();
 693:uBAD_bootloader.c **** 
 694:uBAD_bootloader.c ****     /* If a full endpoint's worth of data was sent, we need to send an empty packet afterwards to s
 695:uBAD_bootloader.c ****     if (IsEndpointFull) {
 1542               		.loc 1 695 0
 1543 0482 95FD      		sbrc r25,5
 1544 0484 00C0      		rjmp .L111
 1545               	.L107:
 1546               	.LBB180:
 1547               	.LBB181:
 467:../lufa-LUFA-111009/LUFA/Drivers/USB/Core/AVR8/../AVR8/Endpoint_AVR8.h **** 			}
 1548               		.loc 2 467 0
 1549 0486 8091 E800 		lds r24,232
 1550               	.LBE181:
 1551               	.LBE180:
 696:uBAD_bootloader.c ****         while (!(Endpoint_IsINReady())) {
 1552               		.loc 1 696 0
 1553 048a 80FD      		sbrc r24,0
 1554 048c 00C0      		rjmp .L145
 697:uBAD_bootloader.c ****             if (USB_DeviceState == DEVICE_STATE_Unattached) return;
 1555               		.loc 1 697 0
 1556 048e 8EB3      		in r24,0x1e
 1557 0490 8111      		cpse r24,__zero_reg__
 1558 0492 00C0      		rjmp .L107
 1559 0494 00C0      		rjmp .L51
 1560               	.L145:
 1561               	.LBB182:
 1562               	.LBB183:
 516:../lufa-LUFA-111009/LUFA/Drivers/USB/Core/AVR8/../AVR8/Endpoint_AVR8.h **** 				#else
 1563               		.loc 2 516 0
 1564 0496 8091 E800 		lds r24,232
 1565 049a 8E77      		andi r24,lo8(126)
 1566 049c 8093 E800 		sts 232,r24
 1567 04a0 00C0      		rjmp .L111
 1568               	.L112:
 1569               	.LBE183:
 1570               	.LBE182:
 698:uBAD_bootloader.c ****         }
 699:uBAD_bootloader.c **** 
 700:uBAD_bootloader.c ****         Endpoint_ClearIN();
 701:uBAD_bootloader.c ****     }
 702:uBAD_bootloader.c **** 
 703:uBAD_bootloader.c ****     /* Wait until the data has been sent to the host */
 704:uBAD_bootloader.c ****     while (!(Endpoint_IsINReady())) {
 705:uBAD_bootloader.c ****         if (USB_DeviceState == DEVICE_STATE_Unattached) return;
 1571               		.loc 1 705 0
 1572 04a2 8EB3      		in r24,0x1e
 1573 04a4 8823      		tst r24
 1574 04a6 01F0      		breq .L51
 1575               	.L111:
 1576               	.LBB184:
 1577               	.LBB185:
 467:../lufa-LUFA-111009/LUFA/Drivers/USB/Core/AVR8/../AVR8/Endpoint_AVR8.h **** 			}
 1578               		.loc 2 467 0
 1579 04a8 8091 E800 		lds r24,232
 1580               	.LBE185:
 1581               	.LBE184:
 704:uBAD_bootloader.c ****         if (USB_DeviceState == DEVICE_STATE_Unattached) return;
 1582               		.loc 1 704 0
 1583 04ac 80FF      		sbrs r24,0
 1584 04ae 00C0      		rjmp .L112
 1585               	.LVL127:
 1586               	.LBB186:
 1587               	.LBB187:
 330:../lufa-LUFA-111009/LUFA/Drivers/USB/Core/AVR8/../AVR8/Endpoint_AVR8.h **** 				#endif
 1588               		.loc 2 330 0
 1589 04b0 84E0      		ldi r24,lo8(4)
 1590 04b2 8093 E900 		sts 233,r24
 1591               	.LVL128:
 1592               	.LBE187:
 1593               	.LBE186:
 1594               	.LBB188:
 1595               	.LBB189:
 531:../lufa-LUFA-111009/LUFA/Drivers/USB/Core/AVR8/../AVR8/Endpoint_AVR8.h **** 				#else
 1596               		.loc 2 531 0
 1597 04b6 8091 E800 		lds r24,232
 1598 04ba 8B77      		andi r24,lo8(123)
 1599 04bc 8093 E800 		sts 232,r24
 1600               	.LVL129:
 1601               	.L51:
 1602               	/* epilogue start */
 1603               	.LBE189:
 1604               	.LBE188:
 706:uBAD_bootloader.c ****     }
 707:uBAD_bootloader.c **** 
 708:uBAD_bootloader.c ****     /* Select the OUT endpoint */
 709:uBAD_bootloader.c ****     Endpoint_SelectEndpoint(CDC_RX_EPNUM);
 710:uBAD_bootloader.c **** 
 711:uBAD_bootloader.c ****     /* Acknowledge the command from the host */
 712:uBAD_bootloader.c ****     Endpoint_ClearOUT();
 713:uBAD_bootloader.c **** }
 1605               		.loc 1 713 0
 1606 04c0 DF91      		pop r29
 1607 04c2 CF91      		pop r28
 1608 04c4 1F91      		pop r17
 1609 04c6 0F91      		pop r16
 1610 04c8 FF90      		pop r15
 1611 04ca EF90      		pop r14
 1612 04cc DF90      		pop r13
 1613 04ce CF90      		pop r12
 1614 04d0 BF90      		pop r11
 1615 04d2 AF90      		pop r10
 1616 04d4 9F90      		pop r9
 1617 04d6 8F90      		pop r8
 1618 04d8 7F90      		pop r7
 1619 04da 6F90      		pop r6
 1620 04dc 5F90      		pop r5
 1621 04de 4F90      		pop r4
 1622 04e0 0895      		ret
 1623               		.cfi_endproc
 1624               	.LFE111:
 1626               		.section	.text.startup.main,"ax",@progbits
 1627               	.global	main
 1629               	main:
 1630               	.LFB103:
 141:uBAD_bootloader.c ****     /* Save the value of the boot key memory before it is overwritten */
 1631               		.loc 1 141 0
 1632               		.cfi_startproc
 1633 0000 CF93      		push r28
 1634               	.LCFI23:
 1635               		.cfi_def_cfa_offset 3
 1636               		.cfi_offset 28, -2
 1637 0002 DF93      		push r29
 1638               	.LCFI24:
 1639               		.cfi_def_cfa_offset 4
 1640               		.cfi_offset 29, -3
 1641               	/* prologue: function */
 1642               	/* frame size = 0 */
 1643               	/* stack size = 2 */
 1644               	.L__stack_usage = 2
 143:uBAD_bootloader.c ****     *bootKeyPtr = 0;
 1645               		.loc 1 143 0
 1646 0004 2091 0008 		lds r18,2048
 1647 0008 3091 0108 		lds r19,2048+1
 1648               	.LVL130:
 144:uBAD_bootloader.c **** 
 1649               		.loc 1 144 0
 1650 000c 1092 0108 		sts 2048+1,__zero_reg__
 1651 0010 1092 0008 		sts 2048,__zero_reg__
 147:uBAD_bootloader.c ****     GPIOR0 = mcusr_state; // use GPIO0 register to preserve MCUSR for application use
 1652               		.loc 1 147 0
 1653 0014 84B7      		in r24,0x34
 1654               	.LVL131:
 148:uBAD_bootloader.c ****     MCUSR = 0;                   // clear all reset flags
 1655               		.loc 1 148 0
 1656 0016 8EBB      		out 0x1e,r24
 149:uBAD_bootloader.c **** 
 1657               		.loc 1 149 0
 1658 0018 14BE      		out 0x34,__zero_reg__
 1659               	.LBB190:
 1660               	.LBB191:
 1661               		.loc 3 515 0
 1662               	/* #APP */
 1663               	 ;  515 "/usr/lib/avr/include/avr/wdt.h" 1
 1664 001a 0FB6      		in __tmp_reg__,__SREG__
 1665 001c F894      		cli
 1666 001e A895      		wdr
 1667 0020 9091 6000 		lds r25,96
 1668 0024 9861      		ori r25,24
 1669 0026 9093 6000 		sts 96,r25
 1670 002a 1092 6000 		sts 96,__zero_reg__
 1671 002e 0FBE      		out __SREG__,__tmp_reg__
 1672               		
 1673               	 ;  0 "" 2
 1674               	/* #NOAPP */
 1675               	.LBE191:
 1676               	.LBE190:
 163:uBAD_bootloader.c ****         // After a power-on reset skip the bootloader and jump straight to sketch if one exists.
 1677               		.loc 1 163 0
 1678 0030 80FF      		sbrs r24,0
 1679 0032 00C0      		rjmp .L147
 1680               	.LVL132:
 1681               	.LBB192:
 163:uBAD_bootloader.c ****         // After a power-on reset skip the bootloader and jump straight to sketch if one exists.
 1682               		.loc 1 163 0 is_stmt 0 discriminator 1
 1683 0034 E0E0      		ldi r30,0
 1684 0036 F0E0      		ldi r31,0
 1685               	/* #APP */
 1686               	 ;  163 "uBAD_bootloader.c" 1
 1687 0038 4591      		lpm r20, Z+
 1688 003a 5491      		lpm r21, Z
 1689               		
 1690               	 ;  0 "" 2
 1691               	.LVL133:
 1692               	/* #NOAPP */
 1693               	.LBE192:
 1694 003c 4F3F      		cpi r20,-1
 1695 003e 5F4F      		sbci r21,-1
 1696 0040 01F0      		breq .L147
 1697               	.LVL134:
 1698               	.L150:
 165:uBAD_bootloader.c ****     }
 1699               		.loc 1 165 0 is_stmt 1
 1700 0042 0E94 0000 		call StartSketch
 1701               	.LVL135:
 1702 0046 00C0      		rjmp .L148
 1703               	.LVL136:
 1704               	.L147:
 167:uBAD_bootloader.c ****         // If it looks like an "accidental" watchdog reset then start the sketch.
 1705               		.loc 1 167 0
 1706 0048 83FF      		sbrs r24,3
 1707 004a 00C0      		rjmp .L149
 167:uBAD_bootloader.c ****         // If it looks like an "accidental" watchdog reset then start the sketch.
 1708               		.loc 1 167 0 is_stmt 0 discriminator 1
 1709 004c 8091 0000 		lds r24,bootKey
 1710 0050 9091 0000 		lds r25,bootKey+1
 1711               	.LVL137:
 1712 0054 2817      		cp r18,r24
 1713 0056 3907      		cpc r19,r25
 1714 0058 01F0      		breq .L149
 1715               	.LVL138:
 1716               	.LBB193:
 167:uBAD_bootloader.c ****         // If it looks like an "accidental" watchdog reset then start the sketch.
 1717               		.loc 1 167 0 discriminator 2
 1718 005a E0E0      		ldi r30,0
 1719 005c F0E0      		ldi r31,0
 1720               	/* #APP */
 1721               	 ;  167 "uBAD_bootloader.c" 1
 1722 005e 8591      		lpm r24, Z+
 1723 0060 9491      		lpm r25, Z
 1724               		
 1725               	 ;  0 "" 2
 1726               	.LVL139:
 1727               	/* #NOAPP */
 1728               	.LBE193:
 1729 0062 0196      		adiw r24,1
 1730               	.LVL140:
 1731 0064 01F4      		brne .L150
 1732               	.LVL141:
 1733               	.L149:
 172:uBAD_bootloader.c ****       for(uint16_t i = 2; i < 1023; i++){
 1734               		.loc 1 172 0 is_stmt 1
 1735 0066 6FEF      		ldi r22,lo8(-1)
 1736 0068 80E0      		ldi r24,0
 1737 006a 90E0      		ldi r25,0
 1738 006c 0E94 0000 		call eeprom_update_byte
 1739               	.LVL142:
 1740               	.LBB194:
 173:uBAD_bootloader.c ****         eeprom_update_byte((uint8_t *)(intptr_t)i, 0xFF); // set all bytes to 0xFF that aren't alre
 1741               		.loc 1 173 0
 1742 0070 C2E0      		ldi r28,lo8(2)
 1743 0072 D0E0      		ldi r29,0
 1744               	.LVL143:
 1745               	.L151:
 174:uBAD_bootloader.c ****       }
 1746               		.loc 1 174 0 discriminator 3
 1747 0074 6FEF      		ldi r22,lo8(-1)
 1748 0076 CE01      		movw r24,r28
 1749 0078 0E94 0000 		call eeprom_update_byte
 1750               	.LVL144:
 173:uBAD_bootloader.c ****         eeprom_update_byte((uint8_t *)(intptr_t)i, 0xFF); // set all bytes to 0xFF that aren't alre
 1751               		.loc 1 173 0 discriminator 3
 1752 007c 2196      		adiw r28,1
 1753               	.LVL145:
 1754 007e CF3F      		cpi r28,-1
 1755 0080 83E0      		ldi r24,3
 1756 0082 D807      		cpc r29,r24
 1757 0084 01F4      		brne .L151
 1758               	.LBE194:
 176:uBAD_bootloader.c ****     }
 1759               		.loc 1 176 0
 1760 0086 6FEF      		ldi r22,lo8(-1)
 1761 0088 81E0      		ldi r24,lo8(1)
 1762 008a 90E0      		ldi r25,0
 1763 008c 0E94 0000 		call eeprom_update_byte
 1764               	.LVL146:
 1765               	.L148:
 179:uBAD_bootloader.c ****         StartSketch();
 1766               		.loc 1 179 0
 1767 0090 8FEF      		ldi r24,lo8(-1)
 1768 0092 93E0      		ldi r25,lo8(3)
 1769 0094 0E94 0000 		call eeprom_read_byte
 1770               	.LVL147:
 1771 0098 8B3B      		cpi r24,lo8(-69)
 1772 009a 01F4      		brne .L152
 180:uBAD_bootloader.c ****     }
 1773               		.loc 1 180 0
 1774 009c 0E94 0000 		call StartSketch
 1775               	.LVL148:
 1776               	.L152:
 184:uBAD_bootloader.c **** 
 1777               		.loc 1 184 0
 1778 00a0 0E94 0000 		call SetupHardware
 1779               	.LVL149:
 187:uBAD_bootloader.c **** 
 1780               		.loc 1 187 0
 1781 00a4 0E94 0000 		call USB_Init
 1782               	.LVL150:
 190:uBAD_bootloader.c **** 
 1783               		.loc 1 190 0
 1784               	/* #APP */
 1785               	 ;  190 "uBAD_bootloader.c" 1
 1786 00a8 7894      		sei
 1787               	 ;  0 "" 2
 192:uBAD_bootloader.c **** 
 1788               		.loc 1 192 0
 1789               	/* #NOAPP */
 1790 00aa 1092 0000 		sts Timeout+1,__zero_reg__
 1791 00ae 1092 0000 		sts Timeout,__zero_reg__
 1792               	.L153:
 194:uBAD_bootloader.c ****         CDC_Task();
 1793               		.loc 1 194 0
 1794 00b2 8091 0000 		lds r24,RunBootloader
 1795 00b6 8823      		tst r24
 1796 00b8 01F0      		breq .L166
 195:uBAD_bootloader.c ****         USB_USBTask();
 1797               		.loc 1 195 0
 1798 00ba 0E94 0000 		call CDC_Task
 1799               	.LVL151:
 196:uBAD_bootloader.c ****         /* Time out and start the sketch if one is present */
 1800               		.loc 1 196 0
 1801 00be 0E94 0000 		call USB_USBTask
 1802               	.LVL152:
 198:uBAD_bootloader.c **** 
 1803               		.loc 1 198 0
 1804 00c2 8091 0000 		lds r24,Timeout
 1805 00c6 9091 0000 		lds r25,Timeout+1
 1806 00ca 8138      		cpi r24,-127
 1807 00cc 9E43      		sbci r25,62
 1808 00ce 00F0      		brlo .L154
 198:uBAD_bootloader.c **** 
 1809               		.loc 1 198 0 is_stmt 0 discriminator 1
 1810 00d0 1092 0000 		sts RunBootloader,__zero_reg__
 1811               	.L154:
 200:uBAD_bootloader.c ****     }
 1812               		.loc 1 200 0 is_stmt 1
 1813 00d4 0E94 0000 		call LEDPulse
 1814               	.LVL153:
 1815 00d8 00C0      		rjmp .L153
 1816               	.L166:
 1817               	.LBB195:
 1818               	.LBB196:
 1819               		.file 5 "../lufa-LUFA-111009/LUFA/Drivers/USB/Core/AVR8/USBController_AVR8.h"
   1:../lufa-LUFA-111009/LUFA/Drivers/USB/Core/AVR8/USBController_AVR8.h **** /*
   2:../lufa-LUFA-111009/LUFA/Drivers/USB/Core/AVR8/USBController_AVR8.h ****              LUFA Library
   3:../lufa-LUFA-111009/LUFA/Drivers/USB/Core/AVR8/USBController_AVR8.h ****      Copyright (C) Dean Camera, 2011.
   4:../lufa-LUFA-111009/LUFA/Drivers/USB/Core/AVR8/USBController_AVR8.h **** 
   5:../lufa-LUFA-111009/LUFA/Drivers/USB/Core/AVR8/USBController_AVR8.h ****   dean [at] fourwalledcubicle [dot] com
   6:../lufa-LUFA-111009/LUFA/Drivers/USB/Core/AVR8/USBController_AVR8.h ****            www.lufa-lib.org
   7:../lufa-LUFA-111009/LUFA/Drivers/USB/Core/AVR8/USBController_AVR8.h **** */
   8:../lufa-LUFA-111009/LUFA/Drivers/USB/Core/AVR8/USBController_AVR8.h **** 
   9:../lufa-LUFA-111009/LUFA/Drivers/USB/Core/AVR8/USBController_AVR8.h **** /*
  10:../lufa-LUFA-111009/LUFA/Drivers/USB/Core/AVR8/USBController_AVR8.h ****   Copyright 2011  Dean Camera (dean [at] fourwalledcubicle [dot] com)
  11:../lufa-LUFA-111009/LUFA/Drivers/USB/Core/AVR8/USBController_AVR8.h **** 
  12:../lufa-LUFA-111009/LUFA/Drivers/USB/Core/AVR8/USBController_AVR8.h ****   Permission to use, copy, modify, distribute, and sell this
  13:../lufa-LUFA-111009/LUFA/Drivers/USB/Core/AVR8/USBController_AVR8.h ****   software and its documentation for any purpose is hereby granted
  14:../lufa-LUFA-111009/LUFA/Drivers/USB/Core/AVR8/USBController_AVR8.h ****   without fee, provided that the above copyright notice appear in
  15:../lufa-LUFA-111009/LUFA/Drivers/USB/Core/AVR8/USBController_AVR8.h ****   all copies and that both that the copyright notice and this
  16:../lufa-LUFA-111009/LUFA/Drivers/USB/Core/AVR8/USBController_AVR8.h ****   permission notice and warranty disclaimer appear in supporting
  17:../lufa-LUFA-111009/LUFA/Drivers/USB/Core/AVR8/USBController_AVR8.h ****   documentation, and that the name of the author not be used in
  18:../lufa-LUFA-111009/LUFA/Drivers/USB/Core/AVR8/USBController_AVR8.h ****   advertising or publicity pertaining to distribution of the
  19:../lufa-LUFA-111009/LUFA/Drivers/USB/Core/AVR8/USBController_AVR8.h ****   software without specific, written prior permission.
  20:../lufa-LUFA-111009/LUFA/Drivers/USB/Core/AVR8/USBController_AVR8.h **** 
  21:../lufa-LUFA-111009/LUFA/Drivers/USB/Core/AVR8/USBController_AVR8.h ****   The author disclaim all warranties with regard to this
  22:../lufa-LUFA-111009/LUFA/Drivers/USB/Core/AVR8/USBController_AVR8.h ****   software, including all implied warranties of merchantability
  23:../lufa-LUFA-111009/LUFA/Drivers/USB/Core/AVR8/USBController_AVR8.h ****   and fitness.  In no event shall the author be liable for any
  24:../lufa-LUFA-111009/LUFA/Drivers/USB/Core/AVR8/USBController_AVR8.h ****   special, indirect or consequential damages or any damages
  25:../lufa-LUFA-111009/LUFA/Drivers/USB/Core/AVR8/USBController_AVR8.h ****   whatsoever resulting from loss of use, data or profits, whether
  26:../lufa-LUFA-111009/LUFA/Drivers/USB/Core/AVR8/USBController_AVR8.h ****   in an action of contract, negligence or other tortious action,
  27:../lufa-LUFA-111009/LUFA/Drivers/USB/Core/AVR8/USBController_AVR8.h ****   arising out of or in connection with the use or performance of
  28:../lufa-LUFA-111009/LUFA/Drivers/USB/Core/AVR8/USBController_AVR8.h ****   this software.
  29:../lufa-LUFA-111009/LUFA/Drivers/USB/Core/AVR8/USBController_AVR8.h **** */
  30:../lufa-LUFA-111009/LUFA/Drivers/USB/Core/AVR8/USBController_AVR8.h **** 
  31:../lufa-LUFA-111009/LUFA/Drivers/USB/Core/AVR8/USBController_AVR8.h **** /** \file
  32:../lufa-LUFA-111009/LUFA/Drivers/USB/Core/AVR8/USBController_AVR8.h ****  *  \brief USB Controller definitions for the AVR8 microcontrollers.
  33:../lufa-LUFA-111009/LUFA/Drivers/USB/Core/AVR8/USBController_AVR8.h ****  *  \copydetails Group_USBManagement_AVR8
  34:../lufa-LUFA-111009/LUFA/Drivers/USB/Core/AVR8/USBController_AVR8.h ****  *
  35:../lufa-LUFA-111009/LUFA/Drivers/USB/Core/AVR8/USBController_AVR8.h ****  *  \note This file should not be included directly. It is automatically included as needed by the 
  36:../lufa-LUFA-111009/LUFA/Drivers/USB/Core/AVR8/USBController_AVR8.h ****  *        dispatch header located in LUFA/Drivers/USB/USB.h.
  37:../lufa-LUFA-111009/LUFA/Drivers/USB/Core/AVR8/USBController_AVR8.h ****  */
  38:../lufa-LUFA-111009/LUFA/Drivers/USB/Core/AVR8/USBController_AVR8.h **** 
  39:../lufa-LUFA-111009/LUFA/Drivers/USB/Core/AVR8/USBController_AVR8.h **** /** \ingroup Group_USBManagement
  40:../lufa-LUFA-111009/LUFA/Drivers/USB/Core/AVR8/USBController_AVR8.h ****  *  \defgroup Group_USBManagement_AVR8 USB Interface Management (AVR8)
  41:../lufa-LUFA-111009/LUFA/Drivers/USB/Core/AVR8/USBController_AVR8.h ****  *  \brief USB Controller definitions for the AVR8 microcontrollers.
  42:../lufa-LUFA-111009/LUFA/Drivers/USB/Core/AVR8/USBController_AVR8.h ****  *
  43:../lufa-LUFA-111009/LUFA/Drivers/USB/Core/AVR8/USBController_AVR8.h ****  *  Functions, macros, variables, enums and types related to the setup and management of the USB in
  44:../lufa-LUFA-111009/LUFA/Drivers/USB/Core/AVR8/USBController_AVR8.h ****  *
  45:../lufa-LUFA-111009/LUFA/Drivers/USB/Core/AVR8/USBController_AVR8.h ****  *  @{
  46:../lufa-LUFA-111009/LUFA/Drivers/USB/Core/AVR8/USBController_AVR8.h ****  */
  47:../lufa-LUFA-111009/LUFA/Drivers/USB/Core/AVR8/USBController_AVR8.h **** 
  48:../lufa-LUFA-111009/LUFA/Drivers/USB/Core/AVR8/USBController_AVR8.h **** #ifndef __USBCONTROLLER_AVR8_H__
  49:../lufa-LUFA-111009/LUFA/Drivers/USB/Core/AVR8/USBController_AVR8.h **** #define __USBCONTROLLER_AVR8_H__
  50:../lufa-LUFA-111009/LUFA/Drivers/USB/Core/AVR8/USBController_AVR8.h **** 
  51:../lufa-LUFA-111009/LUFA/Drivers/USB/Core/AVR8/USBController_AVR8.h **** 	/* Includes: */
  52:../lufa-LUFA-111009/LUFA/Drivers/USB/Core/AVR8/USBController_AVR8.h **** 		#include "../../../../Common/Common.h"
  53:../lufa-LUFA-111009/LUFA/Drivers/USB/Core/AVR8/USBController_AVR8.h **** 		#include "../USBMode.h"
  54:../lufa-LUFA-111009/LUFA/Drivers/USB/Core/AVR8/USBController_AVR8.h **** 		#include "../Events.h"
  55:../lufa-LUFA-111009/LUFA/Drivers/USB/Core/AVR8/USBController_AVR8.h **** 		#include "../USBTask.h"
  56:../lufa-LUFA-111009/LUFA/Drivers/USB/Core/AVR8/USBController_AVR8.h **** 		#include "../USBInterrupt.h"
  57:../lufa-LUFA-111009/LUFA/Drivers/USB/Core/AVR8/USBController_AVR8.h **** 
  58:../lufa-LUFA-111009/LUFA/Drivers/USB/Core/AVR8/USBController_AVR8.h **** 		#if defined(USB_CAN_BE_HOST) || defined(__DOXYGEN__)
  59:../lufa-LUFA-111009/LUFA/Drivers/USB/Core/AVR8/USBController_AVR8.h **** 			#include "../Host.h"
  60:../lufa-LUFA-111009/LUFA/Drivers/USB/Core/AVR8/USBController_AVR8.h **** 			#include "../OTG.h"
  61:../lufa-LUFA-111009/LUFA/Drivers/USB/Core/AVR8/USBController_AVR8.h **** 			#include "../Pipe.h"
  62:../lufa-LUFA-111009/LUFA/Drivers/USB/Core/AVR8/USBController_AVR8.h **** 			#include "../HostStandardReq.h"
  63:../lufa-LUFA-111009/LUFA/Drivers/USB/Core/AVR8/USBController_AVR8.h **** 			#include "../PipeStream.h"
  64:../lufa-LUFA-111009/LUFA/Drivers/USB/Core/AVR8/USBController_AVR8.h **** 		#endif
  65:../lufa-LUFA-111009/LUFA/Drivers/USB/Core/AVR8/USBController_AVR8.h **** 
  66:../lufa-LUFA-111009/LUFA/Drivers/USB/Core/AVR8/USBController_AVR8.h **** 		#if defined(USB_CAN_BE_DEVICE) || defined(__DOXYGEN__)
  67:../lufa-LUFA-111009/LUFA/Drivers/USB/Core/AVR8/USBController_AVR8.h **** 			#include "../Device.h"
  68:../lufa-LUFA-111009/LUFA/Drivers/USB/Core/AVR8/USBController_AVR8.h **** 			#include "../Endpoint.h"
  69:../lufa-LUFA-111009/LUFA/Drivers/USB/Core/AVR8/USBController_AVR8.h **** 			#include "../DeviceStandardReq.h"
  70:../lufa-LUFA-111009/LUFA/Drivers/USB/Core/AVR8/USBController_AVR8.h **** 			#include "../EndpointStream.h"
  71:../lufa-LUFA-111009/LUFA/Drivers/USB/Core/AVR8/USBController_AVR8.h **** 		#endif
  72:../lufa-LUFA-111009/LUFA/Drivers/USB/Core/AVR8/USBController_AVR8.h **** 
  73:../lufa-LUFA-111009/LUFA/Drivers/USB/Core/AVR8/USBController_AVR8.h **** 	/* Enable C linkage for C++ Compilers: */
  74:../lufa-LUFA-111009/LUFA/Drivers/USB/Core/AVR8/USBController_AVR8.h **** 		#if defined(__cplusplus)
  75:../lufa-LUFA-111009/LUFA/Drivers/USB/Core/AVR8/USBController_AVR8.h **** 			extern "C" {
  76:../lufa-LUFA-111009/LUFA/Drivers/USB/Core/AVR8/USBController_AVR8.h **** 		#endif
  77:../lufa-LUFA-111009/LUFA/Drivers/USB/Core/AVR8/USBController_AVR8.h **** 
  78:../lufa-LUFA-111009/LUFA/Drivers/USB/Core/AVR8/USBController_AVR8.h **** 	/* Preprocessor Checks and Defines: */
  79:../lufa-LUFA-111009/LUFA/Drivers/USB/Core/AVR8/USBController_AVR8.h **** 		#if !defined(__INCLUDE_FROM_USB_DRIVER)
  80:../lufa-LUFA-111009/LUFA/Drivers/USB/Core/AVR8/USBController_AVR8.h **** 			#error Do not include this file directly. Include LUFA/Drivers/USB/USB.h instead.
  81:../lufa-LUFA-111009/LUFA/Drivers/USB/Core/AVR8/USBController_AVR8.h **** 		#endif
  82:../lufa-LUFA-111009/LUFA/Drivers/USB/Core/AVR8/USBController_AVR8.h **** 
  83:../lufa-LUFA-111009/LUFA/Drivers/USB/Core/AVR8/USBController_AVR8.h **** 		#if !defined(F_USB)
  84:../lufa-LUFA-111009/LUFA/Drivers/USB/Core/AVR8/USBController_AVR8.h **** 			#error F_USB is not defined. You must define F_USB to the frequency of the unprescaled USB contr
  85:../lufa-LUFA-111009/LUFA/Drivers/USB/Core/AVR8/USBController_AVR8.h **** 		#endif
  86:../lufa-LUFA-111009/LUFA/Drivers/USB/Core/AVR8/USBController_AVR8.h **** 
  87:../lufa-LUFA-111009/LUFA/Drivers/USB/Core/AVR8/USBController_AVR8.h **** 		#if (F_USB == 8000000)
  88:../lufa-LUFA-111009/LUFA/Drivers/USB/Core/AVR8/USBController_AVR8.h **** 			#if (defined(__AVR_AT90USB82__) || defined(__AVR_AT90USB162__) || \
  89:../lufa-LUFA-111009/LUFA/Drivers/USB/Core/AVR8/USBController_AVR8.h **** 			     defined(__AVR_ATmega8U2__) || defined(__AVR_ATmega16U2__) || \
  90:../lufa-LUFA-111009/LUFA/Drivers/USB/Core/AVR8/USBController_AVR8.h **** 			     defined(__AVR_ATmega32U2__))
  91:../lufa-LUFA-111009/LUFA/Drivers/USB/Core/AVR8/USBController_AVR8.h **** 				#define USB_PLL_PSC                0
  92:../lufa-LUFA-111009/LUFA/Drivers/USB/Core/AVR8/USBController_AVR8.h **** 			#elif (defined(__AVR_ATmega16U4__) || defined(__AVR_ATmega32U4__))
  93:../lufa-LUFA-111009/LUFA/Drivers/USB/Core/AVR8/USBController_AVR8.h **** 				#define USB_PLL_PSC                0
  94:../lufa-LUFA-111009/LUFA/Drivers/USB/Core/AVR8/USBController_AVR8.h **** 			#elif (defined(__AVR_AT90USB646__)  || defined(__AVR_AT90USB1286__) || defined(__AVR_ATmega32U6_
  95:../lufa-LUFA-111009/LUFA/Drivers/USB/Core/AVR8/USBController_AVR8.h **** 				#define USB_PLL_PSC                ((1 << PLLP1) | (1 << PLLP0))
  96:../lufa-LUFA-111009/LUFA/Drivers/USB/Core/AVR8/USBController_AVR8.h **** 			#elif (defined(__AVR_AT90USB647__)  || defined(__AVR_AT90USB1287__))
  97:../lufa-LUFA-111009/LUFA/Drivers/USB/Core/AVR8/USBController_AVR8.h **** 				#define USB_PLL_PSC                ((1 << PLLP1) | (1 << PLLP0))
  98:../lufa-LUFA-111009/LUFA/Drivers/USB/Core/AVR8/USBController_AVR8.h **** 			#endif
  99:../lufa-LUFA-111009/LUFA/Drivers/USB/Core/AVR8/USBController_AVR8.h **** 		#elif (F_USB == 16000000)
 100:../lufa-LUFA-111009/LUFA/Drivers/USB/Core/AVR8/USBController_AVR8.h **** 			#if (defined(__AVR_AT90USB82__) || defined(__AVR_AT90USB162__) || \
 101:../lufa-LUFA-111009/LUFA/Drivers/USB/Core/AVR8/USBController_AVR8.h **** 			     defined(__AVR_ATmega8U2__) || defined(__AVR_ATmega16U2__) || \
 102:../lufa-LUFA-111009/LUFA/Drivers/USB/Core/AVR8/USBController_AVR8.h **** 			     defined(__AVR_ATmega32U2__))
 103:../lufa-LUFA-111009/LUFA/Drivers/USB/Core/AVR8/USBController_AVR8.h **** 				#define USB_PLL_PSC                (1 << PLLP0)
 104:../lufa-LUFA-111009/LUFA/Drivers/USB/Core/AVR8/USBController_AVR8.h **** 			#elif (defined(__AVR_ATmega16U4__) || defined(__AVR_ATmega32U4__))
 105:../lufa-LUFA-111009/LUFA/Drivers/USB/Core/AVR8/USBController_AVR8.h **** 				#define USB_PLL_PSC                (1 << PINDIV)
 106:../lufa-LUFA-111009/LUFA/Drivers/USB/Core/AVR8/USBController_AVR8.h **** 			#elif (defined(__AVR_AT90USB646__) || defined(__AVR_AT90USB647__) || defined(__AVR_ATmega32U6__)
 107:../lufa-LUFA-111009/LUFA/Drivers/USB/Core/AVR8/USBController_AVR8.h **** 				#define USB_PLL_PSC                ((1 << PLLP2) | (1 << PLLP1))
 108:../lufa-LUFA-111009/LUFA/Drivers/USB/Core/AVR8/USBController_AVR8.h **** 			#elif (defined(__AVR_AT90USB1286__) || defined(__AVR_AT90USB1287__))
 109:../lufa-LUFA-111009/LUFA/Drivers/USB/Core/AVR8/USBController_AVR8.h **** 				#define USB_PLL_PSC                ((1 << PLLP2) | (1 << PLLP0))
 110:../lufa-LUFA-111009/LUFA/Drivers/USB/Core/AVR8/USBController_AVR8.h **** 			#endif
 111:../lufa-LUFA-111009/LUFA/Drivers/USB/Core/AVR8/USBController_AVR8.h **** 		#endif
 112:../lufa-LUFA-111009/LUFA/Drivers/USB/Core/AVR8/USBController_AVR8.h **** 
 113:../lufa-LUFA-111009/LUFA/Drivers/USB/Core/AVR8/USBController_AVR8.h **** 		#if !defined(USB_PLL_PSC)
 114:../lufa-LUFA-111009/LUFA/Drivers/USB/Core/AVR8/USBController_AVR8.h **** 			#error No PLL prescale value available for chosen F_USB value and AVR model.
 115:../lufa-LUFA-111009/LUFA/Drivers/USB/Core/AVR8/USBController_AVR8.h **** 		#endif
 116:../lufa-LUFA-111009/LUFA/Drivers/USB/Core/AVR8/USBController_AVR8.h **** 
 117:../lufa-LUFA-111009/LUFA/Drivers/USB/Core/AVR8/USBController_AVR8.h **** 	/* Public Interface - May be used in end-application: */
 118:../lufa-LUFA-111009/LUFA/Drivers/USB/Core/AVR8/USBController_AVR8.h **** 		/* Macros: */
 119:../lufa-LUFA-111009/LUFA/Drivers/USB/Core/AVR8/USBController_AVR8.h **** 			/** \name USB Controller Option Masks */
 120:../lufa-LUFA-111009/LUFA/Drivers/USB/Core/AVR8/USBController_AVR8.h **** 			//@{
 121:../lufa-LUFA-111009/LUFA/Drivers/USB/Core/AVR8/USBController_AVR8.h **** 			/** Regulator disable option mask for \ref USB_Init(). This indicates that the internal 3.3V USB
 122:../lufa-LUFA-111009/LUFA/Drivers/USB/Core/AVR8/USBController_AVR8.h **** 			 *  regulator should be disabled and the AVR's VCC level used for the data pads.
 123:../lufa-LUFA-111009/LUFA/Drivers/USB/Core/AVR8/USBController_AVR8.h **** 			 *
 124:../lufa-LUFA-111009/LUFA/Drivers/USB/Core/AVR8/USBController_AVR8.h **** 			 *  \note See USB AVR data sheet for more information on the internal pad regulator.
 125:../lufa-LUFA-111009/LUFA/Drivers/USB/Core/AVR8/USBController_AVR8.h **** 			 */
 126:../lufa-LUFA-111009/LUFA/Drivers/USB/Core/AVR8/USBController_AVR8.h **** 			#define USB_OPT_REG_DISABLED               (1 << 1)
 127:../lufa-LUFA-111009/LUFA/Drivers/USB/Core/AVR8/USBController_AVR8.h **** 
 128:../lufa-LUFA-111009/LUFA/Drivers/USB/Core/AVR8/USBController_AVR8.h **** 			/** Regulator enable option mask for \ref USB_Init(). This indicates that the internal 3.3V USB 
 129:../lufa-LUFA-111009/LUFA/Drivers/USB/Core/AVR8/USBController_AVR8.h **** 			 *  regulator should be enabled to regulate the data pin voltages from the VBUS level down to a 
 130:../lufa-LUFA-111009/LUFA/Drivers/USB/Core/AVR8/USBController_AVR8.h **** 			 *  the range allowable by the USB standard.
 131:../lufa-LUFA-111009/LUFA/Drivers/USB/Core/AVR8/USBController_AVR8.h **** 			 *
 132:../lufa-LUFA-111009/LUFA/Drivers/USB/Core/AVR8/USBController_AVR8.h **** 			 *  \note See USB AVR data sheet for more information on the internal pad regulator.
 133:../lufa-LUFA-111009/LUFA/Drivers/USB/Core/AVR8/USBController_AVR8.h **** 			 */
 134:../lufa-LUFA-111009/LUFA/Drivers/USB/Core/AVR8/USBController_AVR8.h **** 			#define USB_OPT_REG_ENABLED                (0 << 1)
 135:../lufa-LUFA-111009/LUFA/Drivers/USB/Core/AVR8/USBController_AVR8.h **** 
 136:../lufa-LUFA-111009/LUFA/Drivers/USB/Core/AVR8/USBController_AVR8.h **** 			/** Manual PLL control option mask for \ref USB_Init(). This indicates to the library that the u
 137:../lufa-LUFA-111009/LUFA/Drivers/USB/Core/AVR8/USBController_AVR8.h **** 			 *  will take full responsibility for controlling the AVR's PLL (used to generate the high frequ
 138:../lufa-LUFA-111009/LUFA/Drivers/USB/Core/AVR8/USBController_AVR8.h **** 			 *  that the USB controller requires) and ensuring that it is locked at the correct frequency fo
 139:../lufa-LUFA-111009/LUFA/Drivers/USB/Core/AVR8/USBController_AVR8.h **** 			 */
 140:../lufa-LUFA-111009/LUFA/Drivers/USB/Core/AVR8/USBController_AVR8.h **** 			#define USB_OPT_MANUAL_PLL                 (1 << 2)
 141:../lufa-LUFA-111009/LUFA/Drivers/USB/Core/AVR8/USBController_AVR8.h **** 
 142:../lufa-LUFA-111009/LUFA/Drivers/USB/Core/AVR8/USBController_AVR8.h **** 			/** Automatic PLL control option mask for \ref USB_Init(). This indicates to the library that th
 143:../lufa-LUFA-111009/LUFA/Drivers/USB/Core/AVR8/USBController_AVR8.h **** 			 *  take full responsibility for controlling the AVR's PLL (used to generate the high frequency 
 144:../lufa-LUFA-111009/LUFA/Drivers/USB/Core/AVR8/USBController_AVR8.h **** 			 *  that the USB controller requires) and ensuring that it is locked at the correct frequency fo
 145:../lufa-LUFA-111009/LUFA/Drivers/USB/Core/AVR8/USBController_AVR8.h **** 			 */
 146:../lufa-LUFA-111009/LUFA/Drivers/USB/Core/AVR8/USBController_AVR8.h **** 			#define USB_OPT_AUTO_PLL                   (0 << 2)
 147:../lufa-LUFA-111009/LUFA/Drivers/USB/Core/AVR8/USBController_AVR8.h **** 			//@}
 148:../lufa-LUFA-111009/LUFA/Drivers/USB/Core/AVR8/USBController_AVR8.h **** 
 149:../lufa-LUFA-111009/LUFA/Drivers/USB/Core/AVR8/USBController_AVR8.h **** 			#if !defined(USB_STREAM_TIMEOUT_MS) || defined(__DOXYGEN__)
 150:../lufa-LUFA-111009/LUFA/Drivers/USB/Core/AVR8/USBController_AVR8.h **** 				/** Constant for the maximum software timeout period of the USB data stream transfer functions
 151:../lufa-LUFA-111009/LUFA/Drivers/USB/Core/AVR8/USBController_AVR8.h **** 				 *  (both control and standard) when in either device or host mode. If the next packet of a str
 152:../lufa-LUFA-111009/LUFA/Drivers/USB/Core/AVR8/USBController_AVR8.h **** 				 *  is not received or acknowledged within this time period, the stream function will fail.
 153:../lufa-LUFA-111009/LUFA/Drivers/USB/Core/AVR8/USBController_AVR8.h **** 				 *
 154:../lufa-LUFA-111009/LUFA/Drivers/USB/Core/AVR8/USBController_AVR8.h **** 				 *  This value may be overridden in the user project makefile as the value of the
 155:../lufa-LUFA-111009/LUFA/Drivers/USB/Core/AVR8/USBController_AVR8.h **** 				 *  \ref USB_STREAM_TIMEOUT_MS token, and passed to the compiler using the -D switch.
 156:../lufa-LUFA-111009/LUFA/Drivers/USB/Core/AVR8/USBController_AVR8.h **** 				 */
 157:../lufa-LUFA-111009/LUFA/Drivers/USB/Core/AVR8/USBController_AVR8.h **** 				#define USB_STREAM_TIMEOUT_MS       100
 158:../lufa-LUFA-111009/LUFA/Drivers/USB/Core/AVR8/USBController_AVR8.h **** 			#endif
 159:../lufa-LUFA-111009/LUFA/Drivers/USB/Core/AVR8/USBController_AVR8.h **** 
 160:../lufa-LUFA-111009/LUFA/Drivers/USB/Core/AVR8/USBController_AVR8.h **** 		/* Inline Functions: */
 161:../lufa-LUFA-111009/LUFA/Drivers/USB/Core/AVR8/USBController_AVR8.h **** 			#if defined(USB_SERIES_4_AVR) || defined(USB_SERIES_6_AVR) || defined(USB_SERIES_7_AVR) || defin
 162:../lufa-LUFA-111009/LUFA/Drivers/USB/Core/AVR8/USBController_AVR8.h **** 				/** Determines if the VBUS line is currently high (i.e. the USB host is supplying power).
 163:../lufa-LUFA-111009/LUFA/Drivers/USB/Core/AVR8/USBController_AVR8.h **** 				 *
 164:../lufa-LUFA-111009/LUFA/Drivers/USB/Core/AVR8/USBController_AVR8.h **** 				 *  \note This function is not available on some AVR models which do not support hardware VBUS 
 165:../lufa-LUFA-111009/LUFA/Drivers/USB/Core/AVR8/USBController_AVR8.h **** 				 *
 166:../lufa-LUFA-111009/LUFA/Drivers/USB/Core/AVR8/USBController_AVR8.h **** 				 *  \return Boolean \c true if the VBUS line is currently detecting power from a host, \c false
 167:../lufa-LUFA-111009/LUFA/Drivers/USB/Core/AVR8/USBController_AVR8.h **** 				 */
 168:../lufa-LUFA-111009/LUFA/Drivers/USB/Core/AVR8/USBController_AVR8.h **** 				static inline bool USB_VBUS_GetStatus(void) ATTR_WARN_UNUSED_RESULT ATTR_ALWAYS_INLINE;
 169:../lufa-LUFA-111009/LUFA/Drivers/USB/Core/AVR8/USBController_AVR8.h **** 				static inline bool USB_VBUS_GetStatus(void)
 170:../lufa-LUFA-111009/LUFA/Drivers/USB/Core/AVR8/USBController_AVR8.h **** 				{
 171:../lufa-LUFA-111009/LUFA/Drivers/USB/Core/AVR8/USBController_AVR8.h **** 					return ((USBSTA & (1 << VBUS)) ? true : false);
 172:../lufa-LUFA-111009/LUFA/Drivers/USB/Core/AVR8/USBController_AVR8.h **** 				}
 173:../lufa-LUFA-111009/LUFA/Drivers/USB/Core/AVR8/USBController_AVR8.h **** 			#endif
 174:../lufa-LUFA-111009/LUFA/Drivers/USB/Core/AVR8/USBController_AVR8.h **** 
 175:../lufa-LUFA-111009/LUFA/Drivers/USB/Core/AVR8/USBController_AVR8.h **** 			/** Detaches the device from the USB bus. This has the effect of removing the device from any
 176:../lufa-LUFA-111009/LUFA/Drivers/USB/Core/AVR8/USBController_AVR8.h **** 			 *  attached host, ceasing USB communications. If no host is present, this prevents any host fro
 177:../lufa-LUFA-111009/LUFA/Drivers/USB/Core/AVR8/USBController_AVR8.h **** 			 *  enumerating the device once attached until \ref USB_Attach() is called.
 178:../lufa-LUFA-111009/LUFA/Drivers/USB/Core/AVR8/USBController_AVR8.h **** 			 */
 179:../lufa-LUFA-111009/LUFA/Drivers/USB/Core/AVR8/USBController_AVR8.h **** 			static inline void USB_Detach(void) ATTR_ALWAYS_INLINE;
 180:../lufa-LUFA-111009/LUFA/Drivers/USB/Core/AVR8/USBController_AVR8.h **** 			static inline void USB_Detach(void)
 181:../lufa-LUFA-111009/LUFA/Drivers/USB/Core/AVR8/USBController_AVR8.h **** 			{
 182:../lufa-LUFA-111009/LUFA/Drivers/USB/Core/AVR8/USBController_AVR8.h **** 				UDCON  |=  (1 << DETACH);
 1820               		.loc 5 182 0
 1821 00da 8091 E000 		lds r24,224
 1822 00de 8160      		ori r24,lo8(1)
 1823 00e0 8093 E000 		sts 224,r24
 1824               	.LBE196:
 1825               	.LBE195:
 207:uBAD_bootloader.c **** }
 1826               		.loc 1 207 0
 1827 00e4 0E94 0000 		call StartSketch
 1828               	.LVL154:
 208:uBAD_bootloader.c **** 
 1829               		.loc 1 208 0
 1830 00e8 80E0      		ldi r24,0
 1831 00ea 90E0      		ldi r25,0
 1832               	/* epilogue start */
 1833 00ec DF91      		pop r29
 1834 00ee CF91      		pop r28
 1835 00f0 0895      		ret
 1836               		.cfi_endproc
 1837               	.LFE103:
 1839               		.comm	LLEDPulse,2,1
 1840               	.global	bootKeyPtr
 1841               		.section	.rodata
 1844               	bootKeyPtr:
 1845 0000 0008      		.word	2048
 1846               	.global	bootKey
 1847               		.data
 1850               	bootKey:
 1851 0000 7777      		.word	30583
 1852               	.global	Timeout
 1853               		.section .bss
 1856               	Timeout:
 1857 0000 0000      		.zero	2
 1858               	.global	RxLEDPulse
 1861               	RxLEDPulse:
 1862 0002 0000      		.zero	2
 1863               	.global	TxLEDPulse
 1866               	TxLEDPulse:
 1867 0004 0000      		.zero	2
 1868               		.data
 1871               	RunBootloader:
 1872 0002 01        		.byte	1
 1873               		.local	CurrAddress
 1874               		.comm	CurrAddress,4,1
 1877               	LineEncoding:
 1878 0003 00        		.byte	0
 1879 0004 00        		.byte	0
 1880 0005 00        		.byte	0
 1881 0006 00        		.byte	0
 1882 0007 00        		.byte	0
 1883 0008 00        		.byte	0
 1884 0009 08        		.byte	8
 1885               		.text
 1886               	.Letext0:
 1887               		.file 6 "/usr/lib/avr/include/stdint.h"
 1888               		.file 7 "../lufa-LUFA-111009/LUFA/Drivers/USB/Core/AVR8/../StdRequestType.h"
 1889               		.file 8 "../lufa-LUFA-111009/LUFA/Drivers/USB/Core/AVR8/../Device.h"
 1890               		.file 9 "../lufa-LUFA-111009/LUFA/Drivers/USB/Class/Device/../Common/CDC.h"
 1891               		.file 10 "../lufa-LUFA-111009/LUFA/Drivers/USB/Core/USBTask.h"
 1892               		.file 11 "../lufa-LUFA-111009/LUFA/Drivers/USB/Core/AVR8/../AVR8/EndpointStream_AVR8.h"
 1893               		.file 12 "/usr/lib/avr/include/avr/eeprom.h"
DEFINED SYMBOLS
                            *ABS*:0000000000000000 uBAD_bootloader.c
     /tmp/ccEVjZDn.s:2      *ABS*:000000000000003e __SP_H__
     /tmp/ccEVjZDn.s:3      *ABS*:000000000000003d __SP_L__
     /tmp/ccEVjZDn.s:4      *ABS*:000000000000003f __SREG__
     /tmp/ccEVjZDn.s:5      *ABS*:0000000000000000 __tmp_reg__
     /tmp/ccEVjZDn.s:6      *ABS*:0000000000000001 __zero_reg__
     /tmp/ccEVjZDn.s:12     .text.FetchNextCommandByte:0000000000000000 FetchNextCommandByte
     /tmp/ccEVjZDn.s:78     .text.WriteNextResponseByte:0000000000000000 WriteNextResponseByte
     /tmp/ccEVjZDn.s:1866   .bss:0000000000000004 TxLEDPulse
     /tmp/ccEVjZDn.s:154    .text.StartSketch:0000000000000000 StartSketch
     /tmp/ccEVjZDn.s:200    .text.LEDPulse:0000000000000000 LEDPulse
                            *COM*:0000000000000002 LLEDPulse
     /tmp/ccEVjZDn.s:247    .text.xdelay:0000000000000000 xdelay
     /tmp/ccEVjZDn.s:298    .text.blink:0000000000000000 blink
     /tmp/ccEVjZDn.s:326    .text.SetupHardware:0000000000000000 SetupHardware
     /tmp/ccEVjZDn.s:414    .text.__vector_17:0000000000000000 __vector_17
     /tmp/ccEVjZDn.s:1861   .bss:0000000000000002 RxLEDPulse
     /tmp/ccEVjZDn.s:1856   .bss:0000000000000000 Timeout
     /tmp/ccEVjZDn.s:527    .text.EVENT_USB_Device_ConfigurationChanged:0000000000000000 EVENT_USB_Device_ConfigurationChanged
     /tmp/ccEVjZDn.s:570    .text.EVENT_USB_Device_ControlRequest:0000000000000000 EVENT_USB_Device_ControlRequest
     /tmp/ccEVjZDn.s:1877   .data:0000000000000003 LineEncoding
     /tmp/ccEVjZDn.s:655    .text.CDC_Task:0000000000000000 CDC_Task
                             .bss:0000000000000006 CurrAddress
     /tmp/ccEVjZDn.s:1629   .text.startup.main:0000000000000000 main
     /tmp/ccEVjZDn.s:1850   .data:0000000000000000 bootKey
     /tmp/ccEVjZDn.s:1871   .data:0000000000000002 RunBootloader
     /tmp/ccEVjZDn.s:1844   .rodata:0000000000000000 bootKeyPtr
     /tmp/ccEVjZDn.s:650    .rodata.str1.1:0000000000000000 .LC0

UNDEFINED SYMBOLS
Endpoint_ConfigureEndpoint_Prv
USB_ControlRequest
Endpoint_Write_Control_Stream_LE
Endpoint_Read_Control_Stream_LE
eeprom_read_byte
eeprom_write_byte
eeprom_update_byte
USB_Init
USB_USBTask
__do_copy_data
__do_clear_bss
