   1               		.file	"HIDParser.c"
   2               	__SP_H__ = 0x3e
   3               	__SP_L__ = 0x3d
   4               	__SREG__ = 0x3f
   5               	__tmp_reg__ = 0
   6               	__zero_reg__ = 1
   7               		.text
   8               	.Ltext0:
   9               		.cfi_sections	.debug_frame
  10               		.file 1 "../lufa-LUFA-111009/LUFA/Drivers/USB/Class/Common/HIDParser.c"
  11               		.section	.text.USB_ProcessHIDReport,"ax",@progbits
  12               	.global	USB_ProcessHIDReport
  14               	USB_ProcessHIDReport:
  15               	.LVL0:
  16               	.LFB20:
   1:../lufa-LUFA-111009/LUFA/Drivers/USB/Class/Common/HIDParser.c **** /*
   2:../lufa-LUFA-111009/LUFA/Drivers/USB/Class/Common/HIDParser.c ****              LUFA Library
   3:../lufa-LUFA-111009/LUFA/Drivers/USB/Class/Common/HIDParser.c ****      Copyright (C) Dean Camera, 2011.
   4:../lufa-LUFA-111009/LUFA/Drivers/USB/Class/Common/HIDParser.c **** 
   5:../lufa-LUFA-111009/LUFA/Drivers/USB/Class/Common/HIDParser.c ****   dean [at] fourwalledcubicle [dot] com
   6:../lufa-LUFA-111009/LUFA/Drivers/USB/Class/Common/HIDParser.c ****            www.lufa-lib.org
   7:../lufa-LUFA-111009/LUFA/Drivers/USB/Class/Common/HIDParser.c **** */
   8:../lufa-LUFA-111009/LUFA/Drivers/USB/Class/Common/HIDParser.c **** 
   9:../lufa-LUFA-111009/LUFA/Drivers/USB/Class/Common/HIDParser.c **** /*
  10:../lufa-LUFA-111009/LUFA/Drivers/USB/Class/Common/HIDParser.c ****   Copyright 2011  Dean Camera (dean [at] fourwalledcubicle [dot] com)
  11:../lufa-LUFA-111009/LUFA/Drivers/USB/Class/Common/HIDParser.c **** 
  12:../lufa-LUFA-111009/LUFA/Drivers/USB/Class/Common/HIDParser.c ****   Permission to use, copy, modify, distribute, and sell this
  13:../lufa-LUFA-111009/LUFA/Drivers/USB/Class/Common/HIDParser.c ****   software and its documentation for any purpose is hereby granted
  14:../lufa-LUFA-111009/LUFA/Drivers/USB/Class/Common/HIDParser.c ****   without fee, provided that the above copyright notice appear in
  15:../lufa-LUFA-111009/LUFA/Drivers/USB/Class/Common/HIDParser.c ****   all copies and that both that the copyright notice and this
  16:../lufa-LUFA-111009/LUFA/Drivers/USB/Class/Common/HIDParser.c ****   permission notice and warranty disclaimer appear in supporting
  17:../lufa-LUFA-111009/LUFA/Drivers/USB/Class/Common/HIDParser.c ****   documentation, and that the name of the author not be used in
  18:../lufa-LUFA-111009/LUFA/Drivers/USB/Class/Common/HIDParser.c ****   advertising or publicity pertaining to distribution of the
  19:../lufa-LUFA-111009/LUFA/Drivers/USB/Class/Common/HIDParser.c ****   software without specific, written prior permission.
  20:../lufa-LUFA-111009/LUFA/Drivers/USB/Class/Common/HIDParser.c **** 
  21:../lufa-LUFA-111009/LUFA/Drivers/USB/Class/Common/HIDParser.c ****   The author disclaim all warranties with regard to this
  22:../lufa-LUFA-111009/LUFA/Drivers/USB/Class/Common/HIDParser.c ****   software, including all implied warranties of merchantability
  23:../lufa-LUFA-111009/LUFA/Drivers/USB/Class/Common/HIDParser.c ****   and fitness.  In no event shall the author be liable for any
  24:../lufa-LUFA-111009/LUFA/Drivers/USB/Class/Common/HIDParser.c ****   special, indirect or consequential damages or any damages
  25:../lufa-LUFA-111009/LUFA/Drivers/USB/Class/Common/HIDParser.c ****   whatsoever resulting from loss of use, data or profits, whether
  26:../lufa-LUFA-111009/LUFA/Drivers/USB/Class/Common/HIDParser.c ****   in an action of contract, negligence or other tortious action,
  27:../lufa-LUFA-111009/LUFA/Drivers/USB/Class/Common/HIDParser.c ****   arising out of or in connection with the use or performance of
  28:../lufa-LUFA-111009/LUFA/Drivers/USB/Class/Common/HIDParser.c ****   this software.
  29:../lufa-LUFA-111009/LUFA/Drivers/USB/Class/Common/HIDParser.c **** */
  30:../lufa-LUFA-111009/LUFA/Drivers/USB/Class/Common/HIDParser.c **** 
  31:../lufa-LUFA-111009/LUFA/Drivers/USB/Class/Common/HIDParser.c **** #define  __INCLUDE_FROM_USB_DRIVER
  32:../lufa-LUFA-111009/LUFA/Drivers/USB/Class/Common/HIDParser.c **** #define  __INCLUDE_FROM_HID_DRIVER
  33:../lufa-LUFA-111009/LUFA/Drivers/USB/Class/Common/HIDParser.c **** #include "HIDParser.h"
  34:../lufa-LUFA-111009/LUFA/Drivers/USB/Class/Common/HIDParser.c **** 
  35:../lufa-LUFA-111009/LUFA/Drivers/USB/Class/Common/HIDParser.c **** uint8_t USB_ProcessHIDReport(const uint8_t* ReportData,
  36:../lufa-LUFA-111009/LUFA/Drivers/USB/Class/Common/HIDParser.c ****                              uint16_t ReportSize,
  37:../lufa-LUFA-111009/LUFA/Drivers/USB/Class/Common/HIDParser.c ****                              HID_ReportInfo_t* const ParserData)
  38:../lufa-LUFA-111009/LUFA/Drivers/USB/Class/Common/HIDParser.c **** {
  17               		.loc 1 38 1 view -0
  18               		.cfi_startproc
  19               		.loc 1 38 1 is_stmt 0 view .LVU1
  20 0000 2F92      		push r2
  21               	.LCFI0:
  22               		.cfi_def_cfa_offset 3
  23               		.cfi_offset 2, -2
  24 0002 3F92      		push r3
  25               	.LCFI1:
  26               		.cfi_def_cfa_offset 4
  27               		.cfi_offset 3, -3
  28 0004 4F92      		push r4
  29               	.LCFI2:
  30               		.cfi_def_cfa_offset 5
  31               		.cfi_offset 4, -4
  32 0006 5F92      		push r5
  33               	.LCFI3:
  34               		.cfi_def_cfa_offset 6
  35               		.cfi_offset 5, -5
  36 0008 6F92      		push r6
  37               	.LCFI4:
  38               		.cfi_def_cfa_offset 7
  39               		.cfi_offset 6, -6
  40 000a 7F92      		push r7
  41               	.LCFI5:
  42               		.cfi_def_cfa_offset 8
  43               		.cfi_offset 7, -7
  44 000c 8F92      		push r8
  45               	.LCFI6:
  46               		.cfi_def_cfa_offset 9
  47               		.cfi_offset 8, -8
  48 000e 9F92      		push r9
  49               	.LCFI7:
  50               		.cfi_def_cfa_offset 10
  51               		.cfi_offset 9, -9
  52 0010 AF92      		push r10
  53               	.LCFI8:
  54               		.cfi_def_cfa_offset 11
  55               		.cfi_offset 10, -10
  56 0012 BF92      		push r11
  57               	.LCFI9:
  58               		.cfi_def_cfa_offset 12
  59               		.cfi_offset 11, -11
  60 0014 CF92      		push r12
  61               	.LCFI10:
  62               		.cfi_def_cfa_offset 13
  63               		.cfi_offset 12, -12
  64 0016 DF92      		push r13
  65               	.LCFI11:
  66               		.cfi_def_cfa_offset 14
  67               		.cfi_offset 13, -13
  68 0018 EF92      		push r14
  69               	.LCFI12:
  70               		.cfi_def_cfa_offset 15
  71               		.cfi_offset 14, -14
  72 001a FF92      		push r15
  73               	.LCFI13:
  74               		.cfi_def_cfa_offset 16
  75               		.cfi_offset 15, -15
  76 001c 0F93      		push r16
  77               	.LCFI14:
  78               		.cfi_def_cfa_offset 17
  79               		.cfi_offset 16, -16
  80 001e 1F93      		push r17
  81               	.LCFI15:
  82               		.cfi_def_cfa_offset 18
  83               		.cfi_offset 17, -17
  84 0020 CF93      		push r28
  85               	.LCFI16:
  86               		.cfi_def_cfa_offset 19
  87               		.cfi_offset 28, -18
  88 0022 DF93      		push r29
  89               	.LCFI17:
  90               		.cfi_def_cfa_offset 20
  91               		.cfi_offset 29, -19
  92 0024 CDB7      		in r28,__SP_L__
  93 0026 DEB7      		in r29,__SP_H__
  94               	.LCFI18:
  95               		.cfi_def_cfa_register 28
  96 0028 C358      		subi r28,-125
  97 002a D109      		sbc r29,__zero_reg__
  98               	.LCFI19:
  99               		.cfi_def_cfa_offset 151
 100 002c 0FB6      		in __tmp_reg__,__SREG__
 101 002e F894      		cli
 102 0030 DEBF      		out __SP_H__,r29
 103 0032 0FBE      		out __SREG__,__tmp_reg__
 104 0034 CDBF      		out __SP_L__,r28
 105               	/* prologue: function */
 106               	/* frame size = 131 */
 107               	/* stack size = 149 */
 108               	.L__stack_usage = 149
 109 0036 E696      		adiw r28,117-63
 110 0038 8FAF      		std Y+63,r24
 111 003a E697      		sbiw r28,117-63
 112 003c E796      		adiw r28,118-63
 113 003e 9FAF      		std Y+63,r25
 114 0040 E797      		sbiw r28,118-63
 115 0042 EA96      		adiw r28,121-63
 116 0044 6FAF      		std Y+63,r22
 117 0046 EA97      		sbiw r28,121-63
 118 0048 EB96      		adiw r28,122-63
 119 004a 7FAF      		std Y+63,r23
 120 004c EB97      		sbiw r28,122-63
 121 004e 1A01      		movw r2,r20
  39:../lufa-LUFA-111009/LUFA/Drivers/USB/Class/Common/HIDParser.c **** 	HID_StateTable_t      StateTable[HID_STATETABLE_STACK_DEPTH];
 122               		.loc 1 39 2 is_stmt 1 view .LVU2
  40:../lufa-LUFA-111009/LUFA/Drivers/USB/Class/Common/HIDParser.c **** 	HID_StateTable_t*     CurrStateTable          = &StateTable[0];
 123               		.loc 1 40 2 view .LVU3
 124               	.LVL1:
  41:../lufa-LUFA-111009/LUFA/Drivers/USB/Class/Common/HIDParser.c **** 	HID_CollectionPath_t* CurrCollectionPath      = NULL;
 125               		.loc 1 41 2 view .LVU4
  42:../lufa-LUFA-111009/LUFA/Drivers/USB/Class/Common/HIDParser.c **** 	HID_ReportSizeInfo_t* CurrReportIDInfo        = &ParserData->ReportIDSizes[0];
 126               		.loc 1 42 2 view .LVU5
 127               		.loc 1 42 24 is_stmt 0 view .LVU6
 128 0050 9A01      		movw r18,r20
 129 0052 2057      		subi r18,112
 130 0054 3C4F      		sbci r19,-4
 131 0056 ED96      		adiw r28,123-62
 132 0058 3FAF      		std Y+63,r19
 133 005a 2EAF      		std Y+62,r18
 134 005c ED97      		sbiw r28,123-62
 135               	.LVL2:
  43:../lufa-LUFA-111009/LUFA/Drivers/USB/Class/Common/HIDParser.c **** 	uint16_t              UsageList[HID_USAGE_STACK_DEPTH];
 136               		.loc 1 43 2 is_stmt 1 view .LVU7
  44:../lufa-LUFA-111009/LUFA/Drivers/USB/Class/Common/HIDParser.c **** 	uint8_t               UsageListSize           = 0;
 137               		.loc 1 44 2 view .LVU8
  45:../lufa-LUFA-111009/LUFA/Drivers/USB/Class/Common/HIDParser.c **** 	HID_MinMax_t          UsageMinMax             = {0, 0};
 138               		.loc 1 45 2 view .LVU9
  46:../lufa-LUFA-111009/LUFA/Drivers/USB/Class/Common/HIDParser.c **** 
  47:../lufa-LUFA-111009/LUFA/Drivers/USB/Class/Common/HIDParser.c **** 	memset(ParserData,       0x00, sizeof(HID_ReportInfo_t));
 139               		.loc 1 47 2 view .LVU10
 140 005e 89ED      		ldi r24,lo8(-39)
 141 0060 93E0      		ldi r25,lo8(3)
 142               	.LVL3:
 143               		.loc 1 47 2 is_stmt 0 view .LVU11
 144 0062 DA01      		movw r26,r20
 145 0064 FC01      		movw r30,r24
 146               		0:
 147 0066 1D92      		st X+,__zero_reg__
 148 0068 3197      		sbiw r30,1
 149 006a 01F4      		brne 0b
  48:../lufa-LUFA-111009/LUFA/Drivers/USB/Class/Common/HIDParser.c **** 	memset(CurrStateTable,   0x00, sizeof(HID_StateTable_t));
 150               		.loc 1 48 2 is_stmt 1 view .LVU12
 151 006c FE01      		movw r30,r28
 152 006e 3196      		adiw r30,1
 153               	.LVL4:
 154               		.loc 1 48 2 is_stmt 0 view .LVU13
 155 0070 8CE1      		ldi r24,lo8(28)
 156 0072 DF01      		movw r26,r30
 157               		0:
 158 0074 1D92      		st X+,__zero_reg__
 159 0076 8A95      		dec r24
 160 0078 01F4      		brne 0b
  49:../lufa-LUFA-111009/LUFA/Drivers/USB/Class/Common/HIDParser.c **** 	memset(CurrReportIDInfo, 0x00, sizeof(HID_ReportSizeInfo_t));
 161               		.loc 1 49 2 is_stmt 1 view .LVU14
 162 007a 87E0      		ldi r24,lo8(7)
 163 007c D901      		movw r26,r18
 164               		0:
 165 007e 1D92      		st X+,__zero_reg__
 166 0080 8A95      		dec r24
 167 0082 01F4      		brne 0b
  50:../lufa-LUFA-111009/LUFA/Drivers/USB/Class/Common/HIDParser.c **** 
  51:../lufa-LUFA-111009/LUFA/Drivers/USB/Class/Common/HIDParser.c **** 	ParserData->TotalDeviceReports = 1;
 168               		.loc 1 51 2 view .LVU15
 169               		.loc 1 51 33 is_stmt 0 view .LVU16
 170 0084 DA01      		movw r26,r20
 171 0086 A157      		subi r26,113
 172 0088 BC4F      		sbci r27,-4
 173 008a 81E0      		ldi r24,lo8(1)
 174 008c 8C93      		st X,r24
  52:../lufa-LUFA-111009/LUFA/Drivers/USB/Class/Common/HIDParser.c **** 
  53:../lufa-LUFA-111009/LUFA/Drivers/USB/Class/Common/HIDParser.c **** 	while (ReportSize)
 175               		.loc 1 53 2 is_stmt 1 view .LVU17
  45:../lufa-LUFA-111009/LUFA/Drivers/USB/Class/Common/HIDParser.c **** 
 176               		.loc 1 45 24 is_stmt 0 view .LVU18
 177 008e 812C      		mov r8,__zero_reg__
 178 0090 912C      		mov r9,__zero_reg__
 179 0092 5401      		movw r10,r8
 180 0094 C12C      		mov r12,__zero_reg__
 181 0096 D12C      		mov r13,__zero_reg__
 182 0098 7601      		movw r14,r12
  44:../lufa-LUFA-111009/LUFA/Drivers/USB/Class/Common/HIDParser.c **** 	HID_MinMax_t          UsageMinMax             = {0, 0};
 183               		.loc 1 44 24 view .LVU19
 184 009a 10E0      		ldi r17,0
  41:../lufa-LUFA-111009/LUFA/Drivers/USB/Class/Common/HIDParser.c **** 	HID_ReportSizeInfo_t* CurrReportIDInfo        = &ParserData->ReportIDSizes[0];
 185               		.loc 1 41 24 view .LVU20
 186 009c E996      		adiw r28,119-62
 187 009e 1FAE      		std Y+63,__zero_reg__
 188 00a0 1EAE      		std Y+62,__zero_reg__
 189 00a2 E997      		sbiw r28,119-62
  40:../lufa-LUFA-111009/LUFA/Drivers/USB/Class/Common/HIDParser.c **** 	HID_CollectionPath_t* CurrCollectionPath      = NULL;
 190               		.loc 1 40 24 view .LVU21
 191 00a4 E596      		adiw r28,115-62
 192 00a6 FFAF      		std Y+63,r31
 193 00a8 EEAF      		std Y+62,r30
 194 00aa E597      		sbiw r28,115-62
 195               	.LBB2:
 196               	.LBB3:
 197               	.LBB4:
  54:../lufa-LUFA-111009/LUFA/Drivers/USB/Class/Common/HIDParser.c **** 	{
  55:../lufa-LUFA-111009/LUFA/Drivers/USB/Class/Common/HIDParser.c **** 		uint8_t  HIDReportItem  = *ReportData;
  56:../lufa-LUFA-111009/LUFA/Drivers/USB/Class/Common/HIDParser.c **** 		uint32_t ReportItemData = 0;
  57:../lufa-LUFA-111009/LUFA/Drivers/USB/Class/Common/HIDParser.c **** 
  58:../lufa-LUFA-111009/LUFA/Drivers/USB/Class/Common/HIDParser.c **** 		ReportData++;
  59:../lufa-LUFA-111009/LUFA/Drivers/USB/Class/Common/HIDParser.c **** 		ReportSize--;
  60:../lufa-LUFA-111009/LUFA/Drivers/USB/Class/Common/HIDParser.c **** 
  61:../lufa-LUFA-111009/LUFA/Drivers/USB/Class/Common/HIDParser.c **** 		switch (HIDReportItem & HID_RI_DATA_SIZE_MASK)
  62:../lufa-LUFA-111009/LUFA/Drivers/USB/Class/Common/HIDParser.c **** 		{
  63:../lufa-LUFA-111009/LUFA/Drivers/USB/Class/Common/HIDParser.c **** 			case HID_RI_DATA_BITS_32:
  64:../lufa-LUFA-111009/LUFA/Drivers/USB/Class/Common/HIDParser.c **** 				ReportItemData  = le32_to_cpu(*((uint32_t*)ReportData));
  65:../lufa-LUFA-111009/LUFA/Drivers/USB/Class/Common/HIDParser.c **** 				ReportSize     -= 4;
  66:../lufa-LUFA-111009/LUFA/Drivers/USB/Class/Common/HIDParser.c **** 				ReportData     += 4;
  67:../lufa-LUFA-111009/LUFA/Drivers/USB/Class/Common/HIDParser.c **** 				break;
  68:../lufa-LUFA-111009/LUFA/Drivers/USB/Class/Common/HIDParser.c **** 			case HID_RI_DATA_BITS_16:
  69:../lufa-LUFA-111009/LUFA/Drivers/USB/Class/Common/HIDParser.c **** 				ReportItemData  = le16_to_cpu(*((uint16_t*)ReportData));
  70:../lufa-LUFA-111009/LUFA/Drivers/USB/Class/Common/HIDParser.c **** 				ReportSize     -= 2;
  71:../lufa-LUFA-111009/LUFA/Drivers/USB/Class/Common/HIDParser.c **** 				ReportData     += 2;
  72:../lufa-LUFA-111009/LUFA/Drivers/USB/Class/Common/HIDParser.c **** 				break;
  73:../lufa-LUFA-111009/LUFA/Drivers/USB/Class/Common/HIDParser.c **** 			case HID_RI_DATA_BITS_8:
  74:../lufa-LUFA-111009/LUFA/Drivers/USB/Class/Common/HIDParser.c **** 				ReportItemData  = *((uint8_t*)ReportData);
  75:../lufa-LUFA-111009/LUFA/Drivers/USB/Class/Common/HIDParser.c **** 				ReportSize     -= 1;
  76:../lufa-LUFA-111009/LUFA/Drivers/USB/Class/Common/HIDParser.c **** 				ReportData     += 1;
  77:../lufa-LUFA-111009/LUFA/Drivers/USB/Class/Common/HIDParser.c **** 				break;
  78:../lufa-LUFA-111009/LUFA/Drivers/USB/Class/Common/HIDParser.c **** 		}
  79:../lufa-LUFA-111009/LUFA/Drivers/USB/Class/Common/HIDParser.c **** 
  80:../lufa-LUFA-111009/LUFA/Drivers/USB/Class/Common/HIDParser.c **** 		switch (HIDReportItem & (HID_RI_TYPE_MASK | HID_RI_TAG_MASK))
  81:../lufa-LUFA-111009/LUFA/Drivers/USB/Class/Common/HIDParser.c **** 		{
  82:../lufa-LUFA-111009/LUFA/Drivers/USB/Class/Common/HIDParser.c **** 			case HID_RI_PUSH(0):
  83:../lufa-LUFA-111009/LUFA/Drivers/USB/Class/Common/HIDParser.c **** 				if (CurrStateTable == &StateTable[HID_STATETABLE_STACK_DEPTH - 1])
  84:../lufa-LUFA-111009/LUFA/Drivers/USB/Class/Common/HIDParser.c **** 				  return HID_PARSE_HIDStackOverflow;
  85:../lufa-LUFA-111009/LUFA/Drivers/USB/Class/Common/HIDParser.c **** 
  86:../lufa-LUFA-111009/LUFA/Drivers/USB/Class/Common/HIDParser.c **** 				memcpy((CurrStateTable + 1),
  87:../lufa-LUFA-111009/LUFA/Drivers/USB/Class/Common/HIDParser.c **** 				       CurrStateTable,
  88:../lufa-LUFA-111009/LUFA/Drivers/USB/Class/Common/HIDParser.c **** 				       sizeof(HID_ReportItem_t));
  89:../lufa-LUFA-111009/LUFA/Drivers/USB/Class/Common/HIDParser.c **** 
  90:../lufa-LUFA-111009/LUFA/Drivers/USB/Class/Common/HIDParser.c **** 				CurrStateTable++;
  91:../lufa-LUFA-111009/LUFA/Drivers/USB/Class/Common/HIDParser.c **** 				break;
  92:../lufa-LUFA-111009/LUFA/Drivers/USB/Class/Common/HIDParser.c **** 			case HID_RI_POP(0):
  93:../lufa-LUFA-111009/LUFA/Drivers/USB/Class/Common/HIDParser.c **** 				if (CurrStateTable == &StateTable[0])
  94:../lufa-LUFA-111009/LUFA/Drivers/USB/Class/Common/HIDParser.c **** 				  return HID_PARSE_HIDStackUnderflow;
  95:../lufa-LUFA-111009/LUFA/Drivers/USB/Class/Common/HIDParser.c **** 
  96:../lufa-LUFA-111009/LUFA/Drivers/USB/Class/Common/HIDParser.c **** 				CurrStateTable--;
  97:../lufa-LUFA-111009/LUFA/Drivers/USB/Class/Common/HIDParser.c **** 				break;
  98:../lufa-LUFA-111009/LUFA/Drivers/USB/Class/Common/HIDParser.c **** 			case HID_RI_USAGE_PAGE(0):
  99:../lufa-LUFA-111009/LUFA/Drivers/USB/Class/Common/HIDParser.c **** 				if ((HIDReportItem & HID_RI_DATA_SIZE_MASK) == HID_RI_DATA_BITS_32)
 100:../lufa-LUFA-111009/LUFA/Drivers/USB/Class/Common/HIDParser.c **** 				  CurrStateTable->Attributes.Usage.Page = (ReportItemData >> 16);
 101:../lufa-LUFA-111009/LUFA/Drivers/USB/Class/Common/HIDParser.c **** 				
 102:../lufa-LUFA-111009/LUFA/Drivers/USB/Class/Common/HIDParser.c **** 				CurrStateTable->Attributes.Usage.Page       = ReportItemData;
 103:../lufa-LUFA-111009/LUFA/Drivers/USB/Class/Common/HIDParser.c **** 				break;
 104:../lufa-LUFA-111009/LUFA/Drivers/USB/Class/Common/HIDParser.c **** 			case HID_RI_LOGICAL_MINIMUM(0):
 105:../lufa-LUFA-111009/LUFA/Drivers/USB/Class/Common/HIDParser.c **** 				CurrStateTable->Attributes.Logical.Minimum  = ReportItemData;
 106:../lufa-LUFA-111009/LUFA/Drivers/USB/Class/Common/HIDParser.c **** 				break;
 107:../lufa-LUFA-111009/LUFA/Drivers/USB/Class/Common/HIDParser.c **** 			case HID_RI_LOGICAL_MAXIMUM(0):
 108:../lufa-LUFA-111009/LUFA/Drivers/USB/Class/Common/HIDParser.c **** 				CurrStateTable->Attributes.Logical.Maximum  = ReportItemData;
 109:../lufa-LUFA-111009/LUFA/Drivers/USB/Class/Common/HIDParser.c **** 				break;
 110:../lufa-LUFA-111009/LUFA/Drivers/USB/Class/Common/HIDParser.c **** 			case HID_RI_PHYSICAL_MINIMUM(0):
 111:../lufa-LUFA-111009/LUFA/Drivers/USB/Class/Common/HIDParser.c **** 				CurrStateTable->Attributes.Physical.Minimum = ReportItemData;
 112:../lufa-LUFA-111009/LUFA/Drivers/USB/Class/Common/HIDParser.c **** 				break;
 113:../lufa-LUFA-111009/LUFA/Drivers/USB/Class/Common/HIDParser.c **** 			case HID_RI_PHYSICAL_MAXIMUM(0):
 114:../lufa-LUFA-111009/LUFA/Drivers/USB/Class/Common/HIDParser.c **** 				CurrStateTable->Attributes.Physical.Maximum = ReportItemData;
 115:../lufa-LUFA-111009/LUFA/Drivers/USB/Class/Common/HIDParser.c **** 				break;
 116:../lufa-LUFA-111009/LUFA/Drivers/USB/Class/Common/HIDParser.c **** 			case HID_RI_UNIT_EXPONENT(0):
 117:../lufa-LUFA-111009/LUFA/Drivers/USB/Class/Common/HIDParser.c **** 				CurrStateTable->Attributes.Unit.Exponent    = ReportItemData;
 118:../lufa-LUFA-111009/LUFA/Drivers/USB/Class/Common/HIDParser.c **** 				break;
 119:../lufa-LUFA-111009/LUFA/Drivers/USB/Class/Common/HIDParser.c **** 			case HID_RI_UNIT(0):
 120:../lufa-LUFA-111009/LUFA/Drivers/USB/Class/Common/HIDParser.c **** 				CurrStateTable->Attributes.Unit.Type        = ReportItemData;
 121:../lufa-LUFA-111009/LUFA/Drivers/USB/Class/Common/HIDParser.c **** 				break;
 122:../lufa-LUFA-111009/LUFA/Drivers/USB/Class/Common/HIDParser.c **** 			case HID_RI_REPORT_SIZE(0):
 123:../lufa-LUFA-111009/LUFA/Drivers/USB/Class/Common/HIDParser.c **** 				CurrStateTable->Attributes.BitSize          = ReportItemData;
 124:../lufa-LUFA-111009/LUFA/Drivers/USB/Class/Common/HIDParser.c **** 				break;
 125:../lufa-LUFA-111009/LUFA/Drivers/USB/Class/Common/HIDParser.c **** 			case HID_RI_REPORT_COUNT(0):
 126:../lufa-LUFA-111009/LUFA/Drivers/USB/Class/Common/HIDParser.c **** 				CurrStateTable->ReportCount                 = ReportItemData;
 127:../lufa-LUFA-111009/LUFA/Drivers/USB/Class/Common/HIDParser.c **** 				break;
 128:../lufa-LUFA-111009/LUFA/Drivers/USB/Class/Common/HIDParser.c **** 			case HID_RI_REPORT_ID(0):
 129:../lufa-LUFA-111009/LUFA/Drivers/USB/Class/Common/HIDParser.c **** 				CurrStateTable->ReportID                    = ReportItemData;
 130:../lufa-LUFA-111009/LUFA/Drivers/USB/Class/Common/HIDParser.c **** 
 131:../lufa-LUFA-111009/LUFA/Drivers/USB/Class/Common/HIDParser.c **** 				if (ParserData->UsingReportIDs)
 132:../lufa-LUFA-111009/LUFA/Drivers/USB/Class/Common/HIDParser.c **** 				{
 133:../lufa-LUFA-111009/LUFA/Drivers/USB/Class/Common/HIDParser.c **** 					CurrReportIDInfo = NULL;
 134:../lufa-LUFA-111009/LUFA/Drivers/USB/Class/Common/HIDParser.c **** 
 135:../lufa-LUFA-111009/LUFA/Drivers/USB/Class/Common/HIDParser.c **** 					for (uint8_t i = 0; i < ParserData->TotalDeviceReports; i++)
 136:../lufa-LUFA-111009/LUFA/Drivers/USB/Class/Common/HIDParser.c **** 					{
 137:../lufa-LUFA-111009/LUFA/Drivers/USB/Class/Common/HIDParser.c **** 						if (ParserData->ReportIDSizes[i].ReportID == CurrStateTable->ReportID)
 138:../lufa-LUFA-111009/LUFA/Drivers/USB/Class/Common/HIDParser.c **** 						{
 139:../lufa-LUFA-111009/LUFA/Drivers/USB/Class/Common/HIDParser.c **** 							CurrReportIDInfo = &ParserData->ReportIDSizes[i];
 140:../lufa-LUFA-111009/LUFA/Drivers/USB/Class/Common/HIDParser.c **** 							break;
 141:../lufa-LUFA-111009/LUFA/Drivers/USB/Class/Common/HIDParser.c **** 						}
 142:../lufa-LUFA-111009/LUFA/Drivers/USB/Class/Common/HIDParser.c **** 					}
 143:../lufa-LUFA-111009/LUFA/Drivers/USB/Class/Common/HIDParser.c **** 
 144:../lufa-LUFA-111009/LUFA/Drivers/USB/Class/Common/HIDParser.c **** 					if (CurrReportIDInfo == NULL)
 145:../lufa-LUFA-111009/LUFA/Drivers/USB/Class/Common/HIDParser.c **** 					{
 146:../lufa-LUFA-111009/LUFA/Drivers/USB/Class/Common/HIDParser.c **** 						if (ParserData->TotalDeviceReports == HID_MAX_REPORT_IDS)
 147:../lufa-LUFA-111009/LUFA/Drivers/USB/Class/Common/HIDParser.c **** 						  return HID_PARSE_InsufficientReportIDItems;
 148:../lufa-LUFA-111009/LUFA/Drivers/USB/Class/Common/HIDParser.c **** 
 149:../lufa-LUFA-111009/LUFA/Drivers/USB/Class/Common/HIDParser.c **** 						CurrReportIDInfo = &ParserData->ReportIDSizes[ParserData->TotalDeviceReports++];
 150:../lufa-LUFA-111009/LUFA/Drivers/USB/Class/Common/HIDParser.c **** 						memset(CurrReportIDInfo, 0x00, sizeof(HID_ReportSizeInfo_t));
 151:../lufa-LUFA-111009/LUFA/Drivers/USB/Class/Common/HIDParser.c **** 					}
 152:../lufa-LUFA-111009/LUFA/Drivers/USB/Class/Common/HIDParser.c **** 				}
 153:../lufa-LUFA-111009/LUFA/Drivers/USB/Class/Common/HIDParser.c **** 
 154:../lufa-LUFA-111009/LUFA/Drivers/USB/Class/Common/HIDParser.c **** 				ParserData->UsingReportIDs = true;
 155:../lufa-LUFA-111009/LUFA/Drivers/USB/Class/Common/HIDParser.c **** 
 156:../lufa-LUFA-111009/LUFA/Drivers/USB/Class/Common/HIDParser.c **** 				CurrReportIDInfo->ReportID = CurrStateTable->ReportID;
 157:../lufa-LUFA-111009/LUFA/Drivers/USB/Class/Common/HIDParser.c **** 				break;
 158:../lufa-LUFA-111009/LUFA/Drivers/USB/Class/Common/HIDParser.c **** 			case HID_RI_USAGE(0):
 159:../lufa-LUFA-111009/LUFA/Drivers/USB/Class/Common/HIDParser.c **** 				if (UsageListSize == HID_USAGE_STACK_DEPTH)
 160:../lufa-LUFA-111009/LUFA/Drivers/USB/Class/Common/HIDParser.c **** 				  return HID_PARSE_UsageListOverflow;
 161:../lufa-LUFA-111009/LUFA/Drivers/USB/Class/Common/HIDParser.c **** 
 162:../lufa-LUFA-111009/LUFA/Drivers/USB/Class/Common/HIDParser.c **** 				UsageList[UsageListSize++] = ReportItemData;
 163:../lufa-LUFA-111009/LUFA/Drivers/USB/Class/Common/HIDParser.c **** 				break;
 164:../lufa-LUFA-111009/LUFA/Drivers/USB/Class/Common/HIDParser.c **** 			case HID_RI_USAGE_MINIMUM(0):
 165:../lufa-LUFA-111009/LUFA/Drivers/USB/Class/Common/HIDParser.c **** 				UsageMinMax.Minimum = ReportItemData;
 166:../lufa-LUFA-111009/LUFA/Drivers/USB/Class/Common/HIDParser.c **** 				break;
 167:../lufa-LUFA-111009/LUFA/Drivers/USB/Class/Common/HIDParser.c **** 			case HID_RI_USAGE_MAXIMUM(0):
 168:../lufa-LUFA-111009/LUFA/Drivers/USB/Class/Common/HIDParser.c **** 				UsageMinMax.Maximum = ReportItemData;
 169:../lufa-LUFA-111009/LUFA/Drivers/USB/Class/Common/HIDParser.c **** 				break;
 170:../lufa-LUFA-111009/LUFA/Drivers/USB/Class/Common/HIDParser.c **** 			case HID_RI_COLLECTION(0):
 171:../lufa-LUFA-111009/LUFA/Drivers/USB/Class/Common/HIDParser.c **** 				if (CurrCollectionPath == NULL)
 172:../lufa-LUFA-111009/LUFA/Drivers/USB/Class/Common/HIDParser.c **** 				{
 173:../lufa-LUFA-111009/LUFA/Drivers/USB/Class/Common/HIDParser.c **** 					CurrCollectionPath = &ParserData->CollectionPaths[0];
 174:../lufa-LUFA-111009/LUFA/Drivers/USB/Class/Common/HIDParser.c **** 				}
 175:../lufa-LUFA-111009/LUFA/Drivers/USB/Class/Common/HIDParser.c **** 				else
 176:../lufa-LUFA-111009/LUFA/Drivers/USB/Class/Common/HIDParser.c **** 				{
 177:../lufa-LUFA-111009/LUFA/Drivers/USB/Class/Common/HIDParser.c **** 					HID_CollectionPath_t* ParentCollectionPath = CurrCollectionPath;
 178:../lufa-LUFA-111009/LUFA/Drivers/USB/Class/Common/HIDParser.c **** 
 179:../lufa-LUFA-111009/LUFA/Drivers/USB/Class/Common/HIDParser.c **** 					CurrCollectionPath = &ParserData->CollectionPaths[1];
 180:../lufa-LUFA-111009/LUFA/Drivers/USB/Class/Common/HIDParser.c **** 
 181:../lufa-LUFA-111009/LUFA/Drivers/USB/Class/Common/HIDParser.c **** 					while (CurrCollectionPath->Parent != NULL)
 182:../lufa-LUFA-111009/LUFA/Drivers/USB/Class/Common/HIDParser.c **** 					{
 183:../lufa-LUFA-111009/LUFA/Drivers/USB/Class/Common/HIDParser.c **** 						if (CurrCollectionPath == &ParserData->CollectionPaths[HID_MAX_COLLECTIONS - 1])
 184:../lufa-LUFA-111009/LUFA/Drivers/USB/Class/Common/HIDParser.c **** 						  return HID_PARSE_InsufficientCollectionPaths;
 185:../lufa-LUFA-111009/LUFA/Drivers/USB/Class/Common/HIDParser.c **** 
 186:../lufa-LUFA-111009/LUFA/Drivers/USB/Class/Common/HIDParser.c **** 						CurrCollectionPath++;
 187:../lufa-LUFA-111009/LUFA/Drivers/USB/Class/Common/HIDParser.c **** 					}
 188:../lufa-LUFA-111009/LUFA/Drivers/USB/Class/Common/HIDParser.c **** 
 189:../lufa-LUFA-111009/LUFA/Drivers/USB/Class/Common/HIDParser.c **** 					CurrCollectionPath->Parent = ParentCollectionPath;
 190:../lufa-LUFA-111009/LUFA/Drivers/USB/Class/Common/HIDParser.c **** 				}
 191:../lufa-LUFA-111009/LUFA/Drivers/USB/Class/Common/HIDParser.c **** 
 192:../lufa-LUFA-111009/LUFA/Drivers/USB/Class/Common/HIDParser.c **** 				CurrCollectionPath->Type       = ReportItemData;
 193:../lufa-LUFA-111009/LUFA/Drivers/USB/Class/Common/HIDParser.c **** 				CurrCollectionPath->Usage.Page = CurrStateTable->Attributes.Usage.Page;
 194:../lufa-LUFA-111009/LUFA/Drivers/USB/Class/Common/HIDParser.c **** 
 195:../lufa-LUFA-111009/LUFA/Drivers/USB/Class/Common/HIDParser.c **** 				if (UsageListSize)
 196:../lufa-LUFA-111009/LUFA/Drivers/USB/Class/Common/HIDParser.c **** 				{
 197:../lufa-LUFA-111009/LUFA/Drivers/USB/Class/Common/HIDParser.c **** 					CurrCollectionPath->Usage.Usage = UsageList[0];
 198:../lufa-LUFA-111009/LUFA/Drivers/USB/Class/Common/HIDParser.c **** 
 199:../lufa-LUFA-111009/LUFA/Drivers/USB/Class/Common/HIDParser.c **** 					for (uint8_t i = 0; i < UsageListSize; i++)
 200:../lufa-LUFA-111009/LUFA/Drivers/USB/Class/Common/HIDParser.c **** 					  UsageList[i] = UsageList[i + 1];
 201:../lufa-LUFA-111009/LUFA/Drivers/USB/Class/Common/HIDParser.c **** 
 202:../lufa-LUFA-111009/LUFA/Drivers/USB/Class/Common/HIDParser.c **** 					UsageListSize--;
 203:../lufa-LUFA-111009/LUFA/Drivers/USB/Class/Common/HIDParser.c **** 				}
 204:../lufa-LUFA-111009/LUFA/Drivers/USB/Class/Common/HIDParser.c **** 				else if (UsageMinMax.Minimum <= UsageMinMax.Maximum)
 205:../lufa-LUFA-111009/LUFA/Drivers/USB/Class/Common/HIDParser.c **** 				{
 206:../lufa-LUFA-111009/LUFA/Drivers/USB/Class/Common/HIDParser.c **** 					CurrCollectionPath->Usage.Usage = UsageMinMax.Minimum++;
 207:../lufa-LUFA-111009/LUFA/Drivers/USB/Class/Common/HIDParser.c **** 				}
 208:../lufa-LUFA-111009/LUFA/Drivers/USB/Class/Common/HIDParser.c **** 
 209:../lufa-LUFA-111009/LUFA/Drivers/USB/Class/Common/HIDParser.c **** 				break;
 210:../lufa-LUFA-111009/LUFA/Drivers/USB/Class/Common/HIDParser.c **** 			case HID_RI_END_COLLECTION(0):
 211:../lufa-LUFA-111009/LUFA/Drivers/USB/Class/Common/HIDParser.c **** 				if (CurrCollectionPath == NULL)
 212:../lufa-LUFA-111009/LUFA/Drivers/USB/Class/Common/HIDParser.c **** 				  return HID_PARSE_UnexpectedEndCollection;
 213:../lufa-LUFA-111009/LUFA/Drivers/USB/Class/Common/HIDParser.c **** 
 214:../lufa-LUFA-111009/LUFA/Drivers/USB/Class/Common/HIDParser.c **** 				CurrCollectionPath = CurrCollectionPath->Parent;
 215:../lufa-LUFA-111009/LUFA/Drivers/USB/Class/Common/HIDParser.c **** 				break;
 216:../lufa-LUFA-111009/LUFA/Drivers/USB/Class/Common/HIDParser.c **** 			case HID_RI_INPUT(0):
 217:../lufa-LUFA-111009/LUFA/Drivers/USB/Class/Common/HIDParser.c **** 			case HID_RI_OUTPUT(0):
 218:../lufa-LUFA-111009/LUFA/Drivers/USB/Class/Common/HIDParser.c **** 			case HID_RI_FEATURE(0):
 219:../lufa-LUFA-111009/LUFA/Drivers/USB/Class/Common/HIDParser.c **** 				for (uint8_t ReportItemNum = 0; ReportItemNum < CurrStateTable->ReportCount; ReportItemNum++)
 220:../lufa-LUFA-111009/LUFA/Drivers/USB/Class/Common/HIDParser.c **** 				{
 221:../lufa-LUFA-111009/LUFA/Drivers/USB/Class/Common/HIDParser.c **** 					HID_ReportItem_t NewReportItem;
 222:../lufa-LUFA-111009/LUFA/Drivers/USB/Class/Common/HIDParser.c **** 
 223:../lufa-LUFA-111009/LUFA/Drivers/USB/Class/Common/HIDParser.c **** 					memcpy(&NewReportItem.Attributes,
 224:../lufa-LUFA-111009/LUFA/Drivers/USB/Class/Common/HIDParser.c **** 					       &CurrStateTable->Attributes,
 225:../lufa-LUFA-111009/LUFA/Drivers/USB/Class/Common/HIDParser.c **** 					       sizeof(HID_ReportItem_Attributes_t));
 226:../lufa-LUFA-111009/LUFA/Drivers/USB/Class/Common/HIDParser.c **** 
 227:../lufa-LUFA-111009/LUFA/Drivers/USB/Class/Common/HIDParser.c **** 					NewReportItem.ItemFlags      = ReportItemData;
 228:../lufa-LUFA-111009/LUFA/Drivers/USB/Class/Common/HIDParser.c **** 					NewReportItem.CollectionPath = CurrCollectionPath;
 229:../lufa-LUFA-111009/LUFA/Drivers/USB/Class/Common/HIDParser.c **** 					NewReportItem.ReportID       = CurrStateTable->ReportID;
 230:../lufa-LUFA-111009/LUFA/Drivers/USB/Class/Common/HIDParser.c **** 
 231:../lufa-LUFA-111009/LUFA/Drivers/USB/Class/Common/HIDParser.c **** 					if (UsageListSize)
 232:../lufa-LUFA-111009/LUFA/Drivers/USB/Class/Common/HIDParser.c **** 					{
 233:../lufa-LUFA-111009/LUFA/Drivers/USB/Class/Common/HIDParser.c **** 						NewReportItem.Attributes.Usage.Usage = UsageList[0];
 234:../lufa-LUFA-111009/LUFA/Drivers/USB/Class/Common/HIDParser.c **** 
 235:../lufa-LUFA-111009/LUFA/Drivers/USB/Class/Common/HIDParser.c **** 						for (uint8_t i = 0; i < UsageListSize; i++)
 236:../lufa-LUFA-111009/LUFA/Drivers/USB/Class/Common/HIDParser.c **** 						  UsageList[i] = UsageList[i + 1];
 237:../lufa-LUFA-111009/LUFA/Drivers/USB/Class/Common/HIDParser.c **** 
 238:../lufa-LUFA-111009/LUFA/Drivers/USB/Class/Common/HIDParser.c **** 						UsageListSize--;
 239:../lufa-LUFA-111009/LUFA/Drivers/USB/Class/Common/HIDParser.c **** 					}
 240:../lufa-LUFA-111009/LUFA/Drivers/USB/Class/Common/HIDParser.c **** 					else if (UsageMinMax.Minimum <= UsageMinMax.Maximum)
 241:../lufa-LUFA-111009/LUFA/Drivers/USB/Class/Common/HIDParser.c **** 					{
 242:../lufa-LUFA-111009/LUFA/Drivers/USB/Class/Common/HIDParser.c **** 						NewReportItem.Attributes.Usage.Usage = UsageMinMax.Minimum++;
 243:../lufa-LUFA-111009/LUFA/Drivers/USB/Class/Common/HIDParser.c **** 					}
 244:../lufa-LUFA-111009/LUFA/Drivers/USB/Class/Common/HIDParser.c **** 
 245:../lufa-LUFA-111009/LUFA/Drivers/USB/Class/Common/HIDParser.c **** 					uint8_t ItemTypeTag = (HIDReportItem & (HID_RI_TYPE_MASK | HID_RI_TAG_MASK));
 246:../lufa-LUFA-111009/LUFA/Drivers/USB/Class/Common/HIDParser.c **** 
 247:../lufa-LUFA-111009/LUFA/Drivers/USB/Class/Common/HIDParser.c **** 					if (ItemTypeTag == HID_RI_INPUT(0))
 248:../lufa-LUFA-111009/LUFA/Drivers/USB/Class/Common/HIDParser.c **** 					  NewReportItem.ItemType = HID_REPORT_ITEM_In;
 249:../lufa-LUFA-111009/LUFA/Drivers/USB/Class/Common/HIDParser.c **** 					else if (ItemTypeTag == HID_RI_OUTPUT(0))
 250:../lufa-LUFA-111009/LUFA/Drivers/USB/Class/Common/HIDParser.c **** 					  NewReportItem.ItemType = HID_REPORT_ITEM_Out;
 251:../lufa-LUFA-111009/LUFA/Drivers/USB/Class/Common/HIDParser.c **** 					else
 252:../lufa-LUFA-111009/LUFA/Drivers/USB/Class/Common/HIDParser.c **** 					  NewReportItem.ItemType = HID_REPORT_ITEM_Feature;
 253:../lufa-LUFA-111009/LUFA/Drivers/USB/Class/Common/HIDParser.c **** 
 254:../lufa-LUFA-111009/LUFA/Drivers/USB/Class/Common/HIDParser.c **** 					NewReportItem.BitOffset = CurrReportIDInfo->ReportSizeBits[NewReportItem.ItemType];
 255:../lufa-LUFA-111009/LUFA/Drivers/USB/Class/Common/HIDParser.c **** 
 256:../lufa-LUFA-111009/LUFA/Drivers/USB/Class/Common/HIDParser.c **** 					CurrReportIDInfo->ReportSizeBits[NewReportItem.ItemType] += CurrStateTable->Attributes.BitSize
 257:../lufa-LUFA-111009/LUFA/Drivers/USB/Class/Common/HIDParser.c **** 
 258:../lufa-LUFA-111009/LUFA/Drivers/USB/Class/Common/HIDParser.c **** 					ParserData->LargestReportSizeBits = MAX(ParserData->LargestReportSizeBits, CurrReportIDInfo->R
 198               		.loc 1 258 40 view .LVU22
 199 00ac FA01      		movw r30,r20
 200               	.LVL5:
 201               		.loc 1 258 40 view .LVU23
 202 00ae EA52      		subi r30,42
 203 00b0 FC4F      		sbci r31,-4
 204 00b2 C158      		subi r28,lo8(-127)
 205 00b4 DF4F      		sbci r29,hi8(-127)
 206 00b6 F983      		std Y+1,r31
 207 00b8 E883      		st Y,r30
 208 00ba CF57      		subi r28,lo8(127)
 209 00bc D040      		sbci r29,hi8(127)
 210               	.LBB5:
 236:../lufa-LUFA-111009/LUFA/Drivers/USB/Class/Common/HIDParser.c **** 
 211               		.loc 1 236 22 view .LVU24
 212 00be 23E6      		ldi r18,lo8(99)
 213 00c0 30E0      		ldi r19,0
 214               	.LVL6:
 236:../lufa-LUFA-111009/LUFA/Drivers/USB/Class/Common/HIDParser.c **** 
 215               		.loc 1 236 22 view .LVU25
 216 00c2 2C0F      		add r18,r28
 217 00c4 3D1F      		adc r19,r29
 218 00c6 2E5F      		subi r18,-2
 219 00c8 3F4F      		sbci r19,-1
 220 00ca CE57      		subi r28,lo8(-130)
 221 00cc DF4F      		sbci r29,hi8(-130)
 222 00ce 3983      		std Y+1,r19
 223 00d0 2883      		st Y,r18
 224 00d2 C258      		subi r28,lo8(130)
 225 00d4 D040      		sbci r29,hi8(130)
 226               	.LVL7:
 227               	.L2:
 236:../lufa-LUFA-111009/LUFA/Drivers/USB/Class/Common/HIDParser.c **** 
 228               		.loc 1 236 22 view .LVU26
 229               	.LBE5:
 230               	.LBE4:
 231               	.LBE3:
 232               	.LBE2:
  53:../lufa-LUFA-111009/LUFA/Drivers/USB/Class/Common/HIDParser.c **** 	{
 233               		.loc 1 53 9 is_stmt 1 view .LVU27
 234 00d6 EB96      		adiw r28,121-62
 235 00d8 2EAD      		ldd r18,Y+62
 236 00da 3FAD      		ldd r19,Y+63
 237 00dc EB97      		sbiw r28,121-62
 238               	.LVL8:
  53:../lufa-LUFA-111009/LUFA/Drivers/USB/Class/Common/HIDParser.c **** 	{
 239               		.loc 1 53 9 is_stmt 0 view .LVU28
 240 00de 232B      		or r18,r19
 241 00e0 01F4      		brne .L54
 259:../lufa-LUFA-111009/LUFA/Drivers/USB/Class/Common/HIDParser.c **** 
 260:../lufa-LUFA-111009/LUFA/Drivers/USB/Class/Common/HIDParser.c **** 					if (ParserData->TotalReportItems == HID_MAX_REPORTITEMS)
 261:../lufa-LUFA-111009/LUFA/Drivers/USB/Class/Common/HIDParser.c **** 					  return HID_PARSE_InsufficientReportItems;
 262:../lufa-LUFA-111009/LUFA/Drivers/USB/Class/Common/HIDParser.c **** 
 263:../lufa-LUFA-111009/LUFA/Drivers/USB/Class/Common/HIDParser.c **** 					memcpy(&ParserData->ReportItems[ParserData->TotalReportItems],
 264:../lufa-LUFA-111009/LUFA/Drivers/USB/Class/Common/HIDParser.c **** 					       &NewReportItem, sizeof(HID_ReportItem_t));
 265:../lufa-LUFA-111009/LUFA/Drivers/USB/Class/Common/HIDParser.c **** 
 266:../lufa-LUFA-111009/LUFA/Drivers/USB/Class/Common/HIDParser.c **** 					if (!(ReportItemData & HID_IOF_CONSTANT) && CALLBACK_HIDParser_FilterHIDReportItem(&NewReportI
 267:../lufa-LUFA-111009/LUFA/Drivers/USB/Class/Common/HIDParser.c **** 					  ParserData->TotalReportItems++;
 268:../lufa-LUFA-111009/LUFA/Drivers/USB/Class/Common/HIDParser.c **** 				}
 269:../lufa-LUFA-111009/LUFA/Drivers/USB/Class/Common/HIDParser.c **** 
 270:../lufa-LUFA-111009/LUFA/Drivers/USB/Class/Common/HIDParser.c **** 				break;
 271:../lufa-LUFA-111009/LUFA/Drivers/USB/Class/Common/HIDParser.c **** 		}
 272:../lufa-LUFA-111009/LUFA/Drivers/USB/Class/Common/HIDParser.c **** 
 273:../lufa-LUFA-111009/LUFA/Drivers/USB/Class/Common/HIDParser.c **** 		if ((HIDReportItem & HID_RI_TYPE_MASK) == HID_RI_TYPE_MAIN)
 274:../lufa-LUFA-111009/LUFA/Drivers/USB/Class/Common/HIDParser.c **** 		{
 275:../lufa-LUFA-111009/LUFA/Drivers/USB/Class/Common/HIDParser.c **** 			UsageMinMax.Minimum = 0;
 276:../lufa-LUFA-111009/LUFA/Drivers/USB/Class/Common/HIDParser.c **** 			UsageMinMax.Maximum = 0;
 277:../lufa-LUFA-111009/LUFA/Drivers/USB/Class/Common/HIDParser.c **** 			UsageListSize       = 0;
 278:../lufa-LUFA-111009/LUFA/Drivers/USB/Class/Common/HIDParser.c **** 		}
 279:../lufa-LUFA-111009/LUFA/Drivers/USB/Class/Common/HIDParser.c **** 	}
 280:../lufa-LUFA-111009/LUFA/Drivers/USB/Class/Common/HIDParser.c **** 
 281:../lufa-LUFA-111009/LUFA/Drivers/USB/Class/Common/HIDParser.c **** 	if (!(ParserData->TotalReportItems))
 242               		.loc 1 281 2 is_stmt 1 view .LVU29
 243               		.loc 1 281 5 is_stmt 0 view .LVU30
 244 00e2 81E0      		ldi r24,lo8(1)
 245 00e4 D101      		movw r26,r2
 246 00e6 9C91      		ld r25,X
 247 00e8 9111      		cpse r25,__zero_reg__
 248               		.loc 1 281 5 view .LVU31
 249 00ea 80E0      		ldi r24,0
 250               	.L55:
 251 00ec 880F      		lsl r24
 252 00ee 880F      		lsl r24
 253 00f0 880F      		lsl r24
 254 00f2 00C0      		rjmp .L1
 255               	.L54:
 256               	.LBB16:
  55:../lufa-LUFA-111009/LUFA/Drivers/USB/Class/Common/HIDParser.c **** 		uint32_t ReportItemData = 0;
 257               		.loc 1 55 3 is_stmt 1 view .LVU32
  55:../lufa-LUFA-111009/LUFA/Drivers/USB/Class/Common/HIDParser.c **** 		uint32_t ReportItemData = 0;
 258               		.loc 1 55 12 is_stmt 0 view .LVU33
 259 00f4 E796      		adiw r28,117-62
 260 00f6 AEAD      		ldd r26,Y+62
 261 00f8 BFAD      		ldd r27,Y+63
 262 00fa E797      		sbiw r28,117-62
 263 00fc BC91      		ld r27,X
 264 00fe EF96      		adiw r28,126-63
 265 0100 BFAF      		std Y+63,r27
 266 0102 EF97      		sbiw r28,126-63
 267               	.LVL9:
  56:../lufa-LUFA-111009/LUFA/Drivers/USB/Class/Common/HIDParser.c **** 
 268               		.loc 1 56 3 is_stmt 1 view .LVU34
  58:../lufa-LUFA-111009/LUFA/Drivers/USB/Class/Common/HIDParser.c **** 		ReportSize--;
 269               		.loc 1 58 3 view .LVU35
  59:../lufa-LUFA-111009/LUFA/Drivers/USB/Class/Common/HIDParser.c **** 
 270               		.loc 1 59 3 view .LVU36
  61:../lufa-LUFA-111009/LUFA/Drivers/USB/Class/Common/HIDParser.c **** 		{
 271               		.loc 1 61 3 view .LVU37
 272 0104 8B2F      		mov r24,r27
 273 0106 8370      		andi r24,lo8(3)
 274 0108 8230      		cpi r24,lo8(2)
 275 010a 01F4      		brne .+2
 276 010c 00C0      		rjmp .L3
 277 010e 8330      		cpi r24,lo8(3)
 278 0110 01F4      		brne .+2
 279 0112 00C0      		rjmp .L4
 280 0114 8130      		cpi r24,lo8(1)
 281 0116 01F4      		brne .+2
 282 0118 00C0      		rjmp .L5
  58:../lufa-LUFA-111009/LUFA/Drivers/USB/Class/Common/HIDParser.c **** 		ReportSize--;
 283               		.loc 1 58 13 is_stmt 0 view .LVU38
 284 011a E796      		adiw r28,117-62
 285 011c EEAD      		ldd r30,Y+62
 286 011e FFAD      		ldd r31,Y+63
 287 0120 E797      		sbiw r28,117-62
 288 0122 3196      		adiw r30,1
 289               	.LVL10:
  58:../lufa-LUFA-111009/LUFA/Drivers/USB/Class/Common/HIDParser.c **** 		ReportSize--;
 290               		.loc 1 58 13 view .LVU39
 291 0124 E796      		adiw r28,117-62
 292 0126 FFAF      		std Y+63,r31
 293 0128 EEAF      		std Y+62,r30
 294 012a E797      		sbiw r28,117-62
  59:../lufa-LUFA-111009/LUFA/Drivers/USB/Class/Common/HIDParser.c **** 
 295               		.loc 1 59 13 view .LVU40
 296 012c EB96      		adiw r28,121-62
 297 012e 2EAD      		ldd r18,Y+62
 298 0130 3FAD      		ldd r19,Y+63
 299 0132 EB97      		sbiw r28,121-62
 300               	.LVL11:
  59:../lufa-LUFA-111009/LUFA/Drivers/USB/Class/Common/HIDParser.c **** 
 301               		.loc 1 59 13 view .LVU41
 302 0134 2150      		subi r18,1
 303 0136 3109      		sbc r19,__zero_reg__
 304               	.LVL12:
  59:../lufa-LUFA-111009/LUFA/Drivers/USB/Class/Common/HIDParser.c **** 
 305               		.loc 1 59 13 view .LVU42
 306 0138 EB96      		adiw r28,121-62
 307 013a 3FAF      		std Y+63,r19
 308 013c 2EAF      		std Y+62,r18
 309 013e EB97      		sbiw r28,121-62
  56:../lufa-LUFA-111009/LUFA/Drivers/USB/Class/Common/HIDParser.c **** 
 310               		.loc 1 56 12 view .LVU43
 311 0140 412C      		mov r4,__zero_reg__
 312 0142 512C      		mov r5,__zero_reg__
 313 0144 612C      		mov r6,__zero_reg__
 314 0146 712C      		mov r7,__zero_reg__
 315               	.LVL13:
 316               	.L6:
  80:../lufa-LUFA-111009/LUFA/Drivers/USB/Class/Common/HIDParser.c **** 		{
 317               		.loc 1 80 3 is_stmt 1 view .LVU44
 318 0148 EF96      		adiw r28,126-63
 319 014a 0FAD      		ldd r16,Y+63
 320 014c EF97      		sbiw r28,126-63
 321 014e 0C7F      		andi r16,lo8(-4)
 322 0150 0436      		cpi r16,lo8(100)
 323 0152 01F4      		brne .+2
 324 0154 00C0      		rjmp .L7
 325 0156 00F0      		brlo .+2
 326 0158 00C0      		rjmp .L8
 327 015a 0432      		cpi r16,lo8(36)
 328 015c 01F4      		brne .+2
 329 015e 00C0      		rjmp .L9
 330 0160 00F0      		brlo .+2
 331 0162 00C0      		rjmp .L10
 332 0164 0431      		cpi r16,lo8(20)
 333 0166 01F4      		brne .+2
 334 0168 00C0      		rjmp .L11
 335 016a 00F0      		brlo .+2
 336 016c 00C0      		rjmp .L12
 337 016e 0430      		cpi r16,lo8(4)
 338 0170 01F4      		brne .+2
 339 0172 00C0      		rjmp .L13
 340 0174 0830      		cpi r16,lo8(8)
 341 0176 01F4      		brne .+2
 342 0178 00C0      		rjmp .L14
 343               	.LVL14:
 344               	.L15:
 273:../lufa-LUFA-111009/LUFA/Drivers/USB/Class/Common/HIDParser.c **** 		{
 345               		.loc 1 273 3 view .LVU45
 346 017a EF96      		adiw r28,126-63
 347 017c 8FAD      		ldd r24,Y+63
 348 017e EF97      		sbiw r28,126-63
 349 0180 8C70      		andi r24,lo8(12)
 273:../lufa-LUFA-111009/LUFA/Drivers/USB/Class/Common/HIDParser.c **** 		{
 350               		.loc 1 273 6 is_stmt 0 view .LVU46
 351 0182 8111      		cpse r24,__zero_reg__
 352 0184 00C0      		rjmp .L2
 353               	.LVL15:
 277:../lufa-LUFA-111009/LUFA/Drivers/USB/Class/Common/HIDParser.c **** 		}
 354               		.loc 1 277 24 view .LVU47
 355 0186 10E0      		ldi r17,0
 356               	.LVL16:
 276:../lufa-LUFA-111009/LUFA/Drivers/USB/Class/Common/HIDParser.c **** 			UsageListSize       = 0;
 357               		.loc 1 276 24 view .LVU48
 358 0188 812C      		mov r8,__zero_reg__
 359 018a 912C      		mov r9,__zero_reg__
 360 018c A12C      		mov r10,__zero_reg__
 361 018e B12C      		mov r11,__zero_reg__
 362               	.LVL17:
 275:../lufa-LUFA-111009/LUFA/Drivers/USB/Class/Common/HIDParser.c **** 			UsageMinMax.Maximum = 0;
 363               		.loc 1 275 24 view .LVU49
 364 0190 C12C      		mov r12,__zero_reg__
 365 0192 D12C      		mov r13,__zero_reg__
 366 0194 E12C      		mov r14,__zero_reg__
 367 0196 F12C      		mov r15,__zero_reg__
 368               	.LVL18:
 275:../lufa-LUFA-111009/LUFA/Drivers/USB/Class/Common/HIDParser.c **** 			UsageMinMax.Maximum = 0;
 369               		.loc 1 275 24 view .LVU50
 370 0198 00C0      		rjmp .L2
 371               	.LVL19:
 372               	.L4:
  64:../lufa-LUFA-111009/LUFA/Drivers/USB/Class/Common/HIDParser.c **** 				ReportSize     -= 4;
 373               		.loc 1 64 5 is_stmt 1 view .LVU51
  64:../lufa-LUFA-111009/LUFA/Drivers/USB/Class/Common/HIDParser.c **** 				ReportSize     -= 4;
 374               		.loc 1 64 21 is_stmt 0 view .LVU52
 375 019a E796      		adiw r28,117-62
 376 019c AEAD      		ldd r26,Y+62
 377 019e BFAD      		ldd r27,Y+63
 378 01a0 E797      		sbiw r28,117-62
 379               	.LVL20:
  64:../lufa-LUFA-111009/LUFA/Drivers/USB/Class/Common/HIDParser.c **** 				ReportSize     -= 4;
 380               		.loc 1 64 21 view .LVU53
 381 01a2 1196      		adiw r26,1
 382 01a4 4D90      		ld r4,X+
 383 01a6 5D90      		ld r5,X+
 384 01a8 6D90      		ld r6,X+
 385 01aa 7C90      		ld r7,X
 386 01ac 1497      		sbiw r26,1+3
 387               	.LVL21:
  65:../lufa-LUFA-111009/LUFA/Drivers/USB/Class/Common/HIDParser.c **** 				ReportData     += 4;
 388               		.loc 1 65 5 is_stmt 1 view .LVU54
  65:../lufa-LUFA-111009/LUFA/Drivers/USB/Class/Common/HIDParser.c **** 				ReportData     += 4;
 389               		.loc 1 65 20 is_stmt 0 view .LVU55
 390 01ae EB96      		adiw r28,121-62
 391 01b0 EEAD      		ldd r30,Y+62
 392 01b2 FFAD      		ldd r31,Y+63
 393 01b4 EB97      		sbiw r28,121-62
 394 01b6 3597      		sbiw r30,5
 395 01b8 EB96      		adiw r28,121-62
 396 01ba FFAF      		std Y+63,r31
 397 01bc EEAF      		std Y+62,r30
 398 01be EB97      		sbiw r28,121-62
 399               	.LVL22:
  66:../lufa-LUFA-111009/LUFA/Drivers/USB/Class/Common/HIDParser.c **** 				break;
 400               		.loc 1 66 5 is_stmt 1 view .LVU56
  66:../lufa-LUFA-111009/LUFA/Drivers/USB/Class/Common/HIDParser.c **** 				break;
 401               		.loc 1 66 20 is_stmt 0 view .LVU57
 402 01c0 1596      		adiw r26,5
 403               	.L81:
  76:../lufa-LUFA-111009/LUFA/Drivers/USB/Class/Common/HIDParser.c **** 				break;
 404               		.loc 1 76 20 view .LVU58
 405 01c2 E796      		adiw r28,117-62
 406 01c4 BFAF      		std Y+63,r27
 407 01c6 AEAF      		std Y+62,r26
 408 01c8 E797      		sbiw r28,117-62
 409               	.LVL23:
  77:../lufa-LUFA-111009/LUFA/Drivers/USB/Class/Common/HIDParser.c **** 		}
 410               		.loc 1 77 5 is_stmt 1 view .LVU59
 411 01ca 00C0      		rjmp .L6
 412               	.LVL24:
 413               	.L3:
  69:../lufa-LUFA-111009/LUFA/Drivers/USB/Class/Common/HIDParser.c **** 				ReportSize     -= 2;
 414               		.loc 1 69 5 view .LVU60
  69:../lufa-LUFA-111009/LUFA/Drivers/USB/Class/Common/HIDParser.c **** 				ReportSize     -= 2;
 415               		.loc 1 69 21 is_stmt 0 view .LVU61
 416 01cc E796      		adiw r28,117-62
 417 01ce AEAD      		ldd r26,Y+62
 418 01d0 BFAD      		ldd r27,Y+63
 419 01d2 E797      		sbiw r28,117-62
 420               	.LVL25:
  69:../lufa-LUFA-111009/LUFA/Drivers/USB/Class/Common/HIDParser.c **** 				ReportSize     -= 2;
 421               		.loc 1 69 21 view .LVU62
 422 01d4 1196      		adiw r26,1
 423 01d6 4D90      		ld r4,X+
 424 01d8 5C90      		ld r5,X
 425 01da 1297      		sbiw r26,1+1
 426 01dc 612C      		mov r6,__zero_reg__
 427 01de 712C      		mov r7,__zero_reg__
 428               	.LVL26:
  70:../lufa-LUFA-111009/LUFA/Drivers/USB/Class/Common/HIDParser.c **** 				ReportData     += 2;
 429               		.loc 1 70 5 is_stmt 1 view .LVU63
  70:../lufa-LUFA-111009/LUFA/Drivers/USB/Class/Common/HIDParser.c **** 				ReportData     += 2;
 430               		.loc 1 70 20 is_stmt 0 view .LVU64
 431 01e0 EB96      		adiw r28,121-62
 432 01e2 EEAD      		ldd r30,Y+62
 433 01e4 FFAD      		ldd r31,Y+63
 434 01e6 EB97      		sbiw r28,121-62
 435 01e8 3397      		sbiw r30,3
 436 01ea EB96      		adiw r28,121-62
 437 01ec FFAF      		std Y+63,r31
 438 01ee EEAF      		std Y+62,r30
 439 01f0 EB97      		sbiw r28,121-62
 440               	.LVL27:
  71:../lufa-LUFA-111009/LUFA/Drivers/USB/Class/Common/HIDParser.c **** 				break;
 441               		.loc 1 71 5 is_stmt 1 view .LVU65
  71:../lufa-LUFA-111009/LUFA/Drivers/USB/Class/Common/HIDParser.c **** 				break;
 442               		.loc 1 71 20 is_stmt 0 view .LVU66
 443 01f2 1396      		adiw r26,3
 444 01f4 00C0      		rjmp .L81
 445               	.LVL28:
 446               	.L5:
  74:../lufa-LUFA-111009/LUFA/Drivers/USB/Class/Common/HIDParser.c **** 				ReportSize     -= 1;
 447               		.loc 1 74 5 is_stmt 1 view .LVU67
  74:../lufa-LUFA-111009/LUFA/Drivers/USB/Class/Common/HIDParser.c **** 				ReportSize     -= 1;
 448               		.loc 1 74 21 is_stmt 0 view .LVU68
 449 01f6 E796      		adiw r28,117-62
 450 01f8 AEAD      		ldd r26,Y+62
 451 01fa BFAD      		ldd r27,Y+63
 452 01fc E797      		sbiw r28,117-62
 453               	.LVL29:
  74:../lufa-LUFA-111009/LUFA/Drivers/USB/Class/Common/HIDParser.c **** 				ReportSize     -= 1;
 454               		.loc 1 74 21 view .LVU69
 455 01fe 1196      		adiw r26,1
 456 0200 4C90      		ld r4,X
 457 0202 1197      		sbiw r26,1
 458 0204 512C      		mov r5,__zero_reg__
 459 0206 612C      		mov r6,__zero_reg__
 460 0208 712C      		mov r7,__zero_reg__
 461               	.LVL30:
  75:../lufa-LUFA-111009/LUFA/Drivers/USB/Class/Common/HIDParser.c **** 				ReportData     += 1;
 462               		.loc 1 75 5 is_stmt 1 view .LVU70
  75:../lufa-LUFA-111009/LUFA/Drivers/USB/Class/Common/HIDParser.c **** 				ReportData     += 1;
 463               		.loc 1 75 20 is_stmt 0 view .LVU71
 464 020a EB96      		adiw r28,121-62
 465 020c EEAD      		ldd r30,Y+62
 466 020e FFAD      		ldd r31,Y+63
 467 0210 EB97      		sbiw r28,121-62
 468 0212 3297      		sbiw r30,2
 469 0214 EB96      		adiw r28,121-62
 470 0216 FFAF      		std Y+63,r31
 471 0218 EEAF      		std Y+62,r30
 472 021a EB97      		sbiw r28,121-62
 473               	.LVL31:
  76:../lufa-LUFA-111009/LUFA/Drivers/USB/Class/Common/HIDParser.c **** 				break;
 474               		.loc 1 76 5 is_stmt 1 view .LVU72
  76:../lufa-LUFA-111009/LUFA/Drivers/USB/Class/Common/HIDParser.c **** 				break;
 475               		.loc 1 76 20 is_stmt 0 view .LVU73
 476 021c 1296      		adiw r26,2
 477 021e 00C0      		rjmp .L81
 478               	.LVL32:
 479               	.L12:
  80:../lufa-LUFA-111009/LUFA/Drivers/USB/Class/Common/HIDParser.c **** 		{
 480               		.loc 1 80 3 view .LVU74
 481 0220 0831      		cpi r16,lo8(24)
 482 0222 01F0      		breq .+2
 483 0224 00C0      		rjmp .L15
 484               	.LVL33:
 165:../lufa-LUFA-111009/LUFA/Drivers/USB/Class/Common/HIDParser.c **** 				break;
 485               		.loc 1 165 25 view .LVU75
 486 0226 7301      		movw r14,r6
 487 0228 6201      		movw r12,r4
 488 022a 00C0      		rjmp .L2
 489               	.LVL34:
 490               	.L10:
  80:../lufa-LUFA-111009/LUFA/Drivers/USB/Class/Common/HIDParser.c **** 		{
 491               		.loc 1 80 3 view .LVU76
 492 022c 0434      		cpi r16,lo8(68)
 493 022e 01F4      		brne .+2
 494 0230 00C0      		rjmp .L17
 495 0232 00F4      		brsh .L18
 496 0234 0832      		cpi r16,lo8(40)
 497 0236 01F4      		brne .+2
 498 0238 00C0      		rjmp .L57
 499 023a 0433      		cpi r16,lo8(52)
 500 023c 01F0      		breq .+2
 501 023e 00C0      		rjmp .L15
 111:../lufa-LUFA-111009/LUFA/Drivers/USB/Class/Common/HIDParser.c **** 				break;
 502               		.loc 1 111 5 is_stmt 1 view .LVU77
 111:../lufa-LUFA-111009/LUFA/Drivers/USB/Class/Common/HIDParser.c **** 				break;
 503               		.loc 1 111 49 is_stmt 0 view .LVU78
 504 0240 E596      		adiw r28,115-62
 505 0242 AEAD      		ldd r26,Y+62
 506 0244 BFAD      		ldd r27,Y+63
 507 0246 E597      		sbiw r28,115-62
 508 0248 5296      		adiw r26,18
 509 024a 4D92      		st X+,r4
 510 024c 5D92      		st X+,r5
 511 024e 6D92      		st X+,r6
 512 0250 7C92      		st X,r7
 513 0252 5597      		sbiw r26,18+3
 112:../lufa-LUFA-111009/LUFA/Drivers/USB/Class/Common/HIDParser.c **** 			case HID_RI_PHYSICAL_MAXIMUM(0):
 514               		.loc 1 112 5 is_stmt 1 view .LVU79
 515               	.LVL35:
 273:../lufa-LUFA-111009/LUFA/Drivers/USB/Class/Common/HIDParser.c **** 		{
 516               		.loc 1 273 3 view .LVU80
 517 0254 00C0      		rjmp .L2
 518               	.LVL36:
 519               	.L18:
  80:../lufa-LUFA-111009/LUFA/Drivers/USB/Class/Common/HIDParser.c **** 		{
 520               		.loc 1 80 3 is_stmt 0 view .LVU81
 521 0256 0435      		cpi r16,lo8(84)
 522 0258 01F0      		breq .+2
 523 025a 00C0      		rjmp .L15
 117:../lufa-LUFA-111009/LUFA/Drivers/USB/Class/Common/HIDParser.c **** 				break;
 524               		.loc 1 117 5 is_stmt 1 view .LVU82
 117:../lufa-LUFA-111009/LUFA/Drivers/USB/Class/Common/HIDParser.c **** 				break;
 525               		.loc 1 117 49 is_stmt 0 view .LVU83
 526 025c E596      		adiw r28,115-62
 527 025e AEAD      		ldd r26,Y+62
 528 0260 BFAD      		ldd r27,Y+63
 529 0262 E597      		sbiw r28,115-62
 530 0264 1996      		adiw r26,9
 531 0266 4C92      		st X,r4
 118:../lufa-LUFA-111009/LUFA/Drivers/USB/Class/Common/HIDParser.c **** 			case HID_RI_UNIT(0):
 532               		.loc 1 118 5 is_stmt 1 view .LVU84
 533               	.LVL37:
 273:../lufa-LUFA-111009/LUFA/Drivers/USB/Class/Common/HIDParser.c **** 		{
 534               		.loc 1 273 3 view .LVU85
 535 0268 00C0      		rjmp .L2
 536               	.LVL38:
 537               	.L8:
  80:../lufa-LUFA-111009/LUFA/Drivers/USB/Class/Common/HIDParser.c **** 		{
 538               		.loc 1 80 3 is_stmt 0 view .LVU86
 539 026a 003A      		cpi r16,lo8(-96)
 540 026c 01F4      		brne .+2
 541 026e 00C0      		rjmp .L21
 542 0270 00F4      		brsh .L22
 543 0272 0438      		cpi r16,lo8(-124)
 544 0274 01F4      		brne .+2
 545 0276 00C0      		rjmp .L23
 546 0278 00F4      		brsh .L24
 547 027a 0437      		cpi r16,lo8(116)
 548 027c 01F4      		brne .+2
 549 027e 00C0      		rjmp .L25
 550 0280 0038      		cpi r16,lo8(-128)
 551 0282 01F0      		breq .+2
 552 0284 00C0      		rjmp .L15
 553               	.L60:
 554 0286 EE96      		adiw r28,125-63
 555 0288 1FAE      		std Y+63,__zero_reg__
 556 028a EE97      		sbiw r28,125-63
 557 028c 00C0      		rjmp .L52
 558               	.L24:
 559 028e 0039      		cpi r16,lo8(-112)
 560 0290 01F0      		breq .L60
 561 0292 0439      		cpi r16,lo8(-108)
 562 0294 01F0      		breq .+2
 563 0296 00C0      		rjmp .L2
 126:../lufa-LUFA-111009/LUFA/Drivers/USB/Class/Common/HIDParser.c **** 				break;
 564               		.loc 1 126 5 is_stmt 1 view .LVU87
 126:../lufa-LUFA-111009/LUFA/Drivers/USB/Class/Common/HIDParser.c **** 				break;
 565               		.loc 1 126 49 is_stmt 0 view .LVU88
 566 0298 E596      		adiw r28,115-62
 567 029a EEAD      		ldd r30,Y+62
 568 029c FFAD      		ldd r31,Y+63
 569 029e E597      		sbiw r28,115-62
 570 02a0 428E      		std Z+26,r4
 127:../lufa-LUFA-111009/LUFA/Drivers/USB/Class/Common/HIDParser.c **** 			case HID_RI_REPORT_ID(0):
 571               		.loc 1 127 5 is_stmt 1 view .LVU89
 572               	.LVL39:
 273:../lufa-LUFA-111009/LUFA/Drivers/USB/Class/Common/HIDParser.c **** 		{
 573               		.loc 1 273 3 view .LVU90
 574 02a2 00C0      		rjmp .L2
 575               	.LVL40:
 576               	.L22:
  80:../lufa-LUFA-111009/LUFA/Drivers/USB/Class/Common/HIDParser.c **** 		{
 577               		.loc 1 80 3 is_stmt 0 view .LVU91
 578 02a4 043B      		cpi r16,lo8(-76)
 579 02a6 01F0      		breq .L29
 580 02a8 00F4      		brsh .L30
 581 02aa 043A      		cpi r16,lo8(-92)
 582 02ac 01F0      		breq .L31
 583 02ae 003B      		cpi r16,lo8(-80)
 584 02b0 01F0      		breq .L60
 585 02b2 00C0      		rjmp .L2
 586               	.L30:
 587 02b4 003C      		cpi r16,lo8(-64)
 588 02b6 01F0      		breq .+2
 589 02b8 00C0      		rjmp .L15
 211:../lufa-LUFA-111009/LUFA/Drivers/USB/Class/Common/HIDParser.c **** 				  return HID_PARSE_UnexpectedEndCollection;
 590               		.loc 1 211 5 is_stmt 1 view .LVU92
 211:../lufa-LUFA-111009/LUFA/Drivers/USB/Class/Common/HIDParser.c **** 				  return HID_PARSE_UnexpectedEndCollection;
 591               		.loc 1 211 8 is_stmt 0 view .LVU93
 592 02ba E996      		adiw r28,119-62
 593 02bc 2EAD      		ldd r18,Y+62
 594 02be 3FAD      		ldd r19,Y+63
 595 02c0 E997      		sbiw r28,119-62
 596 02c2 2115      		cp r18,__zero_reg__
 597 02c4 3105      		cpc r19,__zero_reg__
 598 02c6 01F4      		brne .+2
 599 02c8 00C0      		rjmp .L68
 214:../lufa-LUFA-111009/LUFA/Drivers/USB/Class/Common/HIDParser.c **** 				break;
 600               		.loc 1 214 5 is_stmt 1 view .LVU94
 214:../lufa-LUFA-111009/LUFA/Drivers/USB/Class/Common/HIDParser.c **** 				break;
 601               		.loc 1 214 24 is_stmt 0 view .LVU95
 602 02ca D901      		movw r26,r18
 603 02cc 1596      		adiw r26,5
 604 02ce 0D90      		ld __tmp_reg__,X+
 605 02d0 BC91      		ld r27,X
 606 02d2 A02D      		mov r26,__tmp_reg__
 607 02d4 E996      		adiw r28,119-62
 608 02d6 BFAF      		std Y+63,r27
 609 02d8 AEAF      		std Y+62,r26
 610 02da E997      		sbiw r28,119-62
 214:../lufa-LUFA-111009/LUFA/Drivers/USB/Class/Common/HIDParser.c **** 				break;
 611               		.loc 1 214 24 view .LVU96
 612 02dc 00C0      		rjmp .L82
 613               	.L31:
  83:../lufa-LUFA-111009/LUFA/Drivers/USB/Class/Common/HIDParser.c **** 				  return HID_PARSE_HIDStackOverflow;
 614               		.loc 1 83 5 is_stmt 1 view .LVU97
  83:../lufa-LUFA-111009/LUFA/Drivers/USB/Class/Common/HIDParser.c **** 				  return HID_PARSE_HIDStackOverflow;
 615               		.loc 1 83 8 is_stmt 0 view .LVU98
 616 02de CE01      		movw r24,r28
 617 02e0 4D96      		adiw r24,29
 618 02e2 E596      		adiw r28,115-62
 619 02e4 2EAD      		ldd r18,Y+62
 620 02e6 3FAD      		ldd r19,Y+63
 621 02e8 E597      		sbiw r28,115-62
 622 02ea 2817      		cp r18,r24
 623 02ec 3907      		cpc r19,r25
 624 02ee 01F4      		brne .+2
 625 02f0 00C0      		rjmp .L61
  86:../lufa-LUFA-111009/LUFA/Drivers/USB/Class/Common/HIDParser.c **** 				       CurrStateTable,
 626               		.loc 1 86 5 is_stmt 1 view .LVU99
  86:../lufa-LUFA-111009/LUFA/Drivers/USB/Class/Common/HIDParser.c **** 				       CurrStateTable,
 627               		.loc 1 86 28 is_stmt 0 view .LVU100
 628 02f2 C901      		movw r24,r18
 629 02f4 4C96      		adiw r24,28
  86:../lufa-LUFA-111009/LUFA/Drivers/USB/Class/Common/HIDParser.c **** 				       CurrStateTable,
 630               		.loc 1 86 5 view .LVU101
 631 02f6 2AE2      		ldi r18,lo8(42)
 632 02f8 E596      		adiw r28,115-62
 633 02fa EEAD      		ldd r30,Y+62
 634 02fc FFAD      		ldd r31,Y+63
 635 02fe E597      		sbiw r28,115-62
 636 0300 DC01      		movw r26,r24
 637               		0:
 638 0302 0190      		ld r0,Z+
 639 0304 0D92      		st X+,r0
 640 0306 2A95      		dec r18
 641 0308 01F4      		brne 0b
  90:../lufa-LUFA-111009/LUFA/Drivers/USB/Class/Common/HIDParser.c **** 				break;
 642               		.loc 1 90 5 is_stmt 1 view .LVU102
 643               	.LVL41:
  91:../lufa-LUFA-111009/LUFA/Drivers/USB/Class/Common/HIDParser.c **** 			case HID_RI_POP(0):
 644               		.loc 1 91 5 view .LVU103
 273:../lufa-LUFA-111009/LUFA/Drivers/USB/Class/Common/HIDParser.c **** 		{
 645               		.loc 1 273 3 view .LVU104
  90:../lufa-LUFA-111009/LUFA/Drivers/USB/Class/Common/HIDParser.c **** 				break;
 646               		.loc 1 90 19 is_stmt 0 view .LVU105
 647 030a E596      		adiw r28,115-62
 648 030c 9FAF      		std Y+63,r25
 649 030e 8EAF      		std Y+62,r24
 650 0310 E597      		sbiw r28,115-62
 651 0312 00C0      		rjmp .L2
 652               	.LVL42:
 653               	.L29:
  93:../lufa-LUFA-111009/LUFA/Drivers/USB/Class/Common/HIDParser.c **** 				  return HID_PARSE_HIDStackUnderflow;
 654               		.loc 1 93 5 is_stmt 1 view .LVU106
  93:../lufa-LUFA-111009/LUFA/Drivers/USB/Class/Common/HIDParser.c **** 				  return HID_PARSE_HIDStackUnderflow;
 655               		.loc 1 93 8 is_stmt 0 view .LVU107
 656 0314 CE01      		movw r24,r28
 657 0316 0196      		adiw r24,1
 658 0318 E596      		adiw r28,115-62
 659 031a AEAD      		ldd r26,Y+62
 660 031c BFAD      		ldd r27,Y+63
 661 031e E597      		sbiw r28,115-62
 662 0320 8A17      		cp r24,r26
 663 0322 9B07      		cpc r25,r27
 664 0324 01F4      		brne .+2
 665 0326 00C0      		rjmp .L62
  96:../lufa-LUFA-111009/LUFA/Drivers/USB/Class/Common/HIDParser.c **** 				break;
 666               		.loc 1 96 5 is_stmt 1 view .LVU108
  96:../lufa-LUFA-111009/LUFA/Drivers/USB/Class/Common/HIDParser.c **** 				break;
 667               		.loc 1 96 19 is_stmt 0 view .LVU109
 668 0328 5C97      		sbiw r26,28
 669 032a E596      		adiw r28,115-62
 670 032c BFAF      		std Y+63,r27
 671 032e AEAF      		std Y+62,r26
 672 0330 E597      		sbiw r28,115-62
 673               	.LVL43:
  97:../lufa-LUFA-111009/LUFA/Drivers/USB/Class/Common/HIDParser.c **** 			case HID_RI_USAGE_PAGE(0):
 674               		.loc 1 97 5 is_stmt 1 view .LVU110
 273:../lufa-LUFA-111009/LUFA/Drivers/USB/Class/Common/HIDParser.c **** 		{
 675               		.loc 1 273 3 view .LVU111
 676 0332 00C0      		rjmp .L2
 677               	.LVL44:
 678               	.L13:
  99:../lufa-LUFA-111009/LUFA/Drivers/USB/Class/Common/HIDParser.c **** 				  CurrStateTable->Attributes.Usage.Page = (ReportItemData >> 16);
 679               		.loc 1 99 5 view .LVU112
 102:../lufa-LUFA-111009/LUFA/Drivers/USB/Class/Common/HIDParser.c **** 				break;
 680               		.loc 1 102 5 view .LVU113
 102:../lufa-LUFA-111009/LUFA/Drivers/USB/Class/Common/HIDParser.c **** 				break;
 681               		.loc 1 102 49 is_stmt 0 view .LVU114
 682 0334 E596      		adiw r28,115-62
 683 0336 EEAD      		ldd r30,Y+62
 684 0338 FFAD      		ldd r31,Y+63
 685 033a E597      		sbiw r28,115-62
 686 033c 5282      		std Z+2,r5
 687 033e 4182      		std Z+1,r4
 103:../lufa-LUFA-111009/LUFA/Drivers/USB/Class/Common/HIDParser.c **** 			case HID_RI_LOGICAL_MINIMUM(0):
 688               		.loc 1 103 5 is_stmt 1 view .LVU115
 689               	.LVL45:
 273:../lufa-LUFA-111009/LUFA/Drivers/USB/Class/Common/HIDParser.c **** 		{
 690               		.loc 1 273 3 view .LVU116
 691 0340 00C0      		rjmp .L2
 692               	.LVL46:
 693               	.L11:
 105:../lufa-LUFA-111009/LUFA/Drivers/USB/Class/Common/HIDParser.c **** 				break;
 694               		.loc 1 105 5 view .LVU117
 105:../lufa-LUFA-111009/LUFA/Drivers/USB/Class/Common/HIDParser.c **** 				break;
 695               		.loc 1 105 49 is_stmt 0 view .LVU118
 696 0342 E596      		adiw r28,115-62
 697 0344 AEAD      		ldd r26,Y+62
 698 0346 BFAD      		ldd r27,Y+63
 699 0348 E597      		sbiw r28,115-62
 700 034a 1A96      		adiw r26,10
 701 034c 4D92      		st X+,r4
 702 034e 5D92      		st X+,r5
 703 0350 6D92      		st X+,r6
 704 0352 7C92      		st X,r7
 705 0354 1D97      		sbiw r26,10+3
 106:../lufa-LUFA-111009/LUFA/Drivers/USB/Class/Common/HIDParser.c **** 			case HID_RI_LOGICAL_MAXIMUM(0):
 706               		.loc 1 106 5 is_stmt 1 view .LVU119
 707               	.LVL47:
 273:../lufa-LUFA-111009/LUFA/Drivers/USB/Class/Common/HIDParser.c **** 		{
 708               		.loc 1 273 3 view .LVU120
 709 0356 00C0      		rjmp .L2
 710               	.LVL48:
 711               	.L9:
 108:../lufa-LUFA-111009/LUFA/Drivers/USB/Class/Common/HIDParser.c **** 				break;
 712               		.loc 1 108 5 view .LVU121
 108:../lufa-LUFA-111009/LUFA/Drivers/USB/Class/Common/HIDParser.c **** 				break;
 713               		.loc 1 108 49 is_stmt 0 view .LVU122
 714 0358 E596      		adiw r28,115-62
 715 035a EEAD      		ldd r30,Y+62
 716 035c FFAD      		ldd r31,Y+63
 717 035e E597      		sbiw r28,115-62
 718 0360 4686      		std Z+14,r4
 719 0362 5786      		std Z+15,r5
 720 0364 608A      		std Z+16,r6
 721 0366 718A      		std Z+17,r7
 109:../lufa-LUFA-111009/LUFA/Drivers/USB/Class/Common/HIDParser.c **** 			case HID_RI_PHYSICAL_MINIMUM(0):
 722               		.loc 1 109 5 is_stmt 1 view .LVU123
 723               	.LVL49:
 273:../lufa-LUFA-111009/LUFA/Drivers/USB/Class/Common/HIDParser.c **** 		{
 724               		.loc 1 273 3 view .LVU124
 725 0368 00C0      		rjmp .L2
 726               	.LVL50:
 727               	.L17:
 114:../lufa-LUFA-111009/LUFA/Drivers/USB/Class/Common/HIDParser.c **** 				break;
 728               		.loc 1 114 5 view .LVU125
 114:../lufa-LUFA-111009/LUFA/Drivers/USB/Class/Common/HIDParser.c **** 				break;
 729               		.loc 1 114 49 is_stmt 0 view .LVU126
 730 036a E596      		adiw r28,115-62
 731 036c EEAD      		ldd r30,Y+62
 732 036e FFAD      		ldd r31,Y+63
 733 0370 E597      		sbiw r28,115-62
 734 0372 468A      		std Z+22,r4
 735 0374 578A      		std Z+23,r5
 736 0376 608E      		std Z+24,r6
 737 0378 718E      		std Z+25,r7
 115:../lufa-LUFA-111009/LUFA/Drivers/USB/Class/Common/HIDParser.c **** 			case HID_RI_UNIT_EXPONENT(0):
 738               		.loc 1 115 5 is_stmt 1 view .LVU127
 739               	.LVL51:
 273:../lufa-LUFA-111009/LUFA/Drivers/USB/Class/Common/HIDParser.c **** 		{
 740               		.loc 1 273 3 view .LVU128
 741 037a 00C0      		rjmp .L2
 742               	.LVL52:
 743               	.L7:
 120:../lufa-LUFA-111009/LUFA/Drivers/USB/Class/Common/HIDParser.c **** 				break;
 744               		.loc 1 120 5 view .LVU129
 120:../lufa-LUFA-111009/LUFA/Drivers/USB/Class/Common/HIDParser.c **** 				break;
 745               		.loc 1 120 49 is_stmt 0 view .LVU130
 746 037c E596      		adiw r28,115-62
 747 037e EEAD      		ldd r30,Y+62
 748 0380 FFAD      		ldd r31,Y+63
 749 0382 E597      		sbiw r28,115-62
 750 0384 4582      		std Z+5,r4
 751 0386 5682      		std Z+6,r5
 752 0388 6782      		std Z+7,r6
 753 038a 7086      		std Z+8,r7
 121:../lufa-LUFA-111009/LUFA/Drivers/USB/Class/Common/HIDParser.c **** 			case HID_RI_REPORT_SIZE(0):
 754               		.loc 1 121 5 is_stmt 1 view .LVU131
 755               	.LVL53:
 273:../lufa-LUFA-111009/LUFA/Drivers/USB/Class/Common/HIDParser.c **** 		{
 756               		.loc 1 273 3 view .LVU132
 757 038c 00C0      		rjmp .L2
 758               	.LVL54:
 759               	.L25:
 123:../lufa-LUFA-111009/LUFA/Drivers/USB/Class/Common/HIDParser.c **** 				break;
 760               		.loc 1 123 5 view .LVU133
 123:../lufa-LUFA-111009/LUFA/Drivers/USB/Class/Common/HIDParser.c **** 				break;
 761               		.loc 1 123 49 is_stmt 0 view .LVU134
 762 038e E596      		adiw r28,115-62
 763 0390 AEAD      		ldd r26,Y+62
 764 0392 BFAD      		ldd r27,Y+63
 765 0394 E597      		sbiw r28,115-62
 766 0396 4C92      		st X,r4
 124:../lufa-LUFA-111009/LUFA/Drivers/USB/Class/Common/HIDParser.c **** 			case HID_RI_REPORT_COUNT(0):
 767               		.loc 1 124 5 is_stmt 1 view .LVU135
 768               	.LVL55:
 273:../lufa-LUFA-111009/LUFA/Drivers/USB/Class/Common/HIDParser.c **** 		{
 769               		.loc 1 273 3 view .LVU136
 770 0398 00C0      		rjmp .L2
 771               	.LVL56:
 772               	.L23:
 129:../lufa-LUFA-111009/LUFA/Drivers/USB/Class/Common/HIDParser.c **** 
 773               		.loc 1 129 5 view .LVU137
 129:../lufa-LUFA-111009/LUFA/Drivers/USB/Class/Common/HIDParser.c **** 
 774               		.loc 1 129 49 is_stmt 0 view .LVU138
 775 039a 742D      		mov r23,r4
 776 039c E596      		adiw r28,115-62
 777 039e AEAD      		ldd r26,Y+62
 778 03a0 BFAD      		ldd r27,Y+63
 779 03a2 E597      		sbiw r28,115-62
 780 03a4 5B96      		adiw r26,27
 781 03a6 4C92      		st X,r4
 131:../lufa-LUFA-111009/LUFA/Drivers/USB/Class/Common/HIDParser.c **** 				{
 782               		.loc 1 131 5 is_stmt 1 view .LVU139
 131:../lufa-LUFA-111009/LUFA/Drivers/USB/Class/Common/HIDParser.c **** 				{
 783               		.loc 1 131 19 is_stmt 0 view .LVU140
 784 03a8 D101      		movw r26,r2
 785 03aa A852      		subi r26,40
 786 03ac BC4F      		sbci r27,-4
 131:../lufa-LUFA-111009/LUFA/Drivers/USB/Class/Common/HIDParser.c **** 				{
 787               		.loc 1 131 8 view .LVU141
 788 03ae 8C91      		ld r24,X
 789 03b0 8115      		cp r24, __zero_reg__
 790 03b2 01F0      		breq .L35
 791               	.LBB9:
 135:../lufa-LUFA-111009/LUFA/Drivers/USB/Class/Common/HIDParser.c **** 					{
 792               		.loc 1 135 40 view .LVU142
 793 03b4 9101      		movw r18,r2
 794 03b6 2157      		subi r18,113
 795 03b8 3C4F      		sbci r19,-4
 796 03ba F901      		movw r30,r18
 797 03bc 6081      		ld r22,Z
 798 03be 3196      		adiw r30,1
 799 03c0 80E0      		ldi r24,0
 800 03c2 90E0      		ldi r25,0
 801               	.LVL57:
 802               	.L36:
 135:../lufa-LUFA-111009/LUFA/Drivers/USB/Class/Common/HIDParser.c **** 					{
 803               		.loc 1 135 28 is_stmt 1 discriminator 1 view .LVU143
 804 03c4 8617      		cp r24,r22
 805 03c6 00F0      		brlo .L37
 806               	.LVL58:
 135:../lufa-LUFA-111009/LUFA/Drivers/USB/Class/Common/HIDParser.c **** 					{
 807               		.loc 1 135 28 is_stmt 0 discriminator 1 view .LVU144
 808               	.LBE9:
 144:../lufa-LUFA-111009/LUFA/Drivers/USB/Class/Common/HIDParser.c **** 					{
 809               		.loc 1 144 6 is_stmt 1 view .LVU145
 146:../lufa-LUFA-111009/LUFA/Drivers/USB/Class/Common/HIDParser.c **** 						  return HID_PARSE_InsufficientReportIDItems;
 810               		.loc 1 146 7 view .LVU146
 146:../lufa-LUFA-111009/LUFA/Drivers/USB/Class/Common/HIDParser.c **** 						  return HID_PARSE_InsufficientReportIDItems;
 811               		.loc 1 146 10 is_stmt 0 view .LVU147
 812 03c8 6A30      		cpi r22,lo8(10)
 813 03ca 01F4      		brne .+2
 814 03cc 00C0      		rjmp .L64
 149:../lufa-LUFA-111009/LUFA/Drivers/USB/Class/Common/HIDParser.c **** 						memset(CurrReportIDInfo, 0x00, sizeof(HID_ReportSizeInfo_t));
 815               		.loc 1 149 7 is_stmt 1 view .LVU148
 149:../lufa-LUFA-111009/LUFA/Drivers/USB/Class/Common/HIDParser.c **** 						memset(CurrReportIDInfo, 0x00, sizeof(HID_ReportSizeInfo_t));
 816               		.loc 1 149 83 is_stmt 0 view .LVU149
 817 03ce 81E0      		ldi r24,lo8(1)
 818               	.LVL59:
 149:../lufa-LUFA-111009/LUFA/Drivers/USB/Class/Common/HIDParser.c **** 						memset(CurrReportIDInfo, 0x00, sizeof(HID_ReportSizeInfo_t));
 819               		.loc 1 149 83 view .LVU150
 820 03d0 860F      		add r24,r22
 821 03d2 F901      		movw r30,r18
 822 03d4 8083      		st Z,r24
 149:../lufa-LUFA-111009/LUFA/Drivers/USB/Class/Common/HIDParser.c **** 						memset(CurrReportIDInfo, 0x00, sizeof(HID_ReportSizeInfo_t));
 823               		.loc 1 149 24 view .LVU151
 824 03d6 87E0      		ldi r24,lo8(7)
 825 03d8 9101      		movw r18,r2
 826 03da 869F      		mul r24,r22
 827 03dc 200D      		add r18,r0
 828 03de 311D      		adc r19,r1
 829 03e0 1124      		clr __zero_reg__
 830 03e2 F901      		movw r30,r18
 831 03e4 E057      		subi r30,112
 832 03e6 FC4F      		sbci r31,-4
 833 03e8 ED96      		adiw r28,123-62
 834 03ea FFAF      		std Y+63,r31
 835 03ec EEAF      		std Y+62,r30
 836 03ee ED97      		sbiw r28,123-62
 837               	.LVL60:
 150:../lufa-LUFA-111009/LUFA/Drivers/USB/Class/Common/HIDParser.c **** 					}
 838               		.loc 1 150 7 is_stmt 1 view .LVU152
 839               		0:
 840 03f0 1192      		st Z+,__zero_reg__
 841 03f2 8A95      		dec r24
 842 03f4 01F4      		brne 0b
 843               	.LVL61:
 150:../lufa-LUFA-111009/LUFA/Drivers/USB/Class/Common/HIDParser.c **** 					}
 844               		.loc 1 150 7 is_stmt 0 view .LVU153
 845 03f6 00C0      		rjmp .L35
 846               	.LVL62:
 847               	.L37:
 848               	.LBB10:
 137:../lufa-LUFA-111009/LUFA/Drivers/USB/Class/Common/HIDParser.c **** 						{
 849               		.loc 1 137 7 is_stmt 1 view .LVU154
 137:../lufa-LUFA-111009/LUFA/Drivers/USB/Class/Common/HIDParser.c **** 						{
 850               		.loc 1 137 39 is_stmt 0 view .LVU155
 851 03f8 0081      		ld r16,Z
 137:../lufa-LUFA-111009/LUFA/Drivers/USB/Class/Common/HIDParser.c **** 						{
 852               		.loc 1 137 10 view .LVU156
 853 03fa AC01      		movw r20,r24
 854 03fc 4F5F      		subi r20,-1
 855 03fe 5F4F      		sbci r21,-1
 856 0400 3796      		adiw r30,7
 857 0402 7013      		cpse r23,r16
 858 0404 00C0      		rjmp .L63
 139:../lufa-LUFA-111009/LUFA/Drivers/USB/Class/Common/HIDParser.c **** 							break;
 859               		.loc 1 139 8 is_stmt 1 view .LVU157
 139:../lufa-LUFA-111009/LUFA/Drivers/USB/Class/Common/HIDParser.c **** 							break;
 860               		.loc 1 139 25 is_stmt 0 view .LVU158
 861 0406 47E0      		ldi r20,lo8(7)
 862 0408 489F      		mul r20,r24
 863 040a 9001      		movw r18,r0
 864 040c 499F      		mul r20,r25
 865 040e 300D      		add r19,r0
 866 0410 1124      		clr __zero_reg__
 867 0412 2057      		subi r18,112
 868 0414 3C4F      		sbci r19,-4
 869 0416 C101      		movw r24,r2
 870               	.LVL63:
 139:../lufa-LUFA-111009/LUFA/Drivers/USB/Class/Common/HIDParser.c **** 							break;
 871               		.loc 1 139 25 view .LVU159
 872 0418 820F      		add r24,r18
 873 041a 931F      		adc r25,r19
 874 041c ED96      		adiw r28,123-62
 875 041e 9FAF      		std Y+63,r25
 876 0420 8EAF      		std Y+62,r24
 877 0422 ED97      		sbiw r28,123-62
 878               	.LVL64:
 140:../lufa-LUFA-111009/LUFA/Drivers/USB/Class/Common/HIDParser.c **** 						}
 879               		.loc 1 140 8 is_stmt 1 view .LVU160
 140:../lufa-LUFA-111009/LUFA/Drivers/USB/Class/Common/HIDParser.c **** 						}
 880               		.loc 1 140 8 is_stmt 0 view .LVU161
 881               	.LBE10:
 144:../lufa-LUFA-111009/LUFA/Drivers/USB/Class/Common/HIDParser.c **** 					{
 882               		.loc 1 144 6 is_stmt 1 view .LVU162
 883               	.L35:
 154:../lufa-LUFA-111009/LUFA/Drivers/USB/Class/Common/HIDParser.c **** 
 884               		.loc 1 154 5 view .LVU163
 154:../lufa-LUFA-111009/LUFA/Drivers/USB/Class/Common/HIDParser.c **** 
 885               		.loc 1 154 32 is_stmt 0 view .LVU164
 886 0424 81E0      		ldi r24,lo8(1)
 887 0426 8C93      		st X,r24
 156:../lufa-LUFA-111009/LUFA/Drivers/USB/Class/Common/HIDParser.c **** 				break;
 888               		.loc 1 156 5 is_stmt 1 view .LVU165
 156:../lufa-LUFA-111009/LUFA/Drivers/USB/Class/Common/HIDParser.c **** 				break;
 889               		.loc 1 156 48 is_stmt 0 view .LVU166
 890 0428 E596      		adiw r28,115-62
 891 042a AEAD      		ldd r26,Y+62
 892 042c BFAD      		ldd r27,Y+63
 893 042e E597      		sbiw r28,115-62
 894 0430 5B96      		adiw r26,27
 895 0432 8C91      		ld r24,X
 156:../lufa-LUFA-111009/LUFA/Drivers/USB/Class/Common/HIDParser.c **** 				break;
 896               		.loc 1 156 32 view .LVU167
 897 0434 ED96      		adiw r28,123-62
 898 0436 EEAD      		ldd r30,Y+62
 899 0438 FFAD      		ldd r31,Y+63
 900 043a ED97      		sbiw r28,123-62
 901               	.LVL65:
 156:../lufa-LUFA-111009/LUFA/Drivers/USB/Class/Common/HIDParser.c **** 				break;
 902               		.loc 1 156 32 view .LVU168
 903 043c 8083      		st Z,r24
 157:../lufa-LUFA-111009/LUFA/Drivers/USB/Class/Common/HIDParser.c **** 			case HID_RI_USAGE(0):
 904               		.loc 1 157 5 is_stmt 1 view .LVU169
 905               	.LVL66:
 273:../lufa-LUFA-111009/LUFA/Drivers/USB/Class/Common/HIDParser.c **** 		{
 906               		.loc 1 273 3 view .LVU170
 907 043e 00C0      		rjmp .L2
 908               	.LVL67:
 909               	.L63:
 910               	.LBB11:
 273:../lufa-LUFA-111009/LUFA/Drivers/USB/Class/Common/HIDParser.c **** 		{
 911               		.loc 1 273 3 is_stmt 0 view .LVU171
 912 0440 CA01      		movw r24,r20
 913               	.LVL68:
 273:../lufa-LUFA-111009/LUFA/Drivers/USB/Class/Common/HIDParser.c **** 		{
 914               		.loc 1 273 3 view .LVU172
 915 0442 00C0      		rjmp .L36
 916               	.LVL69:
 917               	.L14:
 273:../lufa-LUFA-111009/LUFA/Drivers/USB/Class/Common/HIDParser.c **** 		{
 918               		.loc 1 273 3 view .LVU173
 919               	.LBE11:
 159:../lufa-LUFA-111009/LUFA/Drivers/USB/Class/Common/HIDParser.c **** 				  return HID_PARSE_UsageListOverflow;
 920               		.loc 1 159 5 is_stmt 1 view .LVU174
 159:../lufa-LUFA-111009/LUFA/Drivers/USB/Class/Common/HIDParser.c **** 				  return HID_PARSE_UsageListOverflow;
 921               		.loc 1 159 8 is_stmt 0 view .LVU175
 922 0444 1830      		cpi r17,lo8(8)
 923 0446 01F4      		brne .+2
 924 0448 00C0      		rjmp .L65
 162:../lufa-LUFA-111009/LUFA/Drivers/USB/Class/Common/HIDParser.c **** 				break;
 925               		.loc 1 162 5 is_stmt 1 view .LVU176
 926               	.LVL70:
 162:../lufa-LUFA-111009/LUFA/Drivers/USB/Class/Common/HIDParser.c **** 				break;
 927               		.loc 1 162 28 is_stmt 0 view .LVU177
 928 044a 812F      		mov r24,r17
 929 044c 90E0      		ldi r25,0
 162:../lufa-LUFA-111009/LUFA/Drivers/USB/Class/Common/HIDParser.c **** 				break;
 930               		.loc 1 162 32 view .LVU178
 931 044e 880F      		lsl r24
 932 0450 991F      		rol r25
 933 0452 E3E6      		ldi r30,lo8(99)
 934 0454 F0E0      		ldi r31,0
 935 0456 EC0F      		add r30,r28
 936 0458 FD1F      		adc r31,r29
 937 045a E80F      		add r30,r24
 938 045c F91F      		adc r31,r25
 939 045e 5182      		std Z+1,r5
 940 0460 4082      		st Z,r4
 163:../lufa-LUFA-111009/LUFA/Drivers/USB/Class/Common/HIDParser.c **** 			case HID_RI_USAGE_MINIMUM(0):
 941               		.loc 1 163 5 is_stmt 1 view .LVU179
 273:../lufa-LUFA-111009/LUFA/Drivers/USB/Class/Common/HIDParser.c **** 		{
 942               		.loc 1 273 3 view .LVU180
 162:../lufa-LUFA-111009/LUFA/Drivers/USB/Class/Common/HIDParser.c **** 				break;
 943               		.loc 1 162 28 is_stmt 0 view .LVU181
 944 0462 1F5F      		subi r17,lo8(-(1))
 945               	.LVL71:
 162:../lufa-LUFA-111009/LUFA/Drivers/USB/Class/Common/HIDParser.c **** 				break;
 946               		.loc 1 162 28 view .LVU182
 947 0464 00C0      		rjmp .L2
 948               	.LVL72:
 949               	.L21:
 171:../lufa-LUFA-111009/LUFA/Drivers/USB/Class/Common/HIDParser.c **** 				{
 950               		.loc 1 171 5 is_stmt 1 view .LVU183
 171:../lufa-LUFA-111009/LUFA/Drivers/USB/Class/Common/HIDParser.c **** 				{
 951               		.loc 1 171 8 is_stmt 0 view .LVU184
 952 0466 E996      		adiw r28,119-62
 953 0468 2EAD      		ldd r18,Y+62
 954 046a 3FAD      		ldd r19,Y+63
 955 046c E997      		sbiw r28,119-62
 956 046e 232B      		or r18,r19
 957 0470 01F4      		brne .L38
 173:../lufa-LUFA-111009/LUFA/Drivers/USB/Class/Common/HIDParser.c **** 				}
 958               		.loc 1 173 6 is_stmt 1 view .LVU185
 173:../lufa-LUFA-111009/LUFA/Drivers/USB/Class/Common/HIDParser.c **** 				}
 959               		.loc 1 173 25 is_stmt 0 view .LVU186
 960 0472 C101      		movw r24,r2
 961 0474 875B      		subi r24,-73
 962 0476 9C4F      		sbci r25,-4
 963 0478 E996      		adiw r28,119-62
 964 047a 9FAF      		std Y+63,r25
 965 047c 8EAF      		std Y+62,r24
 966 047e E997      		sbiw r28,119-62
 967               	.LVL73:
 968               	.L39:
 192:../lufa-LUFA-111009/LUFA/Drivers/USB/Class/Common/HIDParser.c **** 				CurrCollectionPath->Usage.Page = CurrStateTable->Attributes.Usage.Page;
 969               		.loc 1 192 5 is_stmt 1 view .LVU187
 192:../lufa-LUFA-111009/LUFA/Drivers/USB/Class/Common/HIDParser.c **** 				CurrCollectionPath->Usage.Page = CurrStateTable->Attributes.Usage.Page;
 970               		.loc 1 192 36 is_stmt 0 view .LVU188
 971 0480 E996      		adiw r28,119-62
 972 0482 EEAD      		ldd r30,Y+62
 973 0484 FFAD      		ldd r31,Y+63
 974 0486 E997      		sbiw r28,119-62
 975               	.LVL74:
 192:../lufa-LUFA-111009/LUFA/Drivers/USB/Class/Common/HIDParser.c **** 				CurrCollectionPath->Usage.Page = CurrStateTable->Attributes.Usage.Page;
 976               		.loc 1 192 36 view .LVU189
 977 0488 4082      		st Z,r4
 193:../lufa-LUFA-111009/LUFA/Drivers/USB/Class/Common/HIDParser.c **** 
 978               		.loc 1 193 5 is_stmt 1 view .LVU190
 193:../lufa-LUFA-111009/LUFA/Drivers/USB/Class/Common/HIDParser.c **** 
 979               		.loc 1 193 70 is_stmt 0 view .LVU191
 980 048a E596      		adiw r28,115-62
 981 048c AEAD      		ldd r26,Y+62
 982 048e BFAD      		ldd r27,Y+63
 983 0490 E597      		sbiw r28,115-62
 984 0492 1196      		adiw r26,1
 985 0494 8D91      		ld r24,X+
 986 0496 9C91      		ld r25,X
 193:../lufa-LUFA-111009/LUFA/Drivers/USB/Class/Common/HIDParser.c **** 
 987               		.loc 1 193 36 view .LVU192
 988 0498 9283      		std Z+2,r25
 989 049a 8183      		std Z+1,r24
 195:../lufa-LUFA-111009/LUFA/Drivers/USB/Class/Common/HIDParser.c **** 				{
 990               		.loc 1 195 5 is_stmt 1 view .LVU193
 195:../lufa-LUFA-111009/LUFA/Drivers/USB/Class/Common/HIDParser.c **** 				{
 991               		.loc 1 195 8 is_stmt 0 view .LVU194
 992 049c 1115      		cp r17, __zero_reg__
 993 049e 01F0      		breq .L42
 197:../lufa-LUFA-111009/LUFA/Drivers/USB/Class/Common/HIDParser.c **** 
 994               		.loc 1 197 6 is_stmt 1 view .LVU195
 197:../lufa-LUFA-111009/LUFA/Drivers/USB/Class/Common/HIDParser.c **** 
 995               		.loc 1 197 38 is_stmt 0 view .LVU196
 996 04a0 BE01      		movw r22,r28
 997 04a2 6D59      		subi r22,-99
 998 04a4 7F4F      		sbci r23,-1
 999 04a6 FB01      		movw r30,r22
 1000               	.LVL75:
 197:../lufa-LUFA-111009/LUFA/Drivers/USB/Class/Common/HIDParser.c **** 
 1001               		.loc 1 197 38 view .LVU197
 1002 04a8 8191      		ld r24,Z+
 1003 04aa 9191      		ld r25,Z+
 1004 04ac BF01      		movw r22,r30
 1005 04ae E996      		adiw r28,119-62
 1006 04b0 AEAD      		ldd r26,Y+62
 1007 04b2 BFAD      		ldd r27,Y+63
 1008 04b4 E997      		sbiw r28,119-62
 1009               	.LVL76:
 197:../lufa-LUFA-111009/LUFA/Drivers/USB/Class/Common/HIDParser.c **** 
 1010               		.loc 1 197 38 view .LVU198
 1011 04b6 1496      		adiw r26,3+1
 1012 04b8 9C93      		st X,r25
 1013 04ba 8E93      		st -X,r24
 1014 04bc 1397      		sbiw r26,3
 199:../lufa-LUFA-111009/LUFA/Drivers/USB/Class/Common/HIDParser.c **** 					  UsageList[i] = UsageList[i + 1];
 1015               		.loc 1 199 6 is_stmt 1 view .LVU199
 1016               	.LBB12:
 199:../lufa-LUFA-111009/LUFA/Drivers/USB/Class/Common/HIDParser.c **** 					  UsageList[i] = UsageList[i + 1];
 1017               		.loc 1 199 11 view .LVU200
 1018               	.LVL77:
 199:../lufa-LUFA-111009/LUFA/Drivers/USB/Class/Common/HIDParser.c **** 					  UsageList[i] = UsageList[i + 1];
 1019               		.loc 1 199 28 view .LVU201
 200:../lufa-LUFA-111009/LUFA/Drivers/USB/Class/Common/HIDParser.c **** 
 1020               		.loc 1 200 21 is_stmt 0 view .LVU202
 1021 04be 412F      		mov r20,r17
 1022 04c0 50E0      		ldi r21,0
 1023 04c2 440F      		lsl r20
 1024 04c4 551F      		rol r21
 1025 04c6 CE01      		movw r24,r28
 1026 04c8 8D59      		subi r24,-99
 1027 04ca 9F4F      		sbci r25,-1
 1028 04cc 0E94 0000 		call memmove
 1029               	.LVL78:
 1030               	.L82:
 200:../lufa-LUFA-111009/LUFA/Drivers/USB/Class/Common/HIDParser.c **** 
 1031               		.loc 1 200 21 view .LVU203
 1032               	.LBE12:
 215:../lufa-LUFA-111009/LUFA/Drivers/USB/Class/Common/HIDParser.c **** 			case HID_RI_INPUT(0):
 1033               		.loc 1 215 5 is_stmt 1 view .LVU204
 273:../lufa-LUFA-111009/LUFA/Drivers/USB/Class/Common/HIDParser.c **** 		{
 1034               		.loc 1 273 3 view .LVU205
 276:../lufa-LUFA-111009/LUFA/Drivers/USB/Class/Common/HIDParser.c **** 			UsageListSize       = 0;
 1035               		.loc 1 276 24 is_stmt 0 view .LVU206
 1036 04d0 812C      		mov r8,__zero_reg__
 1037 04d2 912C      		mov r9,__zero_reg__
 1038 04d4 5401      		movw r10,r8
 1039               	.LVL79:
 275:../lufa-LUFA-111009/LUFA/Drivers/USB/Class/Common/HIDParser.c **** 			UsageMinMax.Maximum = 0;
 1040               		.loc 1 275 24 view .LVU207
 1041 04d6 C12C      		mov r12,__zero_reg__
 1042 04d8 D12C      		mov r13,__zero_reg__
 1043 04da 7601      		movw r14,r12
 1044               	.LVL80:
 277:../lufa-LUFA-111009/LUFA/Drivers/USB/Class/Common/HIDParser.c **** 		}
 1045               		.loc 1 277 24 view .LVU208
 1046 04dc 10E0      		ldi r17,0
 1047 04de 00C0      		rjmp .L2
 1048               	.LVL81:
 1049               	.L38:
 1050               	.LBB13:
 177:../lufa-LUFA-111009/LUFA/Drivers/USB/Class/Common/HIDParser.c **** 
 1051               		.loc 1 177 6 is_stmt 1 view .LVU209
 179:../lufa-LUFA-111009/LUFA/Drivers/USB/Class/Common/HIDParser.c **** 
 1052               		.loc 1 179 6 view .LVU210
 179:../lufa-LUFA-111009/LUFA/Drivers/USB/Class/Common/HIDParser.c **** 
 1053               		.loc 1 179 25 is_stmt 0 view .LVU211
 1054 04e0 F101      		movw r30,r2
 1055 04e2 E05B      		subi r30,-80
 1056 04e4 FC4F      		sbci r31,-4
 1057               	.LVL82:
 181:../lufa-LUFA-111009/LUFA/Drivers/USB/Class/Common/HIDParser.c **** 					{
 1058               		.loc 1 181 6 is_stmt 1 view .LVU212
 1059 04e6 9101      		movw r18,r2
 1060 04e8 2857      		subi r18,120
 1061 04ea 3C4F      		sbci r19,-4
 1062               	.L40:
 181:../lufa-LUFA-111009/LUFA/Drivers/USB/Class/Common/HIDParser.c **** 					{
 1063               		.loc 1 181 40 view .LVU213
 1064 04ec 8581      		ldd r24,Z+5
 1065 04ee 9681      		ldd r25,Z+6
 1066 04f0 892B      		or r24,r25
 1067 04f2 01F4      		brne .L41
 189:../lufa-LUFA-111009/LUFA/Drivers/USB/Class/Common/HIDParser.c **** 				}
 1068               		.loc 1 189 6 view .LVU214
 189:../lufa-LUFA-111009/LUFA/Drivers/USB/Class/Common/HIDParser.c **** 				}
 1069               		.loc 1 189 33 is_stmt 0 view .LVU215
 1070 04f4 E996      		adiw r28,119-62
 1071 04f6 AEAD      		ldd r26,Y+62
 1072 04f8 BFAD      		ldd r27,Y+63
 1073 04fa E997      		sbiw r28,119-62
 1074 04fc B683      		std Z+6,r27
 1075 04fe A583      		std Z+5,r26
 1076 0500 E996      		adiw r28,119-62
 1077 0502 FFAF      		std Y+63,r31
 1078 0504 EEAF      		std Y+62,r30
 1079 0506 E997      		sbiw r28,119-62
 1080               	.LVL83:
 189:../lufa-LUFA-111009/LUFA/Drivers/USB/Class/Common/HIDParser.c **** 				}
 1081               		.loc 1 189 33 view .LVU216
 1082 0508 00C0      		rjmp .L39
 1083               	.LVL84:
 1084               	.L41:
 183:../lufa-LUFA-111009/LUFA/Drivers/USB/Class/Common/HIDParser.c **** 						  return HID_PARSE_InsufficientCollectionPaths;
 1085               		.loc 1 183 7 is_stmt 1 view .LVU217
 183:../lufa-LUFA-111009/LUFA/Drivers/USB/Class/Common/HIDParser.c **** 						  return HID_PARSE_InsufficientCollectionPaths;
 1086               		.loc 1 183 10 is_stmt 0 view .LVU218
 1087 050a E217      		cp r30,r18
 1088 050c F307      		cpc r31,r19
 1089 050e 01F4      		brne .+2
 1090 0510 00C0      		rjmp .L66
 186:../lufa-LUFA-111009/LUFA/Drivers/USB/Class/Common/HIDParser.c **** 					}
 1091               		.loc 1 186 7 is_stmt 1 view .LVU219
 186:../lufa-LUFA-111009/LUFA/Drivers/USB/Class/Common/HIDParser.c **** 					}
 1092               		.loc 1 186 25 is_stmt 0 view .LVU220
 1093 0512 3796      		adiw r30,7
 1094               	.LVL85:
 186:../lufa-LUFA-111009/LUFA/Drivers/USB/Class/Common/HIDParser.c **** 					}
 1095               		.loc 1 186 25 view .LVU221
 1096 0514 00C0      		rjmp .L40
 1097               	.LVL86:
 1098               	.L42:
 186:../lufa-LUFA-111009/LUFA/Drivers/USB/Class/Common/HIDParser.c **** 					}
 1099               		.loc 1 186 25 view .LVU222
 1100               	.LBE13:
 204:../lufa-LUFA-111009/LUFA/Drivers/USB/Class/Common/HIDParser.c **** 				{
 1101               		.loc 1 204 10 is_stmt 1 view .LVU223
 204:../lufa-LUFA-111009/LUFA/Drivers/USB/Class/Common/HIDParser.c **** 				{
 1102               		.loc 1 204 13 is_stmt 0 view .LVU224
 1103 0516 8C14      		cp r8,r12
 1104 0518 9D04      		cpc r9,r13
 1105 051a AE04      		cpc r10,r14
 1106 051c BF04      		cpc r11,r15
 1107 051e 00F4      		brsh .+2
 1108 0520 00C0      		rjmp .L67
 206:../lufa-LUFA-111009/LUFA/Drivers/USB/Class/Common/HIDParser.c **** 				}
 1109               		.loc 1 206 6 is_stmt 1 view .LVU225
 206:../lufa-LUFA-111009/LUFA/Drivers/USB/Class/Common/HIDParser.c **** 				}
 1110               		.loc 1 206 38 is_stmt 0 view .LVU226
 1111 0522 E996      		adiw r28,119-62
 1112 0524 EEAD      		ldd r30,Y+62
 1113 0526 FFAD      		ldd r31,Y+63
 1114 0528 E997      		sbiw r28,119-62
 1115               	.LVL87:
 206:../lufa-LUFA-111009/LUFA/Drivers/USB/Class/Common/HIDParser.c **** 				}
 1116               		.loc 1 206 38 view .LVU227
 1117 052a D482      		std Z+4,r13
 1118 052c C382      		std Z+3,r12
 1119               	.LVL88:
 273:../lufa-LUFA-111009/LUFA/Drivers/USB/Class/Common/HIDParser.c **** 		{
 1120               		.loc 1 273 3 is_stmt 1 view .LVU228
 1121 052e 00C0      		rjmp .L82
 1122               	.LVL89:
 1123               	.L44:
 1124               	.LBB14:
 1125               	.LBB7:
 240:../lufa-LUFA-111009/LUFA/Drivers/USB/Class/Common/HIDParser.c **** 					{
 1126               		.loc 1 240 11 view .LVU229
 240:../lufa-LUFA-111009/LUFA/Drivers/USB/Class/Common/HIDParser.c **** 					{
 1127               		.loc 1 240 14 is_stmt 0 view .LVU230
 1128 0530 8C14      		cp r8,r12
 1129 0532 9D04      		cpc r9,r13
 1130 0534 AE04      		cpc r10,r14
 1131 0536 BF04      		cpc r11,r15
 1132 0538 00F4      		brsh .+2
 1133 053a 00C0      		rjmp .L45
 242:../lufa-LUFA-111009/LUFA/Drivers/USB/Class/Common/HIDParser.c **** 					}
 1134               		.loc 1 242 7 is_stmt 1 view .LVU231
 1135               	.LVL90:
 242:../lufa-LUFA-111009/LUFA/Drivers/USB/Class/Common/HIDParser.c **** 					}
 1136               		.loc 1 242 44 is_stmt 0 view .LVU232
 1137 053c 2696      		adiw r28,68-62
 1138 053e DFAE      		std Y+63,r13
 1139 0540 CEAE      		std Y+62,r12
 1140 0542 2697      		sbiw r28,68-62
 242:../lufa-LUFA-111009/LUFA/Drivers/USB/Class/Common/HIDParser.c **** 					}
 1141               		.loc 1 242 65 view .LVU233
 1142 0544 EFEF      		ldi r30,-1
 1143 0546 CE1A      		sub r12,r30
 1144 0548 DE0A      		sbc r13,r30
 1145 054a EE0A      		sbc r14,r30
 1146 054c FE0A      		sbc r15,r30
 1147               	.LVL91:
 242:../lufa-LUFA-111009/LUFA/Drivers/USB/Class/Common/HIDParser.c **** 					}
 1148               		.loc 1 242 65 view .LVU234
 1149 054e 00C0      		rjmp .L45
 1150               	.LVL92:
 1151               	.L48:
 263:../lufa-LUFA-111009/LUFA/Drivers/USB/Class/Common/HIDParser.c **** 					       &NewReportItem, sizeof(HID_ReportItem_t));
 1152               		.loc 1 263 6 is_stmt 1 view .LVU235
 1153 0550 9101      		movw r18,r2
 1154 0552 8AE2      		ldi r24,lo8(42)
 1155 0554 8A9F      		mul r24,r26
 1156 0556 200D      		add r18,r0
 1157 0558 311D      		adc r19,r1
 1158 055a 1124      		clr __zero_reg__
 1159 055c D901      		movw r26,r18
 1160 055e 1196      		adiw r26,1
 1161 0560 FE01      		movw r30,r28
 1162 0562 F996      		adiw r30,57
 1163               		0:
 1164 0564 0190      		ld r0,Z+
 1165 0566 0D92      		st X+,r0
 1166 0568 8A95      		dec r24
 1167 056a 01F4      		brne 0b
 266:../lufa-LUFA-111009/LUFA/Drivers/USB/Class/Common/HIDParser.c **** 					  ParserData->TotalReportItems++;
 1168               		.loc 1 266 6 view .LVU236
 266:../lufa-LUFA-111009/LUFA/Drivers/USB/Class/Common/HIDParser.c **** 					  ParserData->TotalReportItems++;
 1169               		.loc 1 266 9 is_stmt 0 view .LVU237
 1170 056c 40FC      		sbrc r4,0
 1171 056e 00C0      		rjmp .L50
 266:../lufa-LUFA-111009/LUFA/Drivers/USB/Class/Common/HIDParser.c **** 					  ParserData->TotalReportItems++;
 1172               		.loc 1 266 50 discriminator 1 view .LVU238
 1173 0570 CE01      		movw r24,r28
 1174 0572 C996      		adiw r24,57
 1175 0574 0E94 0000 		call CALLBACK_HIDParser_FilterHIDReportItem
 1176               	.LVL93:
 266:../lufa-LUFA-111009/LUFA/Drivers/USB/Class/Common/HIDParser.c **** 					  ParserData->TotalReportItems++;
 1177               		.loc 1 266 47 discriminator 1 view .LVU239
 1178 0578 8115      		cp r24, __zero_reg__
 1179 057a 01F0      		breq .L50
 267:../lufa-LUFA-111009/LUFA/Drivers/USB/Class/Common/HIDParser.c **** 				}
 1180               		.loc 1 267 8 is_stmt 1 view .LVU240
 267:../lufa-LUFA-111009/LUFA/Drivers/USB/Class/Common/HIDParser.c **** 				}
 1181               		.loc 1 267 36 is_stmt 0 view .LVU241
 1182 057c D101      		movw r26,r2
 1183 057e 8C91      		ld r24,X
 1184 0580 8F5F      		subi r24,lo8(-(1))
 1185 0582 8C93      		st X,r24
 1186               	.L50:
 1187               	.LBE7:
 219:../lufa-LUFA-111009/LUFA/Drivers/USB/Class/Common/HIDParser.c **** 				{
 1188               		.loc 1 219 95 is_stmt 1 view .LVU242
 1189 0584 EE96      		adiw r28,125-63
 1190 0586 BFAD      		ldd r27,Y+63
 1191 0588 EE97      		sbiw r28,125-63
 1192 058a BF5F      		subi r27,lo8(-(1))
 1193 058c EE96      		adiw r28,125-63
 1194 058e BFAF      		std Y+63,r27
 1195 0590 EE97      		sbiw r28,125-63
 1196               	.LVL94:
 1197               	.L52:
 219:../lufa-LUFA-111009/LUFA/Drivers/USB/Class/Common/HIDParser.c **** 				{
 1198               		.loc 1 219 51 discriminator 1 view .LVU243
 1199 0592 E596      		adiw r28,115-62
 1200 0594 EEAD      		ldd r30,Y+62
 1201 0596 FFAD      		ldd r31,Y+63
 1202 0598 E597      		sbiw r28,115-62
 1203 059a 828D      		ldd r24,Z+26
 1204 059c EE96      		adiw r28,125-63
 1205 059e FFAD      		ldd r31,Y+63
 1206 05a0 EE97      		sbiw r28,125-63
 1207 05a2 F817      		cp r31,r24
 1208 05a4 00F0      		brlo .+2
 1209 05a6 00C0      		rjmp .L15
 1210               	.LBB8:
 221:../lufa-LUFA-111009/LUFA/Drivers/USB/Class/Common/HIDParser.c **** 
 1211               		.loc 1 221 6 view .LVU244
 223:../lufa-LUFA-111009/LUFA/Drivers/USB/Class/Common/HIDParser.c **** 					       &CurrStateTable->Attributes,
 1212               		.loc 1 223 6 view .LVU245
 1213 05a8 8AE1      		ldi r24,lo8(26)
 1214 05aa E596      		adiw r28,115-62
 1215 05ac EEAD      		ldd r30,Y+62
 1216 05ae FFAD      		ldd r31,Y+63
 1217 05b0 E597      		sbiw r28,115-62
 1218 05b2 DE01      		movw r26,r28
 1219 05b4 AF5B      		subi r26,-65
 1220 05b6 BF4F      		sbci r27,-1
 1221               		0:
 1222 05b8 0190      		ld r0,Z+
 1223 05ba 0D92      		st X+,r0
 1224 05bc 8A95      		dec r24
 1225 05be 01F4      		brne 0b
 227:../lufa-LUFA-111009/LUFA/Drivers/USB/Class/Common/HIDParser.c **** 					NewReportItem.CollectionPath = CurrCollectionPath;
 1226               		.loc 1 227 6 view .LVU246
 227:../lufa-LUFA-111009/LUFA/Drivers/USB/Class/Common/HIDParser.c **** 					NewReportItem.CollectionPath = CurrCollectionPath;
 1227               		.loc 1 227 35 is_stmt 0 view .LVU247
 1228 05c0 5DAE      		std Y+61,r5
 1229 05c2 4CAE      		std Y+60,r4
 228:../lufa-LUFA-111009/LUFA/Drivers/USB/Class/Common/HIDParser.c **** 					NewReportItem.ReportID       = CurrStateTable->ReportID;
 1230               		.loc 1 228 6 is_stmt 1 view .LVU248
 228:../lufa-LUFA-111009/LUFA/Drivers/USB/Class/Common/HIDParser.c **** 					NewReportItem.ReportID       = CurrStateTable->ReportID;
 1231               		.loc 1 228 35 is_stmt 0 view .LVU249
 1232 05c4 E996      		adiw r28,119-62
 1233 05c6 EEAD      		ldd r30,Y+62
 1234 05c8 FFAD      		ldd r31,Y+63
 1235 05ca E997      		sbiw r28,119-62
 1236 05cc 2196      		adiw r28,63-62
 1237 05ce FFAF      		std Y+63,r31
 1238 05d0 EEAF      		std Y+62,r30
 1239 05d2 2197      		sbiw r28,63-62
 229:../lufa-LUFA-111009/LUFA/Drivers/USB/Class/Common/HIDParser.c **** 
 1240               		.loc 1 229 6 is_stmt 1 view .LVU250
 229:../lufa-LUFA-111009/LUFA/Drivers/USB/Class/Common/HIDParser.c **** 
 1241               		.loc 1 229 35 is_stmt 0 view .LVU251
 1242 05d4 E596      		adiw r28,115-62
 1243 05d6 AEAD      		ldd r26,Y+62
 1244 05d8 BFAD      		ldd r27,Y+63
 1245 05da E597      		sbiw r28,115-62
 1246 05dc 5B96      		adiw r26,27
 1247 05de 8C91      		ld r24,X
 1248 05e0 8EAF      		std Y+62,r24
 231:../lufa-LUFA-111009/LUFA/Drivers/USB/Class/Common/HIDParser.c **** 					{
 1249               		.loc 1 231 6 is_stmt 1 view .LVU252
 231:../lufa-LUFA-111009/LUFA/Drivers/USB/Class/Common/HIDParser.c **** 					{
 1250               		.loc 1 231 9 is_stmt 0 view .LVU253
 1251 05e2 1115      		cp r17, __zero_reg__
 1252 05e4 01F4      		brne .+2
 1253 05e6 00C0      		rjmp .L44
 233:../lufa-LUFA-111009/LUFA/Drivers/USB/Class/Common/HIDParser.c **** 
 1254               		.loc 1 233 7 is_stmt 1 view .LVU254
 233:../lufa-LUFA-111009/LUFA/Drivers/USB/Class/Common/HIDParser.c **** 
 1255               		.loc 1 233 44 is_stmt 0 view .LVU255
 1256 05e8 A596      		adiw r28,99-62
 1257 05ea 8EAD      		ldd r24,Y+62
 1258 05ec 9FAD      		ldd r25,Y+63
 1259 05ee A597      		sbiw r28,99-62
 1260 05f0 2696      		adiw r28,68-62
 1261 05f2 9FAF      		std Y+63,r25
 1262 05f4 8EAF      		std Y+62,r24
 1263 05f6 2697      		sbiw r28,68-62
 235:../lufa-LUFA-111009/LUFA/Drivers/USB/Class/Common/HIDParser.c **** 						  UsageList[i] = UsageList[i + 1];
 1264               		.loc 1 235 7 is_stmt 1 view .LVU256
 1265               	.LBB6:
 235:../lufa-LUFA-111009/LUFA/Drivers/USB/Class/Common/HIDParser.c **** 						  UsageList[i] = UsageList[i + 1];
 1266               		.loc 1 235 12 view .LVU257
 1267               	.LVL95:
 235:../lufa-LUFA-111009/LUFA/Drivers/USB/Class/Common/HIDParser.c **** 						  UsageList[i] = UsageList[i + 1];
 1268               		.loc 1 235 29 view .LVU258
 236:../lufa-LUFA-111009/LUFA/Drivers/USB/Class/Common/HIDParser.c **** 
 1269               		.loc 1 236 22 is_stmt 0 view .LVU259
 1270 05f8 BFEF      		ldi r27,lo8(-1)
 1271 05fa B10F      		add r27,r17
 1272 05fc CF57      		subi r28,lo8(-129)
 1273 05fe DF4F      		sbci r29,hi8(-129)
 1274 0600 B883      		st Y,r27
 1275 0602 C158      		subi r28,lo8(129)
 1276 0604 D040      		sbci r29,hi8(129)
 1277 0606 412F      		mov r20,r17
 1278 0608 50E0      		ldi r21,0
 1279 060a 440F      		lsl r20
 1280 060c 551F      		rol r21
 1281 060e CE57      		subi r28,lo8(-130)
 1282 0610 DF4F      		sbci r29,hi8(-130)
 1283 0612 6881      		ld r22,Y
 1284 0614 7981      		ldd r23,Y+1
 1285 0616 C258      		subi r28,lo8(130)
 1286 0618 D040      		sbci r29,hi8(130)
 1287 061a CE01      		movw r24,r28
 1288 061c 8D59      		subi r24,-99
 1289 061e 9F4F      		sbci r25,-1
 1290 0620 0E94 0000 		call memmove
 1291               	.LVL96:
 236:../lufa-LUFA-111009/LUFA/Drivers/USB/Class/Common/HIDParser.c **** 
 1292               		.loc 1 236 22 view .LVU260
 1293               	.LBE6:
 238:../lufa-LUFA-111009/LUFA/Drivers/USB/Class/Common/HIDParser.c **** 					}
 1294               		.loc 1 238 7 is_stmt 1 view .LVU261
 238:../lufa-LUFA-111009/LUFA/Drivers/USB/Class/Common/HIDParser.c **** 					}
 1295               		.loc 1 238 20 is_stmt 0 view .LVU262
 1296 0624 CF57      		subi r28,lo8(-129)
 1297 0626 DF4F      		sbci r29,hi8(-129)
 1298 0628 1881      		ld r17,Y
 1299 062a C158      		subi r28,lo8(129)
 1300 062c D040      		sbci r29,hi8(129)
 1301               	.LVL97:
 1302               	.L45:
 245:../lufa-LUFA-111009/LUFA/Drivers/USB/Class/Common/HIDParser.c **** 
 1303               		.loc 1 245 6 is_stmt 1 view .LVU263
 247:../lufa-LUFA-111009/LUFA/Drivers/USB/Class/Common/HIDParser.c **** 					  NewReportItem.ItemType = HID_REPORT_ITEM_In;
 1304               		.loc 1 247 6 view .LVU264
 1305 062e E0E0      		ldi r30,0
 247:../lufa-LUFA-111009/LUFA/Drivers/USB/Class/Common/HIDParser.c **** 					  NewReportItem.ItemType = HID_REPORT_ITEM_In;
 1306               		.loc 1 247 9 is_stmt 0 view .LVU265
 1307 0630 0038      		cpi r16,lo8(-128)
 1308 0632 01F0      		breq .L46
 249:../lufa-LUFA-111009/LUFA/Drivers/USB/Class/Common/HIDParser.c **** 					  NewReportItem.ItemType = HID_REPORT_ITEM_Out;
 1309               		.loc 1 249 11 is_stmt 1 view .LVU266
 249:../lufa-LUFA-111009/LUFA/Drivers/USB/Class/Common/HIDParser.c **** 					  NewReportItem.ItemType = HID_REPORT_ITEM_Out;
 1310               		.loc 1 249 14 is_stmt 0 view .LVU267
 1311 0634 E2E0      		ldi r30,lo8(2)
 1312 0636 0039      		cpi r16,lo8(-112)
 1313 0638 01F4      		brne .L46
 1314 063a E1E0      		ldi r30,lo8(1)
 1315               	.L46:
 248:../lufa-LUFA-111009/LUFA/Drivers/USB/Class/Common/HIDParser.c **** 					else if (ItemTypeTag == HID_RI_OUTPUT(0))
 1316               		.loc 1 248 31 view .LVU268
 1317 063c EBAF      		std Y+59,r30
 254:../lufa-LUFA-111009/LUFA/Drivers/USB/Class/Common/HIDParser.c **** 
 1318               		.loc 1 254 6 is_stmt 1 view .LVU269
 254:../lufa-LUFA-111009/LUFA/Drivers/USB/Class/Common/HIDParser.c **** 
 1319               		.loc 1 254 78 is_stmt 0 view .LVU270
 1320 063e F0E0      		ldi r31,0
 254:../lufa-LUFA-111009/LUFA/Drivers/USB/Class/Common/HIDParser.c **** 
 1321               		.loc 1 254 64 view .LVU271
 1322 0640 EE0F      		lsl r30
 1323 0642 FF1F      		rol r31
 1324 0644 ED96      		adiw r28,123-62
 1325 0646 2EAD      		ldd r18,Y+62
 1326 0648 3FAD      		ldd r19,Y+63
 1327 064a ED97      		sbiw r28,123-62
 1328 064c E20F      		add r30,r18
 1329 064e F31F      		adc r31,r19
 1330 0650 8181      		ldd r24,Z+1
 1331 0652 9281      		ldd r25,Z+2
 254:../lufa-LUFA-111009/LUFA/Drivers/USB/Class/Common/HIDParser.c **** 
 1332               		.loc 1 254 30 view .LVU272
 1333 0654 9AAF      		std Y+58,r25
 1334 0656 89AF      		std Y+57,r24
 256:../lufa-LUFA-111009/LUFA/Drivers/USB/Class/Common/HIDParser.c **** 
 1335               		.loc 1 256 6 is_stmt 1 view .LVU273
 256:../lufa-LUFA-111009/LUFA/Drivers/USB/Class/Common/HIDParser.c **** 
 1336               		.loc 1 256 92 is_stmt 0 view .LVU274
 1337 0658 E596      		adiw r28,115-62
 1338 065a AEAD      		ldd r26,Y+62
 1339 065c BFAD      		ldd r27,Y+63
 1340 065e E597      		sbiw r28,115-62
 1341 0660 2C91      		ld r18,X
 256:../lufa-LUFA-111009/LUFA/Drivers/USB/Class/Common/HIDParser.c **** 
 1342               		.loc 1 256 63 view .LVU275
 1343 0662 8181      		ldd r24,Z+1
 1344 0664 9281      		ldd r25,Z+2
 1345 0666 820F      		add r24,r18
 1346 0668 911D      		adc r25,__zero_reg__
 1347 066a 9283      		std Z+2,r25
 1348 066c 8183      		std Z+1,r24
 258:../lufa-LUFA-111009/LUFA/Drivers/USB/Class/Common/HIDParser.c **** 
 1349               		.loc 1 258 6 is_stmt 1 view .LVU276
 258:../lufa-LUFA-111009/LUFA/Drivers/USB/Class/Common/HIDParser.c **** 
 1350               		.loc 1 258 42 is_stmt 0 view .LVU277
 1351 066e EBAD      		ldd r30,Y+59
 1352 0670 F0E0      		ldi r31,0
 1353 0672 EE0F      		lsl r30
 1354 0674 FF1F      		rol r31
 1355 0676 ED96      		adiw r28,123-62
 1356 0678 2EAD      		ldd r18,Y+62
 1357 067a 3FAD      		ldd r19,Y+63
 1358 067c ED97      		sbiw r28,123-62
 1359 067e E20F      		add r30,r18
 1360 0680 F31F      		adc r31,r19
 1361 0682 C158      		subi r28,lo8(-127)
 1362 0684 DF4F      		sbci r29,hi8(-127)
 1363 0686 A881      		ld r26,Y
 1364 0688 B981      		ldd r27,Y+1
 1365 068a CF57      		subi r28,lo8(127)
 1366 068c D040      		sbci r29,hi8(127)
 1367 068e 2D91      		ld r18,X+
 1368 0690 3C91      		ld r19,X
 1369 0692 8181      		ldd r24,Z+1
 1370 0694 9281      		ldd r25,Z+2
 1371 0696 8217      		cp r24,r18
 1372 0698 9307      		cpc r25,r19
 1373 069a 00F4      		brsh .L47
 1374 069c C901      		movw r24,r18
 1375               	.L47:
 258:../lufa-LUFA-111009/LUFA/Drivers/USB/Class/Common/HIDParser.c **** 
 1376               		.loc 1 258 40 view .LVU278
 1377 069e C158      		subi r28,lo8(-127)
 1378 06a0 DF4F      		sbci r29,hi8(-127)
 1379 06a2 E881      		ld r30,Y
 1380 06a4 F981      		ldd r31,Y+1
 1381 06a6 CF57      		subi r28,lo8(127)
 1382 06a8 D040      		sbci r29,hi8(127)
 1383 06aa 9183      		std Z+1,r25
 1384 06ac 8083      		st Z,r24
 260:../lufa-LUFA-111009/LUFA/Drivers/USB/Class/Common/HIDParser.c **** 					  return HID_PARSE_InsufficientReportItems;
 1385               		.loc 1 260 6 is_stmt 1 view .LVU279
 260:../lufa-LUFA-111009/LUFA/Drivers/USB/Class/Common/HIDParser.c **** 					  return HID_PARSE_InsufficientReportItems;
 1386               		.loc 1 260 20 is_stmt 0 view .LVU280
 1387 06ae F101      		movw r30,r2
 1388 06b0 A081      		ld r26,Z
 260:../lufa-LUFA-111009/LUFA/Drivers/USB/Class/Common/HIDParser.c **** 					  return HID_PARSE_InsufficientReportItems;
 1389               		.loc 1 260 9 view .LVU281
 1390 06b2 A431      		cpi r26,lo8(20)
 1391 06b4 01F0      		breq .+2
 1392 06b6 00C0      		rjmp .L48
 261:../lufa-LUFA-111009/LUFA/Drivers/USB/Class/Common/HIDParser.c **** 
 1393               		.loc 1 261 8 is_stmt 1 view .LVU282
 261:../lufa-LUFA-111009/LUFA/Drivers/USB/Class/Common/HIDParser.c **** 
 1394               		.loc 1 261 15 is_stmt 0 view .LVU283
 1395 06b8 83E0      		ldi r24,lo8(3)
 1396               	.LVL98:
 1397               	.L1:
 1398               	/* epilogue start */
 261:../lufa-LUFA-111009/LUFA/Drivers/USB/Class/Common/HIDParser.c **** 
 1399               		.loc 1 261 15 view .LVU284
 1400               	.LBE8:
 1401               	.LBE14:
 1402               	.LBE16:
 282:../lufa-LUFA-111009/LUFA/Drivers/USB/Class/Common/HIDParser.c **** 	  return HID_PARSE_NoUnfilteredReportItems;
 283:../lufa-LUFA-111009/LUFA/Drivers/USB/Class/Common/HIDParser.c **** 
 284:../lufa-LUFA-111009/LUFA/Drivers/USB/Class/Common/HIDParser.c **** 	return HID_PARSE_Successful;
 285:../lufa-LUFA-111009/LUFA/Drivers/USB/Class/Common/HIDParser.c **** }
 1403               		.loc 1 285 1 view .LVU285
 1404 06ba CD57      		subi r28,125
 1405 06bc DF4F      		sbci r29,-1
 1406 06be 0FB6      		in __tmp_reg__,__SREG__
 1407 06c0 F894      		cli
 1408 06c2 DEBF      		out __SP_H__,r29
 1409 06c4 0FBE      		out __SREG__,__tmp_reg__
 1410 06c6 CDBF      		out __SP_L__,r28
 1411 06c8 DF91      		pop r29
 1412 06ca CF91      		pop r28
 1413 06cc 1F91      		pop r17
 1414 06ce 0F91      		pop r16
 1415 06d0 FF90      		pop r15
 1416 06d2 EF90      		pop r14
 1417 06d4 DF90      		pop r13
 1418 06d6 CF90      		pop r12
 1419 06d8 BF90      		pop r11
 1420 06da AF90      		pop r10
 1421 06dc 9F90      		pop r9
 1422 06de 8F90      		pop r8
 1423 06e0 7F90      		pop r7
 1424 06e2 6F90      		pop r6
 1425 06e4 5F90      		pop r5
 1426 06e6 4F90      		pop r4
 1427 06e8 3F90      		pop r3
 1428 06ea 2F90      		pop r2
 1429               	.LVL99:
 1430               		.loc 1 285 1 view .LVU286
 1431 06ec 0895      		ret
 1432               	.LVL100:
 1433               	.L57:
 1434               	.LBB17:
  80:../lufa-LUFA-111009/LUFA/Drivers/USB/Class/Common/HIDParser.c **** 		{
 1435               		.loc 1 80 3 view .LVU287
 1436 06ee 5301      		movw r10,r6
 1437 06f0 4201      		movw r8,r4
 1438 06f2 00C0      		rjmp .L2
 1439               	.LVL101:
 1440               	.L67:
 276:../lufa-LUFA-111009/LUFA/Drivers/USB/Class/Common/HIDParser.c **** 			UsageListSize       = 0;
 1441               		.loc 1 276 24 view .LVU288
 1442 06f4 812C      		mov r8,__zero_reg__
 1443 06f6 912C      		mov r9,__zero_reg__
 1444 06f8 5401      		movw r10,r8
 1445               	.LVL102:
 275:../lufa-LUFA-111009/LUFA/Drivers/USB/Class/Common/HIDParser.c **** 			UsageMinMax.Maximum = 0;
 1446               		.loc 1 275 24 view .LVU289
 1447 06fa C12C      		mov r12,__zero_reg__
 1448 06fc D12C      		mov r13,__zero_reg__
 1449 06fe 7601      		movw r14,r12
 1450 0700 00C0      		rjmp .L2
 1451               	.LVL103:
 1452               	.L61:
  84:../lufa-LUFA-111009/LUFA/Drivers/USB/Class/Common/HIDParser.c **** 
 1453               		.loc 1 84 14 view .LVU290
 1454 0702 81E0      		ldi r24,lo8(1)
 1455 0704 00C0      		rjmp .L1
 1456               	.L62:
  94:../lufa-LUFA-111009/LUFA/Drivers/USB/Class/Common/HIDParser.c **** 
 1457               		.loc 1 94 14 view .LVU291
 1458 0706 82E0      		ldi r24,lo8(2)
 1459 0708 00C0      		rjmp .L1
 1460               	.LVL104:
 1461               	.L64:
 147:../lufa-LUFA-111009/LUFA/Drivers/USB/Class/Common/HIDParser.c **** 
 1462               		.loc 1 147 16 view .LVU292
 1463 070a 87E0      		ldi r24,lo8(7)
 1464               	.LVL105:
 147:../lufa-LUFA-111009/LUFA/Drivers/USB/Class/Common/HIDParser.c **** 
 1465               		.loc 1 147 16 view .LVU293
 1466 070c 00C0      		rjmp .L1
 1467               	.LVL106:
 1468               	.L65:
 160:../lufa-LUFA-111009/LUFA/Drivers/USB/Class/Common/HIDParser.c **** 
 1469               		.loc 1 160 14 view .LVU294
 1470 070e 86E0      		ldi r24,lo8(6)
 1471 0710 00C0      		rjmp .L1
 1472               	.LVL107:
 1473               	.L66:
 1474               	.LBB15:
 184:../lufa-LUFA-111009/LUFA/Drivers/USB/Class/Common/HIDParser.c **** 
 1475               		.loc 1 184 16 view .LVU295
 1476 0712 85E0      		ldi r24,lo8(5)
 1477 0714 00C0      		rjmp .L1
 1478               	.LVL108:
 1479               	.L68:
 184:../lufa-LUFA-111009/LUFA/Drivers/USB/Class/Common/HIDParser.c **** 
 1480               		.loc 1 184 16 view .LVU296
 1481               	.LBE15:
 212:../lufa-LUFA-111009/LUFA/Drivers/USB/Class/Common/HIDParser.c **** 
 1482               		.loc 1 212 14 view .LVU297
 1483 0716 84E0      		ldi r24,lo8(4)
 1484 0718 00C0      		rjmp .L1
 1485               	.LBE17:
 1486               		.cfi_endproc
 1487               	.LFE20:
 1489               		.section	.text.USB_GetHIDReportItemInfo,"ax",@progbits
 1490               	.global	USB_GetHIDReportItemInfo
 1492               	USB_GetHIDReportItemInfo:
 1493               	.LVL109:
 1494               	.LFB21:
 286:../lufa-LUFA-111009/LUFA/Drivers/USB/Class/Common/HIDParser.c **** 
 287:../lufa-LUFA-111009/LUFA/Drivers/USB/Class/Common/HIDParser.c **** bool USB_GetHIDReportItemInfo(const uint8_t* ReportData,
 288:../lufa-LUFA-111009/LUFA/Drivers/USB/Class/Common/HIDParser.c ****                               HID_ReportItem_t* const ReportItem)
 289:../lufa-LUFA-111009/LUFA/Drivers/USB/Class/Common/HIDParser.c **** {
 1495               		.loc 1 289 1 is_stmt 1 view -0
 1496               		.cfi_startproc
 1497               		.loc 1 289 1 is_stmt 0 view .LVU299
 1498 0000 CF92      		push r12
 1499               	.LCFI20:
 1500               		.cfi_def_cfa_offset 3
 1501               		.cfi_offset 12, -2
 1502 0002 DF92      		push r13
 1503               	.LCFI21:
 1504               		.cfi_def_cfa_offset 4
 1505               		.cfi_offset 13, -3
 1506 0004 EF92      		push r14
 1507               	.LCFI22:
 1508               		.cfi_def_cfa_offset 5
 1509               		.cfi_offset 14, -4
 1510 0006 FF92      		push r15
 1511               	.LCFI23:
 1512               		.cfi_def_cfa_offset 6
 1513               		.cfi_offset 15, -5
 1514 0008 CF93      		push r28
 1515               	.LCFI24:
 1516               		.cfi_def_cfa_offset 7
 1517               		.cfi_offset 28, -6
 1518 000a DF93      		push r29
 1519               	.LCFI25:
 1520               		.cfi_def_cfa_offset 8
 1521               		.cfi_offset 29, -7
 1522               	/* prologue: function */
 1523               	/* frame size = 0 */
 1524               	/* stack size = 6 */
 1525               	.L__stack_usage = 6
 1526 000c DC01      		movw r26,r24
 1527 000e FB01      		movw r30,r22
 290:../lufa-LUFA-111009/LUFA/Drivers/USB/Class/Common/HIDParser.c **** 	if (ReportItem == NULL)
 1528               		.loc 1 290 2 is_stmt 1 view .LVU300
 1529               		.loc 1 290 5 is_stmt 0 view .LVU301
 1530 0010 3097      		sbiw r30,0
 1531 0012 01F4      		brne .+2
 1532 0014 00C0      		rjmp .L90
 291:../lufa-LUFA-111009/LUFA/Drivers/USB/Class/Common/HIDParser.c **** 	  return false;
 292:../lufa-LUFA-111009/LUFA/Drivers/USB/Class/Common/HIDParser.c **** 
 293:../lufa-LUFA-111009/LUFA/Drivers/USB/Class/Common/HIDParser.c **** 	uint16_t DataBitsRem  = ReportItem->Attributes.BitSize;
 1533               		.loc 1 293 2 is_stmt 1 view .LVU302
 1534               		.loc 1 293 11 is_stmt 0 view .LVU303
 1535 0016 2085      		ldd r18,Z+8
 1536 0018 30E0      		ldi r19,0
 1537               	.LVL110:
 294:../lufa-LUFA-111009/LUFA/Drivers/USB/Class/Common/HIDParser.c **** 	uint16_t CurrentBit   = ReportItem->BitOffset;
 1538               		.loc 1 294 2 is_stmt 1 view .LVU304
 295:../lufa-LUFA-111009/LUFA/Drivers/USB/Class/Common/HIDParser.c **** 	uint32_t BitMask      = (1 << 0);
 1539               		.loc 1 295 2 view .LVU305
 296:../lufa-LUFA-111009/LUFA/Drivers/USB/Class/Common/HIDParser.c **** 
 297:../lufa-LUFA-111009/LUFA/Drivers/USB/Class/Common/HIDParser.c **** 	if (ReportItem->ReportID)
 1540               		.loc 1 297 2 view .LVU306
 1541               		.loc 1 297 16 is_stmt 0 view .LVU307
 1542 001a 8581      		ldd r24,Z+5
 1543               	.LVL111:
 1544               		.loc 1 297 5 view .LVU308
 1545 001c 8115      		cp r24, __zero_reg__
 1546 001e 01F0      		breq .L85
 298:../lufa-LUFA-111009/LUFA/Drivers/USB/Class/Common/HIDParser.c **** 	{
 299:../lufa-LUFA-111009/LUFA/Drivers/USB/Class/Common/HIDParser.c **** 		if (ReportItem->ReportID != ReportData[0])
 1547               		.loc 1 299 3 is_stmt 1 view .LVU309
 1548               		.loc 1 299 6 is_stmt 0 view .LVU310
 1549 0020 9C91      		ld r25,X
 1550 0022 8913      		cpse r24,r25
 1551 0024 00C0      		rjmp .L90
 300:../lufa-LUFA-111009/LUFA/Drivers/USB/Class/Common/HIDParser.c **** 		  return false;
 301:../lufa-LUFA-111009/LUFA/Drivers/USB/Class/Common/HIDParser.c **** 
 302:../lufa-LUFA-111009/LUFA/Drivers/USB/Class/Common/HIDParser.c **** 		ReportData++;
 1552               		.loc 1 302 3 is_stmt 1 view .LVU311
 1553               		.loc 1 302 13 is_stmt 0 view .LVU312
 1554 0026 1196      		adiw r26,1
 1555               	.LVL112:
 1556               	.L85:
 294:../lufa-LUFA-111009/LUFA/Drivers/USB/Class/Common/HIDParser.c **** 	uint32_t BitMask      = (1 << 0);
 1557               		.loc 1 294 11 view .LVU313
 1558 0028 8081      		ld r24,Z
 1559 002a 9181      		ldd r25,Z+1
 303:../lufa-LUFA-111009/LUFA/Drivers/USB/Class/Common/HIDParser.c **** 	}
 304:../lufa-LUFA-111009/LUFA/Drivers/USB/Class/Common/HIDParser.c **** 
 305:../lufa-LUFA-111009/LUFA/Drivers/USB/Class/Common/HIDParser.c **** 	ReportItem->PreviousValue = ReportItem->Value;
 1560               		.loc 1 305 2 is_stmt 1 view .LVU314
 1561               		.loc 1 305 28 is_stmt 0 view .LVU315
 1562 002c 42A1      		ldd r20,Z+34
 1563 002e 53A1      		ldd r21,Z+35
 1564 0030 64A1      		ldd r22,Z+36
 1565 0032 75A1      		ldd r23,Z+37
 1566 0034 46A3      		std Z+38,r20
 1567 0036 57A3      		std Z+39,r21
 1568 0038 60A7      		std Z+40,r22
 1569 003a 71A7      		std Z+41,r23
 306:../lufa-LUFA-111009/LUFA/Drivers/USB/Class/Common/HIDParser.c **** 	ReportItem->Value = 0;
 1570               		.loc 1 306 2 is_stmt 1 view .LVU316
 1571               		.loc 1 306 20 is_stmt 0 view .LVU317
 1572 003c 12A2      		std Z+34,__zero_reg__
 1573 003e 13A2      		std Z+35,__zero_reg__
 1574 0040 14A2      		std Z+36,__zero_reg__
 1575 0042 15A2      		std Z+37,__zero_reg__
 307:../lufa-LUFA-111009/LUFA/Drivers/USB/Class/Common/HIDParser.c **** 
 308:../lufa-LUFA-111009/LUFA/Drivers/USB/Class/Common/HIDParser.c **** 	while (DataBitsRem--)
 1576               		.loc 1 308 2 is_stmt 1 view .LVU318
 1577 0044 280F      		add r18,r24
 1578 0046 391F      		adc r19,r25
 1579               	.LVL113:
 295:../lufa-LUFA-111009/LUFA/Drivers/USB/Class/Common/HIDParser.c **** 
 1580               		.loc 1 295 11 is_stmt 0 view .LVU319
 1581 0048 C12C      		mov r12,__zero_reg__
 1582 004a D12C      		mov r13,__zero_reg__
 1583 004c 7601      		movw r14,r12
 1584 004e C394      		inc r12
 1585               	.LVL114:
 1586               	.L86:
 1587               		.loc 1 308 9 is_stmt 1 view .LVU320
 1588               		.loc 1 308 9 is_stmt 0 view .LVU321
 1589 0050 8217      		cp r24,r18
 1590 0052 9307      		cpc r25,r19
 1591 0054 01F4      		brne .L88
 309:../lufa-LUFA-111009/LUFA/Drivers/USB/Class/Common/HIDParser.c **** 	{
 310:../lufa-LUFA-111009/LUFA/Drivers/USB/Class/Common/HIDParser.c **** 		if (ReportData[CurrentBit / 8] & (1 << (CurrentBit % 8)))
 311:../lufa-LUFA-111009/LUFA/Drivers/USB/Class/Common/HIDParser.c **** 		  ReportItem->Value |= BitMask;
 312:../lufa-LUFA-111009/LUFA/Drivers/USB/Class/Common/HIDParser.c **** 
 313:../lufa-LUFA-111009/LUFA/Drivers/USB/Class/Common/HIDParser.c **** 		CurrentBit++;
 314:../lufa-LUFA-111009/LUFA/Drivers/USB/Class/Common/HIDParser.c **** 		BitMask <<= 1;
 315:../lufa-LUFA-111009/LUFA/Drivers/USB/Class/Common/HIDParser.c **** 	}
 316:../lufa-LUFA-111009/LUFA/Drivers/USB/Class/Common/HIDParser.c **** 
 317:../lufa-LUFA-111009/LUFA/Drivers/USB/Class/Common/HIDParser.c **** 	return true;
 1592               		.loc 1 317 9 view .LVU322
 1593 0056 81E0      		ldi r24,lo8(1)
 1594               	.LVL115:
 1595               	.L83:
 1596               	/* epilogue start */
 318:../lufa-LUFA-111009/LUFA/Drivers/USB/Class/Common/HIDParser.c **** }
 1597               		.loc 1 318 1 view .LVU323
 1598 0058 DF91      		pop r29
 1599 005a CF91      		pop r28
 1600 005c FF90      		pop r15
 1601 005e EF90      		pop r14
 1602 0060 DF90      		pop r13
 1603 0062 CF90      		pop r12
 1604 0064 0895      		ret
 1605               	.LVL116:
 1606               	.L88:
 310:../lufa-LUFA-111009/LUFA/Drivers/USB/Class/Common/HIDParser.c **** 		  ReportItem->Value |= BitMask;
 1607               		.loc 1 310 3 is_stmt 1 view .LVU324
 310:../lufa-LUFA-111009/LUFA/Drivers/USB/Class/Common/HIDParser.c **** 		  ReportItem->Value |= BitMask;
 1608               		.loc 1 310 29 is_stmt 0 view .LVU325
 1609 0066 EC01      		movw r28,r24
 1610 0068 53E0      		ldi r21,3
 1611               		1:
 1612 006a D695      		lsr r29
 1613 006c C795      		ror r28
 1614 006e 5A95      		dec r21
 1615 0070 01F4      		brne 1b
 310:../lufa-LUFA-111009/LUFA/Drivers/USB/Class/Common/HIDParser.c **** 		  ReportItem->Value |= BitMask;
 1616               		.loc 1 310 17 view .LVU326
 1617 0072 CA0F      		add r28,r26
 1618 0074 DB1F      		adc r29,r27
 1619 0076 4881      		ld r20,Y
 1620 0078 50E0      		ldi r21,0
 310:../lufa-LUFA-111009/LUFA/Drivers/USB/Class/Common/HIDParser.c **** 		  ReportItem->Value |= BitMask;
 1621               		.loc 1 310 54 view .LVU327
 1622 007a BC01      		movw r22,r24
 1623 007c 6770      		andi r22,7
 1624 007e 7727      		clr r23
 310:../lufa-LUFA-111009/LUFA/Drivers/USB/Class/Common/HIDParser.c **** 		  ReportItem->Value |= BitMask;
 1625               		.loc 1 310 7 view .LVU328
 1626 0080 00C0      		rjmp 2f
 1627               		1:
 1628 0082 5595      		asr r21
 1629 0084 4795      		ror r20
 1630               		2:
 1631 0086 6A95      		dec r22
 1632 0088 02F4      		brpl 1b
 310:../lufa-LUFA-111009/LUFA/Drivers/USB/Class/Common/HIDParser.c **** 		  ReportItem->Value |= BitMask;
 1633               		.loc 1 310 6 view .LVU329
 1634 008a 40FF      		sbrs r20,0
 1635 008c 00C0      		rjmp .L87
 311:../lufa-LUFA-111009/LUFA/Drivers/USB/Class/Common/HIDParser.c **** 
 1636               		.loc 1 311 5 is_stmt 1 view .LVU330
 311:../lufa-LUFA-111009/LUFA/Drivers/USB/Class/Common/HIDParser.c **** 
 1637               		.loc 1 311 23 is_stmt 0 view .LVU331
 1638 008e 42A1      		ldd r20,Z+34
 1639 0090 53A1      		ldd r21,Z+35
 1640 0092 64A1      		ldd r22,Z+36
 1641 0094 75A1      		ldd r23,Z+37
 1642 0096 4C29      		or r20,r12
 1643 0098 5D29      		or r21,r13
 1644 009a 6E29      		or r22,r14
 1645 009c 7F29      		or r23,r15
 1646 009e 42A3      		std Z+34,r20
 1647 00a0 53A3      		std Z+35,r21
 1648 00a2 64A3      		std Z+36,r22
 1649 00a4 75A3      		std Z+37,r23
 1650               	.L87:
 313:../lufa-LUFA-111009/LUFA/Drivers/USB/Class/Common/HIDParser.c **** 		BitMask <<= 1;
 1651               		.loc 1 313 3 is_stmt 1 view .LVU332
 313:../lufa-LUFA-111009/LUFA/Drivers/USB/Class/Common/HIDParser.c **** 		BitMask <<= 1;
 1652               		.loc 1 313 13 is_stmt 0 view .LVU333
 1653 00a6 0196      		adiw r24,1
 1654               	.LVL117:
 314:../lufa-LUFA-111009/LUFA/Drivers/USB/Class/Common/HIDParser.c **** 	}
 1655               		.loc 1 314 3 is_stmt 1 view .LVU334
 314:../lufa-LUFA-111009/LUFA/Drivers/USB/Class/Common/HIDParser.c **** 	}
 1656               		.loc 1 314 11 is_stmt 0 view .LVU335
 1657 00a8 CC0C      		lsl r12
 1658 00aa DD1C      		rol r13
 1659 00ac EE1C      		rol r14
 1660 00ae FF1C      		rol r15
 1661               	.LVL118:
 314:../lufa-LUFA-111009/LUFA/Drivers/USB/Class/Common/HIDParser.c **** 	}
 1662               		.loc 1 314 11 view .LVU336
 1663 00b0 00C0      		rjmp .L86
 1664               	.LVL119:
 1665               	.L90:
 291:../lufa-LUFA-111009/LUFA/Drivers/USB/Class/Common/HIDParser.c **** 
 1666               		.loc 1 291 11 view .LVU337
 1667 00b2 80E0      		ldi r24,0
 1668 00b4 00C0      		rjmp .L83
 1669               		.cfi_endproc
 1670               	.LFE21:
 1672               		.section	.text.USB_SetHIDReportItemInfo,"ax",@progbits
 1673               	.global	USB_SetHIDReportItemInfo
 1675               	USB_SetHIDReportItemInfo:
 1676               	.LVL120:
 1677               	.LFB22:
 319:../lufa-LUFA-111009/LUFA/Drivers/USB/Class/Common/HIDParser.c **** 
 320:../lufa-LUFA-111009/LUFA/Drivers/USB/Class/Common/HIDParser.c **** void USB_SetHIDReportItemInfo(uint8_t* ReportData,
 321:../lufa-LUFA-111009/LUFA/Drivers/USB/Class/Common/HIDParser.c ****                               HID_ReportItem_t* const ReportItem)
 322:../lufa-LUFA-111009/LUFA/Drivers/USB/Class/Common/HIDParser.c **** {
 1678               		.loc 1 322 1 is_stmt 1 view -0
 1679               		.cfi_startproc
 1680               		.loc 1 322 1 is_stmt 0 view .LVU339
 1681 0000 8F92      		push r8
 1682               	.LCFI26:
 1683               		.cfi_def_cfa_offset 3
 1684               		.cfi_offset 8, -2
 1685 0002 9F92      		push r9
 1686               	.LCFI27:
 1687               		.cfi_def_cfa_offset 4
 1688               		.cfi_offset 9, -3
 1689 0004 AF92      		push r10
 1690               	.LCFI28:
 1691               		.cfi_def_cfa_offset 5
 1692               		.cfi_offset 10, -4
 1693 0006 BF92      		push r11
 1694               	.LCFI29:
 1695               		.cfi_def_cfa_offset 6
 1696               		.cfi_offset 11, -5
 1697 0008 CF92      		push r12
 1698               	.LCFI30:
 1699               		.cfi_def_cfa_offset 7
 1700               		.cfi_offset 12, -6
 1701 000a DF92      		push r13
 1702               	.LCFI31:
 1703               		.cfi_def_cfa_offset 8
 1704               		.cfi_offset 13, -7
 1705 000c EF92      		push r14
 1706               	.LCFI32:
 1707               		.cfi_def_cfa_offset 9
 1708               		.cfi_offset 14, -8
 1709 000e FF92      		push r15
 1710               	.LCFI33:
 1711               		.cfi_def_cfa_offset 10
 1712               		.cfi_offset 15, -9
 1713 0010 CF93      		push r28
 1714               	.LCFI34:
 1715               		.cfi_def_cfa_offset 11
 1716               		.cfi_offset 28, -10
 1717 0012 DF93      		push r29
 1718               	.LCFI35:
 1719               		.cfi_def_cfa_offset 12
 1720               		.cfi_offset 29, -11
 1721               	/* prologue: function */
 1722               	/* frame size = 0 */
 1723               	/* stack size = 10 */
 1724               	.L__stack_usage = 10
 1725 0014 EC01      		movw r28,r24
 1726 0016 FB01      		movw r30,r22
 323:../lufa-LUFA-111009/LUFA/Drivers/USB/Class/Common/HIDParser.c **** 	if (ReportItem == NULL)
 1727               		.loc 1 323 2 is_stmt 1 view .LVU340
 1728               		.loc 1 323 5 is_stmt 0 view .LVU341
 1729 0018 3097      		sbiw r30,0
 1730 001a 01F0      		breq .L97
 324:../lufa-LUFA-111009/LUFA/Drivers/USB/Class/Common/HIDParser.c **** 	  return;
 325:../lufa-LUFA-111009/LUFA/Drivers/USB/Class/Common/HIDParser.c **** 
 326:../lufa-LUFA-111009/LUFA/Drivers/USB/Class/Common/HIDParser.c **** 	uint16_t DataBitsRem  = ReportItem->Attributes.BitSize;
 1731               		.loc 1 326 2 is_stmt 1 view .LVU342
 1732               		.loc 1 326 11 is_stmt 0 view .LVU343
 1733 001c 4085      		ldd r20,Z+8
 1734 001e 50E0      		ldi r21,0
 1735               	.LVL121:
 327:../lufa-LUFA-111009/LUFA/Drivers/USB/Class/Common/HIDParser.c **** 	uint16_t CurrentBit   = ReportItem->BitOffset;
 1736               		.loc 1 327 2 is_stmt 1 view .LVU344
 1737               		.loc 1 327 11 is_stmt 0 view .LVU345
 1738 0020 2081      		ld r18,Z
 1739 0022 3181      		ldd r19,Z+1
 1740               	.LVL122:
 328:../lufa-LUFA-111009/LUFA/Drivers/USB/Class/Common/HIDParser.c **** 	uint32_t BitMask      = (1 << 0);
 1741               		.loc 1 328 2 is_stmt 1 view .LVU346
 329:../lufa-LUFA-111009/LUFA/Drivers/USB/Class/Common/HIDParser.c **** 
 330:../lufa-LUFA-111009/LUFA/Drivers/USB/Class/Common/HIDParser.c **** 	if (ReportItem->ReportID)
 1742               		.loc 1 330 2 view .LVU347
 1743               		.loc 1 330 16 is_stmt 0 view .LVU348
 1744 0024 8581      		ldd r24,Z+5
 1745               	.LVL123:
 1746               		.loc 1 330 5 view .LVU349
 1747 0026 8111      		cpse r24,__zero_reg__
 331:../lufa-LUFA-111009/LUFA/Drivers/USB/Class/Common/HIDParser.c **** 	{
 332:../lufa-LUFA-111009/LUFA/Drivers/USB/Class/Common/HIDParser.c **** 		ReportData[0] = ReportItem->ReportID;
 1748               		.loc 1 332 3 is_stmt 1 view .LVU350
 1749               		.loc 1 332 17 is_stmt 0 view .LVU351
 1750 0028 8993      		st Y+,r24
 1751               	.LVL124:
 333:../lufa-LUFA-111009/LUFA/Drivers/USB/Class/Common/HIDParser.c **** 		ReportData++;
 1752               		.loc 1 333 3 is_stmt 1 view .LVU352
 1753               	.L99:
 334:../lufa-LUFA-111009/LUFA/Drivers/USB/Class/Common/HIDParser.c **** 	}
 335:../lufa-LUFA-111009/LUFA/Drivers/USB/Class/Common/HIDParser.c **** 
 336:../lufa-LUFA-111009/LUFA/Drivers/USB/Class/Common/HIDParser.c **** 	ReportItem->PreviousValue = ReportItem->Value;
 1754               		.loc 1 336 2 view .LVU353
 1755               		.loc 1 336 28 is_stmt 0 view .LVU354
 1756 002a 82A1      		ldd r24,Z+34
 1757 002c 93A1      		ldd r25,Z+35
 1758 002e A4A1      		ldd r26,Z+36
 1759 0030 B5A1      		ldd r27,Z+37
 1760 0032 86A3      		std Z+38,r24
 1761 0034 97A3      		std Z+39,r25
 1762 0036 A0A7      		std Z+40,r26
 1763 0038 B1A7      		std Z+41,r27
 337:../lufa-LUFA-111009/LUFA/Drivers/USB/Class/Common/HIDParser.c **** 
 338:../lufa-LUFA-111009/LUFA/Drivers/USB/Class/Common/HIDParser.c **** 	while (DataBitsRem--)
 1764               		.loc 1 338 2 is_stmt 1 view .LVU355
 1765 003a 420F      		add r20,r18
 1766 003c 531F      		adc r21,r19
 1767               	.LVL125:
 328:../lufa-LUFA-111009/LUFA/Drivers/USB/Class/Common/HIDParser.c **** 
 1768               		.loc 1 328 11 is_stmt 0 view .LVU356
 1769 003e C12C      		mov r12,__zero_reg__
 1770 0040 D12C      		mov r13,__zero_reg__
 1771 0042 7601      		movw r14,r12
 1772 0044 C394      		inc r12
 1773               	.LVL126:
 339:../lufa-LUFA-111009/LUFA/Drivers/USB/Class/Common/HIDParser.c **** 	{
 340:../lufa-LUFA-111009/LUFA/Drivers/USB/Class/Common/HIDParser.c **** 		if (ReportItem->Value & (1 << (CurrentBit % 8)))
 1774               		.loc 1 340 30 view .LVU357
 1775 0046 61E0      		ldi r22,lo8(1)
 1776 0048 70E0      		ldi r23,0
 1777               	.LVL127:
 1778               	.L100:
 338:../lufa-LUFA-111009/LUFA/Drivers/USB/Class/Common/HIDParser.c **** 	{
 1779               		.loc 1 338 9 is_stmt 1 view .LVU358
 338:../lufa-LUFA-111009/LUFA/Drivers/USB/Class/Common/HIDParser.c **** 	{
 1780               		.loc 1 338 9 is_stmt 0 view .LVU359
 1781 004a 2417      		cp r18,r20
 1782 004c 3507      		cpc r19,r21
 1783 004e 01F4      		brne .L102
 1784               	.LVL128:
 1785               	.L97:
 1786               	/* epilogue start */
 341:../lufa-LUFA-111009/LUFA/Drivers/USB/Class/Common/HIDParser.c **** 		  ReportData[CurrentBit / 8] |= BitMask;
 342:../lufa-LUFA-111009/LUFA/Drivers/USB/Class/Common/HIDParser.c **** 
 343:../lufa-LUFA-111009/LUFA/Drivers/USB/Class/Common/HIDParser.c **** 		CurrentBit++;
 344:../lufa-LUFA-111009/LUFA/Drivers/USB/Class/Common/HIDParser.c **** 		BitMask <<= 1;
 345:../lufa-LUFA-111009/LUFA/Drivers/USB/Class/Common/HIDParser.c **** 	}
 346:../lufa-LUFA-111009/LUFA/Drivers/USB/Class/Common/HIDParser.c **** }
 1787               		.loc 1 346 1 view .LVU360
 1788 0050 DF91      		pop r29
 1789 0052 CF91      		pop r28
 1790               	.LVL129:
 1791               		.loc 1 346 1 view .LVU361
 1792 0054 FF90      		pop r15
 1793 0056 EF90      		pop r14
 1794 0058 DF90      		pop r13
 1795 005a CF90      		pop r12
 1796 005c BF90      		pop r11
 1797 005e AF90      		pop r10
 1798 0060 9F90      		pop r9
 1799 0062 8F90      		pop r8
 1800 0064 0895      		ret
 1801               	.LVL130:
 1802               	.L102:
 340:../lufa-LUFA-111009/LUFA/Drivers/USB/Class/Common/HIDParser.c **** 		  ReportData[CurrentBit / 8] |= BitMask;
 1803               		.loc 1 340 3 is_stmt 1 view .LVU362
 340:../lufa-LUFA-111009/LUFA/Drivers/USB/Class/Common/HIDParser.c **** 		  ReportData[CurrentBit / 8] |= BitMask;
 1804               		.loc 1 340 45 is_stmt 0 view .LVU363
 1805 0066 C901      		movw r24,r18
 1806 0068 8770      		andi r24,7
 1807 006a 9927      		clr r25
 340:../lufa-LUFA-111009/LUFA/Drivers/USB/Class/Common/HIDParser.c **** 		  ReportData[CurrentBit / 8] |= BitMask;
 1808               		.loc 1 340 30 view .LVU364
 1809 006c DB01      		movw r26,r22
 1810 006e 00C0      		rjmp 2f
 1811               		1:
 1812 0070 AA0F      		lsl r26
 1813 0072 BB1F      		rol r27
 1814               		2:
 1815 0074 8A95      		dec r24
 1816 0076 02F4      		brpl 1b
 1817 0078 CD01      		movw r24,r26
 1818 007a 092E      		mov __tmp_reg__,r25
 1819 007c 000C      		lsl r0
 1820 007e AA0B      		sbc r26,r26
 1821 0080 BB0B      		sbc r27,r27
 340:../lufa-LUFA-111009/LUFA/Drivers/USB/Class/Common/HIDParser.c **** 		  ReportData[CurrentBit / 8] |= BitMask;
 1822               		.loc 1 340 25 view .LVU365
 1823 0082 82A0      		ldd r8,Z+34
 1824 0084 93A0      		ldd r9,Z+35
 1825 0086 A4A0      		ldd r10,Z+36
 1826 0088 B5A0      		ldd r11,Z+37
 1827 008a 8821      		and r24,r8
 1828 008c 9921      		and r25,r9
 1829 008e AA21      		and r26,r10
 1830 0090 BB21      		and r27,r11
 340:../lufa-LUFA-111009/LUFA/Drivers/USB/Class/Common/HIDParser.c **** 		  ReportData[CurrentBit / 8] |= BitMask;
 1831               		.loc 1 340 6 view .LVU366
 1832 0092 892B      		or r24,r25
 1833 0094 8A2B      		or r24,r26
 1834 0096 8B2B      		or r24,r27
 1835 0098 01F0      		breq .L101
 341:../lufa-LUFA-111009/LUFA/Drivers/USB/Class/Common/HIDParser.c **** 		  ReportData[CurrentBit / 8] |= BitMask;
 1836               		.loc 1 341 5 is_stmt 1 view .LVU367
 341:../lufa-LUFA-111009/LUFA/Drivers/USB/Class/Common/HIDParser.c **** 		  ReportData[CurrentBit / 8] |= BitMask;
 1837               		.loc 1 341 27 is_stmt 0 view .LVU368
 1838 009a D901      		movw r26,r18
 1839 009c 93E0      		ldi r25,3
 1840               		1:
 1841 009e B695      		lsr r27
 1842 00a0 A795      		ror r26
 1843 00a2 9A95      		dec r25
 1844 00a4 01F4      		brne 1b
 341:../lufa-LUFA-111009/LUFA/Drivers/USB/Class/Common/HIDParser.c **** 		  ReportData[CurrentBit / 8] |= BitMask;
 1845               		.loc 1 341 15 view .LVU369
 1846 00a6 AC0F      		add r26,r28
 1847 00a8 BD1F      		adc r27,r29
 341:../lufa-LUFA-111009/LUFA/Drivers/USB/Class/Common/HIDParser.c **** 		  ReportData[CurrentBit / 8] |= BitMask;
 1848               		.loc 1 341 32 view .LVU370
 1849 00aa 8C91      		ld r24,X
 1850 00ac 8C29      		or r24,r12
 1851 00ae 8C93      		st X,r24
 1852               	.L101:
 343:../lufa-LUFA-111009/LUFA/Drivers/USB/Class/Common/HIDParser.c **** 		BitMask <<= 1;
 1853               		.loc 1 343 3 is_stmt 1 view .LVU371
 343:../lufa-LUFA-111009/LUFA/Drivers/USB/Class/Common/HIDParser.c **** 		BitMask <<= 1;
 1854               		.loc 1 343 13 is_stmt 0 view .LVU372
 1855 00b0 2F5F      		subi r18,-1
 1856 00b2 3F4F      		sbci r19,-1
 1857               	.LVL131:
 344:../lufa-LUFA-111009/LUFA/Drivers/USB/Class/Common/HIDParser.c **** 	}
 1858               		.loc 1 344 3 is_stmt 1 view .LVU373
 344:../lufa-LUFA-111009/LUFA/Drivers/USB/Class/Common/HIDParser.c **** 	}
 1859               		.loc 1 344 11 is_stmt 0 view .LVU374
 1860 00b4 CC0C      		lsl r12
 1861 00b6 DD1C      		rol r13
 1862 00b8 EE1C      		rol r14
 1863 00ba FF1C      		rol r15
 1864               	.LVL132:
 344:../lufa-LUFA-111009/LUFA/Drivers/USB/Class/Common/HIDParser.c **** 	}
 1865               		.loc 1 344 11 view .LVU375
 1866 00bc 00C0      		rjmp .L100
 1867               		.cfi_endproc
 1868               	.LFE22:
 1870               		.section	.text.USB_GetHIDReportSize,"ax",@progbits
 1871               	.global	USB_GetHIDReportSize
 1873               	USB_GetHIDReportSize:
 1874               	.LVL133:
 1875               	.LFB23:
 347:../lufa-LUFA-111009/LUFA/Drivers/USB/Class/Common/HIDParser.c **** 
 348:../lufa-LUFA-111009/LUFA/Drivers/USB/Class/Common/HIDParser.c **** uint16_t USB_GetHIDReportSize(HID_ReportInfo_t* const ParserData,
 349:../lufa-LUFA-111009/LUFA/Drivers/USB/Class/Common/HIDParser.c ****                               const uint8_t ReportID,
 350:../lufa-LUFA-111009/LUFA/Drivers/USB/Class/Common/HIDParser.c ****                               const uint8_t ReportType)
 351:../lufa-LUFA-111009/LUFA/Drivers/USB/Class/Common/HIDParser.c **** {
 1876               		.loc 1 351 1 is_stmt 1 view -0
 1877               		.cfi_startproc
 1878               	/* prologue: function */
 1879               	/* frame size = 0 */
 1880               	/* stack size = 0 */
 1881               	.L__stack_usage = 0
 1882               		.loc 1 351 1 is_stmt 0 view .LVU377
 1883 0000 9C01      		movw r18,r24
 352:../lufa-LUFA-111009/LUFA/Drivers/USB/Class/Common/HIDParser.c **** 	for (uint8_t i = 0; i < HID_MAX_REPORT_IDS; i++)
 1884               		.loc 1 352 2 is_stmt 1 view .LVU378
 1885               	.LBB18:
 1886               		.loc 1 352 7 view .LVU379
 1887               	.LVL134:
 1888               		.loc 1 352 24 view .LVU380
 1889 0002 FC01      		movw r30,r24
 1890 0004 E057      		subi r30,112
 1891 0006 FC4F      		sbci r31,-4
 1892               	.LBE18:
 351:../lufa-LUFA-111009/LUFA/Drivers/USB/Class/Common/HIDParser.c **** 	for (uint8_t i = 0; i < HID_MAX_REPORT_IDS; i++)
 1893               		.loc 1 351 1 is_stmt 0 view .LVU381
 1894 0008 80E0      		ldi r24,0
 1895 000a 90E0      		ldi r25,0
 1896               	.LVL135:
 1897               	.L114:
 1898               	.LBB20:
 1899               	.LBB19:
 353:../lufa-LUFA-111009/LUFA/Drivers/USB/Class/Common/HIDParser.c **** 	{
 354:../lufa-LUFA-111009/LUFA/Drivers/USB/Class/Common/HIDParser.c **** 		uint16_t ReportSizeBits = ParserData->ReportIDSizes[i].ReportSizeBits[ReportType];
 1900               		.loc 1 354 3 is_stmt 1 view .LVU382
 355:../lufa-LUFA-111009/LUFA/Drivers/USB/Class/Common/HIDParser.c **** 
 356:../lufa-LUFA-111009/LUFA/Drivers/USB/Class/Common/HIDParser.c **** 		if (ParserData->ReportIDSizes[i].ReportID == ReportID)
 1901               		.loc 1 356 3 view .LVU383
 1902               		.loc 1 356 6 is_stmt 0 view .LVU384
 1903 000c 5081      		ld r21,Z
 1904 000e 5613      		cpse r21,r22
 1905 0010 00C0      		rjmp .L111
 354:../lufa-LUFA-111009/LUFA/Drivers/USB/Class/Common/HIDParser.c **** 
 1906               		.loc 1 354 72 view .LVU385
 1907 0012 E42F      		mov r30,r20
 1908 0014 F0E0      		ldi r31,0
 354:../lufa-LUFA-111009/LUFA/Drivers/USB/Class/Common/HIDParser.c **** 
 1909               		.loc 1 354 12 view .LVU386
 1910 0016 EE0F      		lsl r30
 1911 0018 FF1F      		rol r31
 1912 001a 67E0      		ldi r22,lo8(7)
 1913               	.LVL136:
 354:../lufa-LUFA-111009/LUFA/Drivers/USB/Class/Common/HIDParser.c **** 
 1914               		.loc 1 354 12 view .LVU387
 1915 001c 689F      		mul r22,r24
 1916 001e A001      		movw r20,r0
 1917 0020 699F      		mul r22,r25
 1918 0022 500D      		add r21,r0
 1919 0024 1124      		clr __zero_reg__
 1920               	.LVL137:
 354:../lufa-LUFA-111009/LUFA/Drivers/USB/Class/Common/HIDParser.c **** 
 1921               		.loc 1 354 12 view .LVU388
 1922 0026 E40F      		add r30,r20
 1923 0028 F51F      		adc r31,r21
 1924 002a E20F      		add r30,r18
 1925 002c F31F      		adc r31,r19
 1926 002e EF56      		subi r30,111
 1927 0030 FC4F      		sbci r31,-4
 1928 0032 8081      		ld r24,Z
 1929 0034 9181      		ldd r25,Z+1
 1930               	.LVL138:
 357:../lufa-LUFA-111009/LUFA/Drivers/USB/Class/Common/HIDParser.c **** 		  return (ReportSizeBits / 8) + ((ReportSizeBits % 8) ? 1 : 0);
 1931               		.loc 1 357 5 is_stmt 1 view .LVU389
 1932               		.loc 1 357 52 is_stmt 0 view .LVU390
 1933 0036 AC01      		movw r20,r24
 1934 0038 4770      		andi r20,7
 1935 003a 5527      		clr r21
 1936               		.loc 1 357 61 view .LVU391
 1937 003c 21E0      		ldi r18,lo8(1)
 1938 003e 30E0      		ldi r19,0
 1939               	.LVL139:
 1940               		.loc 1 357 61 view .LVU392
 1941 0040 452B      		or r20,r21
 1942 0042 01F4      		brne .L112
 1943 0044 20E0      		ldi r18,0
 1944 0046 30E0      		ldi r19,0
 1945               	.L112:
 1946               		.loc 1 357 28 view .LVU393
 1947 0048 43E0      		ldi r20,3
 1948               		1:
 1949 004a 9695      		lsr r25
 1950 004c 8795      		ror r24
 1951 004e 4A95      		dec r20
 1952 0050 01F4      		brne 1b
 1953               		.loc 1 357 33 view .LVU394
 1954 0052 820F      		add r24,r18
 1955 0054 931F      		adc r25,r19
 1956 0056 0895      		ret
 1957               	.LVL140:
 1958               	.L111:
 1959               		.loc 1 357 33 view .LVU395
 1960               	.LBE19:
 352:../lufa-LUFA-111009/LUFA/Drivers/USB/Class/Common/HIDParser.c **** 	{
 1961               		.loc 1 352 47 is_stmt 1 discriminator 2 view .LVU396
 352:../lufa-LUFA-111009/LUFA/Drivers/USB/Class/Common/HIDParser.c **** 	{
 1962               		.loc 1 352 24 discriminator 2 view .LVU397
 1963 0058 0196      		adiw r24,1
 1964               	.LVL141:
 352:../lufa-LUFA-111009/LUFA/Drivers/USB/Class/Common/HIDParser.c **** 	{
 1965               		.loc 1 352 24 is_stmt 0 discriminator 2 view .LVU398
 1966 005a 3796      		adiw r30,7
 1967 005c 8A30      		cpi r24,10
 1968 005e 9105      		cpc r25,__zero_reg__
 1969 0060 01F4      		brne .L114
 1970               	.LBE20:
 358:../lufa-LUFA-111009/LUFA/Drivers/USB/Class/Common/HIDParser.c **** 	}
 359:../lufa-LUFA-111009/LUFA/Drivers/USB/Class/Common/HIDParser.c **** 
 360:../lufa-LUFA-111009/LUFA/Drivers/USB/Class/Common/HIDParser.c **** 	return 0;
 1971               		.loc 1 360 9 view .LVU399
 1972 0062 80E0      		ldi r24,0
 1973 0064 90E0      		ldi r25,0
 1974               	.LVL142:
 1975               	/* epilogue start */
 361:../lufa-LUFA-111009/LUFA/Drivers/USB/Class/Common/HIDParser.c **** }
 1976               		.loc 1 361 1 view .LVU400
 1977 0066 0895      		ret
 1978               		.cfi_endproc
 1979               	.LFE23:
 1981               		.text
 1982               	.Letext0:
 1983               		.file 2 "/usr/avr/sys-root/include/stdint.h"
 1984               		.file 3 "/usr/lib64/gcc/avr/12/include/stddef.h"
 1985               		.file 4 "../lufa-LUFA-111009/LUFA/Drivers/USB/Class/Common/../Common/HID.h"
 1986               		.file 5 "../lufa-LUFA-111009/LUFA/Drivers/USB/Class/Common/HIDParser.h"
 1987               		.file 6 "/usr/avr/sys-root/include/string.h"
 1988               		.file 7 "<built-in>"
DEFINED SYMBOLS
                            *ABS*:00000000 HIDParser.c
     /tmp/cc6QDgxy.s:2      *ABS*:0000003e __SP_H__
     /tmp/cc6QDgxy.s:3      *ABS*:0000003d __SP_L__
     /tmp/cc6QDgxy.s:4      *ABS*:0000003f __SREG__
     /tmp/cc6QDgxy.s:5      *ABS*:00000000 __tmp_reg__
     /tmp/cc6QDgxy.s:6      *ABS*:00000001 __zero_reg__
     /tmp/cc6QDgxy.s:14     .text.USB_ProcessHIDReport:00000000 USB_ProcessHIDReport
     /tmp/cc6QDgxy.s:17     .text.USB_ProcessHIDReport:00000000 .Loc.0
     /tmp/cc6QDgxy.s:18     .text.USB_ProcessHIDReport:00000000 L0
     /tmp/cc6QDgxy.s:19     .text.USB_ProcessHIDReport:00000000 .Loc.1
     /tmp/cc6QDgxy.s:122    .text.USB_ProcessHIDReport:00000050 .Loc.2
     /tmp/cc6QDgxy.s:123    .text.USB_ProcessHIDReport:00000050 .Loc.3
     /tmp/cc6QDgxy.s:125    .text.USB_ProcessHIDReport:00000050 .Loc.4
     /tmp/cc6QDgxy.s:126    .text.USB_ProcessHIDReport:00000050 .Loc.5
     /tmp/cc6QDgxy.s:127    .text.USB_ProcessHIDReport:00000050 .Loc.6
     /tmp/cc6QDgxy.s:136    .text.USB_ProcessHIDReport:0000005e .Loc.7
     /tmp/cc6QDgxy.s:137    .text.USB_ProcessHIDReport:0000005e .Loc.8
     /tmp/cc6QDgxy.s:138    .text.USB_ProcessHIDReport:0000005e .Loc.9
     /tmp/cc6QDgxy.s:139    .text.USB_ProcessHIDReport:0000005e .Loc.10
     /tmp/cc6QDgxy.s:143    .text.USB_ProcessHIDReport:00000062 .Loc.11
     /tmp/cc6QDgxy.s:150    .text.USB_ProcessHIDReport:0000006c .Loc.12
     /tmp/cc6QDgxy.s:154    .text.USB_ProcessHIDReport:00000070 .Loc.13
     /tmp/cc6QDgxy.s:161    .text.USB_ProcessHIDReport:0000007a .Loc.14
     /tmp/cc6QDgxy.s:168    .text.USB_ProcessHIDReport:00000084 .Loc.15
     /tmp/cc6QDgxy.s:169    .text.USB_ProcessHIDReport:00000084 .Loc.16
     /tmp/cc6QDgxy.s:175    .text.USB_ProcessHIDReport:0000008e .Loc.17
     /tmp/cc6QDgxy.s:176    .text.USB_ProcessHIDReport:0000008e .Loc.18
     /tmp/cc6QDgxy.s:183    .text.USB_ProcessHIDReport:0000009a .Loc.19
     /tmp/cc6QDgxy.s:185    .text.USB_ProcessHIDReport:0000009c .Loc.20
     /tmp/cc6QDgxy.s:190    .text.USB_ProcessHIDReport:000000a4 .Loc.21
     /tmp/cc6QDgxy.s:198    .text.USB_ProcessHIDReport:000000ac .Loc.22
     /tmp/cc6QDgxy.s:201    .text.USB_ProcessHIDReport:000000ae .Loc.23
     /tmp/cc6QDgxy.s:211    .text.USB_ProcessHIDReport:000000be .Loc.24
     /tmp/cc6QDgxy.s:215    .text.USB_ProcessHIDReport:000000c2 .Loc.25
     /tmp/cc6QDgxy.s:228    .text.USB_ProcessHIDReport:000000d6 .Loc.26
     /tmp/cc6QDgxy.s:233    .text.USB_ProcessHIDReport:000000d6 .Loc.27
     /tmp/cc6QDgxy.s:239    .text.USB_ProcessHIDReport:000000de .Loc.28
     /tmp/cc6QDgxy.s:242    .text.USB_ProcessHIDReport:000000e2 .Loc.29
     /tmp/cc6QDgxy.s:243    .text.USB_ProcessHIDReport:000000e2 .Loc.30
     /tmp/cc6QDgxy.s:248    .text.USB_ProcessHIDReport:000000ea .Loc.31
     /tmp/cc6QDgxy.s:257    .text.USB_ProcessHIDReport:000000f4 .Loc.32
     /tmp/cc6QDgxy.s:258    .text.USB_ProcessHIDReport:000000f4 .Loc.33
     /tmp/cc6QDgxy.s:268    .text.USB_ProcessHIDReport:00000104 .Loc.34
     /tmp/cc6QDgxy.s:269    .text.USB_ProcessHIDReport:00000104 .Loc.35
     /tmp/cc6QDgxy.s:270    .text.USB_ProcessHIDReport:00000104 .Loc.36
     /tmp/cc6QDgxy.s:271    .text.USB_ProcessHIDReport:00000104 .Loc.37
     /tmp/cc6QDgxy.s:275    .text.USB_ProcessHIDReport:0000010c L0
     /tmp/cc6QDgxy.s:278    .text.USB_ProcessHIDReport:00000112 L0
     /tmp/cc6QDgxy.s:281    .text.USB_ProcessHIDReport:00000118 L0
     /tmp/cc6QDgxy.s:283    .text.USB_ProcessHIDReport:0000011a .Loc.38
     /tmp/cc6QDgxy.s:290    .text.USB_ProcessHIDReport:00000124 .Loc.39
     /tmp/cc6QDgxy.s:295    .text.USB_ProcessHIDReport:0000012c .Loc.40
     /tmp/cc6QDgxy.s:301    .text.USB_ProcessHIDReport:00000134 .Loc.41
     /tmp/cc6QDgxy.s:305    .text.USB_ProcessHIDReport:00000138 .Loc.42
     /tmp/cc6QDgxy.s:310    .text.USB_ProcessHIDReport:00000140 .Loc.43
     /tmp/cc6QDgxy.s:317    .text.USB_ProcessHIDReport:00000148 .Loc.44
     /tmp/cc6QDgxy.s:323    .text.USB_ProcessHIDReport:00000154 L0
     /tmp/cc6QDgxy.s:325    .text.USB_ProcessHIDReport:00000158 L0
     /tmp/cc6QDgxy.s:328    .text.USB_ProcessHIDReport:0000015e L0
     /tmp/cc6QDgxy.s:330    .text.USB_ProcessHIDReport:00000162 L0
     /tmp/cc6QDgxy.s:333    .text.USB_ProcessHIDReport:00000168 L0
     /tmp/cc6QDgxy.s:335    .text.USB_ProcessHIDReport:0000016c L0
     /tmp/cc6QDgxy.s:338    .text.USB_ProcessHIDReport:00000172 L0
     /tmp/cc6QDgxy.s:341    .text.USB_ProcessHIDReport:00000178 L0
     /tmp/cc6QDgxy.s:345    .text.USB_ProcessHIDReport:0000017a .Loc.45
     /tmp/cc6QDgxy.s:350    .text.USB_ProcessHIDReport:00000182 .Loc.46
     /tmp/cc6QDgxy.s:354    .text.USB_ProcessHIDReport:00000186 .Loc.47
     /tmp/cc6QDgxy.s:357    .text.USB_ProcessHIDReport:00000188 .Loc.48
     /tmp/cc6QDgxy.s:363    .text.USB_ProcessHIDReport:00000190 .Loc.49
     /tmp/cc6QDgxy.s:369    .text.USB_ProcessHIDReport:00000198 .Loc.50
     /tmp/cc6QDgxy.s:373    .text.USB_ProcessHIDReport:0000019a .Loc.51
     /tmp/cc6QDgxy.s:374    .text.USB_ProcessHIDReport:0000019a .Loc.52
     /tmp/cc6QDgxy.s:380    .text.USB_ProcessHIDReport:000001a2 .Loc.53
     /tmp/cc6QDgxy.s:388    .text.USB_ProcessHIDReport:000001ae .Loc.54
     /tmp/cc6QDgxy.s:389    .text.USB_ProcessHIDReport:000001ae .Loc.55
     /tmp/cc6QDgxy.s:400    .text.USB_ProcessHIDReport:000001c0 .Loc.56
     /tmp/cc6QDgxy.s:401    .text.USB_ProcessHIDReport:000001c0 .Loc.57
     /tmp/cc6QDgxy.s:404    .text.USB_ProcessHIDReport:000001c2 .Loc.58
     /tmp/cc6QDgxy.s:410    .text.USB_ProcessHIDReport:000001ca .Loc.59
     /tmp/cc6QDgxy.s:414    .text.USB_ProcessHIDReport:000001cc .Loc.60
     /tmp/cc6QDgxy.s:415    .text.USB_ProcessHIDReport:000001cc .Loc.61
     /tmp/cc6QDgxy.s:421    .text.USB_ProcessHIDReport:000001d4 .Loc.62
     /tmp/cc6QDgxy.s:429    .text.USB_ProcessHIDReport:000001e0 .Loc.63
     /tmp/cc6QDgxy.s:430    .text.USB_ProcessHIDReport:000001e0 .Loc.64
     /tmp/cc6QDgxy.s:441    .text.USB_ProcessHIDReport:000001f2 .Loc.65
     /tmp/cc6QDgxy.s:442    .text.USB_ProcessHIDReport:000001f2 .Loc.66
     /tmp/cc6QDgxy.s:447    .text.USB_ProcessHIDReport:000001f6 .Loc.67
     /tmp/cc6QDgxy.s:448    .text.USB_ProcessHIDReport:000001f6 .Loc.68
     /tmp/cc6QDgxy.s:454    .text.USB_ProcessHIDReport:000001fe .Loc.69
     /tmp/cc6QDgxy.s:462    .text.USB_ProcessHIDReport:0000020a .Loc.70
     /tmp/cc6QDgxy.s:463    .text.USB_ProcessHIDReport:0000020a .Loc.71
     /tmp/cc6QDgxy.s:474    .text.USB_ProcessHIDReport:0000021c .Loc.72
     /tmp/cc6QDgxy.s:475    .text.USB_ProcessHIDReport:0000021c .Loc.73
     /tmp/cc6QDgxy.s:480    .text.USB_ProcessHIDReport:00000220 .Loc.74
     /tmp/cc6QDgxy.s:482    .text.USB_ProcessHIDReport:00000224 L0
     /tmp/cc6QDgxy.s:485    .text.USB_ProcessHIDReport:00000226 .Loc.75
     /tmp/cc6QDgxy.s:491    .text.USB_ProcessHIDReport:0000022c .Loc.76
     /tmp/cc6QDgxy.s:493    .text.USB_ProcessHIDReport:00000230 L0
     /tmp/cc6QDgxy.s:497    .text.USB_ProcessHIDReport:00000238 L0
     /tmp/cc6QDgxy.s:500    .text.USB_ProcessHIDReport:0000023e L0
     /tmp/cc6QDgxy.s:502    .text.USB_ProcessHIDReport:00000240 .Loc.77
     /tmp/cc6QDgxy.s:503    .text.USB_ProcessHIDReport:00000240 .Loc.78
     /tmp/cc6QDgxy.s:514    .text.USB_ProcessHIDReport:00000254 .Loc.79
     /tmp/cc6QDgxy.s:516    .text.USB_ProcessHIDReport:00000254 .Loc.80
     /tmp/cc6QDgxy.s:520    .text.USB_ProcessHIDReport:00000256 .Loc.81
     /tmp/cc6QDgxy.s:522    .text.USB_ProcessHIDReport:0000025a L0
     /tmp/cc6QDgxy.s:524    .text.USB_ProcessHIDReport:0000025c .Loc.82
     /tmp/cc6QDgxy.s:525    .text.USB_ProcessHIDReport:0000025c .Loc.83
     /tmp/cc6QDgxy.s:532    .text.USB_ProcessHIDReport:00000268 .Loc.84
     /tmp/cc6QDgxy.s:534    .text.USB_ProcessHIDReport:00000268 .Loc.85
     /tmp/cc6QDgxy.s:538    .text.USB_ProcessHIDReport:0000026a .Loc.86
     /tmp/cc6QDgxy.s:540    .text.USB_ProcessHIDReport:0000026e L0
     /tmp/cc6QDgxy.s:544    .text.USB_ProcessHIDReport:00000276 L0
     /tmp/cc6QDgxy.s:548    .text.USB_ProcessHIDReport:0000027e L0
     /tmp/cc6QDgxy.s:551    .text.USB_ProcessHIDReport:00000284 L0
     /tmp/cc6QDgxy.s:562    .text.USB_ProcessHIDReport:00000296 L0
     /tmp/cc6QDgxy.s:564    .text.USB_ProcessHIDReport:00000298 .Loc.87
     /tmp/cc6QDgxy.s:565    .text.USB_ProcessHIDReport:00000298 .Loc.88
     /tmp/cc6QDgxy.s:571    .text.USB_ProcessHIDReport:000002a2 .Loc.89
     /tmp/cc6QDgxy.s:573    .text.USB_ProcessHIDReport:000002a2 .Loc.90
     /tmp/cc6QDgxy.s:577    .text.USB_ProcessHIDReport:000002a4 .Loc.91
     /tmp/cc6QDgxy.s:588    .text.USB_ProcessHIDReport:000002b8 L0
     /tmp/cc6QDgxy.s:590    .text.USB_ProcessHIDReport:000002ba .Loc.92
     /tmp/cc6QDgxy.s:591    .text.USB_ProcessHIDReport:000002ba .Loc.93
     /tmp/cc6QDgxy.s:598    .text.USB_ProcessHIDReport:000002c8 L0
     /tmp/cc6QDgxy.s:600    .text.USB_ProcessHIDReport:000002ca .Loc.94
     /tmp/cc6QDgxy.s:601    .text.USB_ProcessHIDReport:000002ca .Loc.95
     /tmp/cc6QDgxy.s:611    .text.USB_ProcessHIDReport:000002dc .Loc.96
     /tmp/cc6QDgxy.s:614    .text.USB_ProcessHIDReport:000002de .Loc.97
     /tmp/cc6QDgxy.s:615    .text.USB_ProcessHIDReport:000002de .Loc.98
     /tmp/cc6QDgxy.s:624    .text.USB_ProcessHIDReport:000002f0 L0
     /tmp/cc6QDgxy.s:626    .text.USB_ProcessHIDReport:000002f2 .Loc.99
     /tmp/cc6QDgxy.s:627    .text.USB_ProcessHIDReport:000002f2 .Loc.100
     /tmp/cc6QDgxy.s:630    .text.USB_ProcessHIDReport:000002f6 .Loc.101
     /tmp/cc6QDgxy.s:642    .text.USB_ProcessHIDReport:0000030a .Loc.102
     /tmp/cc6QDgxy.s:644    .text.USB_ProcessHIDReport:0000030a .Loc.103
     /tmp/cc6QDgxy.s:645    .text.USB_ProcessHIDReport:0000030a .Loc.104
     /tmp/cc6QDgxy.s:646    .text.USB_ProcessHIDReport:0000030a .Loc.105
     /tmp/cc6QDgxy.s:654    .text.USB_ProcessHIDReport:00000314 .Loc.106
     /tmp/cc6QDgxy.s:655    .text.USB_ProcessHIDReport:00000314 .Loc.107
     /tmp/cc6QDgxy.s:664    .text.USB_ProcessHIDReport:00000326 L0
     /tmp/cc6QDgxy.s:666    .text.USB_ProcessHIDReport:00000328 .Loc.108
     /tmp/cc6QDgxy.s:667    .text.USB_ProcessHIDReport:00000328 .Loc.109
     /tmp/cc6QDgxy.s:674    .text.USB_ProcessHIDReport:00000332 .Loc.110
     /tmp/cc6QDgxy.s:675    .text.USB_ProcessHIDReport:00000332 .Loc.111
     /tmp/cc6QDgxy.s:679    .text.USB_ProcessHIDReport:00000334 .Loc.112
     /tmp/cc6QDgxy.s:680    .text.USB_ProcessHIDReport:00000334 .Loc.113
     /tmp/cc6QDgxy.s:681    .text.USB_ProcessHIDReport:00000334 .Loc.114
     /tmp/cc6QDgxy.s:688    .text.USB_ProcessHIDReport:00000340 .Loc.115
     /tmp/cc6QDgxy.s:690    .text.USB_ProcessHIDReport:00000340 .Loc.116
     /tmp/cc6QDgxy.s:694    .text.USB_ProcessHIDReport:00000342 .Loc.117
     /tmp/cc6QDgxy.s:695    .text.USB_ProcessHIDReport:00000342 .Loc.118
     /tmp/cc6QDgxy.s:706    .text.USB_ProcessHIDReport:00000356 .Loc.119
     /tmp/cc6QDgxy.s:708    .text.USB_ProcessHIDReport:00000356 .Loc.120
     /tmp/cc6QDgxy.s:712    .text.USB_ProcessHIDReport:00000358 .Loc.121
     /tmp/cc6QDgxy.s:713    .text.USB_ProcessHIDReport:00000358 .Loc.122
     /tmp/cc6QDgxy.s:722    .text.USB_ProcessHIDReport:00000368 .Loc.123
     /tmp/cc6QDgxy.s:724    .text.USB_ProcessHIDReport:00000368 .Loc.124
     /tmp/cc6QDgxy.s:728    .text.USB_ProcessHIDReport:0000036a .Loc.125
     /tmp/cc6QDgxy.s:729    .text.USB_ProcessHIDReport:0000036a .Loc.126
     /tmp/cc6QDgxy.s:738    .text.USB_ProcessHIDReport:0000037a .Loc.127
     /tmp/cc6QDgxy.s:740    .text.USB_ProcessHIDReport:0000037a .Loc.128
     /tmp/cc6QDgxy.s:744    .text.USB_ProcessHIDReport:0000037c .Loc.129
     /tmp/cc6QDgxy.s:745    .text.USB_ProcessHIDReport:0000037c .Loc.130
     /tmp/cc6QDgxy.s:754    .text.USB_ProcessHIDReport:0000038c .Loc.131
     /tmp/cc6QDgxy.s:756    .text.USB_ProcessHIDReport:0000038c .Loc.132
     /tmp/cc6QDgxy.s:760    .text.USB_ProcessHIDReport:0000038e .Loc.133
     /tmp/cc6QDgxy.s:761    .text.USB_ProcessHIDReport:0000038e .Loc.134
     /tmp/cc6QDgxy.s:767    .text.USB_ProcessHIDReport:00000398 .Loc.135
     /tmp/cc6QDgxy.s:769    .text.USB_ProcessHIDReport:00000398 .Loc.136
     /tmp/cc6QDgxy.s:773    .text.USB_ProcessHIDReport:0000039a .Loc.137
     /tmp/cc6QDgxy.s:774    .text.USB_ProcessHIDReport:0000039a .Loc.138
     /tmp/cc6QDgxy.s:782    .text.USB_ProcessHIDReport:000003a8 .Loc.139
     /tmp/cc6QDgxy.s:783    .text.USB_ProcessHIDReport:000003a8 .Loc.140
     /tmp/cc6QDgxy.s:787    .text.USB_ProcessHIDReport:000003ae .Loc.141
     /tmp/cc6QDgxy.s:792    .text.USB_ProcessHIDReport:000003b4 .Loc.142
     /tmp/cc6QDgxy.s:803    .text.USB_ProcessHIDReport:000003c4 .Loc.143
     /tmp/cc6QDgxy.s:807    .text.USB_ProcessHIDReport:000003c8 .Loc.144
     /tmp/cc6QDgxy.s:809    .text.USB_ProcessHIDReport:000003c8 .Loc.145
     /tmp/cc6QDgxy.s:810    .text.USB_ProcessHIDReport:000003c8 .Loc.146
     /tmp/cc6QDgxy.s:811    .text.USB_ProcessHIDReport:000003c8 .Loc.147
     /tmp/cc6QDgxy.s:813    .text.USB_ProcessHIDReport:000003cc L0
     /tmp/cc6QDgxy.s:815    .text.USB_ProcessHIDReport:000003ce .Loc.148
     /tmp/cc6QDgxy.s:816    .text.USB_ProcessHIDReport:000003ce .Loc.149
     /tmp/cc6QDgxy.s:819    .text.USB_ProcessHIDReport:000003d0 .Loc.150
     /tmp/cc6QDgxy.s:823    .text.USB_ProcessHIDReport:000003d6 .Loc.151
     /tmp/cc6QDgxy.s:838    .text.USB_ProcessHIDReport:000003f0 .Loc.152
     /tmp/cc6QDgxy.s:844    .text.USB_ProcessHIDReport:000003f6 .Loc.153
     /tmp/cc6QDgxy.s:849    .text.USB_ProcessHIDReport:000003f8 .Loc.154
     /tmp/cc6QDgxy.s:850    .text.USB_ProcessHIDReport:000003f8 .Loc.155
     /tmp/cc6QDgxy.s:852    .text.USB_ProcessHIDReport:000003fa .Loc.156
     /tmp/cc6QDgxy.s:859    .text.USB_ProcessHIDReport:00000406 .Loc.157
     /tmp/cc6QDgxy.s:860    .text.USB_ProcessHIDReport:00000406 .Loc.158
     /tmp/cc6QDgxy.s:871    .text.USB_ProcessHIDReport:00000418 .Loc.159
     /tmp/cc6QDgxy.s:879    .text.USB_ProcessHIDReport:00000424 .Loc.160
     /tmp/cc6QDgxy.s:880    .text.USB_ProcessHIDReport:00000424 .Loc.161
     /tmp/cc6QDgxy.s:882    .text.USB_ProcessHIDReport:00000424 .Loc.162
     /tmp/cc6QDgxy.s:884    .text.USB_ProcessHIDReport:00000424 .Loc.163
     /tmp/cc6QDgxy.s:885    .text.USB_ProcessHIDReport:00000424 .Loc.164
     /tmp/cc6QDgxy.s:888    .text.USB_ProcessHIDReport:00000428 .Loc.165
     /tmp/cc6QDgxy.s:889    .text.USB_ProcessHIDReport:00000428 .Loc.166
     /tmp/cc6QDgxy.s:896    .text.USB_ProcessHIDReport:00000434 .Loc.167
     /tmp/cc6QDgxy.s:902    .text.USB_ProcessHIDReport:0000043c .Loc.168
     /tmp/cc6QDgxy.s:904    .text.USB_ProcessHIDReport:0000043e .Loc.169
     /tmp/cc6QDgxy.s:906    .text.USB_ProcessHIDReport:0000043e .Loc.170
     /tmp/cc6QDgxy.s:911    .text.USB_ProcessHIDReport:00000440 .Loc.171
     /tmp/cc6QDgxy.s:914    .text.USB_ProcessHIDReport:00000442 .Loc.172
     /tmp/cc6QDgxy.s:918    .text.USB_ProcessHIDReport:00000444 .Loc.173
     /tmp/cc6QDgxy.s:920    .text.USB_ProcessHIDReport:00000444 .Loc.174
     /tmp/cc6QDgxy.s:921    .text.USB_ProcessHIDReport:00000444 .Loc.175
     /tmp/cc6QDgxy.s:923    .text.USB_ProcessHIDReport:00000448 L0
     /tmp/cc6QDgxy.s:925    .text.USB_ProcessHIDReport:0000044a .Loc.176
     /tmp/cc6QDgxy.s:927    .text.USB_ProcessHIDReport:0000044a .Loc.177
     /tmp/cc6QDgxy.s:930    .text.USB_ProcessHIDReport:0000044e .Loc.178
     /tmp/cc6QDgxy.s:941    .text.USB_ProcessHIDReport:00000462 .Loc.179
     /tmp/cc6QDgxy.s:942    .text.USB_ProcessHIDReport:00000462 .Loc.180
     /tmp/cc6QDgxy.s:943    .text.USB_ProcessHIDReport:00000462 .Loc.181
     /tmp/cc6QDgxy.s:946    .text.USB_ProcessHIDReport:00000464 .Loc.182
     /tmp/cc6QDgxy.s:950    .text.USB_ProcessHIDReport:00000466 .Loc.183
     /tmp/cc6QDgxy.s:951    .text.USB_ProcessHIDReport:00000466 .Loc.184
     /tmp/cc6QDgxy.s:958    .text.USB_ProcessHIDReport:00000472 .Loc.185
     /tmp/cc6QDgxy.s:959    .text.USB_ProcessHIDReport:00000472 .Loc.186
     /tmp/cc6QDgxy.s:969    .text.USB_ProcessHIDReport:00000480 .Loc.187
     /tmp/cc6QDgxy.s:970    .text.USB_ProcessHIDReport:00000480 .Loc.188
     /tmp/cc6QDgxy.s:976    .text.USB_ProcessHIDReport:00000488 .Loc.189
     /tmp/cc6QDgxy.s:978    .text.USB_ProcessHIDReport:0000048a .Loc.190
     /tmp/cc6QDgxy.s:979    .text.USB_ProcessHIDReport:0000048a .Loc.191
     /tmp/cc6QDgxy.s:987    .text.USB_ProcessHIDReport:00000498 .Loc.192
     /tmp/cc6QDgxy.s:990    .text.USB_ProcessHIDReport:0000049c .Loc.193
     /tmp/cc6QDgxy.s:991    .text.USB_ProcessHIDReport:0000049c .Loc.194
     /tmp/cc6QDgxy.s:994    .text.USB_ProcessHIDReport:000004a0 .Loc.195
     /tmp/cc6QDgxy.s:995    .text.USB_ProcessHIDReport:000004a0 .Loc.196
     /tmp/cc6QDgxy.s:1001   .text.USB_ProcessHIDReport:000004a8 .Loc.197
     /tmp/cc6QDgxy.s:1010   .text.USB_ProcessHIDReport:000004b6 .Loc.198
     /tmp/cc6QDgxy.s:1015   .text.USB_ProcessHIDReport:000004be .Loc.199
     /tmp/cc6QDgxy.s:1017   .text.USB_ProcessHIDReport:000004be .Loc.200
     /tmp/cc6QDgxy.s:1019   .text.USB_ProcessHIDReport:000004be .Loc.201
     /tmp/cc6QDgxy.s:1020   .text.USB_ProcessHIDReport:000004be .Loc.202
     /tmp/cc6QDgxy.s:1031   .text.USB_ProcessHIDReport:000004d0 .Loc.203
     /tmp/cc6QDgxy.s:1033   .text.USB_ProcessHIDReport:000004d0 .Loc.204
     /tmp/cc6QDgxy.s:1034   .text.USB_ProcessHIDReport:000004d0 .Loc.205
     /tmp/cc6QDgxy.s:1035   .text.USB_ProcessHIDReport:000004d0 .Loc.206
     /tmp/cc6QDgxy.s:1040   .text.USB_ProcessHIDReport:000004d6 .Loc.207
     /tmp/cc6QDgxy.s:1045   .text.USB_ProcessHIDReport:000004dc .Loc.208
     /tmp/cc6QDgxy.s:1051   .text.USB_ProcessHIDReport:000004e0 .Loc.209
     /tmp/cc6QDgxy.s:1052   .text.USB_ProcessHIDReport:000004e0 .Loc.210
     /tmp/cc6QDgxy.s:1053   .text.USB_ProcessHIDReport:000004e0 .Loc.211
     /tmp/cc6QDgxy.s:1058   .text.USB_ProcessHIDReport:000004e6 .Loc.212
     /tmp/cc6QDgxy.s:1063   .text.USB_ProcessHIDReport:000004ec .Loc.213
     /tmp/cc6QDgxy.s:1068   .text.USB_ProcessHIDReport:000004f4 .Loc.214
     /tmp/cc6QDgxy.s:1069   .text.USB_ProcessHIDReport:000004f4 .Loc.215
     /tmp/cc6QDgxy.s:1081   .text.USB_ProcessHIDReport:00000508 .Loc.216
     /tmp/cc6QDgxy.s:1085   .text.USB_ProcessHIDReport:0000050a .Loc.217
     /tmp/cc6QDgxy.s:1086   .text.USB_ProcessHIDReport:0000050a .Loc.218
     /tmp/cc6QDgxy.s:1089   .text.USB_ProcessHIDReport:00000510 L0
     /tmp/cc6QDgxy.s:1091   .text.USB_ProcessHIDReport:00000512 .Loc.219
     /tmp/cc6QDgxy.s:1092   .text.USB_ProcessHIDReport:00000512 .Loc.220
     /tmp/cc6QDgxy.s:1095   .text.USB_ProcessHIDReport:00000514 .Loc.221
     /tmp/cc6QDgxy.s:1099   .text.USB_ProcessHIDReport:00000516 .Loc.222
     /tmp/cc6QDgxy.s:1101   .text.USB_ProcessHIDReport:00000516 .Loc.223
     /tmp/cc6QDgxy.s:1102   .text.USB_ProcessHIDReport:00000516 .Loc.224
     /tmp/cc6QDgxy.s:1107   .text.USB_ProcessHIDReport:00000520 L0
     /tmp/cc6QDgxy.s:1109   .text.USB_ProcessHIDReport:00000522 .Loc.225
     /tmp/cc6QDgxy.s:1110   .text.USB_ProcessHIDReport:00000522 .Loc.226
     /tmp/cc6QDgxy.s:1116   .text.USB_ProcessHIDReport:0000052a .Loc.227
     /tmp/cc6QDgxy.s:1120   .text.USB_ProcessHIDReport:0000052e .Loc.228
     /tmp/cc6QDgxy.s:1126   .text.USB_ProcessHIDReport:00000530 .Loc.229
     /tmp/cc6QDgxy.s:1127   .text.USB_ProcessHIDReport:00000530 .Loc.230
     /tmp/cc6QDgxy.s:1132   .text.USB_ProcessHIDReport:0000053a L0
     /tmp/cc6QDgxy.s:1134   .text.USB_ProcessHIDReport:0000053c .Loc.231
     /tmp/cc6QDgxy.s:1136   .text.USB_ProcessHIDReport:0000053c .Loc.232
     /tmp/cc6QDgxy.s:1141   .text.USB_ProcessHIDReport:00000544 .Loc.233
     /tmp/cc6QDgxy.s:1148   .text.USB_ProcessHIDReport:0000054e .Loc.234
     /tmp/cc6QDgxy.s:1152   .text.USB_ProcessHIDReport:00000550 .Loc.235
     /tmp/cc6QDgxy.s:1168   .text.USB_ProcessHIDReport:0000056c .Loc.236
     /tmp/cc6QDgxy.s:1169   .text.USB_ProcessHIDReport:0000056c .Loc.237
     /tmp/cc6QDgxy.s:1172   .text.USB_ProcessHIDReport:00000570 .Loc.238
     /tmp/cc6QDgxy.s:1177   .text.USB_ProcessHIDReport:00000578 .Loc.239
     /tmp/cc6QDgxy.s:1180   .text.USB_ProcessHIDReport:0000057c .Loc.240
     /tmp/cc6QDgxy.s:1181   .text.USB_ProcessHIDReport:0000057c .Loc.241
     /tmp/cc6QDgxy.s:1188   .text.USB_ProcessHIDReport:00000584 .Loc.242
     /tmp/cc6QDgxy.s:1198   .text.USB_ProcessHIDReport:00000592 .Loc.243
     /tmp/cc6QDgxy.s:1208   .text.USB_ProcessHIDReport:000005a6 L0
     /tmp/cc6QDgxy.s:1211   .text.USB_ProcessHIDReport:000005a8 .Loc.244
     /tmp/cc6QDgxy.s:1212   .text.USB_ProcessHIDReport:000005a8 .Loc.245
     /tmp/cc6QDgxy.s:1226   .text.USB_ProcessHIDReport:000005c0 .Loc.246
     /tmp/cc6QDgxy.s:1227   .text.USB_ProcessHIDReport:000005c0 .Loc.247
     /tmp/cc6QDgxy.s:1230   .text.USB_ProcessHIDReport:000005c4 .Loc.248
     /tmp/cc6QDgxy.s:1231   .text.USB_ProcessHIDReport:000005c4 .Loc.249
     /tmp/cc6QDgxy.s:1240   .text.USB_ProcessHIDReport:000005d4 .Loc.250
     /tmp/cc6QDgxy.s:1241   .text.USB_ProcessHIDReport:000005d4 .Loc.251
     /tmp/cc6QDgxy.s:1249   .text.USB_ProcessHIDReport:000005e2 .Loc.252
     /tmp/cc6QDgxy.s:1250   .text.USB_ProcessHIDReport:000005e2 .Loc.253
     /tmp/cc6QDgxy.s:1252   .text.USB_ProcessHIDReport:000005e6 L0
     /tmp/cc6QDgxy.s:1254   .text.USB_ProcessHIDReport:000005e8 .Loc.254
     /tmp/cc6QDgxy.s:1255   .text.USB_ProcessHIDReport:000005e8 .Loc.255
     /tmp/cc6QDgxy.s:1264   .text.USB_ProcessHIDReport:000005f8 .Loc.256
     /tmp/cc6QDgxy.s:1266   .text.USB_ProcessHIDReport:000005f8 .Loc.257
     /tmp/cc6QDgxy.s:1268   .text.USB_ProcessHIDReport:000005f8 .Loc.258
     /tmp/cc6QDgxy.s:1269   .text.USB_ProcessHIDReport:000005f8 .Loc.259
     /tmp/cc6QDgxy.s:1292   .text.USB_ProcessHIDReport:00000624 .Loc.260
     /tmp/cc6QDgxy.s:1294   .text.USB_ProcessHIDReport:00000624 .Loc.261
     /tmp/cc6QDgxy.s:1295   .text.USB_ProcessHIDReport:00000624 .Loc.262
     /tmp/cc6QDgxy.s:1303   .text.USB_ProcessHIDReport:0000062e .Loc.263
     /tmp/cc6QDgxy.s:1304   .text.USB_ProcessHIDReport:0000062e .Loc.264
     /tmp/cc6QDgxy.s:1306   .text.USB_ProcessHIDReport:00000630 .Loc.265
     /tmp/cc6QDgxy.s:1309   .text.USB_ProcessHIDReport:00000634 .Loc.266
     /tmp/cc6QDgxy.s:1310   .text.USB_ProcessHIDReport:00000634 .Loc.267
     /tmp/cc6QDgxy.s:1316   .text.USB_ProcessHIDReport:0000063c .Loc.268
     /tmp/cc6QDgxy.s:1318   .text.USB_ProcessHIDReport:0000063e .Loc.269
     /tmp/cc6QDgxy.s:1319   .text.USB_ProcessHIDReport:0000063e .Loc.270
     /tmp/cc6QDgxy.s:1321   .text.USB_ProcessHIDReport:00000640 .Loc.271
     /tmp/cc6QDgxy.s:1332   .text.USB_ProcessHIDReport:00000654 .Loc.272
     /tmp/cc6QDgxy.s:1335   .text.USB_ProcessHIDReport:00000658 .Loc.273
     /tmp/cc6QDgxy.s:1336   .text.USB_ProcessHIDReport:00000658 .Loc.274
     /tmp/cc6QDgxy.s:1342   .text.USB_ProcessHIDReport:00000662 .Loc.275
     /tmp/cc6QDgxy.s:1349   .text.USB_ProcessHIDReport:0000066e .Loc.276
     /tmp/cc6QDgxy.s:1350   .text.USB_ProcessHIDReport:0000066e .Loc.277
     /tmp/cc6QDgxy.s:1376   .text.USB_ProcessHIDReport:0000069e .Loc.278
     /tmp/cc6QDgxy.s:1385   .text.USB_ProcessHIDReport:000006ae .Loc.279
     /tmp/cc6QDgxy.s:1386   .text.USB_ProcessHIDReport:000006ae .Loc.280
     /tmp/cc6QDgxy.s:1389   .text.USB_ProcessHIDReport:000006b2 .Loc.281
     /tmp/cc6QDgxy.s:1391   .text.USB_ProcessHIDReport:000006b6 L0
     /tmp/cc6QDgxy.s:1393   .text.USB_ProcessHIDReport:000006b8 .Loc.282
     /tmp/cc6QDgxy.s:1394   .text.USB_ProcessHIDReport:000006b8 .Loc.283
     /tmp/cc6QDgxy.s:1399   .text.USB_ProcessHIDReport:000006ba .Loc.284
     /tmp/cc6QDgxy.s:1403   .text.USB_ProcessHIDReport:000006ba .Loc.285
     /tmp/cc6QDgxy.s:1430   .text.USB_ProcessHIDReport:000006ec .Loc.286
     /tmp/cc6QDgxy.s:1435   .text.USB_ProcessHIDReport:000006ee .Loc.287
     /tmp/cc6QDgxy.s:1441   .text.USB_ProcessHIDReport:000006f4 .Loc.288
     /tmp/cc6QDgxy.s:1446   .text.USB_ProcessHIDReport:000006fa .Loc.289
     /tmp/cc6QDgxy.s:1453   .text.USB_ProcessHIDReport:00000702 .Loc.290
     /tmp/cc6QDgxy.s:1457   .text.USB_ProcessHIDReport:00000706 .Loc.291
     /tmp/cc6QDgxy.s:1462   .text.USB_ProcessHIDReport:0000070a .Loc.292
     /tmp/cc6QDgxy.s:1465   .text.USB_ProcessHIDReport:0000070c .Loc.293
     /tmp/cc6QDgxy.s:1469   .text.USB_ProcessHIDReport:0000070e .Loc.294
     /tmp/cc6QDgxy.s:1475   .text.USB_ProcessHIDReport:00000712 .Loc.295
     /tmp/cc6QDgxy.s:1480   .text.USB_ProcessHIDReport:00000716 .Loc.296
     /tmp/cc6QDgxy.s:1482   .text.USB_ProcessHIDReport:00000716 .Loc.297
     /tmp/cc6QDgxy.s:1486   .text.USB_ProcessHIDReport:0000071a L0
     /tmp/cc6QDgxy.s:1492   .text.USB_GetHIDReportItemInfo:00000000 USB_GetHIDReportItemInfo
     /tmp/cc6QDgxy.s:1495   .text.USB_GetHIDReportItemInfo:00000000 .Loc.298
     /tmp/cc6QDgxy.s:1496   .text.USB_GetHIDReportItemInfo:00000000 L0
     /tmp/cc6QDgxy.s:1497   .text.USB_GetHIDReportItemInfo:00000000 .Loc.299
     /tmp/cc6QDgxy.s:1528   .text.USB_GetHIDReportItemInfo:00000010 .Loc.300
     /tmp/cc6QDgxy.s:1529   .text.USB_GetHIDReportItemInfo:00000010 .Loc.301
     /tmp/cc6QDgxy.s:1531   .text.USB_GetHIDReportItemInfo:00000014 L0
     /tmp/cc6QDgxy.s:1533   .text.USB_GetHIDReportItemInfo:00000016 .Loc.302
     /tmp/cc6QDgxy.s:1534   .text.USB_GetHIDReportItemInfo:00000016 .Loc.303
     /tmp/cc6QDgxy.s:1538   .text.USB_GetHIDReportItemInfo:0000001a .Loc.304
     /tmp/cc6QDgxy.s:1539   .text.USB_GetHIDReportItemInfo:0000001a .Loc.305
     /tmp/cc6QDgxy.s:1540   .text.USB_GetHIDReportItemInfo:0000001a .Loc.306
     /tmp/cc6QDgxy.s:1541   .text.USB_GetHIDReportItemInfo:0000001a .Loc.307
     /tmp/cc6QDgxy.s:1544   .text.USB_GetHIDReportItemInfo:0000001c .Loc.308
     /tmp/cc6QDgxy.s:1547   .text.USB_GetHIDReportItemInfo:00000020 .Loc.309
     /tmp/cc6QDgxy.s:1548   .text.USB_GetHIDReportItemInfo:00000020 .Loc.310
     /tmp/cc6QDgxy.s:1552   .text.USB_GetHIDReportItemInfo:00000026 .Loc.311
     /tmp/cc6QDgxy.s:1553   .text.USB_GetHIDReportItemInfo:00000026 .Loc.312
     /tmp/cc6QDgxy.s:1557   .text.USB_GetHIDReportItemInfo:00000028 .Loc.313
     /tmp/cc6QDgxy.s:1560   .text.USB_GetHIDReportItemInfo:0000002c .Loc.314
     /tmp/cc6QDgxy.s:1561   .text.USB_GetHIDReportItemInfo:0000002c .Loc.315
     /tmp/cc6QDgxy.s:1570   .text.USB_GetHIDReportItemInfo:0000003c .Loc.316
     /tmp/cc6QDgxy.s:1571   .text.USB_GetHIDReportItemInfo:0000003c .Loc.317
     /tmp/cc6QDgxy.s:1576   .text.USB_GetHIDReportItemInfo:00000044 .Loc.318
     /tmp/cc6QDgxy.s:1580   .text.USB_GetHIDReportItemInfo:00000048 .Loc.319
     /tmp/cc6QDgxy.s:1587   .text.USB_GetHIDReportItemInfo:00000050 .Loc.320
     /tmp/cc6QDgxy.s:1588   .text.USB_GetHIDReportItemInfo:00000050 .Loc.321
     /tmp/cc6QDgxy.s:1592   .text.USB_GetHIDReportItemInfo:00000056 .Loc.322
     /tmp/cc6QDgxy.s:1597   .text.USB_GetHIDReportItemInfo:00000058 .Loc.323
     /tmp/cc6QDgxy.s:1607   .text.USB_GetHIDReportItemInfo:00000066 .Loc.324
     /tmp/cc6QDgxy.s:1608   .text.USB_GetHIDReportItemInfo:00000066 .Loc.325
     /tmp/cc6QDgxy.s:1616   .text.USB_GetHIDReportItemInfo:00000072 .Loc.326
     /tmp/cc6QDgxy.s:1621   .text.USB_GetHIDReportItemInfo:0000007a .Loc.327
     /tmp/cc6QDgxy.s:1625   .text.USB_GetHIDReportItemInfo:00000080 .Loc.328
     /tmp/cc6QDgxy.s:1633   .text.USB_GetHIDReportItemInfo:0000008a .Loc.329
     /tmp/cc6QDgxy.s:1636   .text.USB_GetHIDReportItemInfo:0000008e .Loc.330
     /tmp/cc6QDgxy.s:1637   .text.USB_GetHIDReportItemInfo:0000008e .Loc.331
     /tmp/cc6QDgxy.s:1651   .text.USB_GetHIDReportItemInfo:000000a6 .Loc.332
     /tmp/cc6QDgxy.s:1652   .text.USB_GetHIDReportItemInfo:000000a6 .Loc.333
     /tmp/cc6QDgxy.s:1655   .text.USB_GetHIDReportItemInfo:000000a8 .Loc.334
     /tmp/cc6QDgxy.s:1656   .text.USB_GetHIDReportItemInfo:000000a8 .Loc.335
     /tmp/cc6QDgxy.s:1662   .text.USB_GetHIDReportItemInfo:000000b0 .Loc.336
     /tmp/cc6QDgxy.s:1666   .text.USB_GetHIDReportItemInfo:000000b2 .Loc.337
     /tmp/cc6QDgxy.s:1669   .text.USB_GetHIDReportItemInfo:000000b6 L0
     /tmp/cc6QDgxy.s:1675   .text.USB_SetHIDReportItemInfo:00000000 USB_SetHIDReportItemInfo
     /tmp/cc6QDgxy.s:1678   .text.USB_SetHIDReportItemInfo:00000000 .Loc.338
     /tmp/cc6QDgxy.s:1679   .text.USB_SetHIDReportItemInfo:00000000 L0
     /tmp/cc6QDgxy.s:1680   .text.USB_SetHIDReportItemInfo:00000000 .Loc.339
     /tmp/cc6QDgxy.s:1727   .text.USB_SetHIDReportItemInfo:00000018 .Loc.340
     /tmp/cc6QDgxy.s:1728   .text.USB_SetHIDReportItemInfo:00000018 .Loc.341
     /tmp/cc6QDgxy.s:1731   .text.USB_SetHIDReportItemInfo:0000001c .Loc.342
     /tmp/cc6QDgxy.s:1732   .text.USB_SetHIDReportItemInfo:0000001c .Loc.343
     /tmp/cc6QDgxy.s:1736   .text.USB_SetHIDReportItemInfo:00000020 .Loc.344
     /tmp/cc6QDgxy.s:1737   .text.USB_SetHIDReportItemInfo:00000020 .Loc.345
     /tmp/cc6QDgxy.s:1741   .text.USB_SetHIDReportItemInfo:00000024 .Loc.346
     /tmp/cc6QDgxy.s:1742   .text.USB_SetHIDReportItemInfo:00000024 .Loc.347
     /tmp/cc6QDgxy.s:1743   .text.USB_SetHIDReportItemInfo:00000024 .Loc.348
     /tmp/cc6QDgxy.s:1746   .text.USB_SetHIDReportItemInfo:00000026 .Loc.349
     /tmp/cc6QDgxy.s:1748   .text.USB_SetHIDReportItemInfo:00000028 .Loc.350
     /tmp/cc6QDgxy.s:1749   .text.USB_SetHIDReportItemInfo:00000028 .Loc.351
     /tmp/cc6QDgxy.s:1752   .text.USB_SetHIDReportItemInfo:0000002a .Loc.352
     /tmp/cc6QDgxy.s:1754   .text.USB_SetHIDReportItemInfo:0000002a .Loc.353
     /tmp/cc6QDgxy.s:1755   .text.USB_SetHIDReportItemInfo:0000002a .Loc.354
     /tmp/cc6QDgxy.s:1764   .text.USB_SetHIDReportItemInfo:0000003a .Loc.355
     /tmp/cc6QDgxy.s:1768   .text.USB_SetHIDReportItemInfo:0000003e .Loc.356
     /tmp/cc6QDgxy.s:1774   .text.USB_SetHIDReportItemInfo:00000046 .Loc.357
     /tmp/cc6QDgxy.s:1779   .text.USB_SetHIDReportItemInfo:0000004a .Loc.358
     /tmp/cc6QDgxy.s:1780   .text.USB_SetHIDReportItemInfo:0000004a .Loc.359
     /tmp/cc6QDgxy.s:1787   .text.USB_SetHIDReportItemInfo:00000050 .Loc.360
     /tmp/cc6QDgxy.s:1791   .text.USB_SetHIDReportItemInfo:00000054 .Loc.361
     /tmp/cc6QDgxy.s:1803   .text.USB_SetHIDReportItemInfo:00000066 .Loc.362
     /tmp/cc6QDgxy.s:1804   .text.USB_SetHIDReportItemInfo:00000066 .Loc.363
     /tmp/cc6QDgxy.s:1808   .text.USB_SetHIDReportItemInfo:0000006c .Loc.364
     /tmp/cc6QDgxy.s:1822   .text.USB_SetHIDReportItemInfo:00000082 .Loc.365
     /tmp/cc6QDgxy.s:1831   .text.USB_SetHIDReportItemInfo:00000092 .Loc.366
     /tmp/cc6QDgxy.s:1836   .text.USB_SetHIDReportItemInfo:0000009a .Loc.367
     /tmp/cc6QDgxy.s:1837   .text.USB_SetHIDReportItemInfo:0000009a .Loc.368
     /tmp/cc6QDgxy.s:1845   .text.USB_SetHIDReportItemInfo:000000a6 .Loc.369
     /tmp/cc6QDgxy.s:1848   .text.USB_SetHIDReportItemInfo:000000aa .Loc.370
     /tmp/cc6QDgxy.s:1853   .text.USB_SetHIDReportItemInfo:000000b0 .Loc.371
     /tmp/cc6QDgxy.s:1854   .text.USB_SetHIDReportItemInfo:000000b0 .Loc.372
     /tmp/cc6QDgxy.s:1858   .text.USB_SetHIDReportItemInfo:000000b4 .Loc.373
     /tmp/cc6QDgxy.s:1859   .text.USB_SetHIDReportItemInfo:000000b4 .Loc.374
     /tmp/cc6QDgxy.s:1865   .text.USB_SetHIDReportItemInfo:000000bc .Loc.375
     /tmp/cc6QDgxy.s:1867   .text.USB_SetHIDReportItemInfo:000000be L0
     /tmp/cc6QDgxy.s:1873   .text.USB_GetHIDReportSize:00000000 USB_GetHIDReportSize
     /tmp/cc6QDgxy.s:1876   .text.USB_GetHIDReportSize:00000000 .Loc.376
     /tmp/cc6QDgxy.s:1877   .text.USB_GetHIDReportSize:00000000 L0
     /tmp/cc6QDgxy.s:1882   .text.USB_GetHIDReportSize:00000000 .Loc.377
     /tmp/cc6QDgxy.s:1884   .text.USB_GetHIDReportSize:00000002 .Loc.378
     /tmp/cc6QDgxy.s:1886   .text.USB_GetHIDReportSize:00000002 .Loc.379
     /tmp/cc6QDgxy.s:1888   .text.USB_GetHIDReportSize:00000002 .Loc.380
     /tmp/cc6QDgxy.s:1893   .text.USB_GetHIDReportSize:00000008 .Loc.381
     /tmp/cc6QDgxy.s:1900   .text.USB_GetHIDReportSize:0000000c .Loc.382
     /tmp/cc6QDgxy.s:1901   .text.USB_GetHIDReportSize:0000000c .Loc.383
     /tmp/cc6QDgxy.s:1902   .text.USB_GetHIDReportSize:0000000c .Loc.384
     /tmp/cc6QDgxy.s:1906   .text.USB_GetHIDReportSize:00000012 .Loc.385
     /tmp/cc6QDgxy.s:1909   .text.USB_GetHIDReportSize:00000016 .Loc.386
     /tmp/cc6QDgxy.s:1914   .text.USB_GetHIDReportSize:0000001c .Loc.387
     /tmp/cc6QDgxy.s:1921   .text.USB_GetHIDReportSize:00000026 .Loc.388
     /tmp/cc6QDgxy.s:1931   .text.USB_GetHIDReportSize:00000036 .Loc.389
     /tmp/cc6QDgxy.s:1932   .text.USB_GetHIDReportSize:00000036 .Loc.390
     /tmp/cc6QDgxy.s:1936   .text.USB_GetHIDReportSize:0000003c .Loc.391
     /tmp/cc6QDgxy.s:1940   .text.USB_GetHIDReportSize:00000040 .Loc.392
     /tmp/cc6QDgxy.s:1946   .text.USB_GetHIDReportSize:00000048 .Loc.393
     /tmp/cc6QDgxy.s:1953   .text.USB_GetHIDReportSize:00000052 .Loc.394
     /tmp/cc6QDgxy.s:1959   .text.USB_GetHIDReportSize:00000058 .Loc.395
     /tmp/cc6QDgxy.s:1961   .text.USB_GetHIDReportSize:00000058 .Loc.396
     /tmp/cc6QDgxy.s:1962   .text.USB_GetHIDReportSize:00000058 .Loc.397
     /tmp/cc6QDgxy.s:1965   .text.USB_GetHIDReportSize:0000005a .Loc.398
     /tmp/cc6QDgxy.s:1971   .text.USB_GetHIDReportSize:00000062 .Loc.399
     /tmp/cc6QDgxy.s:1976   .text.USB_GetHIDReportSize:00000066 .Loc.400
     /tmp/cc6QDgxy.s:1978   .text.USB_GetHIDReportSize:00000068 L0
     /tmp/cc6QDgxy.s:1489   .text.USB_ProcessHIDReport:0000071a L0
     /tmp/cc6QDgxy.s:1672   .text.USB_GetHIDReportItemInfo:000000b6 L0
     /tmp/cc6QDgxy.s:1870   .text.USB_SetHIDReportItemInfo:000000be L0
     /tmp/cc6QDgxy.s:1981   .text.USB_GetHIDReportSize:00000068 L0
                     .debug_frame:00000000 L0
     /tmp/cc6QDgxy.s:146    .text.USB_ProcessHIDReport:00000066 .L01
     /tmp/cc6QDgxy.s:157    .text.USB_ProcessHIDReport:00000074 .L02
     /tmp/cc6QDgxy.s:164    .text.USB_ProcessHIDReport:0000007e .L03
     /tmp/cc6QDgxy.s:255    .text.USB_ProcessHIDReport:000000f4 .L54
     /tmp/cc6QDgxy.s:1397   .text.USB_ProcessHIDReport:000006ba .L1
     /tmp/cc6QDgxy.s:413    .text.USB_ProcessHIDReport:000001cc .L3
     /tmp/cc6QDgxy.s:372    .text.USB_ProcessHIDReport:0000019a .L4
     /tmp/cc6QDgxy.s:446    .text.USB_ProcessHIDReport:000001f6 .L5
     /tmp/cc6QDgxy.s:743    .text.USB_ProcessHIDReport:0000037c .L7
     /tmp/cc6QDgxy.s:537    .text.USB_ProcessHIDReport:0000026a .L8
     /tmp/cc6QDgxy.s:711    .text.USB_ProcessHIDReport:00000358 .L9
     /tmp/cc6QDgxy.s:490    .text.USB_ProcessHIDReport:0000022c .L10
     /tmp/cc6QDgxy.s:693    .text.USB_ProcessHIDReport:00000342 .L11
     /tmp/cc6QDgxy.s:479    .text.USB_ProcessHIDReport:00000220 .L12
     /tmp/cc6QDgxy.s:678    .text.USB_ProcessHIDReport:00000334 .L13
     /tmp/cc6QDgxy.s:917    .text.USB_ProcessHIDReport:00000444 .L14
     /tmp/cc6QDgxy.s:227    .text.USB_ProcessHIDReport:000000d6 .L2
     /tmp/cc6QDgxy.s:316    .text.USB_ProcessHIDReport:00000148 .L6
     /tmp/cc6QDgxy.s:403    .text.USB_ProcessHIDReport:000001c2 .L81
     /tmp/cc6QDgxy.s:344    .text.USB_ProcessHIDReport:0000017a .L15
     /tmp/cc6QDgxy.s:727    .text.USB_ProcessHIDReport:0000036a .L17
     /tmp/cc6QDgxy.s:519    .text.USB_ProcessHIDReport:00000256 .L18
     /tmp/cc6QDgxy.s:1433   .text.USB_ProcessHIDReport:000006ee .L57
     /tmp/cc6QDgxy.s:949    .text.USB_ProcessHIDReport:00000466 .L21
     /tmp/cc6QDgxy.s:576    .text.USB_ProcessHIDReport:000002a4 .L22
     /tmp/cc6QDgxy.s:772    .text.USB_ProcessHIDReport:0000039a .L23
     /tmp/cc6QDgxy.s:558    .text.USB_ProcessHIDReport:0000028e .L24
     /tmp/cc6QDgxy.s:759    .text.USB_ProcessHIDReport:0000038e .L25
     /tmp/cc6QDgxy.s:1197   .text.USB_ProcessHIDReport:00000592 .L52
     /tmp/cc6QDgxy.s:553    .text.USB_ProcessHIDReport:00000286 .L60
     /tmp/cc6QDgxy.s:653    .text.USB_ProcessHIDReport:00000314 .L29
     /tmp/cc6QDgxy.s:586    .text.USB_ProcessHIDReport:000002b4 .L30
     /tmp/cc6QDgxy.s:613    .text.USB_ProcessHIDReport:000002de .L31
     /tmp/cc6QDgxy.s:1479   .text.USB_ProcessHIDReport:00000716 .L68
     /tmp/cc6QDgxy.s:1030   .text.USB_ProcessHIDReport:000004d0 .L82
     /tmp/cc6QDgxy.s:1452   .text.USB_ProcessHIDReport:00000702 .L61
     /tmp/cc6QDgxy.s:637    .text.USB_ProcessHIDReport:00000302 .L04
     /tmp/cc6QDgxy.s:1456   .text.USB_ProcessHIDReport:00000706 .L62
     /tmp/cc6QDgxy.s:883    .text.USB_ProcessHIDReport:00000424 .L35
     /tmp/cc6QDgxy.s:847    .text.USB_ProcessHIDReport:000003f8 .L37
     /tmp/cc6QDgxy.s:1461   .text.USB_ProcessHIDReport:0000070a .L64
     /tmp/cc6QDgxy.s:839    .text.USB_ProcessHIDReport:000003f0 .L05
     /tmp/cc6QDgxy.s:909    .text.USB_ProcessHIDReport:00000440 .L63
     /tmp/cc6QDgxy.s:802    .text.USB_ProcessHIDReport:000003c4 .L36
     /tmp/cc6QDgxy.s:1468   .text.USB_ProcessHIDReport:0000070e .L65
     /tmp/cc6QDgxy.s:1049   .text.USB_ProcessHIDReport:000004e0 .L38
     /tmp/cc6QDgxy.s:1098   .text.USB_ProcessHIDReport:00000516 .L42
     /tmp/cc6QDgxy.s:1084   .text.USB_ProcessHIDReport:0000050a .L41
     /tmp/cc6QDgxy.s:968    .text.USB_ProcessHIDReport:00000480 .L39
     /tmp/cc6QDgxy.s:1473   .text.USB_ProcessHIDReport:00000712 .L66
     /tmp/cc6QDgxy.s:1062   .text.USB_ProcessHIDReport:000004ec .L40
     /tmp/cc6QDgxy.s:1440   .text.USB_ProcessHIDReport:000006f4 .L67
     /tmp/cc6QDgxy.s:1302   .text.USB_ProcessHIDReport:0000062e .L45
     /tmp/cc6QDgxy.s:1163   .text.USB_ProcessHIDReport:00000564 .L06
     /tmp/cc6QDgxy.s:1186   .text.USB_ProcessHIDReport:00000584 .L50
     /tmp/cc6QDgxy.s:1221   .text.USB_ProcessHIDReport:000005b8 .L07
     /tmp/cc6QDgxy.s:1123   .text.USB_ProcessHIDReport:00000530 .L44
     /tmp/cc6QDgxy.s:1315   .text.USB_ProcessHIDReport:0000063c .L46
     /tmp/cc6QDgxy.s:1375   .text.USB_ProcessHIDReport:0000069e .L47
     /tmp/cc6QDgxy.s:1151   .text.USB_ProcessHIDReport:00000550 .L48
     /tmp/cc6QDgxy.s:1665   .text.USB_GetHIDReportItemInfo:000000b2 .L90
     /tmp/cc6QDgxy.s:1556   .text.USB_GetHIDReportItemInfo:00000028 .L85
     /tmp/cc6QDgxy.s:1606   .text.USB_GetHIDReportItemInfo:00000066 .L88
     /tmp/cc6QDgxy.s:1611   .text.USB_GetHIDReportItemInfo:0000006a .L11
     /tmp/cc6QDgxy.s:1630   .text.USB_GetHIDReportItemInfo:00000086 .L21
     /tmp/cc6QDgxy.s:1627   .text.USB_GetHIDReportItemInfo:00000082 .L12
     /tmp/cc6QDgxy.s:1650   .text.USB_GetHIDReportItemInfo:000000a6 .L87
     /tmp/cc6QDgxy.s:1586   .text.USB_GetHIDReportItemInfo:00000050 .L86
     /tmp/cc6QDgxy.s:1595   .text.USB_GetHIDReportItemInfo:00000058 .L83
     /tmp/cc6QDgxy.s:1785   .text.USB_SetHIDReportItemInfo:00000050 .L97
     /tmp/cc6QDgxy.s:1802   .text.USB_SetHIDReportItemInfo:00000066 .L102
     /tmp/cc6QDgxy.s:1814   .text.USB_SetHIDReportItemInfo:00000074 .L22
     /tmp/cc6QDgxy.s:1811   .text.USB_SetHIDReportItemInfo:00000070 .L13
     /tmp/cc6QDgxy.s:1852   .text.USB_SetHIDReportItemInfo:000000b0 .L101
     /tmp/cc6QDgxy.s:1840   .text.USB_SetHIDReportItemInfo:0000009e .L14
     /tmp/cc6QDgxy.s:1778   .text.USB_SetHIDReportItemInfo:0000004a .L100
     /tmp/cc6QDgxy.s:1958   .text.USB_GetHIDReportSize:00000058 .L111
     /tmp/cc6QDgxy.s:1945   .text.USB_GetHIDReportSize:00000048 .L112
     /tmp/cc6QDgxy.s:1948   .text.USB_GetHIDReportSize:0000004a .L15
     /tmp/cc6QDgxy.s:1897   .text.USB_GetHIDReportSize:0000000c .L114
     /tmp/cc6QDgxy.s:3090   .debug_abbrev:00000000 .Ldebug_abbrev0
     /tmp/cc6QDgxy.s:5601   .debug_ranges:00000000 .Ldebug_ranges0
     /tmp/cc6QDgxy.s:5661   .debug_line:00000000 .Ldebug_line0
     /tmp/cc6QDgxy.s:1875   .text.USB_GetHIDReportSize:00000000 .LFB23
     /tmp/cc6QDgxy.s:1979   .text.USB_GetHIDReportSize:00000068 .LFE23
     /tmp/cc6QDgxy.s:3747   .debug_loc:00000008 .LLST29
     /tmp/cc6QDgxy.s:3738   .debug_loc:00000000 .LVUS29
     /tmp/cc6QDgxy.s:3791   .debug_loc:00000054 .LLST30
     /tmp/cc6QDgxy.s:3784   .debug_loc:0000004e .LVUS30
     /tmp/cc6QDgxy.s:3816   .debug_loc:00000086 .LLST31
     /tmp/cc6QDgxy.s:3809   .debug_loc:00000080 .LVUS31
     /tmp/cc6QDgxy.s:3845   .debug_loc:000000bc .LLST32
     /tmp/cc6QDgxy.s:3834   .debug_loc:000000b2 .LVUS32
     /tmp/cc6QDgxy.s:1899   .text.USB_GetHIDReportSize:0000000c .LBB19
     /tmp/cc6QDgxy.s:1960   .text.USB_GetHIDReportSize:00000058 .LBE19
     /tmp/cc6QDgxy.s:3880   .debug_loc:00000106 .LLST33
     /tmp/cc6QDgxy.s:3871   .debug_loc:000000fe .LVUS33
     /tmp/cc6QDgxy.s:1677   .text.USB_SetHIDReportItemInfo:00000000 .LFB22
     /tmp/cc6QDgxy.s:1868   .text.USB_SetHIDReportItemInfo:000000be .LFE22
     /tmp/cc6QDgxy.s:3964   .debug_loc:0000017f .LLST23
     /tmp/cc6QDgxy.s:4044   .debug_loc:00000220 .LLST24
     /tmp/cc6QDgxy.s:4033   .debug_loc:00000216 .LVUS24
     /tmp/cc6QDgxy.s:4094   .debug_loc:00000279 .LLST25
     /tmp/cc6QDgxy.s:4089   .debug_loc:00000275 .LVUS25
     /tmp/cc6QDgxy.s:4118   .debug_loc:000002a3 .LLST26
     /tmp/cc6QDgxy.s:4115   .debug_loc:000002a1 .LVUS26
     /tmp/cc6QDgxy.s:4135   .debug_loc:000002bf .LLST27
     /tmp/cc6QDgxy.s:4130   .debug_loc:000002bb .LVUS27
     /tmp/cc6QDgxy.s:4163   .debug_loc:000002ed .LLST28
     /tmp/cc6QDgxy.s:4156   .debug_loc:000002e7 .LVUS28
     /tmp/cc6QDgxy.s:1494   .text.USB_GetHIDReportItemInfo:00000000 .LFB21
     /tmp/cc6QDgxy.s:1670   .text.USB_GetHIDReportItemInfo:000000b6 .LFE21
     /tmp/cc6QDgxy.s:4201   .debug_loc:0000032d .LLST17
     /tmp/cc6QDgxy.s:4251   .debug_loc:00000394 .LLST18
     /tmp/cc6QDgxy.s:4246   .debug_loc:00000390 .LVUS18
     /tmp/cc6QDgxy.s:4279   .debug_loc:000003c2 .LLST19
     /tmp/cc6QDgxy.s:4272   .debug_loc:000003bc .LVUS19
     /tmp/cc6QDgxy.s:4318   .debug_loc:00000402 .LLST20
     /tmp/cc6QDgxy.s:4309   .debug_loc:000003fa .LVUS20
     /tmp/cc6QDgxy.s:4374   .debug_loc:0000045a .LLST21
     /tmp/cc6QDgxy.s:4367   .debug_loc:00000454 .LVUS21
     /tmp/cc6QDgxy.s:4407   .debug_loc:00000494 .LLST22
     /tmp/cc6QDgxy.s:4400   .debug_loc:0000048e .LVUS22
     /tmp/cc6QDgxy.s:16     .text.USB_ProcessHIDReport:00000000 .LFB20
     /tmp/cc6QDgxy.s:1487   .text.USB_ProcessHIDReport:0000071a .LFE20
     /tmp/cc6QDgxy.s:4445   .debug_loc:000004d4 .LLST0
     /tmp/cc6QDgxy.s:4589   .debug_loc:000005fc .LLST1
     /tmp/cc6QDgxy.s:4572   .debug_loc:000005ec .LVUS1
     /tmp/cc6QDgxy.s:4665   .debug_loc:00000684 .LLST2
     /tmp/cc6QDgxy.s:4650   .debug_loc:00000676 .LVUS2
     /tmp/cc6QDgxy.s:4737   .debug_loc:00000701 .LLST3
     /tmp/cc6QDgxy.s:4728   .debug_loc:000006f9 .LVUS3
     /tmp/cc6QDgxy.s:4805   .debug_loc:00000765 .LLST4
     /tmp/cc6QDgxy.s:4774   .debug_loc:00000747 .LVUS4
     /tmp/cc6QDgxy.s:4952   .debug_loc:00000865 .LLST5
     /tmp/cc6QDgxy.s:4935   .debug_loc:00000855 .LVUS5
     /tmp/cc6QDgxy.s:5040   .debug_loc:000008f9 .LLST6
     /tmp/cc6QDgxy.s:5019   .debug_loc:000008e5 .LVUS6
     /tmp/cc6QDgxy.s:5126   .debug_loc:0000099b .LLST7
     /tmp/cc6QDgxy.s:5111   .debug_loc:0000098d .LVUS7
     /tmp/cc6QDgxy.s:5186   .debug_loc:00000a0c .LLST8
     /tmp/cc6QDgxy.s:5163   .debug_loc:000009f6 .LVUS8
     /tmp/cc6QDgxy.s:5330   .debug_loc:00000aed .LLST9
     /tmp/cc6QDgxy.s:5321   .debug_loc:00000ae5 .LVUS9
     /tmp/cc6QDgxy.s:5368   .debug_loc:00000b33 .LLST10
     /tmp/cc6QDgxy.s:5349   .debug_loc:00000b21 .LVUS10
     /tmp/cc6QDgxy.s:5477   .debug_loc:00000be3 .LLST14
     /tmp/cc6QDgxy.s:5466   .debug_loc:00000bd9 .LVUS14
     /tmp/cc6QDgxy.s:5509   .debug_loc:00000c2a .LLST16
     /tmp/cc6QDgxy.s:5502   .debug_loc:00000c24 .LVUS16
     /tmp/cc6QDgxy.s:1016   .text.USB_ProcessHIDReport:000004be .LBB12
     /tmp/cc6QDgxy.s:1032   .text.USB_ProcessHIDReport:000004d0 .LBE12
     /tmp/cc6QDgxy.s:5530   .debug_loc:00000c58 .LLST15
     /tmp/cc6QDgxy.s:5527   .debug_loc:00000c56 .LVUS15
     /tmp/cc6QDgxy.s:1029   .text.USB_ProcessHIDReport:000004d0 .LVL78
     /tmp/cc6QDgxy.s:5543   .debug_loc:00000c70 .LLST11
     /tmp/cc6QDgxy.s:5538   .debug_loc:00000c6c .LVUS11
     /tmp/cc6QDgxy.s:5560   .debug_loc:00000c93 .LLST12
     /tmp/cc6QDgxy.s:5555   .debug_loc:00000c8f .LVUS12
     /tmp/cc6QDgxy.s:5574   .debug_loc:00000cb3 .LLST13
     /tmp/cc6QDgxy.s:5571   .debug_loc:00000cb1 .LVUS13
     /tmp/cc6QDgxy.s:1291   .text.USB_ProcessHIDReport:00000624 .LVL96
     /tmp/cc6QDgxy.s:1176   .text.USB_ProcessHIDReport:00000578 .LVL93
     /tmp/cc6QDgxy.s:1874   .text.USB_GetHIDReportSize:00000000 .LVL133
     /tmp/cc6QDgxy.s:1896   .text.USB_GetHIDReportSize:0000000c .LVL135
     /tmp/cc6QDgxy.s:1939   .text.USB_GetHIDReportSize:00000040 .LVL139
     /tmp/cc6QDgxy.s:1957   .text.USB_GetHIDReportSize:00000058 .LVL140
     /tmp/cc6QDgxy.s:1913   .text.USB_GetHIDReportSize:0000001c .LVL136
     /tmp/cc6QDgxy.s:1920   .text.USB_GetHIDReportSize:00000026 .LVL137
     /tmp/cc6QDgxy.s:1887   .text.USB_GetHIDReportSize:00000002 .LVL134
     /tmp/cc6QDgxy.s:1930   .text.USB_GetHIDReportSize:00000036 .LVL138
     /tmp/cc6QDgxy.s:1964   .text.USB_GetHIDReportSize:0000005a .LVL141
     /tmp/cc6QDgxy.s:1974   .text.USB_GetHIDReportSize:00000066 .LVL142
     /tmp/cc6QDgxy.s:1682   .text.USB_SetHIDReportItemInfo:00000002 .LCFI26
     /tmp/cc6QDgxy.s:1686   .text.USB_SetHIDReportItemInfo:00000004 .LCFI27
     /tmp/cc6QDgxy.s:1690   .text.USB_SetHIDReportItemInfo:00000006 .LCFI28
     /tmp/cc6QDgxy.s:1694   .text.USB_SetHIDReportItemInfo:00000008 .LCFI29
     /tmp/cc6QDgxy.s:1698   .text.USB_SetHIDReportItemInfo:0000000a .LCFI30
     /tmp/cc6QDgxy.s:1702   .text.USB_SetHIDReportItemInfo:0000000c .LCFI31
     /tmp/cc6QDgxy.s:1706   .text.USB_SetHIDReportItemInfo:0000000e .LCFI32
     /tmp/cc6QDgxy.s:1710   .text.USB_SetHIDReportItemInfo:00000010 .LCFI33
     /tmp/cc6QDgxy.s:1714   .text.USB_SetHIDReportItemInfo:00000012 .LCFI34
     /tmp/cc6QDgxy.s:1718   .text.USB_SetHIDReportItemInfo:00000014 .LCFI35
     /tmp/cc6QDgxy.s:1676   .text.USB_SetHIDReportItemInfo:00000000 .LVL120
     /tmp/cc6QDgxy.s:1745   .text.USB_SetHIDReportItemInfo:00000026 .LVL123
     /tmp/cc6QDgxy.s:1751   .text.USB_SetHIDReportItemInfo:0000002a .LVL124
     /tmp/cc6QDgxy.s:1790   .text.USB_SetHIDReportItemInfo:00000054 .LVL129
     /tmp/cc6QDgxy.s:1801   .text.USB_SetHIDReportItemInfo:00000066 .LVL130
     /tmp/cc6QDgxy.s:1773   .text.USB_SetHIDReportItemInfo:00000046 .LVL126
     /tmp/cc6QDgxy.s:1735   .text.USB_SetHIDReportItemInfo:00000020 .LVL121
     /tmp/cc6QDgxy.s:1767   .text.USB_SetHIDReportItemInfo:0000003e .LVL125
     /tmp/cc6QDgxy.s:1740   .text.USB_SetHIDReportItemInfo:00000024 .LVL122
     /tmp/cc6QDgxy.s:1784   .text.USB_SetHIDReportItemInfo:00000050 .LVL128
     /tmp/cc6QDgxy.s:1777   .text.USB_SetHIDReportItemInfo:0000004a .LVL127
     /tmp/cc6QDgxy.s:1499   .text.USB_GetHIDReportItemInfo:00000002 .LCFI20
     /tmp/cc6QDgxy.s:1503   .text.USB_GetHIDReportItemInfo:00000004 .LCFI21
     /tmp/cc6QDgxy.s:1507   .text.USB_GetHIDReportItemInfo:00000006 .LCFI22
     /tmp/cc6QDgxy.s:1511   .text.USB_GetHIDReportItemInfo:00000008 .LCFI23
     /tmp/cc6QDgxy.s:1515   .text.USB_GetHIDReportItemInfo:0000000a .LCFI24
     /tmp/cc6QDgxy.s:1519   .text.USB_GetHIDReportItemInfo:0000000c .LCFI25
     /tmp/cc6QDgxy.s:1493   .text.USB_GetHIDReportItemInfo:00000000 .LVL109
     /tmp/cc6QDgxy.s:1543   .text.USB_GetHIDReportItemInfo:0000001c .LVL111
     /tmp/cc6QDgxy.s:1585   .text.USB_GetHIDReportItemInfo:00000050 .LVL114
     /tmp/cc6QDgxy.s:1664   .text.USB_GetHIDReportItemInfo:000000b2 .LVL119
     /tmp/cc6QDgxy.s:1537   .text.USB_GetHIDReportItemInfo:0000001a .LVL110
     /tmp/cc6QDgxy.s:1579   .text.USB_GetHIDReportItemInfo:00000048 .LVL113
     /tmp/cc6QDgxy.s:1594   .text.USB_GetHIDReportItemInfo:00000058 .LVL115
     /tmp/cc6QDgxy.s:1605   .text.USB_GetHIDReportItemInfo:00000066 .LVL116
     /tmp/cc6QDgxy.s:21     .text.USB_ProcessHIDReport:00000002 .LCFI0
     /tmp/cc6QDgxy.s:25     .text.USB_ProcessHIDReport:00000004 .LCFI1
     /tmp/cc6QDgxy.s:29     .text.USB_ProcessHIDReport:00000006 .LCFI2
     /tmp/cc6QDgxy.s:33     .text.USB_ProcessHIDReport:00000008 .LCFI3
     /tmp/cc6QDgxy.s:37     .text.USB_ProcessHIDReport:0000000a .LCFI4
     /tmp/cc6QDgxy.s:41     .text.USB_ProcessHIDReport:0000000c .LCFI5
     /tmp/cc6QDgxy.s:45     .text.USB_ProcessHIDReport:0000000e .LCFI6
     /tmp/cc6QDgxy.s:49     .text.USB_ProcessHIDReport:00000010 .LCFI7
     /tmp/cc6QDgxy.s:53     .text.USB_ProcessHIDReport:00000012 .LCFI8
     /tmp/cc6QDgxy.s:57     .text.USB_ProcessHIDReport:00000014 .LCFI9
     /tmp/cc6QDgxy.s:61     .text.USB_ProcessHIDReport:00000016 .LCFI10
     /tmp/cc6QDgxy.s:65     .text.USB_ProcessHIDReport:00000018 .LCFI11
     /tmp/cc6QDgxy.s:69     .text.USB_ProcessHIDReport:0000001a .LCFI12
     /tmp/cc6QDgxy.s:73     .text.USB_ProcessHIDReport:0000001c .LCFI13
     /tmp/cc6QDgxy.s:77     .text.USB_ProcessHIDReport:0000001e .LCFI14
     /tmp/cc6QDgxy.s:81     .text.USB_ProcessHIDReport:00000020 .LCFI15
     /tmp/cc6QDgxy.s:85     .text.USB_ProcessHIDReport:00000022 .LCFI16
     /tmp/cc6QDgxy.s:89     .text.USB_ProcessHIDReport:00000024 .LCFI17
     /tmp/cc6QDgxy.s:94     .text.USB_ProcessHIDReport:00000028 .LCFI18
     /tmp/cc6QDgxy.s:98     .text.USB_ProcessHIDReport:0000002c .LCFI19
     /tmp/cc6QDgxy.s:15     .text.USB_ProcessHIDReport:00000000 .LVL0
     /tmp/cc6QDgxy.s:142    .text.USB_ProcessHIDReport:00000062 .LVL3
     /tmp/cc6QDgxy.s:226    .text.USB_ProcessHIDReport:000000d6 .LVL7
     /tmp/cc6QDgxy.s:267    .text.USB_ProcessHIDReport:00000104 .LVL9
     /tmp/cc6QDgxy.s:289    .text.USB_ProcessHIDReport:00000124 .LVL10
     /tmp/cc6QDgxy.s:315    .text.USB_ProcessHIDReport:00000148 .LVL13
     /tmp/cc6QDgxy.s:371    .text.USB_ProcessHIDReport:0000019a .LVL19
     /tmp/cc6QDgxy.s:379    .text.USB_ProcessHIDReport:000001a2 .LVL20
     /tmp/cc6QDgxy.s:409    .text.USB_ProcessHIDReport:000001ca .LVL23
     /tmp/cc6QDgxy.s:412    .text.USB_ProcessHIDReport:000001cc .LVL24
     /tmp/cc6QDgxy.s:420    .text.USB_ProcessHIDReport:000001d4 .LVL25
     /tmp/cc6QDgxy.s:445    .text.USB_ProcessHIDReport:000001f6 .LVL28
     /tmp/cc6QDgxy.s:453    .text.USB_ProcessHIDReport:000001fe .LVL29
     /tmp/cc6QDgxy.s:238    .text.USB_ProcessHIDReport:000000de .LVL8
     /tmp/cc6QDgxy.s:300    .text.USB_ProcessHIDReport:00000134 .LVL11
     /tmp/cc6QDgxy.s:304    .text.USB_ProcessHIDReport:00000138 .LVL12
     /tmp/cc6QDgxy.s:399    .text.USB_ProcessHIDReport:000001c0 .LVL22
     /tmp/cc6QDgxy.s:440    .text.USB_ProcessHIDReport:000001f2 .LVL27
     /tmp/cc6QDgxy.s:473    .text.USB_ProcessHIDReport:0000021c .LVL31
     /tmp/cc6QDgxy.s:478    .text.USB_ProcessHIDReport:00000220 .LVL32
     /tmp/cc6QDgxy.s:1429   .text.USB_ProcessHIDReport:000006ec .LVL99
     /tmp/cc6QDgxy.s:1432   .text.USB_ProcessHIDReport:000006ee .LVL100
     /tmp/cc6QDgxy.s:153    .text.USB_ProcessHIDReport:00000070 .LVL4
     /tmp/cc6QDgxy.s:200    .text.USB_ProcessHIDReport:000000ae .LVL5
     /tmp/cc6QDgxy.s:515    .text.USB_ProcessHIDReport:00000254 .LVL35
     /tmp/cc6QDgxy.s:518    .text.USB_ProcessHIDReport:00000256 .LVL36
     /tmp/cc6QDgxy.s:533    .text.USB_ProcessHIDReport:00000268 .LVL37
     /tmp/cc6QDgxy.s:536    .text.USB_ProcessHIDReport:0000026a .LVL38
     /tmp/cc6QDgxy.s:572    .text.USB_ProcessHIDReport:000002a2 .LVL39
     /tmp/cc6QDgxy.s:575    .text.USB_ProcessHIDReport:000002a4 .LVL40
     /tmp/cc6QDgxy.s:643    .text.USB_ProcessHIDReport:0000030a .LVL41
     /tmp/cc6QDgxy.s:652    .text.USB_ProcessHIDReport:00000314 .LVL42
     /tmp/cc6QDgxy.s:673    .text.USB_ProcessHIDReport:00000332 .LVL43
     /tmp/cc6QDgxy.s:677    .text.USB_ProcessHIDReport:00000334 .LVL44
     /tmp/cc6QDgxy.s:689    .text.USB_ProcessHIDReport:00000340 .LVL45
     /tmp/cc6QDgxy.s:692    .text.USB_ProcessHIDReport:00000342 .LVL46
     /tmp/cc6QDgxy.s:707    .text.USB_ProcessHIDReport:00000356 .LVL47
     /tmp/cc6QDgxy.s:710    .text.USB_ProcessHIDReport:00000358 .LVL48
     /tmp/cc6QDgxy.s:723    .text.USB_ProcessHIDReport:00000368 .LVL49
     /tmp/cc6QDgxy.s:726    .text.USB_ProcessHIDReport:0000036a .LVL50
     /tmp/cc6QDgxy.s:739    .text.USB_ProcessHIDReport:0000037a .LVL51
     /tmp/cc6QDgxy.s:742    .text.USB_ProcessHIDReport:0000037c .LVL52
     /tmp/cc6QDgxy.s:755    .text.USB_ProcessHIDReport:0000038c .LVL53
     /tmp/cc6QDgxy.s:758    .text.USB_ProcessHIDReport:0000038e .LVL54
     /tmp/cc6QDgxy.s:768    .text.USB_ProcessHIDReport:00000398 .LVL55
     /tmp/cc6QDgxy.s:771    .text.USB_ProcessHIDReport:0000039a .LVL56
     /tmp/cc6QDgxy.s:905    .text.USB_ProcessHIDReport:0000043e .LVL66
     /tmp/cc6QDgxy.s:908    .text.USB_ProcessHIDReport:00000440 .LVL67
     /tmp/cc6QDgxy.s:1048   .text.USB_ProcessHIDReport:000004e0 .LVL81
     /tmp/cc6QDgxy.s:1119   .text.USB_ProcessHIDReport:0000052e .LVL88
     /tmp/cc6QDgxy.s:1122   .text.USB_ProcessHIDReport:00000530 .LVL89
     /tmp/cc6QDgxy.s:124    .text.USB_ProcessHIDReport:00000050 .LVL1
     /tmp/cc6QDgxy.s:975    .text.USB_ProcessHIDReport:00000488 .LVL74
     /tmp/cc6QDgxy.s:1000   .text.USB_ProcessHIDReport:000004a8 .LVL75
     /tmp/cc6QDgxy.s:1009   .text.USB_ProcessHIDReport:000004b6 .LVL76
     /tmp/cc6QDgxy.s:1057   .text.USB_ProcessHIDReport:000004e6 .LVL82
     /tmp/cc6QDgxy.s:1115   .text.USB_ProcessHIDReport:0000052a .LVL87
     /tmp/cc6QDgxy.s:1439   .text.USB_ProcessHIDReport:000006f4 .LVL101
     /tmp/cc6QDgxy.s:1451   .text.USB_ProcessHIDReport:00000702 .LVL103
     /tmp/cc6QDgxy.s:1472   .text.USB_ProcessHIDReport:00000712 .LVL107
     /tmp/cc6QDgxy.s:1478   .text.USB_ProcessHIDReport:00000716 .LVL108
     /tmp/cc6QDgxy.s:135    .text.USB_ProcessHIDReport:0000005e .LVL2
     /tmp/cc6QDgxy.s:214    .text.USB_ProcessHIDReport:000000c2 .LVL6
     /tmp/cc6QDgxy.s:806    .text.USB_ProcessHIDReport:000003c8 .LVL58
     /tmp/cc6QDgxy.s:837    .text.USB_ProcessHIDReport:000003f0 .LVL60
     /tmp/cc6QDgxy.s:843    .text.USB_ProcessHIDReport:000003f6 .LVL61
     /tmp/cc6QDgxy.s:846    .text.USB_ProcessHIDReport:000003f8 .LVL62
     /tmp/cc6QDgxy.s:878    .text.USB_ProcessHIDReport:00000424 .LVL64
     /tmp/cc6QDgxy.s:901    .text.USB_ProcessHIDReport:0000043c .LVL65
     /tmp/cc6QDgxy.s:1460   .text.USB_ProcessHIDReport:0000070a .LVL104
     /tmp/cc6QDgxy.s:1467   .text.USB_ProcessHIDReport:0000070e .LVL106
     /tmp/cc6QDgxy.s:353    .text.USB_ProcessHIDReport:00000186 .LVL15
     /tmp/cc6QDgxy.s:368    .text.USB_ProcessHIDReport:00000198 .LVL18
     /tmp/cc6QDgxy.s:926    .text.USB_ProcessHIDReport:0000044a .LVL70
     /tmp/cc6QDgxy.s:945    .text.USB_ProcessHIDReport:00000464 .LVL71
     /tmp/cc6QDgxy.s:948    .text.USB_ProcessHIDReport:00000466 .LVL72
     /tmp/cc6QDgxy.s:1044   .text.USB_ProcessHIDReport:000004dc .LVL80
     /tmp/cc6QDgxy.s:1301   .text.USB_ProcessHIDReport:0000062e .LVL97
     /tmp/cc6QDgxy.s:356    .text.USB_ProcessHIDReport:00000188 .LVL16
     /tmp/cc6QDgxy.s:362    .text.USB_ProcessHIDReport:00000190 .LVL17
     /tmp/cc6QDgxy.s:484    .text.USB_ProcessHIDReport:00000226 .LVL33
     /tmp/cc6QDgxy.s:489    .text.USB_ProcessHIDReport:0000022c .LVL34
     /tmp/cc6QDgxy.s:1039   .text.USB_ProcessHIDReport:000004d6 .LVL79
     /tmp/cc6QDgxy.s:1135   .text.USB_ProcessHIDReport:0000053c .LVL90
     /tmp/cc6QDgxy.s:1147   .text.USB_ProcessHIDReport:0000054e .LVL91
     /tmp/cc6QDgxy.s:1150   .text.USB_ProcessHIDReport:00000550 .LVL92
     /tmp/cc6QDgxy.s:1445   .text.USB_ProcessHIDReport:000006fa .LVL102
     /tmp/cc6QDgxy.s:343    .text.USB_ProcessHIDReport:0000017a .LVL14
     /tmp/cc6QDgxy.s:387    .text.USB_ProcessHIDReport:000001ae .LVL21
     /tmp/cc6QDgxy.s:428    .text.USB_ProcessHIDReport:000001e0 .LVL26
     /tmp/cc6QDgxy.s:461    .text.USB_ProcessHIDReport:0000020a .LVL30
     /tmp/cc6QDgxy.s:1396   .text.USB_ProcessHIDReport:000006ba .LVL98
     /tmp/cc6QDgxy.s:801    .text.USB_ProcessHIDReport:000003c4 .LVL57
     /tmp/cc6QDgxy.s:818    .text.USB_ProcessHIDReport:000003d0 .LVL59
     /tmp/cc6QDgxy.s:870    .text.USB_ProcessHIDReport:00000418 .LVL63
     /tmp/cc6QDgxy.s:913    .text.USB_ProcessHIDReport:00000442 .LVL68
     /tmp/cc6QDgxy.s:916    .text.USB_ProcessHIDReport:00000444 .LVL69
     /tmp/cc6QDgxy.s:1464   .text.USB_ProcessHIDReport:0000070c .LVL105
     /tmp/cc6QDgxy.s:1080   .text.USB_ProcessHIDReport:00000508 .LVL83
     /tmp/cc6QDgxy.s:1083   .text.USB_ProcessHIDReport:0000050a .LVL84
     /tmp/cc6QDgxy.s:1097   .text.USB_ProcessHIDReport:00000516 .LVL86
     /tmp/cc6QDgxy.s:1018   .text.USB_ProcessHIDReport:000004be .LVL77
     /tmp/cc6QDgxy.s:1196   .text.USB_ProcessHIDReport:00000592 .LVL94
     /tmp/cc6QDgxy.s:1267   .text.USB_ProcessHIDReport:000005f8 .LVL95
     /tmp/cc6QDgxy.s:1990   .debug_info:00000000 .Ldebug_info0
     /tmp/cc6QDgxy.s:195    .text.USB_ProcessHIDReport:000000ac .LBB2
     /tmp/cc6QDgxy.s:232    .text.USB_ProcessHIDReport:000000d6 .LBE2
     /tmp/cc6QDgxy.s:256    .text.USB_ProcessHIDReport:000000f4 .LBB16
     /tmp/cc6QDgxy.s:1402   .text.USB_ProcessHIDReport:000006ba .LBE16
     /tmp/cc6QDgxy.s:1434   .text.USB_ProcessHIDReport:000006ee .LBB17
     /tmp/cc6QDgxy.s:1485   .text.USB_ProcessHIDReport:0000071a .LBE17
     /tmp/cc6QDgxy.s:196    .text.USB_ProcessHIDReport:000000ac .LBB3
     /tmp/cc6QDgxy.s:231    .text.USB_ProcessHIDReport:000000d6 .LBE3
     /tmp/cc6QDgxy.s:1124   .text.USB_ProcessHIDReport:00000530 .LBB14
     /tmp/cc6QDgxy.s:1401   .text.USB_ProcessHIDReport:000006ba .LBE14
     /tmp/cc6QDgxy.s:197    .text.USB_ProcessHIDReport:000000ac .LBB4
     /tmp/cc6QDgxy.s:230    .text.USB_ProcessHIDReport:000000d6 .LBE4
     /tmp/cc6QDgxy.s:1125   .text.USB_ProcessHIDReport:00000530 .LBB7
     /tmp/cc6QDgxy.s:1187   .text.USB_ProcessHIDReport:00000584 .LBE7
     /tmp/cc6QDgxy.s:1210   .text.USB_ProcessHIDReport:000005a8 .LBB8
     /tmp/cc6QDgxy.s:1400   .text.USB_ProcessHIDReport:000006ba .LBE8
     /tmp/cc6QDgxy.s:210    .text.USB_ProcessHIDReport:000000be .LBB5
     /tmp/cc6QDgxy.s:229    .text.USB_ProcessHIDReport:000000d6 .LBE5
     /tmp/cc6QDgxy.s:1265   .text.USB_ProcessHIDReport:000005f8 .LBB6
     /tmp/cc6QDgxy.s:1293   .text.USB_ProcessHIDReport:00000624 .LBE6
     /tmp/cc6QDgxy.s:791    .text.USB_ProcessHIDReport:000003b4 .LBB9
     /tmp/cc6QDgxy.s:808    .text.USB_ProcessHIDReport:000003c8 .LBE9
     /tmp/cc6QDgxy.s:848    .text.USB_ProcessHIDReport:000003f8 .LBB10
     /tmp/cc6QDgxy.s:881    .text.USB_ProcessHIDReport:00000424 .LBE10
     /tmp/cc6QDgxy.s:910    .text.USB_ProcessHIDReport:00000440 .LBB11
     /tmp/cc6QDgxy.s:919    .text.USB_ProcessHIDReport:00000444 .LBE11
     /tmp/cc6QDgxy.s:1050   .text.USB_ProcessHIDReport:000004e0 .LBB13
     /tmp/cc6QDgxy.s:1100   .text.USB_ProcessHIDReport:00000516 .LBE13
     /tmp/cc6QDgxy.s:1474   .text.USB_ProcessHIDReport:00000712 .LBB15
     /tmp/cc6QDgxy.s:1481   .text.USB_ProcessHIDReport:00000716 .LBE15
     /tmp/cc6QDgxy.s:1885   .text.USB_GetHIDReportSize:00000002 .LBB18
     /tmp/cc6QDgxy.s:1892   .text.USB_GetHIDReportSize:00000008 .LBE18
     /tmp/cc6QDgxy.s:1898   .text.USB_GetHIDReportSize:0000000c .LBB20
     /tmp/cc6QDgxy.s:1970   .text.USB_GetHIDReportSize:00000062 .LBE20

UNDEFINED SYMBOLS
memmove
CALLBACK_HIDParser_FilterHIDReportItem
